ISO-10303-21;
HEADER;
FILE_DESCRIPTION (( 'STEP AP214' ),
    '1' );
FILE_NAME ('C88AA31E-1F0E-455C-B071-1B97541B39FC.STEP',
    '2026-01-10T16:42:59',
    ( '' ),
    ( '' ),
    'SwSTEP 2.0',
    'SolidWorks 2022',
    '' );
FILE_SCHEMA (( 'AUTOMOTIVE_DESIGN' ));
ENDSEC;

DATA;
#1 = CARTESIAN_POINT ( 'NONE',  ( 2.500000000000000000, 2.250000000000000000, 0.0000000000000000000 ) ) ;
#2 = CARTESIAN_POINT ( 'NONE',  ( -1.883333333333329973, -2.429999999999999716, 0.1499999999999999944 ) ) ;
#3 = EDGE_LOOP ( 'NONE', ( #1560, #2827, #2558, #2731 ) ) ;
#4 = VECTOR ( 'NONE', #1939, 1000.000000000000000 ) ;
#5 = CARTESIAN_POINT ( 'NONE',  ( -2.149999999999999911, -2.336351460713100181, -1.042711485915719985E-16 ) ) ;
#6 = VECTOR ( 'NONE', #1115, 1000.000000000000000 ) ;
#7 = DIRECTION ( 'NONE',  ( -1.000000000000000000, 9.957992501029599969E-17, 0.0000000000000000000 ) ) ;
#8 = EDGE_LOOP ( 'NONE', ( #1040, #2630 ) ) ;
#9 = PRESENTATION_LAYER_ASSIGNMENT (  '', '', ( #2472 ) ) ;
#10 = LINE ( 'NONE', #725, #2841 ) ;
#11 = VECTOR ( 'NONE', #884, 1000.000000000000000 ) ;
#12 = DIRECTION ( 'NONE',  ( 0.0000000000000000000, 0.0000000000000000000, -1.000000000000000000 ) ) ;
#13 = FACE_OUTER_BOUND ( 'NONE', #356, .T. ) ;
#14 = ORIENTED_EDGE ( 'NONE', *, *, #1617, .F. ) ;
#15 = ADVANCED_FACE ( 'NONE', ( #2441 ), #851, .T. ) ;
#16 = DIRECTION ( 'NONE',  ( 0.0000000000000000000, 0.0000000000000000000, 1.000000000000000000 ) ) ;
#17 = EDGE_LOOP ( 'NONE', ( #948, #1970, #1205, #2282 ) ) ;
#18 = CARTESIAN_POINT ( 'NONE',  ( 1.616666666666670027, 2.406231958185169884, 0.02376804181483100145 ) ) ;
#19 = CARTESIAN_POINT ( 'NONE',  ( -1.350000000000000089, -1.000000000000000000, 0.1800000000000000211 ) ) ;
#20 = EDGE_CURVE ( 'NONE', #1504, #2921, #1984, .T. ) ;
#21 = EDGE_CURVE ( 'NONE', #693, #2069, #1053, .T. ) ;
#22 = CARTESIAN_POINT ( 'NONE',  ( 1.350000000000000089, 2.429999999999999716, 1.000000000000000000 ) ) ;
#23 = ORIENTED_EDGE ( 'NONE', *, *, #322, .F. ) ;
#24 = CARTESIAN_POINT ( 'NONE',  ( -2.149999999999999911, -2.250000000000000000, 0.1800000000000000211 ) ) ;
#25 = VERTEX_POINT ( 'NONE', #863 ) ;
#26 = LINE ( 'NONE', #293, #442 ) ;
#27 = FACE_OUTER_BOUND ( 'NONE', #1251, .T. ) ;
#28 = CARTESIAN_POINT ( 'NONE',  ( -1.000000000000000000, 2.500000000000000000, 2.000000000000000000 ) ) ;
#29 = ORIENTED_EDGE ( 'NONE', *, *, #491, .F. ) ;
#30 = LINE ( 'NONE', #1426, #37 ) ;
#31 = DIRECTION ( 'NONE',  ( -1.000000000000000000, 9.957992501029599969E-17, 0.0000000000000000000 ) ) ;
#32 = EDGE_LOOP ( 'NONE', ( #211, #2109, #898, #191 ) ) ;
#33 = CARTESIAN_POINT ( 'NONE',  ( -2.500000000000000000, 2.250000000000000000, 2.000000000000000000 ) ) ;
#34 = FACE_OUTER_BOUND ( 'NONE', #2423, .T. ) ;
#35 = EDGE_CURVE ( 'NONE', #2092, #971, #2857, .T. ) ;
#36 = ORIENTED_EDGE ( 'NONE', *, *, #2941, .F. ) ;
#37 = VECTOR ( 'NONE', #728, 1000.000000000000000 ) ;
#38 = LINE ( 'NONE', #753, #2168 ) ;
#39 = FACE_OUTER_BOUND ( 'NONE', #1873, .T. ) ;
#40 = AXIS2_PLACEMENT_3D ( 'NONE', #2579, #2124, #2113 ) ;
#41 = LINE ( 'NONE', #1623, #987 ) ;
#42 = ORIENTED_EDGE ( 'NONE', *, *, #1650, .F. ) ;
#43 = CARTESIAN_POINT ( 'NONE',  ( 2.149999999999999911, 1.000000000000000000, 0.1800000000000000211 ) ) ;
#44 = CARTESIAN_POINT ( 'NONE',  ( -1.842228612690480241E-16, -1.850000000000000089, 0.0000000000000000000 ) ) ;
#45 = CIRCLE ( 'NONE', #2895, 0.2999999999999999334 ) ;
#46 = VERTEX_POINT ( 'NONE', #1746 ) ;
#47 = CARTESIAN_POINT ( 'NONE',  ( 1.350000000000000089, 2.250000000000000000, 0.0000000000000000000 ) ) ;
#48 = VERTEX_POINT ( 'NONE', #1295 ) ;
#49 = CARTESIAN_POINT ( 'NONE',  ( -1.800000000000000044, 1.549999965354800002, 2.000000000000000000 ) ) ;
#50 = VECTOR ( 'NONE', #766, 1000.000000000000000 ) ;
#51 = DIRECTION ( 'NONE',  ( 0.0000000000000000000, 0.0000000000000000000, -1.000000000000000000 ) ) ;
#52 = VECTOR ( 'NONE', #2173, 1000.000000000000000 ) ;
#53 = EDGE_CURVE ( 'NONE', #1582, #1763, #154, .T. ) ;
#54 = ORIENTED_EDGE ( 'NONE', *, *, #1923, .F. ) ;
#55 = CIRCLE ( 'NONE', #1758, 0.2999999999999999334 ) ;
#56 = AXIS2_PLACEMENT_3D ( 'NONE', #79, #65, #2353 ) ;
#57 = CARTESIAN_POINT ( 'NONE',  ( 2.149999999999999911, 1.000000000000000000, 0.0000000000000000000 ) ) ;
#58 = MANIFOLD_SOLID_BREP ( 'MagneticBuzzer_MLT-5020.STEP[6]', #2177 ) ;
#59 = DIRECTION ( 'NONE',  ( -1.000000000000000000, 9.957992501029599969E-17, 0.0000000000000000000 ) ) ;
#60 = AXIS2_PLACEMENT_3D ( 'NONE', #2763, #1159, #2492 ) ;
#61 = CARTESIAN_POINT ( 'NONE',  ( -1.883333333333329973, 2.279999999999999805, 0.0000000000000000000 ) ) ;
#62 = VECTOR ( 'NONE', #89, 1000.000000000000000 ) ;
#63 = DIRECTION ( 'NONE',  ( 0.0000000000000000000, 0.0000000000000000000, 1.000000000000000000 ) ) ;
#64 = ORIENTED_EDGE ( 'NONE', *, *, #2471, .F. ) ;
#65 = DIRECTION ( 'NONE',  ( 0.0000000000000000000, 0.0000000000000000000, -1.000000000000000000 ) ) ;
#66 = CARTESIAN_POINT ( 'NONE',  ( -1.350000000000000089, -1.000000000000000000, 0.0000000000000000000 ) ) ;
#67 = ORIENTED_EDGE ( 'NONE', *, *, #489, .T. ) ;
#68 = DIRECTION ( 'NONE',  ( 0.0000000000000000000, 0.0000000000000000000, 1.000000000000000000 ) ) ;
#69 = CYLINDRICAL_SURFACE ( 'NONE', #1606, 0.4000000000000000222 ) ;
#70 = VERTEX_POINT ( 'NONE', #2654 ) ;
#71 =( NAMED_UNIT ( * ) PLANE_ANGLE_UNIT ( ) SI_UNIT ( $, .RADIAN. ) );
#72 = DIRECTION ( 'NONE',  ( -9.957992501029599969E-17, -1.000000000000000000, 0.0000000000000000000 ) ) ;
#73 = EDGE_CURVE ( 'NONE', #2474, #2352, #1562, .T. ) ;
#74 = CARTESIAN_POINT ( 'NONE',  ( -1.350000000000000089, -2.429999999999999716, 0.09364853928690050622 ) ) ;
#75 = ADVANCED_FACE ( 'NONE', ( #1085, #1541, #1968 ), #1727, .F. ) ;
#76 = ORIENTED_EDGE ( 'NONE', *, *, #619, .T. ) ;
#77 = CARTESIAN_POINT ( 'NONE',  ( -1.350000000000000089, 1.549999965354800002, 2.000000000000000000 ) ) ;
#78 = ORIENTED_EDGE ( 'NONE', *, *, #707, .T. ) ;
#79 = CARTESIAN_POINT ( 'NONE',  ( -1.699999999999999956, 1.449999999999999956, 2.000000000000000000 ) ) ;
#80 =( NAMED_UNIT ( * ) PLANE_ANGLE_UNIT ( ) SI_UNIT ( $, .RADIAN. ) );
#81 = EDGE_LOOP ( 'NONE', ( #480, #1921, #2540, #1493 ) ) ;
#82 = DIRECTION ( 'NONE',  ( -9.957992501029599969E-17, -1.000000000000000000, 0.0000000000000000000 ) ) ;
#83 = CARTESIAN_POINT ( 'NONE',  ( 1.399999999999999911, -1.087957250357299938E-16, 2.000000000000000000 ) ) ;
#84 = CARTESIAN_POINT ( 'NONE',  ( -2.500000000000000000, 2.250000000000000000, 0.0000000000000000000 ) ) ;
#85 = ORIENTED_EDGE ( 'NONE', *, *, #2729, .F. ) ;
#86 = VERTEX_POINT ( 'NONE', #1280 ) ;
#87 = DIRECTION ( 'NONE',  ( 0.7808688094430298321, -0.6246950475544248427, 0.0000000000000000000 ) ) ;
#88 = CYLINDRICAL_SURFACE ( 'NONE', #1752, 0.4500000000000001221 ) ;
#89 = DIRECTION ( 'NONE',  ( 0.0000000000000000000, 0.0000000000000000000, 1.000000000000000000 ) ) ;
#90 = ORIENTED_EDGE ( 'NONE', *, *, #489, .F. ) ;
#91 = DIRECTION ( 'NONE',  ( 0.0000000000000000000, -1.000000000000000000, 0.0000000000000000000 ) ) ;
#92 = EDGE_CURVE ( 'NONE', #86, #458, #1525, .T. ) ;
#93 = ORIENTED_EDGE ( 'NONE', *, *, #618, .F. ) ;
#94 = VECTOR ( 'NONE', #2647, 1000.000000000000000 ) ;
#95 = LINE ( 'NONE', #566, #2141 ) ;
#96 = VERTEX_POINT ( 'NONE', #2882 ) ;
#97 = VECTOR ( 'NONE', #226, 1000.000000000000000 ) ;
#98 = LINE ( 'NONE', #2643, #1361 ) ;
#99 = DIRECTION ( 'NONE',  ( 9.957992501029599969E-17, 1.000000000000000000, 0.0000000000000000000 ) ) ;
#100 = VECTOR ( 'NONE', #576, 1000.000000000000000 ) ;
#101 = VERTEX_POINT ( 'NONE', #590 ) ;
#102 = CARTESIAN_POINT ( 'NONE',  ( -2.149999999999999911, 2.418115979092579693, 0.05870829055086580067 ) ) ;
#103 = CARTESIAN_POINT ( 'NONE',  ( -1.883333333333329973, 2.429999999999999716, 0.09364853928690050622 ) ) ;
#104 = ORIENTED_EDGE ( 'NONE', *, *, #418, .T. ) ;
#105 = VECTOR ( 'NONE', #1585, 1000.000000000000000 ) ;
#106 = CARTESIAN_POINT ( 'NONE',  ( -1.750000000000000000, 1.625000000000000000, 0.0000000000000000000 ) ) ;
#107 = ORIENTED_EDGE ( 'NONE', *, *, #373, .F. ) ;
#108 = DIRECTION ( 'NONE',  ( 0.0000000000000000000, 0.0000000000000000000, -1.000000000000000000 ) ) ;
#109 = B_SPLINE_CURVE_WITH_KNOTS ( 'NONE', 3,
 ( #691, #2, #936, #2956 ),
 .UNSPECIFIED., .F., .F.,
 ( 4, 4 ),
 ( -0.05999999999999999778, 0.02000000000000000389 ),
 .UNSPECIFIED. ) ;
#110 = ORIENTED_EDGE ( 'NONE', *, *, #1359, .T. ) ;
#111 = EDGE_CURVE ( 'NONE', #1097, #1512, #1307, .T. ) ;
#112 = PRESENTATION_LAYER_ASSIGNMENT (  '', '', ( #985 ) ) ;
#113 = CARTESIAN_POINT ( 'NONE',  ( -1.350000000000000089, 2.429999999999999716, 0.1499999999999999944 ) ) ;
#114 = DIRECTION ( 'NONE',  ( -0.6246950475544248427, 0.7808688094430298321, 0.0000000000000000000 ) ) ;
#115 = VERTEX_POINT ( 'NONE', #1510 ) ;
#116 = EDGE_CURVE ( 'NONE', #2284, #2140, #2918, .T. ) ;
#117 = EDGE_CURVE ( 'NONE', #1161, #747, #879, .T. ) ;
#118 = CARTESIAN_POINT ( 'NONE',  ( -2.500000000000000000, -2.250000000000000000, 1.699999999999999956 ) ) ;
#119 = VERTEX_POINT ( 'NONE', #2033 ) ;
#120 = CARTESIAN_POINT ( 'NONE',  ( -1.350000000000000089, 1.549999965354800002, 2.000000000000000000 ) ) ;
#121 = ORIENTED_EDGE ( 'NONE', *, *, #175, .T. ) ;
#122 = DIRECTION ( 'NONE',  ( 0.0000000000000000000, 0.0000000000000000000, -1.000000000000000000 ) ) ;
#123 = CARTESIAN_POINT ( 'NONE',  ( -1.750000000000000000, 1.100000000000000089, 1.899999999999999911 ) ) ;
#124 = DIRECTION ( 'NONE',  ( 0.6246950475544248427, -0.7808688094430298321, 0.0000000000000000000 ) ) ;
#125 = VERTEX_POINT ( 'NONE', #2948 ) ;
#126 = CARTESIAN_POINT ( 'NONE',  ( -2.149999999999999911, -1.000000000000000000, 0.1800000000000000211 ) ) ;
#127 = ORIENTED_EDGE ( 'NONE', *, *, #708, .F. ) ;
#128 = DIRECTION ( 'NONE',  ( 0.0000000000000000000, 0.0000000000000000000, 1.000000000000000000 ) ) ;
#129 = CARTESIAN_POINT ( 'NONE',  ( 1.199999999999999956, 2.250000000000000000, 2.000000000000000000 ) ) ;
#130 = CARTESIAN_POINT ( 'NONE',  ( -1.249999999999999778, 1.449999999999999956, 2.000000000000000000 ) ) ;
#131 = CARTESIAN_POINT ( 'NONE',  ( -1.883333333333329973, -2.429999999999999716, 0.1499999999999999944 ) ) ;
#132 = ORIENTED_EDGE ( 'NONE', *, *, #1144, .F. ) ;
#133 = DIRECTION ( 'NONE',  ( 0.0000000000000000000, 0.0000000000000000000, -1.000000000000000000 ) ) ;
#134 = ADVANCED_FACE ( 'NONE', ( #1059 ), #2449, .F. ) ;
#135 = LINE ( 'NONE', #1576, #1092 ) ;
#136 = CARTESIAN_POINT ( 'NONE',  ( -1.350000000000000089, 2.250000000000000000, 1.000000000000000000 ) ) ;
#137 = ORIENTED_EDGE ( 'NONE', *, *, #2322, .T. ) ;
#138 = LINE ( 'NONE', #1041, #1701 ) ;
#139 = FACE_OUTER_BOUND ( 'NONE', #1527, .T. ) ;
#140 = ORIENTED_EDGE ( 'NONE', *, *, #2783, .T. ) ;
#141 = CARTESIAN_POINT ( 'NONE',  ( 1.350000000000000089, 2.250000000000000000, 1.000000000000000000 ) ) ;
#142 = VECTOR ( 'NONE', #901, 1000.000000000000000 ) ;
#143 = LINE ( 'NONE', #1078, #2844 ) ;
#144 = LINE ( 'NONE', #2939, #1417 ) ;
#145 = VECTOR ( 'NONE', #1077, 1000.000000000000114 ) ;
#146 = FACE_OUTER_BOUND ( 'NONE', #3, .T. ) ;
#147 = LINE ( 'NONE', #2929, #1445 ) ;
#148 = EDGE_LOOP ( 'NONE', ( #2443, #499, #1163, #2743 ) ) ;
#149 = VECTOR ( 'NONE', #444, 1000.000000000000000 ) ;
#150 = ADVANCED_FACE ( 'NONE', ( #183 ), #2693, .F. ) ;
#151 = ORIENTED_EDGE ( 'NONE', *, *, #1724, .T. ) ;
#152 = VECTOR ( 'NONE', #2333, 1000.000000000000000 ) ;
#153 = FACE_OUTER_BOUND ( 'NONE', #942, .T. ) ;
#154 = LINE ( 'NONE', #123, #1456 ) ;
#155 = EDGE_CURVE ( 'NONE', #696, #736, #1571, .T. ) ;
#156 = LINE ( 'NONE', #1086, #1982 ) ;
#157 = ORIENTED_EDGE ( 'NONE', *, *, #1348, .F. ) ;
#158 = DIRECTION ( 'NONE',  ( -9.957992501029599969E-17, -1.000000000000000000, 0.0000000000000000000 ) ) ;
#159 = AXIS2_PLACEMENT_3D ( 'NONE', #2313, #1603, #229 ) ;
#160 = DIRECTION ( 'NONE',  ( 0.0000000000000000000, -1.000000000000000000, 0.0000000000000000000 ) ) ;
#161 = ORIENTED_EDGE ( 'NONE', *, *, #2001, .F. ) ;
#162 = FACE_OUTER_BOUND ( 'NONE', #32, .T. ) ;
#163 = VECTOR ( 'NONE', #51, 1000.000000000000000 ) ;
#164 = DIRECTION ( 'NONE',  ( 0.0000000000000000000, 1.000000000000000000, 0.0000000000000000000 ) ) ;
#165 = CARTESIAN_POINT ( 'NONE',  ( -2.500000000000000000, -2.250000000000000000, 0.0000000000000000000 ) ) ;
#166 = AXIS2_PLACEMENT_3D ( 'NONE', #1826, #2934, #430 ) ;
#167 = LINE ( 'NONE', #2694, #2644 ) ;
#168 = AXIS2_PLACEMENT_3D ( 'NONE', #2337, #2091, #1653 ) ;
#169 = ORIENTED_EDGE ( 'NONE', *, *, #2129, .F. ) ;
#170 =( NAMED_UNIT ( * ) PLANE_ANGLE_UNIT ( ) SI_UNIT ( $, .RADIAN. ) );
#171 = ORIENTED_EDGE ( 'NONE', *, *, #1575, .F. ) ;
#172 = PLANE ( 'NONE',  #1142 ) ;
#173 = DIRECTION ( 'NONE',  ( 0.0000000000000000000, 0.0000000000000000000, 1.000000000000000000 ) ) ;
#174 = ORIENTED_EDGE ( 'NONE', *, *, #2729, .T. ) ;
#175 = EDGE_CURVE ( 'NONE', #2588, #461, #2467, .T. ) ;
#177 = EDGE_CURVE ( 'NONE', #286, #193, #2500, .T. ) ;
#176 = FACE_OUTER_BOUND ( 'NONE', #404, .T. ) ;
#178 = PLANE ( 'NONE',  #1508 ) ;
#179 = ORIENTED_EDGE ( 'NONE', *, *, #1892, .T. ) ;
#180 = CARTESIAN_POINT ( 'NONE',  ( 2.149999999999999911, 2.429999999999999716, 1.000000000000000000 ) ) ;
#181 = CARTESIAN_POINT ( 'NONE',  ( -1.350000000000000089, 2.250000000000000000, 0.1800000000000000211 ) ) ;
#182 = LINE ( 'NONE', #129, #309 ) ;
#183 = FACE_OUTER_BOUND ( 'NONE', #2908, .T. ) ;
#184 = DIRECTION ( 'NONE',  ( -9.957992501029599969E-17, -1.000000000000000000, 0.0000000000000000000 ) ) ;
#185 = DIRECTION ( 'NONE',  ( -9.957992501029599969E-17, -1.000000000000000000, 0.0000000000000000000 ) ) ;
#186 = B_SPLINE_CURVE_WITH_KNOTS ( 'NONE', 3,
 ( #798, #1292, #102, #335, #1933, #606, #830 ),
 .UNSPECIFIED., .F., .F.,
 ( 4, 3, 4 ),
 ( 0.0000000000000000000, 0.01639158027473780130, 0.03278316054947559566 ),
 .UNSPECIFIED. ) ;
#187 = ORIENTED_EDGE ( 'NONE', *, *, #2275, .T. ) ;
#188 = FACE_OUTER_BOUND ( 'NONE', #832, .T. ) ;
#189 = DIRECTION ( 'NONE',  ( -9.957992501029599969E-17, -1.000000000000000000, 0.0000000000000000000 ) ) ;
#190 = LINE ( 'NONE', #2963, #2605 ) ;
#191 = ORIENTED_EDGE ( 'NONE', *, *, #1049, .T. ) ;
#192 = DIRECTION ( 'NONE',  ( 9.957992501029604900E-17, 1.000000000000000000, 0.0000000000000000000 ) ) ;
#193 = VERTEX_POINT ( 'NONE', #165 ) ;
#194 = EDGE_CURVE ( 'NONE', #2354, #2619, #2089, .T. ) ;
#195 = DIRECTION ( 'NONE',  ( 0.0000000000000000000, 0.0000000000000000000, -1.000000000000000000 ) ) ;
#196 = CARTESIAN_POINT ( 'NONE',  ( 1.350000000000000089, -2.500000000000000000, 0.0000000000000000000 ) ) ;
#197 = ADVANCED_FACE ( 'NONE', ( #2665 ), #1535, .F. ) ;
#198 = MECHANICAL_DESIGN_GEOMETRIC_PRESENTATION_REPRESENTATION (  '', ( #719 ), #916 ) ;
#199 = CARTESIAN_POINT ( 'NONE',  ( -2.050000000000000266, 1.499999982677399979, 1.899999999999999911 ) ) ;
#200 = FACE_OUTER_BOUND ( 'NONE', #255, .T. ) ;
#201 = AXIS2_PLACEMENT_3D ( 'NONE', #1444, #2356, #2825 ) ;
#202 = VECTOR ( 'NONE', #173, 1000.000000000000000 ) ;
#203 = CARTESIAN_POINT ( 'NONE',  ( 0.0000000000000000000, 0.0000000000000000000, 0.0000000000000000000 ) ) ;
#204 = EDGE_LOOP ( 'NONE', ( #2309, #2455, #1313, #1440, #174, #1466, #999 ) ) ;
#205 = PRODUCT_DEFINITION_FORMATION_WITH_SPECIFIED_SOURCE ( 'ANY', '', #1214, .NOT_KNOWN. ) ;
#206 = CARTESIAN_POINT ( 'NONE',  ( -1.800000000000000044, 1.100000000000000089, 1.899999999999999911 ) ) ;
#207 = CARTESIAN_POINT ( 'NONE',  ( 2.149999999999999911, 2.429999999999999716, 0.09364853928690050622 ) ) ;
#208 = ORIENTED_EDGE ( 'NONE', *, *, #2211, .T. ) ;
#209 = LINE ( 'NONE', #2292, #1421 ) ;
#210 = CARTESIAN_POINT ( 'NONE',  ( -1.800000000000000044, 1.350000034645199909, 1.899999999999999911 ) ) ;
#211 = ORIENTED_EDGE ( 'NONE', *, *, #1198, .T. ) ;
#212 = FACE_OUTER_BOUND ( 'NONE', #744, .T. ) ;
#213 = EDGE_CURVE ( 'NONE', #2950, #2809, #2725, .T. ) ;
#214 = FACE_OUTER_BOUND ( 'NONE', #730, .T. ) ;
#215 = CIRCLE ( 'NONE', #159, 0.4500000000000001221 ) ;
#216 = DIRECTION ( 'NONE',  ( 9.957992501029599969E-17, 1.000000000000000000, 0.0000000000000000000 ) ) ;
#217 = AXIS2_PLACEMENT_3D ( 'NONE', #867, #668, #2445 ) ;
#218 = ORIENTED_EDGE ( 'NONE', *, *, #2769, .F. ) ;
#219 = EDGE_CURVE ( 'NONE', #747, #1639, #436, .T. ) ;
#220 = EDGE_CURVE ( 'NONE', #1770, #1656, #632, .T. ) ;
#221 = ORIENTED_EDGE ( 'NONE', *, *, #2362, .F. ) ;
#222 = CARTESIAN_POINT ( 'NONE',  ( 2.149999999999999911, 2.371291709449129925, 0.01188402090741540011 ) ) ;
#223 = PLANE ( 'NONE',  #60 ) ;
#224 = CARTESIAN_POINT ( 'NONE',  ( -1.350000000000000089, 1.000000000000000000, 0.0000000000000000000 ) ) ;
#225 = ORIENTED_EDGE ( 'NONE', *, *, #2362, .T. ) ;
#226 = DIRECTION ( 'NONE',  ( 0.0000000000000000000, 0.0000000000000000000, -1.000000000000000000 ) ) ;
#227 = ORIENTED_EDGE ( 'NONE', *, *, #1348, .T. ) ;
#228 = CARTESIAN_POINT ( 'NONE',  ( 1.883333333333329973, 2.429999999999999716, 0.09364853928690050622 ) ) ;
#229 = DIRECTION ( 'NONE',  ( -1.000000000000000000, 0.0000000000000000000, 0.0000000000000000000 ) ) ;
#230 = DIRECTION ( 'NONE',  ( -1.000000000000000000, 9.957992501029599969E-17, 0.0000000000000000000 ) ) ;
#231 = ORIENTED_EDGE ( 'NONE', *, *, #618, .T. ) ;
#232 = EDGE_CURVE ( 'NONE', #1656, #2220, #2028, .T. ) ;
#233 = ORIENTED_EDGE ( 'NONE', *, *, #906, .T. ) ;
#234 = DIRECTION ( 'NONE',  ( 0.0000000000000000000, 0.0000000000000000000, -1.000000000000000000 ) ) ;
#235 =( NAMED_UNIT ( * ) SI_UNIT ( $, .STERADIAN. ) SOLID_ANGLE_UNIT ( ) );
#236 = CARTESIAN_POINT ( 'NONE',  ( -2.149999999999999911, 2.429999999999999716, 0.0000000000000000000 ) ) ;
#237 = ORIENTED_EDGE ( 'NONE', *, *, #1859, .T. ) ;
#238 = LINE ( 'NONE', #2483, #1167 ) ;
#239 = ORIENTED_EDGE ( 'NONE', *, *, #2832, .F. ) ;
#240 = CARTESIAN_POINT ( 'NONE',  ( 2.149999999999999911, 2.429999999999999716, 0.1499999999999999944 ) ) ;
#241 = DIRECTION ( 'NONE',  ( -9.957992501029599969E-17, -1.000000000000000000, 0.0000000000000000000 ) ) ;
#242 = DIRECTION ( 'NONE',  ( 9.957992501029599969E-17, 1.000000000000000000, 0.0000000000000000000 ) ) ;
#243 = EDGE_LOOP ( 'NONE', ( #320, #1567, #1241, #2503, #416, #1045, #239 ) ) ;
#244 = ORIENTED_EDGE ( 'NONE', *, *, #2839, .F. ) ;
#245 = VECTOR ( 'NONE', #1080, 1000.000000000000000 ) ;
#246 = EDGE_CURVE ( 'NONE', #2419, #1278, #144, .T. ) ;
#247 = CIRCLE ( 'NONE', #2505, 1.899999957531689931 ) ;
#248 = DIRECTION ( 'NONE',  ( 9.957992501029599969E-17, 1.000000000000000000, 0.0000000000000000000 ) ) ;
#249 = VECTOR ( 'NONE', #2919, 1000.000000000000000 ) ;
#250 = PLANE ( 'NONE',  #1609 ) ;
#251 = EDGE_CURVE ( 'NONE', #1354, #2533, #1807, .T. ) ;
#252 = DIRECTION ( 'NONE',  ( 1.000000000000000000, -9.957992501029599969E-17, 0.0000000000000000000 ) ) ;
#253 = ORIENTED_EDGE ( 'NONE', *, *, #1285, .T. ) ;
#254 = DIRECTION ( 'NONE',  ( -0.6246950475544248427, -0.7808688094430298321, 0.0000000000000000000 ) ) ;
#255 = EDGE_LOOP ( 'NONE', ( #1137, #505, #1751, #1877 ) ) ;
#256 = AXIS2_PLACEMENT_3D ( 'NONE', #287, #538, #2808 ) ;
#257 = CARTESIAN_POINT ( 'NONE',  ( -1.350000000000000089, 2.429999999999999716, 0.1499999999999999944 ) ) ;
#258 = DIRECTION ( 'NONE',  ( 0.0000000000000000000, 0.0000000000000000000, -1.000000000000000000 ) ) ;
#259 = EDGE_LOOP ( 'NONE', ( #1681, #187, #1239, #1226 ) ) ;
#260 = AXIS2_PLACEMENT_3D ( 'NONE', #887, #2954, #1975 ) ;
#261 = DIRECTION ( 'NONE',  ( 0.6246950475544237324, -0.7808688094430306093, 0.0000000000000000000 ) ) ;
#262 = ORIENTED_EDGE ( 'NONE', *, *, #962, .T. ) ;
#263 = VECTOR ( 'NONE', #995, 1000.000000000000000 ) ;
#264 = LINE ( 'NONE', #2117, #1168 ) ;
#265 = ADVANCED_FACE ( 'NONE', ( #1554 ), #1777, .T. ) ;
#266 = AXIS2_PLACEMENT_3D ( 'NONE', #1561, #2050, #2683 ) ;
#267 = LINE ( 'NONE', #1187, #2372 ) ;
#268 = PLANE ( 'NONE',  #313 ) ;
#269 = EDGE_LOOP ( 'NONE', ( #805, #964, #986, #1207 ) ) ;
#270 = DIRECTION ( 'NONE',  ( 0.0000000000000000000, 0.0000000000000000000, -1.000000000000000000 ) ) ;
#271 = EDGE_CURVE ( 'NONE', #1278, #2039, #2484, .T. ) ;
#272 = ADVANCED_FACE ( 'NONE', ( #1125 ), #1302, .F. ) ;
#273 = ORIENTED_EDGE ( 'NONE', *, *, #2747, .T. ) ;
#274 = LINE ( 'NONE', #2740, #2369 ) ;
#275 = DIRECTION ( 'NONE',  ( -9.957992501029599969E-17, -1.000000000000000000, 0.0000000000000000000 ) ) ;
#276 = ADVANCED_FACE ( 'NONE', ( #2015 ), #407, .F. ) ;
#277 = VERTEX_POINT ( 'NONE', #2286 ) ;
#278 = UNCERTAINTY_MEASURE_WITH_UNIT (LENGTH_MEASURE( 1.000000000000000082E-05 ), #478, 'distance_accuracy_value', 'NONE');
#279 = ORIENTED_EDGE ( 'NONE', *, *, #307, .F. ) ;
#280 = FACE_OUTER_BOUND ( 'NONE', #2122, .T. ) ;
#281 = CARTESIAN_POINT ( 'NONE',  ( -1.350000000000000089, 1.000000000000000000, 0.1800000000000000211 ) ) ;
#282 = LINE ( 'NONE', #712, #1950 ) ;
#283 = ORIENTED_EDGE ( 'NONE', *, *, #2175, .F. ) ;
#284 = DIRECTION ( 'NONE',  ( 0.0000000000000000000, 0.0000000000000000000, -1.000000000000000000 ) ) ;
#285 = DIRECTION ( 'NONE',  ( 1.000000000000000000, 0.0000000000000000000, 0.0000000000000000000 ) ) ;
#286 = VERTEX_POINT ( 'NONE', #1857 ) ;
#287 = CARTESIAN_POINT ( 'NONE',  ( 0.0000000000000000000, 0.0000000000000000000, 1.600000000000000089 ) ) ;
#288 = ORIENTED_EDGE ( 'NONE', *, *, #1563, .F. ) ;
#289 = EDGE_CURVE ( 'NONE', #1075, #48, #274, .T. ) ;
#290 = ORIENTED_EDGE ( 'NONE', *, *, #1428, .T. ) ;
#291 = B_SPLINE_CURVE_WITH_KNOTS ( 'NONE', 3,
 ( #1608, #2479, #222, #2523, #656, #207, #2489 ),
 .UNSPECIFIED., .F., .F.,
 ( 4, 3, 4 ),
 ( 0.0000000000000000000, 0.01639158027468580123, 0.03278316054937159552 ),
 .UNSPECIFIED. ) ;
#292 = COLOUR_RGB ( '',0.7607843137254901578, 0.7607843137254901578, 0.7607843137254901578 ) ;
#293 = CARTESIAN_POINT ( 'NONE',  ( -1.800000000000000044, 1.100000000000000089, 2.000000000000000000 ) ) ;
#294 = AXIS2_PLACEMENT_3D ( 'NONE', #2541, #270, #1912 ) ;
#295 = CARTESIAN_POINT ( 'NONE',  ( 1.199999999999999956, 2.250000000000000000, 1.699999999999999956 ) ) ;
#296 = FACE_OUTER_BOUND ( 'NONE', #679, .T. ) ;
#297 = VECTOR ( 'NONE', #2278, 1000.000000000000000 ) ;
#298 = VERTEX_POINT ( 'NONE', #960 ) ;
#299 = VERTEX_POINT ( 'NONE', #673 ) ;
#300 = ORIENTED_EDGE ( 'NONE', *, *, #2972, .F. ) ;
#301 = FACE_OUTER_BOUND ( 'NONE', #1977, .T. ) ;
#302 = VECTOR ( 'NONE', #2224, 1000.000000000000000 ) ;
#303 = ADVANCED_FACE ( 'NONE', ( #1831 ), #1195, .F. ) ;
#304 = DIRECTION ( 'NONE',  ( -0.7808688094430307203, -0.6246950475544237324, 0.0000000000000000000 ) ) ;
#305 = EDGE_CURVE ( 'NONE', #1574, #1578, #1615, .T. ) ;
#306 = EDGE_LOOP ( 'NONE', ( #1377, #881 ) ) ;
#307 = EDGE_CURVE ( 'NONE', #2474, #1354, #215, .T. ) ;
#308 =( GEOMETRIC_REPRESENTATION_CONTEXT ( 3 ) GLOBAL_UNCERTAINTY_ASSIGNED_CONTEXT ( ( #2565 ) ) GLOBAL_UNIT_ASSIGNED_CONTEXT ( ( #834, #398, #2866 ) ) REPRESENTATION_CONTEXT ( 'NONE', 'WORKASPACE' ) );
#309 = VECTOR ( 'NONE', #616, 1000.000000000000000 ) ;
#310 = DIRECTION ( 'NONE',  ( 9.957992501029604900E-17, 1.000000000000000000, 0.0000000000000000000 ) ) ;
#311 = VECTOR ( 'NONE', #2009, 1000.000000000000000 ) ;
#312 = DIRECTION ( 'NONE',  ( 0.0000000000000000000, 0.0000000000000000000, 1.000000000000000000 ) ) ;
#313 = AXIS2_PLACEMENT_3D ( 'NONE', #955, #252, #973 ) ;
#314 = CARTESIAN_POINT ( 'NONE',  ( 4.218847399277003543E-16, 1.899999957531689931, 1.699999999999999956 ) ) ;
#315 = ORIENTED_EDGE ( 'NONE', *, *, #2652, .F. ) ;
#316 = DIRECTION ( 'NONE',  ( 0.0000000000000000000, 0.0000000000000000000, -1.000000000000000000 ) ) ;
#317 = EDGE_LOOP ( 'NONE', ( #2846, #868, #2049, #467, #2463, #2290, #2231, #1972, #1288, #760, #1381 ) ) ;
#318 = DIRECTION ( 'NONE',  ( 0.7808688094430298321, -0.6246950475544248427, 0.0000000000000000000 ) ) ;
#319 = CARTESIAN_POINT ( 'NONE',  ( 1.399999999999999911, -1.087957250357299938E-16, 2.000000000000000000 ) ) ;
#320 = ORIENTED_EDGE ( 'NONE', *, *, #1411, .T. ) ;
#321 = ORIENTED_EDGE ( 'NONE', *, *, #2257, .T. ) ;
#322 = EDGE_CURVE ( 'NONE', #2137, #671, #2560, .T. ) ;
#323 = DIRECTION ( 'NONE',  ( 0.0000000000000000000, 0.0000000000000000000, 1.000000000000000000 ) ) ;
#324 = DIRECTION ( 'NONE',  ( -1.000000000000000000, 0.0000000000000000000, 0.0000000000000000000 ) ) ;
#325 = FACE_OUTER_BOUND ( 'NONE', #2217, .T. ) ;
#326 = ADVANCED_FACE ( 'NONE', ( #214 ), #2531, .F. ) ;
#327 = DIRECTION ( 'NONE',  ( 0.0000000000000000000, 0.0000000000000000000, -1.000000000000000000 ) ) ;
#328 = DIRECTION ( 'NONE',  ( -1.000000000000000000, 9.957992501029599969E-17, 0.0000000000000000000 ) ) ;
#329 = ORIENTED_EDGE ( 'NONE', *, *, #1835, .T. ) ;
#330 = ORIENTED_EDGE ( 'NONE', *, *, #876, .T. ) ;
#331 = CARTESIAN_POINT ( 'NONE',  ( 1.350000000000000089, 2.418115979092589907, 0.05870829055086569659 ) ) ;
#332 = CARTESIAN_POINT ( 'NONE',  ( -1.600000000000000089, 1.275000000000000133, 1.899999999999999911 ) ) ;
#333 = CARTESIAN_POINT ( 'NONE',  ( -1.199999999999999956, 2.250000000000000000, 2.000000000000000000 ) ) ;
#334 = ORIENTED_EDGE ( 'NONE', *, *, #2345, .F. ) ;
#335 = CARTESIAN_POINT ( 'NONE',  ( -2.149999999999999911, 2.394703844270860138, 0.03529615572914070187 ) ) ;
#336 = EDGE_CURVE ( 'NONE', #1460, #2419, #2298, .T. ) ;
#337 = CARTESIAN_POINT ( 'NONE',  ( -1.616666666666670027, 2.406231958185169884, 0.02376804181483109860 ) ) ;
#338 = VECTOR ( 'NONE', #438, 1000.000000000000000 ) ;
#339 = DIRECTION ( 'NONE',  ( 1.000000000000000000, -9.957992501029599969E-17, 0.0000000000000000000 ) ) ;
#340 = ORIENTED_EDGE ( 'NONE', *, *, #2787, .T. ) ;
#341 = EDGE_CURVE ( 'NONE', #1442, #2148, #2070, .T. ) ;
#342 = AXIS2_PLACEMENT_3D ( 'NONE', #206, #1795, #2917 ) ;
#344 = ADVANCED_FACE ( 'NONE', ( #2515 ), #689, .F. ) ;
#343 = FILL_AREA_STYLE ('',( #1785 ) ) ;
#345 = ORIENTED_EDGE ( 'NONE', *, *, #341, .T. ) ;
#346 = VECTOR ( 'NONE', #1388, 1000.000000000000000 ) ;
#347 = CARTESIAN_POINT ( 'NONE',  ( -2.050000000000000266, 1.549999965354800002, 1.899999999999999911 ) ) ;
#348 = CARTESIAN_POINT ( 'NONE',  ( -2.149999999999999911, -2.429999999999999716, 0.1499999999999999944 ) ) ;
#349 = VECTOR ( 'NONE', #2506, 1000.000000000000000 ) ;
#350 = CARTESIAN_POINT ( 'NONE',  ( 1.399999999999999911, -0.4000000000000001332, 1.699999999999999956 ) ) ;
#351 = ORIENTED_EDGE ( 'NONE', *, *, #910, .T. ) ;
#352 = PLANE ( 'NONE',  #2233 ) ;
#353 = DIRECTION ( 'NONE',  ( 0.0000000000000000000, -1.000000000000000000, 0.0000000000000000000 ) ) ;
#354 = LINE ( 'NONE', #1954, #100 ) ;
#355 = COLOUR_RGB ( '',0.2509803921568627416, 0.2509803921568627416, 0.2509803921568627416 ) ;
#356 = EDGE_LOOP ( 'NONE', ( #552, #2595, #2916, #520 ) ) ;
#357 = DIRECTION ( 'NONE',  ( -1.000000000000000000, 9.957992501029599969E-17, 0.0000000000000000000 ) ) ;
#358 = ORIENTED_EDGE ( 'NONE', *, *, #2920, .T. ) ;
#359 = VECTOR ( 'NONE', #878, 1000.000000000000000 ) ;
#360 = EDGE_CURVE ( 'NONE', #527, #938, #2082, .T. ) ;
#361 = DIRECTION ( 'NONE',  ( 0.0000000000000000000, -1.000000000000000000, 0.0000000000000000000 ) ) ;
#362 = ORIENTED_EDGE ( 'NONE', *, *, #2149, .F. ) ;
#363 = CARTESIAN_POINT ( 'NONE',  ( -1.883333333333339965, -2.406231958185169884, 0.02376804181483100145 ) ) ;
#364 = ORIENTED_EDGE ( 'NONE', *, *, #1634, .F. ) ;
#365 = LINE ( 'NONE', #833, #2002 ) ;
#366 = CARTESIAN_POINT ( 'NONE',  ( 1.199999999999999956, 2.250000000000000000, 1.000000000000000000 ) ) ;
#367 = PLANE ( 'NONE',  #1648 ) ;
#368 = ORIENTED_EDGE ( 'NONE', *, *, #2149, .T. ) ;
#369 = DIRECTION ( 'NONE',  ( 1.000000000000000000, -9.957992501029599969E-17, 0.0000000000000000000 ) ) ;
#370 = ORIENTED_EDGE ( 'NONE', *, *, #2601, .T. ) ;
#371 = CARTESIAN_POINT ( 'NONE',  ( -1.199999999999999956, -2.250000000000000000, 1.699999999999999956 ) ) ;
#372 = LINE ( 'NONE', #1553, #925 ) ;
#373 = EDGE_CURVE ( 'NONE', #2057, #1470, #2814, .T. ) ;
#374 = DIRECTION ( 'NONE',  ( -0.6246950475544237324, 0.7808688094430306093, 0.0000000000000000000 ) ) ;
#375 = CARTESIAN_POINT ( 'NONE',  ( -2.149999999999999911, -2.250000000000000000, 0.0000000000000000000 ) ) ;
#376 = ORIENTED_EDGE ( 'NONE', *, *, #1580, .F. ) ;
#377 = EDGE_CURVE ( 'NONE', #46, #1769, #2099, .T. ) ;
#378 = CARTESIAN_POINT ( 'NONE',  ( -1.800000000000000044, 1.350000034645199909, 2.000000000000000000 ) ) ;
#379 = DIRECTION ( 'NONE',  ( 9.957992501029599969E-17, 1.000000000000000000, 0.0000000000000000000 ) ) ;
#380 = LINE ( 'NONE', #1937, #1491 ) ;
#381 = ORIENTED_EDGE ( 'NONE', *, *, #2752, .T. ) ;
#382 = CARTESIAN_POINT ( 'NONE',  ( -2.500000000000000000, -2.250000000000000000, 0.0000000000000000000 ) ) ;
#383 = PLANE ( 'NONE',  #2325 ) ;
#384 = EDGE_LOOP ( 'NONE', ( #1738, #683 ) ) ;
#385 = CARTESIAN_POINT ( 'NONE',  ( -1.350000000000000089, 2.279999999999999805, 0.0000000000000000000 ) ) ;
#386 = CARTESIAN_POINT ( 'NONE',  ( 2.149999999999999911, 2.279999999999999805, 0.0000000000000000000 ) ) ;
#387 = DIRECTION ( 'NONE',  ( 0.0000000000000000000, 0.0000000000000000000, 1.000000000000000000 ) ) ;
#388 = VECTOR ( 'NONE', #2416, 1000.000000000000000 ) ;
#389 = CARTESIAN_POINT ( 'NONE',  ( -2.149999999999999911, -2.429999999999999716, 0.09364853928690050622 ) ) ;
#390 = EDGE_CURVE ( 'NONE', #2597, #800, #55, .T. ) ;
#391 = ORIENTED_EDGE ( 'NONE', *, *, #307, .T. ) ;
#392 = AXIS2_PLACEMENT_3D ( 'NONE', #2613, #1986, #2851 ) ;
#393 = ADVANCED_FACE ( 'NONE', ( #2578 ), #512, .T. ) ;
#394 = EDGE_CURVE ( 'NONE', #1384, #400, #2969, .T. ) ;
#395 = ORIENTED_EDGE ( 'NONE', *, *, #155, .F. ) ;
#396 = VECTOR ( 'NONE', #1944, 1000.000000000000000 ) ;
#397 = CARTESIAN_POINT ( 'NONE',  ( -1.883333333333329973, 2.429999999999999716, 0.1499999999999999944 ) ) ;
#398 =( NAMED_UNIT ( * ) PLANE_ANGLE_UNIT ( ) SI_UNIT ( $, .RADIAN. ) );
#399 = FACE_OUTER_BOUND ( 'NONE', #1177, .T. ) ;
#400 = VERTEX_POINT ( 'NONE', #1164 ) ;
#401 = CARTESIAN_POINT ( 'NONE',  ( -1.543488837659592106E-16, -1.550000000000000266, 0.0000000000000000000 ) ) ;
#402 = VECTOR ( 'NONE', #1520, 1000.000000000000000 ) ;
#403 = CARTESIAN_POINT ( 'NONE',  ( 1.350000000000000089, 2.250000000000000000, 0.0000000000000000000 ) ) ;
#404 = EDGE_LOOP ( 'NONE', ( #2097, #1342, #1131, #2409 ) ) ;
#405 = CARTESIAN_POINT ( 'NONE',  ( 1.199999999999999956, 2.250000000000000000, 0.0000000000000000000 ) ) ;
#406 = DIRECTION ( 'NONE',  ( -9.957992501029599969E-17, -1.000000000000000000, 0.0000000000000000000 ) ) ;
#407 = PLANE ( 'NONE',  #2799 ) ;
#408 = COLOUR_RGB ( '',0.7607843137254901578, 0.7607843137254901578, 0.7607843137254901578 ) ;
#409 = CARTESIAN_POINT ( 'NONE',  ( -2.149999999999999911, 1.000000000000000000, 0.0000000000000000000 ) ) ;
#410 = VECTOR ( 'NONE', #2977, 1000.000000000000000 ) ;
#411 = EDGE_LOOP ( 'NONE', ( #376, #2660, #1012, #1023 ) ) ;
#412 = ADVANCED_FACE ( 'NONE', ( #945 ), #900, .F. ) ;
#413 = CARTESIAN_POINT ( 'NONE',  ( -1.000000000000000000, 2.500000000000000000, 1.699999999999999956 ) ) ;
#414 = CARTESIAN_POINT ( 'NONE',  ( -2.149999999999999911, 2.500000000000000000, 0.1800000000000000211 ) ) ;
#415 = ORIENTED_EDGE ( 'NONE', *, *, #2196, .T. ) ;
#416 = ORIENTED_EDGE ( 'NONE', *, *, #708, .T. ) ;
#417 =( LENGTH_UNIT ( ) NAMED_UNIT ( * ) SI_UNIT ( .MILLI., .METRE. ) );
#418 = EDGE_CURVE ( 'NONE', #119, #2873, #2775, .T. ) ;
#419 = CARTESIAN_POINT ( 'NONE',  ( -1.842228612690480241E-16, -1.850000000000000089, 0.2999999999999999889 ) ) ;
#420 = EDGE_LOOP ( 'NONE', ( #676, #1254, #334, #2294 ) ) ;
#421 = CARTESIAN_POINT ( 'NONE',  ( 2.149999999999999911, 2.500000000000000000, 0.1800000000000000211 ) ) ;
#422 = CARTESIAN_POINT ( 'NONE',  ( 1.510050506338830090, -2.500000000000000000, 2.000000000000000000 ) ) ;
#423 = LINE ( 'NONE', #199, #2077 ) ;
#424 = CARTESIAN_POINT ( 'NONE',  ( -1.600000000000000089, 1.350000034645199909, 1.899999999999999911 ) ) ;
#425 = ORIENTED_EDGE ( 'NONE', *, *, #949, .T. ) ;
#426 = CARTESIAN_POINT ( 'NONE',  ( -1.800000000000000044, 1.350000034645199909, 1.899999999999999911 ) ) ;
#427 = CARTESIAN_POINT ( 'NONE',  ( 2.149999999999999911, 1.000000000000000000, 0.1800000000000000211 ) ) ;
#428 = EDGE_CURVE ( 'NONE', #1189, #46, #1002, .T. ) ;
#429 = ORIENTED_EDGE ( 'NONE', *, *, #1946, .T. ) ;
#430 = DIRECTION ( 'NONE',  ( 0.0000000000000000000, 0.0000000000000000000, -1.000000000000000000 ) ) ;
#431 = DIRECTION ( 'NONE',  ( 0.0000000000000000000, 0.0000000000000000000, 1.000000000000000000 ) ) ;
#432 = ORIENTED_EDGE ( 'NONE', *, *, #2359, .T. ) ;
#433 = PLANE ( 'NONE',  #1310 ) ;
#434 = EDGE_CURVE ( 'NONE', #2936, #2786, #1320, .T. ) ;
#435 = EDGE_CURVE ( 'NONE', #669, #299, #711, .T. ) ;
#436 = LINE ( 'NONE', #1363, #545 ) ;
#437 = AXIS2_PLACEMENT_3D ( 'NONE', #1586, #242, #1128 ) ;
#438 = DIRECTION ( 'NONE',  ( 9.957992501029599969E-17, 1.000000000000000000, 0.0000000000000000000 ) ) ;
#439 = ORIENTED_EDGE ( 'NONE', *, *, #2304, .T. ) ;
#440 = AXIS2_PLACEMENT_3D ( 'NONE', #1438, #519, #285 ) ;
#441 = CARTESIAN_POINT ( 'NONE',  ( -1.350000000000000089, 1.350000034645199909, 1.899999999999999911 ) ) ;
#442 = VECTOR ( 'NONE', #1635, 1000.000000000000000 ) ;
#443 = VERTEX_POINT ( 'NONE', #2133 ) ;
#444 = DIRECTION ( 'NONE',  ( 0.0000000000000000000, 0.0000000000000000000, 1.000000000000000000 ) ) ;
#445 = VECTOR ( 'NONE', #2885, 1000.000000000000000 ) ;
#446 = CARTESIAN_POINT ( 'NONE',  ( 1.350000000000000089, 1.000000000000000000, 0.0000000000000000000 ) ) ;
#447 = LINE ( 'NONE', #1581, #2713 ) ;
#448 = EDGE_LOOP ( 'NONE', ( #2334, #510, #1626, #966 ) ) ;
#449 = DIRECTION ( 'NONE',  ( 0.0000000000000000000, 0.0000000000000000000, -1.000000000000000000 ) ) ;
#450 = EDGE_LOOP ( 'NONE', ( #929, #1446, #2797, #2614, #1620, #1699, #2742 ) ) ;
#451 = AXIS2_PLACEMENT_3D ( 'NONE', #2544, #2272, #1400 ) ;
#452 = CARTESIAN_POINT ( 'NONE',  ( 2.149999999999999911, 2.406231958185169884, 0.02376804181483100145 ) ) ;
#453 = CARTESIAN_POINT ( 'NONE',  ( -1.350000000000000089, -1.000000000000000000, 0.0000000000000000000 ) ) ;
#454 = EDGE_CURVE ( 'NONE', #814, #2821, #2336, .T. ) ;
#455 = VECTOR ( 'NONE', #1925, 1000.000000000000000 ) ;
#456 = DIRECTION ( 'NONE',  ( 0.0000000000000000000, 1.000000000000000000, 0.0000000000000000000 ) ) ;
#457 =( GEOMETRIC_REPRESENTATION_CONTEXT ( 3 ) GLOBAL_UNCERTAINTY_ASSIGNED_CONTEXT ( ( #2772 ) ) GLOBAL_UNIT_ASSIGNED_CONTEXT ( ( #417, #80, #1716 ) ) REPRESENTATION_CONTEXT ( 'NONE', 'WORKASPACE' ) );
#458 = VERTEX_POINT ( 'NONE', #1424 ) ;
#459 = EDGE_CURVE ( 'NONE', #1185, #101, #267, .T. ) ;
#460 = VECTOR ( 'NONE', #1865, 1000.000000000000000 ) ;
#461 = VERTEX_POINT ( 'NONE', #281 ) ;
#462 = DIRECTION ( 'NONE',  ( 0.0000000000000000000, 0.0000000000000000000, 1.000000000000000000 ) ) ;
#463 = CARTESIAN_POINT ( 'NONE',  ( 1.757537879754120125, -2.252512626584710187, 1.699999999999999956 ) ) ;
#464 = CARTESIAN_POINT ( 'NONE',  ( -1.199999999999999956, -2.250000000000000000, 0.0000000000000000000 ) ) ;
#465 = ORIENTED_EDGE ( 'NONE', *, *, #194, .T. ) ;
#466 = FACE_OUTER_BOUND ( 'NONE', #2374, .T. ) ;
#467 = ORIENTED_EDGE ( 'NONE', *, *, #219, .F. ) ;
#468 = DIRECTION ( 'NONE',  ( -1.000000000000000000, 9.957992501029599969E-17, 0.0000000000000000000 ) ) ;
#469 = PLANE ( 'NONE',  #1593 ) ;
#470 = ADVANCED_FACE ( 'NONE', ( #27 ), #2817, .F. ) ;
#471 = VERTEX_POINT ( 'NONE', #1203 ) ;
#472 = CARTESIAN_POINT ( 'NONE',  ( -1.350000000000000089, -0.5000000000000000000, 0.0000000000000000000 ) ) ;
#473 = DIRECTION ( 'NONE',  ( -9.957992501029599969E-17, -1.000000000000000000, 0.0000000000000000000 ) ) ;
#474 = ADVANCED_FACE ( 'NONE', ( #39 ), #972, .F. ) ;
#475 = ORIENTED_EDGE ( 'NONE', *, *, #1289, .T. ) ;
#476 = B_SPLINE_CURVE_WITH_KNOTS ( 'NONE', 3,
 ( #583, #1256, #331, #1025, #1941, #2153, #791 ),
 .UNSPECIFIED., .F., .F.,
 ( 4, 3, 4 ),
 ( 0.0000000000000000000, 0.01639158027489200087, 0.03278316054978389765 ),
 .UNSPECIFIED. ) ;
#477 = LINE ( 'NONE', #2569, #1743 ) ;
#478 =( LENGTH_UNIT ( ) NAMED_UNIT ( * ) SI_UNIT ( .MILLI., .METRE. ) );
#479 = LINE ( 'NONE', #2803, #550 ) ;
#480 = ORIENTED_EDGE ( 'NONE', *, *, #2399, .F. ) ;
#481 = DIRECTION ( 'NONE',  ( 1.000000000000000000, -9.957992501029599969E-17, 0.0000000000000000000 ) ) ;
#482 = ORIENTED_EDGE ( 'NONE', *, *, #1304, .F. ) ;
#483 = CARTESIAN_POINT ( 'NONE',  ( 1.000000000000000000, 2.500000000000000000, 2.000000000000000000 ) ) ;
#484 = CARTESIAN_POINT ( 'NONE',  ( 0.0000000000000000000, 0.0000000000000000000, 1.699999999999999956 ) ) ;
#485 = FILL_AREA_STYLE_COLOUR ( '', #292 ) ;
#486 = CARTESIAN_POINT ( 'NONE',  ( -1.199999999999999956, -2.250000000000000000, 1.699999999999999956 ) ) ;
#487 = ORIENTED_EDGE ( 'NONE', *, *, #639, .T. ) ;
#488 = VECTOR ( 'NONE', #2501, 1000.000000000000000 ) ;
#489 = EDGE_CURVE ( 'NONE', #2873, #1587, #516, .T. ) ;
#490 = VECTOR ( 'NONE', #714, 1000.000000000000000 ) ;
#491 = EDGE_CURVE ( 'NONE', #1934, #666, #2830, .T. ) ;
#492 = DIRECTION ( 'NONE',  ( 1.000000000000000000, -9.957992501029599969E-17, 0.0000000000000000000 ) ) ;
#493 = VECTOR ( 'NONE', #1158, 1000.000000000000000 ) ;
#494 = LINE ( 'NONE', #1386, #843 ) ;
#495 = VERTEX_POINT ( 'NONE', #1679 ) ;
#496 = FACE_OUTER_BOUND ( 'NONE', #610, .T. ) ;
#497 = EDGE_CURVE ( 'NONE', #1057, #2379, #2593, .T. ) ;
#498 = FACE_OUTER_BOUND ( 'NONE', #259, .T. ) ;
#499 = ORIENTED_EDGE ( 'NONE', *, *, #2498, .T. ) ;
#500 = FACE_OUTER_BOUND ( 'NONE', #2738, .T. ) ;
#501 = CARTESIAN_POINT ( 'NONE',  ( 1.750000000000000000, 2.375000000000000000, 1.000000000000000000 ) ) ;
#502 = ORIENTED_EDGE ( 'NONE', *, *, #2491, .T. ) ;
#503 = AXIS2_PLACEMENT_3D ( 'NONE', #484, #1658, #241 ) ;
#504 = DIRECTION ( 'NONE',  ( 0.0000000000000000000, 0.0000000000000000000, -1.000000000000000000 ) ) ;
#505 = ORIENTED_EDGE ( 'NONE', *, *, #1630, .T. ) ;
#506 = CARTESIAN_POINT ( 'NONE',  ( 1.350000000000000089, -2.500000000000000000, 0.0000000000000000000 ) ) ;
#507 = ADVANCED_FACE ( 'NONE', ( #547, #2306 ), #250, .F. ) ;
#508 = FACE_OUTER_BOUND ( 'NONE', #17, .T. ) ;
#509 = CARTESIAN_POINT ( 'NONE',  ( 2.149999999999999911, 2.250000000000000000, 0.1800000000000000211 ) ) ;
#510 = ORIENTED_EDGE ( 'NONE', *, *, #251, .T. ) ;
#511 = ADVANCED_FACE ( 'NONE', ( #1864 ), #88, .F. ) ;
#512 = PLANE ( 'NONE',  #451 ) ;
#513 = CARTESIAN_POINT ( 'NONE',  ( -1.350000000000000089, 2.429999999999999716, 0.1499999999999999944 ) ) ;
#514 = EDGE_LOOP ( 'NONE', ( #1481, #169, #842, #2933, #2980, #908, #530 ) ) ;
#515 = CARTESIAN_POINT ( 'NONE',  ( -2.149999999999999911, -1.000000000000000000, 0.0000000000000000000 ) ) ;
#516 = LINE ( 'NONE', #1436, #2514 ) ;
#517 = CARTESIAN_POINT ( 'NONE',  ( -1.883333333333329973, 2.406231958185169884, 0.02376804181483109860 ) ) ;
#518 = EDGE_CURVE ( 'NONE', #1282, #1121, #1069, .T. ) ;
#519 = DIRECTION ( 'NONE',  ( 0.0000000000000000000, 0.0000000000000000000, 1.000000000000000000 ) ) ;
#520 = ORIENTED_EDGE ( 'NONE', *, *, #524, .F. ) ;
#521 = DIRECTION ( 'NONE',  ( 0.0000000000000000000, 0.0000000000000000000, -1.000000000000000000 ) ) ;
#522 = VERTEX_POINT ( 'NONE', #1247 ) ;
#523 = ADVANCED_FACE ( 'NONE', ( #2811 ), #793, .F. ) ;
#524 = EDGE_CURVE ( 'NONE', #443, #1897, #1888, .T. ) ;
#525 = DIRECTION ( 'NONE',  ( 1.000000000000000000, -9.957992501029599969E-17, 0.0000000000000000000 ) ) ;
#526 = CARTESIAN_POINT ( 'NONE',  ( -1.000000000000000000, 2.500000000000000000, 0.0000000000000000000 ) ) ;
#527 = VERTEX_POINT ( 'NONE', #2840 ) ;
#528 = VECTOR ( 'NONE', #1321, 1000.000000000000000 ) ;
#529 = FACE_OUTER_BOUND ( 'NONE', #1595, .T. ) ;
#530 = ORIENTED_EDGE ( 'NONE', *, *, #213, .F. ) ;
#531 = CARTESIAN_POINT ( 'NONE',  ( -1.600000000000000089, 1.100000000000000089, 2.000000000000000000 ) ) ;
#532 = AXIS2_PLACEMENT_3D ( 'NONE', #1376, #2766, #2995 ) ;
#533 = CARTESIAN_POINT ( 'NONE',  ( -1.350000000000000089, -2.418115979092589907, 0.05870829055086569659 ) ) ;
#534 = ORIENTED_EDGE ( 'NONE', *, *, #799, .F. ) ;
#535 = DIRECTION ( 'NONE',  ( 0.0000000000000000000, 0.0000000000000000000, -1.000000000000000000 ) ) ;
#536 = AXIS2_PLACEMENT_3D ( 'NONE', #106, #802, #2160 ) ;
#537 = ORIENTED_EDGE ( 'NONE', *, *, #418, .F. ) ;
#538 = DIRECTION ( 'NONE',  ( 0.0000000000000000000, 0.0000000000000000000, -1.000000000000000000 ) ) ;
#539 = EDGE_LOOP ( 'NONE', ( #1229, #2055 ) ) ;
#540 = LINE ( 'NONE', #347, #1931 ) ;
#541 = VECTOR ( 'NONE', #2632, 1000.000000000000000 ) ;
#542 = PLANE ( 'NONE',  #1452 ) ;
#543 = ADVANCED_FACE ( 'NONE', ( #1916 ), #69, .F. ) ;
#544 = ORIENTED_EDGE ( 'NONE', *, *, #2657, .T. ) ;
#545 = VECTOR ( 'NONE', #872, 1000.000000000000000 ) ;
#546 = AXIS2_PLACEMENT_3D ( 'NONE', #2664, #2404, #1974 ) ;
#547 = FACE_OUTER_BOUND ( 'NONE', #1633, .T. ) ;
#548 = CARTESIAN_POINT ( 'NONE',  ( -1.350000000000000089, -2.371291709449129925, 0.01188402090741540011 ) ) ;
#549 = DIRECTION ( 'NONE',  ( -1.000000000000000000, 0.0000000000000000000, 0.0000000000000000000 ) ) ;
#550 = VECTOR ( 'NONE', #742, 1000.000000000000114 ) ;
#551 = DIRECTION ( 'NONE',  ( 9.957992501029599969E-17, 1.000000000000000000, 0.0000000000000000000 ) ) ;
#552 = ORIENTED_EDGE ( 'NONE', *, *, #2095, .F. ) ;
#553 = ORIENTED_EDGE ( 'NONE', *, *, #373, .T. ) ;
#554 = DIRECTION ( 'NONE',  ( 1.000000000000000000, 0.0000000000000000000, 0.0000000000000000000 ) ) ;
#555 = VERTEX_POINT ( 'NONE', #2126 ) ;
#556 = EDGE_CURVE ( 'NONE', #1882, #1990, #1432, .T. ) ;
#557 = ORIENTED_EDGE ( 'NONE', *, *, #1634, .T. ) ;
#558 = ORIENTED_EDGE ( 'NONE', *, *, #1792, .F. ) ;
#559 = ADVANCED_FACE ( 'NONE', ( #982 ), #542, .F. ) ;
#560 = EDGE_CURVE ( 'NONE', #2758, #2536, #2590, .T. ) ;
#561 = DIRECTION ( 'NONE',  ( -9.957992501029599969E-17, -1.000000000000000000, 0.0000000000000000000 ) ) ;
#562 = CARTESIAN_POINT ( 'NONE',  ( -1.350000000000000089, 2.406231958185169884, 0.02376804181483109860 ) ) ;
#563 = CARTESIAN_POINT ( 'NONE',  ( -2.149999999999999911, 2.429999999999999716, 0.0000000000000000000 ) ) ;
#564 = ORIENTED_EDGE ( 'NONE', *, *, #1179, .F. ) ;
#565 = CARTESIAN_POINT ( 'NONE',  ( -1.842228612690480241E-16, -1.850000000000000089, 0.0000000000000000000 ) ) ;
#566 = CARTESIAN_POINT ( 'NONE',  ( 2.149999999999999911, 2.250000000000000000, 0.0000000000000000000 ) ) ;
#567 = ORIENTED_EDGE ( 'NONE', *, *, #877, .F. ) ;
#568 = CARTESIAN_POINT ( 'NONE',  ( -1.350000000000000089, 1.350000034645199909, 2.000000000000000000 ) ) ;
#569 = DIRECTION ( 'NONE',  ( 0.0000000000000000000, 0.0000000000000000000, 1.000000000000000000 ) ) ;
#570 = LINE ( 'NONE', #1433, #1640 ) ;
#571 = CARTESIAN_POINT ( 'NONE',  ( -1.616666666666670027, -2.429999999999999716, 0.1499999999999999944 ) ) ;
#572 = ORIENTED_EDGE ( 'NONE', *, *, #53, .F. ) ;
#573 =( NAMED_UNIT ( * ) SI_UNIT ( $, .STERADIAN. ) SOLID_ANGLE_UNIT ( ) );
#574 = DIRECTION ( 'NONE',  ( 0.0000000000000000000, 0.0000000000000000000, -1.000000000000000000 ) ) ;
#575 = DIRECTION ( 'NONE',  ( 0.0000000000000000000, 0.0000000000000000000, -1.000000000000000000 ) ) ;
#576 = DIRECTION ( 'NONE',  ( 1.000000000000000000, -9.957992501029599969E-17, 0.0000000000000000000 ) ) ;
#577 = ORIENTED_EDGE ( 'NONE', *, *, #155, .T. ) ;
#578 = VECTOR ( 'NONE', #2119, 1000.000000000000000 ) ;
#579 = SURFACE_STYLE_USAGE ( .BOTH. , #1730 ) ;
#580 = ORIENTED_EDGE ( 'NONE', *, *, #2878, .F. ) ;
#581 = AXIS2_PLACEMENT_3D ( 'NONE', #2746, #1544, #2459 ) ;
#582 = CARTESIAN_POINT ( 'NONE',  ( -1.199999999999999956, -2.250000000000000000, 0.0000000000000000000 ) ) ;
#583 = CARTESIAN_POINT ( 'NONE',  ( 1.350000000000000089, 2.429999999999999716, 0.1499999999999999944 ) ) ;
#584 = CARTESIAN_POINT ( 'NONE',  ( -1.350000000000000089, 1.549999965354800002, 2.000000000000000000 ) ) ;
#585 = VERTEX_POINT ( 'NONE', #2858 ) ;
#586 = CARTESIAN_POINT ( 'NONE',  ( -1.350000000000000089, -2.250000000000000000, 0.1800000000000000211 ) ) ;
#587 = ORIENTED_EDGE ( 'NONE', *, *, #2839, .T. ) ;
#588 = LINE ( 'NONE', #1475, #1890 ) ;
#589 = ORIENTED_EDGE ( 'NONE', *, *, #2328, .T. ) ;
#590 = CARTESIAN_POINT ( 'NONE',  ( -2.500000000000000000, -2.250000000000000000, 2.000000000000000000 ) ) ;
#591 = VECTOR ( 'NONE', #189, 1000.000000000000000 ) ;
#592 = CARTESIAN_POINT ( 'NONE',  ( -1.249999999999999778, 1.449999999999999956, 1.899999999999999911 ) ) ;
#593 = EDGE_CURVE ( 'NONE', #522, #2574, #1228, .T. ) ;
#594 = AXIS2_PLACEMENT_3D ( 'NONE', #1104, #2203, #2481 ) ;
#595 = ORIENTED_EDGE ( 'NONE', *, *, #390, .F. ) ;
#596 = LINE ( 'NONE', #1513, #52 ) ;
#597 =( NAMED_UNIT ( * ) PLANE_ANGLE_UNIT ( ) SI_UNIT ( $, .RADIAN. ) );
#598 = EDGE_LOOP ( 'NONE', ( #1183, #315, #956, #262 ) ) ;
#599 = VECTOR ( 'NONE', #991, 1000.000000000000000 ) ;
#600 = DIRECTION ( 'NONE',  ( 0.0000000000000000000, -1.000000000000000000, 0.0000000000000000000 ) ) ;
#601 = EDGE_CURVE ( 'NONE', #1442, #2921, #1704, .T. ) ;
#602 = CARTESIAN_POINT ( 'NONE',  ( -1.000000000000000000, -2.500000000000000000, 0.0000000000000000000 ) ) ;
#603 = DIRECTION ( 'NONE',  ( -1.000000000000000000, 9.957992501029599969E-17, 0.0000000000000000000 ) ) ;
#604 = CARTESIAN_POINT ( 'NONE',  ( -1.350000000000000089, -2.429999999999999716, 0.09364853928690050622 ) ) ;
#605 = EDGE_LOOP ( 'NONE', ( #1042, #2930, #2530, #918 ) ) ;
#606 = CARTESIAN_POINT ( 'NONE',  ( -2.149999999999999911, 2.336351460713100181, -6.516946786973231415E-18 ) ) ;
#607 = CARTESIAN_POINT ( 'NONE',  ( -2.050000000000000266, 1.549999965354800002, 1.899999999999999911 ) ) ;
#608 = CARTESIAN_POINT ( 'NONE',  ( -1.800000000000000044, 1.549999965354800002, 1.899999999999999911 ) ) ;
#609 = FACE_OUTER_BOUND ( 'NONE', #1619, .T. ) ;
#610 = EDGE_LOOP ( 'NONE', ( #1243, #2848 ) ) ;
#611 = CARTESIAN_POINT ( 'NONE',  ( -1.600000000000000089, 1.549999965354800002, 1.899999999999999911 ) ) ;
#612 = DIRECTION ( 'NONE',  ( -1.000000000000000000, 9.957992501029599969E-17, 0.0000000000000000000 ) ) ;
#613 = ORIENTED_EDGE ( 'NONE', *, *, #1046, .T. ) ;
#614 = PRODUCT_RELATED_PRODUCT_CATEGORY ( 'part', '', ( #1214 ) ) ;
#615 = CARTESIAN_POINT ( 'NONE',  ( -1.350000000000000089, 2.371291709449129925, 0.01188402090741559960 ) ) ;
#616 = DIRECTION ( 'NONE',  ( 1.000000000000000000, -9.957992501029599969E-17, 0.0000000000000000000 ) ) ;
#617 = DIRECTION ( 'NONE',  ( 0.0000000000000000000, -1.000000000000000000, 0.0000000000000000000 ) ) ;
#618 = EDGE_CURVE ( 'NONE', #2873, #1670, #998, .T. ) ;
#619 = EDGE_CURVE ( 'NONE', #814, #1828, #1011, .T. ) ;
#620 = CARTESIAN_POINT ( 'NONE',  ( -2.149999999999999911, -1.000000000000000000, 0.0000000000000000000 ) ) ;
#621 = PLANE ( 'NONE',  #1690 ) ;
#622 = VERTEX_POINT ( 'NONE', #602 ) ;
#623 = DIRECTION ( 'NONE',  ( 0.0000000000000000000, 0.0000000000000000000, 1.000000000000000000 ) ) ;
#624 = DIRECTION ( 'NONE',  ( 0.0000000000000000000, 0.0000000000000000000, 1.000000000000000000 ) ) ;
#625 = ORIENTED_EDGE ( 'NONE', *, *, #1191, .F. ) ;
#626 = CARTESIAN_POINT ( 'NONE',  ( 1.350000000000000089, 1.000000000000000000, 0.0000000000000000000 ) ) ;
#627 = CARTESIAN_POINT ( 'NONE',  ( -2.149999999999999911, -2.250000000000000000, 0.0000000000000000000 ) ) ;
#628 = EDGE_LOOP ( 'NONE', ( #2824, #983, #1880, #763 ) ) ;
#629 = DIRECTION ( 'NONE',  ( -9.957992501029599969E-17, -1.000000000000000000, 0.0000000000000000000 ) ) ;
#630 = AXIS2_PLACEMENT_3D ( 'NONE', #409, #1338, #185 ) ;
#631 = CARTESIAN_POINT ( 'NONE',  ( 1.350000000000000089, 2.279999999999999805, 0.0000000000000000000 ) ) ;
#632 = LINE ( 'NONE', #2709, #402 ) ;
#633 = VECTOR ( 'NONE', #2708, 1000.000000000000000 ) ;
#634 = CARTESIAN_POINT ( 'NONE',  ( 1.350000000000000089, 1.000000000000000000, 0.0000000000000000000 ) ) ;
#635 = DIRECTION ( 'NONE',  ( 0.6246950475544237324, -0.7808688094430306093, 0.0000000000000000000 ) ) ;
#636 = EDGE_CURVE ( 'NONE', #952, #2703, #1028, .T. ) ;
#637 = AXIS2_PLACEMENT_3D ( 'NONE', #975, #16, #1867 ) ;
#638 =( GEOMETRIC_REPRESENTATION_CONTEXT ( 3 ) GLOBAL_UNCERTAINTY_ASSIGNED_CONTEXT ( ( #2473 ) ) GLOBAL_UNIT_ASSIGNED_CONTEXT ( ( #1523, #170, #2247 ) ) REPRESENTATION_CONTEXT ( 'NONE', 'WORKASPACE' ) );
#639 = EDGE_CURVE ( 'NONE', #2591, #2148, #1789, .T. ) ;
#640 = AXIS2_PLACEMENT_3D ( 'NONE', #954, #2552, #310 ) ;
#641 = CARTESIAN_POINT ( 'NONE',  ( -1.616666666666670027, 2.429999999999999716, 0.1499999999999999944 ) ) ;
#642 = SURFACE_STYLE_USAGE ( .BOTH. , #1067 ) ;
#643 = LINE ( 'NONE', #665, #1448 ) ;
#644 = EDGE_LOOP ( 'NONE', ( #2897, #2161, #475, #664 ) ) ;
#645 = SURFACE_STYLE_USAGE ( .BOTH. , #2704 ) ;
#646 = FACE_OUTER_BOUND ( 'NONE', #2862, .T. ) ;
#647 = ORIENTED_EDGE ( 'NONE', *, *, #556, .T. ) ;
#648 = DIRECTION ( 'NONE',  ( 9.957992501029599969E-17, 1.000000000000000000, 0.0000000000000000000 ) ) ;
#649 = CARTESIAN_POINT ( 'NONE',  ( -1.350000000000000089, -2.279999999999999805, 0.0000000000000000000 ) ) ;
#650 = DIRECTION ( 'NONE',  ( -9.957992501029599969E-17, -1.000000000000000000, 0.0000000000000000000 ) ) ;
#651 = PRESENTATION_STYLE_ASSIGNMENT (( #888 ) ) ;
#652 = EDGE_CURVE ( 'NONE', #2268, #2950, #1754, .T. ) ;
#653 = DIRECTION ( 'NONE',  ( 0.0000000000000000000, 0.0000000000000000000, -1.000000000000000000 ) ) ;
#654 = EDGE_CURVE ( 'NONE', #1075, #2284, #1756, .T. ) ;
#655 = EDGE_CURVE ( 'NONE', #1882, #1917, #1999, .T. ) ;
#656 = CARTESIAN_POINT ( 'NONE',  ( 2.149999999999999911, 2.418115979092589907, 0.05870829055086569659 ) ) ;
#657 = ORIENTED_EDGE ( 'NONE', *, *, #838, .F. ) ;
#658 = DIRECTION ( 'NONE',  ( 0.0000000000000000000, 0.0000000000000000000, -1.000000000000000000 ) ) ;
#659 = ORIENTED_EDGE ( 'NONE', *, *, #1597, .T. ) ;
#660 = CARTESIAN_POINT ( 'NONE',  ( -2.500000000000000000, 2.250000000000000000, 1.000000000000000000 ) ) ;
#661 = DIRECTION ( 'NONE',  ( -1.000000000000000000, 9.957992501029599969E-17, 0.0000000000000000000 ) ) ;
#662 = CARTESIAN_POINT ( 'NONE',  ( -2.149999999999999911, 2.250000000000000000, 0.1800000000000000211 ) ) ;
#663 = ORIENTED_EDGE ( 'NONE', *, *, #219, .T. ) ;
#664 = ORIENTED_EDGE ( 'NONE', *, *, #428, .T. ) ;
#665 = CARTESIAN_POINT ( 'NONE',  ( -2.149999999999999911, 2.250000000000000000, 0.0000000000000000000 ) ) ;
#666 = VERTEX_POINT ( 'NONE', #1735 ) ;
#667 = EDGE_CURVE ( 'NONE', #1732, #762, #182, .T. ) ;
#668 = DIRECTION ( 'NONE',  ( 0.0000000000000000000, 0.0000000000000000000, -1.000000000000000000 ) ) ;
#669 = VERTEX_POINT ( 'NONE', #1109 ) ;
#670 = LINE ( 'NONE', #2979, #2037 ) ;
#671 = VERTEX_POINT ( 'NONE', #584 ) ;
#672 = EDGE_CURVE ( 'NONE', #193, #1838, #1519, .T. ) ;
#673 = CARTESIAN_POINT ( 'NONE',  ( -1.600000000000000089, 1.350000034645199909, 2.000000000000000000 ) ) ;
#674 = VECTOR ( 'NONE', #1816, 1000.000000000000000 ) ;
#675 = PLANE ( 'NONE',  #2889 ) ;
#676 = ORIENTED_EDGE ( 'NONE', *, *, #1172, .T. ) ;
#677 = AXIS2_PLACEMENT_3D ( 'NONE', #44, #535, #2094 ) ;
#678 = VECTOR ( 'NONE', #551, 1000.000000000000000 ) ;
#679 = EDGE_LOOP ( 'NONE', ( #1051, #364, #439, #140 ) ) ;
#680 = CARTESIAN_POINT ( 'NONE',  ( -1.600000000000000089, 1.100000000000000089, 1.899999999999999911 ) ) ;
#681 = VECTOR ( 'NONE', #2587, 1000.000000000000000 ) ;
#682 = DIRECTION ( 'NONE',  ( 1.000000000000000000, -9.957992501029599969E-17, 0.0000000000000000000 ) ) ;
#683 = ORIENTED_EDGE ( 'NONE', *, *, #2010, .T. ) ;
#684 = EDGE_CURVE ( 'NONE', #1914, #277, #1761, .T. ) ;
#685 = DIRECTION ( 'NONE',  ( -1.000000000000000000, 0.0000000000000000000, 0.0000000000000000000 ) ) ;
#686 = VERTEX_POINT ( 'NONE', #2434 ) ;
#687 = VECTOR ( 'NONE', #846, 1000.000000000000000 ) ;
#688 = CARTESIAN_POINT ( 'NONE',  ( 1.883333333333329973, 2.429999999999999716, 0.1499999999999999944 ) ) ;
#689 = PLANE ( 'NONE',  #1369 ) ;
#690 = VECTOR ( 'NONE', #2349, 1000.000000000000000 ) ;
#691 = CARTESIAN_POINT ( 'NONE',  ( -2.149999999999999911, -2.429999999999999716, 0.1499999999999999944 ) ) ;
#692 = MECHANICAL_DESIGN_GEOMETRIC_PRESENTATION_REPRESENTATION (  '', ( #2472 ), #2855 ) ;
#693 = VERTEX_POINT ( 'NONE', #1533 ) ;
#694 = CIRCLE ( 'NONE', #2377, 0.4500000000000001221 ) ;
#695 = UNCERTAINTY_MEASURE_WITH_UNIT (LENGTH_MEASURE( 1.000000000000000082E-05 ), #1227, 'distance_accuracy_value', 'NONE');
#696 = VERTEX_POINT ( 'NONE', #1317 ) ;
#697 = CARTESIAN_POINT ( 'NONE',  ( -2.149999999999999911, 1.000000000000000000, 0.1800000000000000211 ) ) ;
#698 = SURFACE_STYLE_FILL_AREA ( #927 ) ;
#699 = CARTESIAN_POINT ( 'NONE',  ( -2.149999999999999911, -1.000000000000000000, 0.0000000000000000000 ) ) ;
#700 = ORIENTED_EDGE ( 'NONE', *, *, #560, .T. ) ;
#701 = CYLINDRICAL_SURFACE ( 'NONE', #1068, 0.4500000000000001221 ) ;
#702 = CARTESIAN_POINT ( 'NONE',  ( -1.350000000000000089, 2.250000000000000000, 0.0000000000000000000 ) ) ;
#703 = ORIENTED_EDGE ( 'NONE', *, *, #2046, .F. ) ;
#704 = CARTESIAN_POINT ( 'NONE',  ( 1.616666666666670027, 2.429999999999999716, 0.09364853928690050622 ) ) ;
#705 = DIRECTION ( 'NONE',  ( 0.0000000000000000000, 0.0000000000000000000, 1.000000000000000000 ) ) ;
#706 = CARTESIAN_POINT ( 'NONE',  ( -1.543488837659592106E-16, -1.550000000000000266, 0.2999999999999999889 ) ) ;
#707 = EDGE_CURVE ( 'NONE', #758, #1460, #372, .T. ) ;
#708 = EDGE_CURVE ( 'NONE', #1770, #2060, #2027, .T. ) ;
#709 = ORIENTED_EDGE ( 'NONE', *, *, #1026, .F. ) ;
#710 = DIRECTION ( 'NONE',  ( 9.957992501029599969E-17, 1.000000000000000000, 0.0000000000000000000 ) ) ;
#711 = LINE ( 'NONE', #531, #1936 ) ;
#712 = CARTESIAN_POINT ( 'NONE',  ( -1.800000000000000044, 1.350000034645199909, 1.899999999999999911 ) ) ;
#713 = ORIENTED_EDGE ( 'NONE', *, *, #1559, .T. ) ;
#714 = DIRECTION ( 'NONE',  ( -9.957992501029599969E-17, -1.000000000000000000, 0.0000000000000000000 ) ) ;
#715 = ORIENTED_EDGE ( 'NONE', *, *, #2394, .F. ) ;
#716 = CARTESIAN_POINT ( 'NONE',  ( -2.149999999999999911, -2.250000000000000000, 0.0000000000000000000 ) ) ;
#717 = DIRECTION ( 'NONE',  ( 0.0000000000000000000, 0.0000000000000000000, 1.000000000000000000 ) ) ;
#718 = ORIENTED_EDGE ( 'NONE', *, *, #1198, .F. ) ;
#719 = STYLED_ITEM ( 'NONE', ( #651 ), #2003 ) ;
#720 = CYLINDRICAL_SURFACE ( 'NONE', #1119, 1.899999957531689931 ) ;
#721 = ORIENTED_EDGE ( 'NONE', *, *, #491, .T. ) ;
#722 = VECTOR ( 'NONE', #254, 1000.000000000000114 ) ;
#723 = VECTOR ( 'NONE', #1238, 1000.000000000000000 ) ;
#724 = EDGE_CURVE ( 'NONE', #1578, #848, #143, .T. ) ;
#725 = CARTESIAN_POINT ( 'NONE',  ( -1.350000000000000089, 2.429999999999999716, 0.0000000000000000000 ) ) ;
#726 = VECTOR ( 'NONE', #2391, 1000.000000000000000 ) ;
#727 = CARTESIAN_POINT ( 'NONE',  ( -1.616666666666670027, -2.279999999999999805, 0.0000000000000000000 ) ) ;
#728 = DIRECTION ( 'NONE',  ( 1.000000000000000000, -9.957992501029599969E-17, 0.0000000000000000000 ) ) ;
#729 = CARTESIAN_POINT ( 'NONE',  ( -2.050000000000000266, 1.350000034645199909, 2.000000000000000000 ) ) ;
#730 = EDGE_LOOP ( 'NONE', ( #1736, #1799, #2639, #2978 ) ) ;
#731 = CARTESIAN_POINT ( 'NONE',  ( 1.842228612690480241E-16, 1.850000000000000089, 0.2999999999999999889 ) ) ;
#732 = FACE_OUTER_BOUND ( 'NONE', #539, .T. ) ;
#733 = CIRCLE ( 'NONE', #2575, 0.2999999999999999334 ) ;
#734 = AXIS2_PLACEMENT_3D ( 'NONE', #1994, #2912, #387 ) ;
#735 = PRESENTATION_LAYER_ASSIGNMENT (  '', '', ( #2375 ) ) ;
#736 = VERTEX_POINT ( 'NONE', #348 ) ;
#737 = EDGE_CURVE ( 'NONE', #1838, #2154, #2418, .T. ) ;
#738 = VECTOR ( 'NONE', #2539, 1000.000000000000000 ) ;
#739 = DIRECTION ( 'NONE',  ( -1.000000000000000000, 9.957992501029599969E-17, 0.0000000000000000000 ) ) ;
#740 = DIRECTION ( 'NONE',  ( 0.7808688094430298321, 0.6246950475544248427, 0.0000000000000000000 ) ) ;
#741 = EDGE_CURVE ( 'NONE', #125, #1152, #2678, .T. ) ;
#742 = DIRECTION ( 'NONE',  ( 0.7071067811865474617, 0.7071067811865474617, 0.0000000000000000000 ) ) ;
#743 = ADVANCED_FACE ( 'NONE', ( #1094 ), #1806, .T. ) ;
#744 = EDGE_LOOP ( 'NONE', ( #2604, #894, #2973, #2274 ) ) ;
#745 = FACE_BOUND ( 'NONE', #2407, .T. ) ;
#746 = CARTESIAN_POINT ( 'NONE',  ( -1.350000000000000089, 1.000000000000000000, 0.1800000000000000211 ) ) ;
#747 = VERTEX_POINT ( 'NONE', #1336 ) ;
#748 = LINE ( 'NONE', #1672, #681 ) ;
#749 = ORIENTED_EDGE ( 'NONE', *, *, #2008, .F. ) ;
#750 = LINE ( 'NONE', #2589, #1447 ) ;
#751 = CARTESIAN_POINT ( 'NONE',  ( -1.883333333333329973, 2.279999999999999805, 0.0000000000000000000 ) ) ;
#752 = ORIENTED_EDGE ( 'NONE', *, *, #220, .T. ) ;
#753 = CARTESIAN_POINT ( 'NONE',  ( -1.350000000000000089, 1.549999965354800002, 1.899999999999999911 ) ) ;
#754 = CARTESIAN_POINT ( 'NONE',  ( 2.149999999999999911, 1.125000000000000000, 0.0000000000000000000 ) ) ;
#755 = LINE ( 'NONE', #2383, #2331 ) ;
#756 = DIRECTION ( 'NONE',  ( -9.957992501029599969E-17, -1.000000000000000000, 0.0000000000000000000 ) ) ;
#757 = EDGE_CURVE ( 'NONE', #1955, #1185, #1484, .T. ) ;
#758 = VERTEX_POINT ( 'NONE', #1044 ) ;
#759 = CARTESIAN_POINT ( 'NONE',  ( 1.842228612690480241E-16, 1.850000000000000089, 0.0000000000000000000 ) ) ;
#760 = ORIENTED_EDGE ( 'NONE', *, *, #246, .F. ) ;
#761 = PLANE ( 'NONE',  #2745 ) ;
#762 = VERTEX_POINT ( 'NONE', #1960 ) ;
#763 = ORIENTED_EDGE ( 'NONE', *, *, #2879, .F. ) ;
#764 = VECTOR ( 'NONE', #1060, 1000.000000000000000 ) ;
#765 = PLANE ( 'NONE',  #2408 ) ;
#766 = DIRECTION ( 'NONE',  ( 1.000000000000000000, 0.0000000000000000000, 0.0000000000000000000 ) ) ;
#767 = PRODUCT_DEFINITION_SHAPE ( 'NONE', 'NONE',  #2208 ) ;
#768 = VECTOR ( 'NONE', #2529, 1000.000000000000000 ) ;
#769 = FACE_OUTER_BOUND ( 'NONE', #317, .T. ) ;
#770 = ORIENTED_EDGE ( 'NONE', *, *, #965, .T. ) ;
#771 = LINE ( 'NONE', #2200, #1844 ) ;
#772 = VECTOR ( 'NONE', #1170, 1000.000000000000000 ) ;
#773 = ORIENTED_EDGE ( 'NONE', *, *, #601, .T. ) ;
#774 = SURFACE_STYLE_USAGE ( .BOTH. , #1731 ) ;
#775 = ORIENTED_EDGE ( 'NONE', *, *, #2535, .F. ) ;
#776 = ADVANCED_FACE ( 'NONE', ( #807 ), #1180, .F. ) ;
#777 =( NAMED_UNIT ( * ) SI_UNIT ( $, .STERADIAN. ) SOLID_ANGLE_UNIT ( ) );
#778 = VECTOR ( 'NONE', #779, 1000.000000000000000 ) ;
#779 = DIRECTION ( 'NONE',  ( 0.0000000000000000000, 0.0000000000000000000, 1.000000000000000000 ) ) ;
#780 = ADVANCED_FACE ( 'NONE', ( #899 ), #1908, .F. ) ;
#781 = ORIENTED_EDGE ( 'NONE', *, *, #454, .F. ) ;
#782 = VECTOR ( 'NONE', #2928, 1000.000000000000000 ) ;
#783 = DIRECTION ( 'NONE',  ( 0.0000000000000000000, 1.000000000000000000, 0.0000000000000000000 ) ) ;
#784 = CARTESIAN_POINT ( 'NONE',  ( -1.883333333333329973, 2.336351460713100181, -6.516946786973231415E-18 ) ) ;
#785 = ORIENTED_EDGE ( 'NONE', *, *, #2695, .F. ) ;
#786 = VECTOR ( 'NONE', #1396, 1000.000000000000000 ) ;
#787 = CARTESIAN_POINT ( 'NONE',  ( 1.510050506338830090, -2.500000000000000000, 0.0000000000000000000 ) ) ;
#788 = VERTEX_POINT ( 'NONE', #483 ) ;
#789 = CARTESIAN_POINT ( 'NONE',  ( -1.350000000000000089, -2.429999999999999716, 1.000000000000000000 ) ) ;
#790 = ORIENTED_EDGE ( 'NONE', *, *, #2478, .T. ) ;
#791 = CARTESIAN_POINT ( 'NONE',  ( 1.350000000000000089, 2.279999999999999805, 0.0000000000000000000 ) ) ;
#792 = CARTESIAN_POINT ( 'NONE',  ( -1.750000000000000000, -1.625000000000000000, 0.0000000000000000000 ) ) ;
#793 = PLANE ( 'NONE',  #1171 ) ;
#794 = FACE_OUTER_BOUND ( 'NONE', #204, .T. ) ;
#795 = EDGE_CURVE ( 'NONE', #1149, #1803, #2342, .T. ) ;
#796 = ORIENTED_EDGE ( 'NONE', *, *, #1723, .F. ) ;
#797 = ADVANCED_FACE ( 'NONE', ( #1901 ), #1884, .T. ) ;
#798 = CARTESIAN_POINT ( 'NONE',  ( -2.149999999999999911, 2.429999999999999716, 0.1499999999999999944 ) ) ;
#799 = EDGE_CURVE ( 'NONE', #1152, #495, #748, .T. ) ;
#800 = VERTEX_POINT ( 'NONE', #1225 ) ;
#801 = DIRECTION ( 'NONE',  ( 0.0000000000000000000, 0.0000000000000000000, -1.000000000000000000 ) ) ;
#802 = DIRECTION ( 'NONE',  ( 0.0000000000000000000, 0.0000000000000000000, -1.000000000000000000 ) ) ;
#803 = ORIENTED_EDGE ( 'NONE', *, *, #53, .T. ) ;
#804 = FACE_OUTER_BOUND ( 'NONE', #2166, .T. ) ;
#805 = ORIENTED_EDGE ( 'NONE', *, *, #394, .T. ) ;
#806 = CARTESIAN_POINT ( 'NONE',  ( -2.149999999999999911, -2.429999999999999716, 0.1499999999999999944 ) ) ;
#807 = FACE_OUTER_BOUND ( 'NONE', #1155, .T. ) ;
#808 = EDGE_LOOP ( 'NONE', ( #2586, #121, #358, #625 ) ) ;
#809 = CARTESIAN_POINT ( 'NONE',  ( -1.600000000000000089, 1.100000000000000089, 1.899999999999999911 ) ) ;
#810 = LINE ( 'NONE', #375, #764 ) ;
#811 = VERTEX_POINT ( 'NONE', #1869 ) ;
#812 = ADVANCED_FACE ( 'NONE', ( #2139 ), #2823, .F. ) ;
#813 = SURFACE_STYLE_FILL_AREA ( #2880 ) ;
#814 = VERTEX_POINT ( 'NONE', #2780 ) ;
#815 = CARTESIAN_POINT ( 'NONE',  ( -1.616666666666670027, 2.336351460713100181, -6.516946786973231415E-18 ) ) ;
#816 = FILL_AREA_STYLE ('',( #1796 ) ) ;
#817 = EDGE_CURVE ( 'NONE', #1354, #2474, #974, .T. ) ;
#818 = VECTOR ( 'NONE', #2315, 1000.000000000000000 ) ;
#819 = PLANE ( 'NONE',  #2314 ) ;
#820 = EDGE_LOOP ( 'NONE', ( #1958, #2686, #381, #1455, #2397, #1705, #2242 ) ) ;
#821 = AXIS2_PLACEMENT_3D ( 'NONE', #792, #1942, #600 ) ;
#822 = DIRECTION ( 'NONE',  ( -0.6246950475544248427, -0.7808688094430298321, 0.0000000000000000000 ) ) ;
#823 = ORIENTED_EDGE ( 'NONE', *, *, #962, .F. ) ;
#824 = CARTESIAN_POINT ( 'NONE',  ( -2.149999999999999911, -2.418115979092589907, 0.05870829055086569659 ) ) ;
#825 = DIRECTION ( 'NONE',  ( 9.957992501029599969E-17, 1.000000000000000000, 0.0000000000000000000 ) ) ;
#826 = CARTESIAN_POINT ( 'NONE',  ( 1.000000000000000000, 2.500000000000000000, 1.699999999999999956 ) ) ;
#827 = VECTOR ( 'NONE', #822, 1000.000000000000114 ) ;
#828 = DIRECTION ( 'NONE',  ( 0.0000000000000000000, 0.0000000000000000000, 1.000000000000000000 ) ) ;
#829 = ORIENTED_EDGE ( 'NONE', *, *, #2534, .T. ) ;
#830 = CARTESIAN_POINT ( 'NONE',  ( -2.149999999999999911, 2.279999999999999805, 0.0000000000000000000 ) ) ;
#831 = STYLED_ITEM ( 'NONE', ( #2411 ), #58 ) ;
#832 = EDGE_LOOP ( 'NONE', ( #896, #905, #1055, #2079 ) ) ;
#833 = CARTESIAN_POINT ( 'NONE',  ( 0.5999999999999999778, 2.250000000000000000, 1.699999999999999956 ) ) ;
#834 =( LENGTH_UNIT ( ) NAMED_UNIT ( * ) SI_UNIT ( .MILLI., .METRE. ) );
#835 = AXIS2_PLACEMENT_3D ( 'NONE', #382, #1528, #2640 ) ;
#836 = LINE ( 'NONE', #2626, #875 ) ;
#837 = EDGE_LOOP ( 'NONE', ( #2052, #2232, #2343, #1717 ) ) ;
#838 = EDGE_CURVE ( 'NONE', #1587, #1149, #2599, .T. ) ;
#840 = ADVANCED_FACE ( 'NONE', ( #500 ), #959, .T. ) ;
#839 = CARTESIAN_POINT ( 'NONE',  ( -1.000000000000000000, 2.500000000000000000, 2.000000000000000000 ) ) ;
#841 = LINE ( 'NONE', #1566, #1462 ) ;
#842 = ORIENTED_EDGE ( 'NONE', *, *, #2251, .T. ) ;
#843 = VECTOR ( 'NONE', #2791, 1000.000000000000000 ) ;
#844 = CYLINDRICAL_SURFACE ( 'NONE', #1692, 0.2999999999999999334 ) ;
#845 = CARTESIAN_POINT ( 'NONE',  ( 2.149999999999999911, 2.250000000000000000, 0.0000000000000000000 ) ) ;
#846 = DIRECTION ( 'NONE',  ( -9.957992501029599969E-17, -1.000000000000000000, 0.0000000000000000000 ) ) ;
#847 = LINE ( 'NONE', #1948, #2788 ) ;
#848 = VERTEX_POINT ( 'NONE', #1641 ) ;
#849 = ORIENTED_EDGE ( 'NONE', *, *, #757, .F. ) ;
#850 = CARTESIAN_POINT ( 'NONE',  ( -2.149999999999999911, 2.250000000000000000, 0.1800000000000000211 ) ) ;
#851 = PLANE ( 'NONE',  #2663 ) ;
#852 = PLANE ( 'NONE',  #2360 ) ;
#853 = VERTEX_POINT ( 'NONE', #1418 ) ;
#854 = PLANE ( 'NONE',  #2761 ) ;
#855 = DIRECTION ( 'NONE',  ( 0.0000000000000000000, 0.0000000000000000000, -1.000000000000000000 ) ) ;
#856 = EDGE_LOOP ( 'NONE', ( #1998, #796, #2877, #42, #482, #1927, #1260, #54, #1367, #849, #1700 ) ) ;
#857 = EDGE_CURVE ( 'NONE', #96, #2627, #2559, .T. ) ;
#858 = PLANE ( 'NONE',  #821 ) ;
#859 = DIRECTION ( 'NONE',  ( 1.000000000000000000, -9.957992501029599969E-17, 0.0000000000000000000 ) ) ;
#860 = CARTESIAN_POINT ( 'NONE',  ( -1.350000000000000089, 1.000000000000000000, 0.0000000000000000000 ) ) ;
#861 = LINE ( 'NONE', #1521, #528 ) ;
#862 = PLANE ( 'NONE',  #266 ) ;
#863 = CARTESIAN_POINT ( 'NONE',  ( 1.000000000000000000, 2.500000000000000000, 1.699999999999999956 ) ) ;
#864 = DIRECTION ( 'NONE',  ( 1.000000000000000000, -9.957992501029599969E-17, 0.0000000000000000000 ) ) ;
#865 = ORIENTED_EDGE ( 'NONE', *, *, #906, .F. ) ;
#866 = SURFACE_STYLE_FILL_AREA ( #1371 ) ;
#867 = CARTESIAN_POINT ( 'NONE',  ( -1.750000000000000000, -1.625000000000000000, 0.1800000000000000211 ) ) ;
#868 = ORIENTED_EDGE ( 'NONE', *, *, #428, .F. ) ;
#869 = CARTESIAN_POINT ( 'NONE',  ( -2.050000000000000266, 1.350000034645199909, 1.899999999999999911 ) ) ;
#870 = DIRECTION ( 'NONE',  ( 0.0000000000000000000, 0.0000000000000000000, 1.000000000000000000 ) ) ;
#871 = ADVANCED_FACE ( 'NONE', ( #2110 ), #1331, .F. ) ;
#872 = DIRECTION ( 'NONE',  ( 1.000000000000000000, -9.957992501029599969E-17, 0.0000000000000000000 ) ) ;
#873 = VECTOR ( 'NONE', #2820, 1000.000000000000114 ) ;
#874 = SURFACE_STYLE_FILL_AREA ( #2030 ) ;
#875 = VECTOR ( 'NONE', #1511, 1000.000000000000000 ) ;
#876 = EDGE_CURVE ( 'NONE', #1587, #2870, #2904, .T. ) ;
#877 = EDGE_CURVE ( 'NONE', #400, #2984, #1022, .T. ) ;
#878 = DIRECTION ( 'NONE',  ( -1.000000000000000000, 9.957992501029599969E-17, 0.0000000000000000000 ) ) ;
#879 = LINE ( 'NONE', #1811, #591 ) ;
#880 = CARTESIAN_POINT ( 'NONE',  ( 2.140968387721368129E-16, 2.149999999999999911, 0.0000000000000000000 ) ) ;
#881 = ORIENTED_EDGE ( 'NONE', *, *, #1365, .T. ) ;
#882 = SURFACE_STYLE_USAGE ( .BOTH. , #2538 ) ;
#883 = AXIS2_PLACEMENT_3D ( 'NONE', #422, #2206, #2891 ) ;
#884 = DIRECTION ( 'NONE',  ( 0.0000000000000000000, 0.0000000000000000000, -1.000000000000000000 ) ) ;
#885 = ORIENTED_EDGE ( 'NONE', *, *, #305, .T. ) ;
#886 = CARTESIAN_POINT ( 'NONE',  ( 1.199999999999999956, 2.250000000000000000, 2.000000000000000000 ) ) ;
#887 = CARTESIAN_POINT ( 'NONE',  ( 2.500000000000000000, 2.250000000000000000, 0.0000000000000000000 ) ) ;
#888 = SURFACE_STYLE_USAGE ( .BOTH. , #1808 ) ;
#889 = EDGE_CURVE ( 'NONE', #299, #2137, #2239, .T. ) ;
#890 = ADVANCED_FACE ( 'NONE', ( #2853 ), #2658, .F. ) ;
#891 = ORIENTED_EDGE ( 'NONE', *, *, #757, .T. ) ;
#892 = LINE ( 'NONE', #2931, #1764 ) ;
#893 = DIRECTION ( 'NONE',  ( 0.0000000000000000000, 0.0000000000000000000, 1.000000000000000000 ) ) ;
#894 = ORIENTED_EDGE ( 'NONE', *, *, #21, .T. ) ;
#895 = CARTESIAN_POINT ( 'NONE',  ( -2.149999999999999911, -1.000000000000000000, 0.1800000000000000211 ) ) ;
#896 = ORIENTED_EDGE ( 'NONE', *, *, #1597, .F. ) ;
#897 = PLANE ( 'NONE',  #1800 ) ;
#898 = ORIENTED_EDGE ( 'NONE', *, *, #2095, .T. ) ;
#899 = FACE_OUTER_BOUND ( 'NONE', #1624, .T. ) ;
#900 = PLANE ( 'NONE',  #2998 ) ;
#901 = DIRECTION ( 'NONE',  ( 9.957992501029599969E-17, 1.000000000000000000, 0.0000000000000000000 ) ) ;
#902 = ORIENTED_EDGE ( 'NONE', *, *, #2714, .F. ) ;
#903 = UNCERTAINTY_MEASURE_WITH_UNIT (LENGTH_MEASURE( 1.000000000000000082E-05 ), #1951, 'distance_accuracy_value', 'NONE');
#904 = PRODUCT_CONTEXT ( 'NONE', #1259, 'mechanical' ) ;
#905 = ORIENTED_EDGE ( 'NONE', *, *, #2115, .T. ) ;
#906 = EDGE_CURVE ( 'NONE', #1550, #1504, #1088, .T. ) ;
#907 = CARTESIAN_POINT ( 'NONE',  ( -1.750000000000000000, -1.625000000000000000, 0.1800000000000000211 ) ) ;
#908 = ORIENTED_EDGE ( 'NONE', *, *, #1428, .F. ) ;
#909 = CARTESIAN_POINT ( 'NONE',  ( -1.350000000000000089, 1.350000034645199909, 1.899999999999999911 ) ) ;
#910 = EDGE_CURVE ( 'NONE', #1779, #1773, #596, .T. ) ;
#911 = LINE ( 'NONE', #1837, #2859 ) ;
#912 = VERTEX_POINT ( 'NONE', #789 ) ;
#913 = DIRECTION ( 'NONE',  ( 0.0000000000000000000, 0.0000000000000000000, 1.000000000000000000 ) ) ;
#914 = ORIENTED_EDGE ( 'NONE', *, *, #737, .T. ) ;
#915 = CARTESIAN_POINT ( 'NONE',  ( 2.500000000000000000, -1.350000000000000089, 1.699999999999999956 ) ) ;
#916 =( GEOMETRIC_REPRESENTATION_CONTEXT ( 3 ) GLOBAL_UNCERTAINTY_ASSIGNED_CONTEXT ( ( #695 ) ) GLOBAL_UNIT_ASSIGNED_CONTEXT ( ( #1227, #2562, #777 ) ) REPRESENTATION_CONTEXT ( 'NONE', 'WORKASPACE' ) );
#917 = CARTESIAN_POINT ( 'NONE',  ( 1.199999999999999956, 2.250000000000000000, 0.0000000000000000000 ) ) ;
#918 = ORIENTED_EDGE ( 'NONE', *, *, #1157, .F. ) ;
#919 = VECTOR ( 'NONE', #2737, 1000.000000000000000 ) ;
#920 = VECTOR ( 'NONE', #2051, 1000.000000000000000 ) ;
#921 = ORIENTED_EDGE ( 'NONE', *, *, #232, .T. ) ;
#922 = STYLED_ITEM ( 'NONE', ( #2424 ), #2062 ) ;
#923 = FACE_OUTER_BOUND ( 'NONE', #2971, .T. ) ;
#924 = LINE ( 'NONE', #2105, #2649 ) ;
#925 = VECTOR ( 'NONE', #2466, 1000.000000000000000 ) ;
#926 = EDGE_CURVE ( 'NONE', #1113, #1384, #2430, .T. ) ;
#927 = FILL_AREA_STYLE ('',( #1592 ) ) ;
#928 = CARTESIAN_POINT ( 'NONE',  ( -2.149999999999999911, -2.279999999999999805, 0.0000000000000000000 ) ) ;
#929 = ORIENTED_EDGE ( 'NONE', *, *, #2125, .T. ) ;
#930 = CARTESIAN_POINT ( 'NONE',  ( -1.892018532905712637E-16, -1.899999957531689931, 1.699999999999999956 ) ) ;
#931 = ADVANCED_FACE ( 'NONE', ( #804 ), #1971, .T. ) ;
#932 = EDGE_CURVE ( 'NONE', #1185, #1639, #1283, .T. ) ;
#933 = AXIS2_PLACEMENT_3D ( 'NONE', #2628, #158, #357 ) ;
#934 = ORIENTED_EDGE ( 'NONE', *, *, #556, .F. ) ;
#935 = CARTESIAN_POINT ( 'NONE',  ( -1.616666666666670027, 2.429999999999999716, 0.1499999999999999944 ) ) ;
#936 = CARTESIAN_POINT ( 'NONE',  ( -1.616666666666670027, -2.429999999999999716, 0.1499999999999999944 ) ) ;
#937 = MECHANICAL_DESIGN_GEOMETRIC_PRESENTATION_REPRESENTATION (  '', ( #985 ), #1661 ) ;
#938 = VERTEX_POINT ( 'NONE', #2202 ) ;
#939 = CARTESIAN_POINT ( 'NONE',  ( 1.350000000000000089, 1.000000000000000000, 0.1800000000000000211 ) ) ;
#940 = DIRECTION ( 'NONE',  ( 0.0000000000000000000, -1.000000000000000000, 0.0000000000000000000 ) ) ;
#941 = DIRECTION ( 'NONE',  ( 0.0000000000000000000, 0.0000000000000000000, 1.000000000000000000 ) ) ;
#942 = EDGE_LOOP ( 'NONE', ( #557, #2341 ) ) ;
#943 = DIRECTION ( 'NONE',  ( -1.000000000000000000, 9.957992501029599969E-17, 0.0000000000000000000 ) ) ;
#944 = ORIENTED_EDGE ( 'NONE', *, *, #2516, .T. ) ;
#945 = FACE_OUTER_BOUND ( 'NONE', #2634, .T. ) ;
#946 = EDGE_CURVE ( 'NONE', #2809, #1013, #138, .T. ) ;
#947 = CARTESIAN_POINT ( 'NONE',  ( -1.600000000000000089, 1.800000000000000044, 1.899999999999999911 ) ) ;
#948 = ORIENTED_EDGE ( 'NONE', *, *, #1923, .T. ) ;
#949 = EDGE_CURVE ( 'NONE', #1473, #400, #1771, .T. ) ;
#950 = DIRECTION ( 'NONE',  ( -9.957992501029599969E-17, -1.000000000000000000, 0.0000000000000000000 ) ) ;
#951 = DIRECTION ( 'NONE',  ( 0.0000000000000000000, 0.0000000000000000000, 1.000000000000000000 ) ) ;
#952 = VERTEX_POINT ( 'NONE', #2687 ) ;
#953 = FACE_OUTER_BOUND ( 'NONE', #1748, .T. ) ;
#954 = CARTESIAN_POINT ( 'NONE',  ( 1.842228612690480241E-16, 1.850000000000000089, 0.0000000000000000000 ) ) ;
#955 = CARTESIAN_POINT ( 'NONE',  ( -2.500000000000000000, 2.250000000000000000, 2.000000000000000000 ) ) ;
#956 = ORIENTED_EDGE ( 'NONE', *, *, #2676, .T. ) ;
#957 = LINE ( 'NONE', #2576, #2128 ) ;
#958 = ORIENTED_EDGE ( 'NONE', *, *, #737, .F. ) ;
#959 = PLANE ( 'NONE',  #2755 ) ;
#960 = CARTESIAN_POINT ( 'NONE',  ( -1.892018532905712637E-16, -1.899999957531689931, 1.600000000000000089 ) ) ;
#961 = PLANE ( 'NONE',  #1072 ) ;
#962 = EDGE_CURVE ( 'NONE', #2786, #2936, #733, .T. ) ;
#963 = CARTESIAN_POINT ( 'NONE',  ( -1.350000000000000089, -1.000000000000000000, 0.0000000000000000000 ) ) ;
#964 = ORIENTED_EDGE ( 'NONE', *, *, #877, .T. ) ;
#965 = EDGE_CURVE ( 'NONE', #848, #2528, #1548, .T. ) ;
#966 = ORIENTED_EDGE ( 'NONE', *, *, #73, .F. ) ;
#967 = VECTOR ( 'NONE', #2433, 1000.000000000000000 ) ;
#968 = EDGE_CURVE ( 'NONE', #1934, #125, #1497, .T. ) ;
#969 = AXIS2_PLACEMENT_3D ( 'NONE', #2582, #248, #2815 ) ;
#970 = LINE ( 'NONE', #506, #1551 ) ;
#971 = VERTEX_POINT ( 'NONE', #1715 ) ;
#972 = PLANE ( 'NONE',  #1222 ) ;
#973 = DIRECTION ( 'NONE',  ( -9.957992501029599969E-17, -1.000000000000000000, 0.0000000000000000000 ) ) ;
#974 = CIRCLE ( 'NONE', #56, 0.4500000000000001221 ) ;
#975 = CARTESIAN_POINT ( 'NONE',  ( 0.0000000000000000000, 0.0000000000000000000, 1.699999999999999956 ) ) ;
#976 = ORIENTED_EDGE ( 'NONE', *, *, #857, .F. ) ;
#977 = DIRECTION ( 'NONE',  ( 0.0000000000000000000, 0.0000000000000000000, 1.000000000000000000 ) ) ;
#978 = AXIS2_PLACEMENT_3D ( 'NONE', #565, #108, #1956 ) ;
#979 = VERTEX_POINT ( 'NONE', #401 ) ;
#980 = CARTESIAN_POINT ( 'NONE',  ( 0.0000000000000000000, 0.0000000000000000000, 1.600000000000000089 ) ) ;
#981 = VECTOR ( 'NONE', #1349, 1000.000000000000000 ) ;
#982 = FACE_OUTER_BOUND ( 'NONE', #81, .T. ) ;
#983 = ORIENTED_EDGE ( 'NONE', *, *, #2567, .F. ) ;
#984 = VECTOR ( 'NONE', #1642, 1000.000000000000000 ) ;
#985 = STYLED_ITEM ( 'NONE', ( #1469 ), #1039 ) ;
#986 = ORIENTED_EDGE ( 'NONE', *, *, #2345, .T. ) ;
#987 = VECTOR ( 'NONE', #2323, 1000.000000000000000 ) ;
#988 = EDGE_CURVE ( 'NONE', #1763, #1057, #2869, .T. ) ;
#989 = CARTESIAN_POINT ( 'NONE',  ( -2.500000000000000000, 2.250000000000000000, 1.699999999999999956 ) ) ;
#990 = CARTESIAN_POINT ( 'NONE',  ( -1.525000000000000133, 1.549999965354800002, 1.899999999999999911 ) ) ;
#991 = DIRECTION ( 'NONE',  ( 9.957992501029599969E-17, 1.000000000000000000, 0.0000000000000000000 ) ) ;
#992 = CARTESIAN_POINT ( 'NONE',  ( -1.199999999999999956, 2.250000000000000000, 1.699999999999999956 ) ) ;
#993 = ORIENTED_EDGE ( 'NONE', *, *, #2436, .F. ) ;
#994 = CARTESIAN_POINT ( 'NONE',  ( 1.350000000000000089, 0.5000000000000000000, 0.0000000000000000000 ) ) ;
#995 = DIRECTION ( 'NONE',  ( -9.957992501029599969E-17, -1.000000000000000000, 0.0000000000000000000 ) ) ;
#996 = ORIENTED_EDGE ( 'NONE', *, *, #2417, .T. ) ;
#997 = DIRECTION ( 'NONE',  ( 0.0000000000000000000, 0.0000000000000000000, -1.000000000000000000 ) ) ;
#998 = LINE ( 'NONE', #1200, #2222 ) ;
#999 = ORIENTED_EDGE ( 'NONE', *, *, #1244, .F. ) ;
#1000 = MANIFOLD_SOLID_BREP ( 'MagneticBuzzer_MLT-5020.STEP[5]', #2227 ) ;
#1001 = ADVANCED_FACE ( 'NONE', ( #1579 ), #854, .T. ) ;
#1002 = LINE ( 'NONE', #1652, #2759 ) ;
#1003 = CARTESIAN_POINT ( 'NONE',  ( -1.750000000000000000, 1.625000000000000000, 0.1800000000000000211 ) ) ;
#1004 = DIRECTION ( 'NONE',  ( -9.957992501029599969E-17, -1.000000000000000000, 0.0000000000000000000 ) ) ;
#1005 = CARTESIAN_POINT ( 'NONE',  ( -4.348103334655784545E-17, 1.899999957531689931, 1.600000000000000089 ) ) ;
#1006 = EDGE_LOOP ( 'NONE', ( #2887, #647, #2648, #2518 ) ) ;
#1007 = EDGE_CURVE ( 'NONE', #2597, #2936, #209, .T. ) ;
#1008 = ORIENTED_EDGE ( 'NONE', *, *, #2491, .F. ) ;
#1009 = CARTESIAN_POINT ( 'NONE',  ( 1.000000000000000000, 2.500000000000000000, 1.699999999999999956 ) ) ;
#1010 = LINE ( 'NONE', #333, #1883 ) ;
#1011 = LINE ( 'NONE', #2617, #1850 ) ;
#1012 = ORIENTED_EDGE ( 'NONE', *, *, #2301, .F. ) ;
#1013 = VERTEX_POINT ( 'NONE', #446 ) ;
#1014 = VECTOR ( 'NONE', #2016, 1000.000000000000000 ) ;
#1015 = CARTESIAN_POINT ( 'NONE',  ( -2.149999999999999911, -2.250000000000000000, 0.1800000000000000211 ) ) ;
#1016 = ORIENTED_EDGE ( 'NONE', *, *, #2920, .F. ) ;
#1017 = VECTOR ( 'NONE', #2223, 1000.000000000000114 ) ;
#1018 = CARTESIAN_POINT ( 'NONE',  ( -1.350000000000000089, 2.279999999999999805, 0.0000000000000000000 ) ) ;
#1019 = FACE_OUTER_BOUND ( 'NONE', #2296, .T. ) ;
#1020 = VECTOR ( 'NONE', #1370, 1000.000000000000000 ) ;
#1021 = ORIENTED_EDGE ( 'NONE', *, *, #1870, .T. ) ;
#1022 = LINE ( 'NONE', #2461, #445 ) ;
#1023 = ORIENTED_EDGE ( 'NONE', *, *, #2115, .F. ) ;
#1024 = ADVANCED_FACE ( 'NONE', ( #2951 ), #223, .F. ) ;
#1025 = CARTESIAN_POINT ( 'NONE',  ( 1.350000000000000089, 2.394703844270860138, 0.03529615572914060473 ) ) ;
#1026 = EDGE_CURVE ( 'NONE', #1460, #46, #1801, .T. ) ;
#1027 = CARTESIAN_POINT ( 'NONE',  ( -1.800000000000000044, 1.800000000000000044, 2.000000000000000000 ) ) ;
#1028 = CIRCLE ( 'NONE', #2317, 1.899999957531689931 ) ;
#1029 = ORIENTED_EDGE ( 'NONE', *, *, #2211, .F. ) ;
#1030 = MANIFOLD_SOLID_BREP ( 'MagneticBuzzer_MLT-5020.STEP[4]', #2905 ) ;
#1031 = ADVANCED_FACE ( 'NONE', ( #176 ), #2508, .F. ) ;
#1032 = ORIENTED_EDGE ( 'NONE', *, *, #2715, .T. ) ;
#1033 = VECTOR ( 'NONE', #2199, 1000.000000000000000 ) ;
#1034 = MANIFOLD_SOLID_BREP ( 'MagneticBuzzer_MLT-5020.STEP[3]', #1135 ) ;
#1035 = DIRECTION ( 'NONE',  ( 9.957992501029599969E-17, 1.000000000000000000, 0.0000000000000000000 ) ) ;
#1036 = AXIS2_PLACEMENT_3D ( 'NONE', #419, #2254, #192 ) ;
#1037 = CARTESIAN_POINT ( 'NONE',  ( -1.249999999999999778, 1.449999999999999956, 2.000000000000000000 ) ) ;
#1038 = FACE_OUTER_BOUND ( 'NONE', #1711, .T. ) ;
#1039 = MANIFOLD_SOLID_BREP ( 'MagneticBuzzer_MLT-5020.STEP[1]', #1943 ) ;
#1040 = ORIENTED_EDGE ( 'NONE', *, *, #2478, .F. ) ;
#1041 = CARTESIAN_POINT ( 'NONE',  ( 2.149999999999999911, 1.000000000000000000, 0.0000000000000000000 ) ) ;
#1042 = ORIENTED_EDGE ( 'NONE', *, *, #2451, .T. ) ;
#1043 = CARTESIAN_POINT ( 'NONE',  ( 2.149999999999999911, 2.429999999999999716, 0.0000000000000000000 ) ) ;
#1044 = CARTESIAN_POINT ( 'NONE',  ( 2.500000000000000000, -1.510050506338830090, 2.000000000000000000 ) ) ;
#1045 = ORIENTED_EDGE ( 'NONE', *, *, #2837, .T. ) ;
#1046 = EDGE_CURVE ( 'NONE', #2429, #119, #95, .T. ) ;
#1047 = CARTESIAN_POINT ( 'NONE',  ( 1.510050506338830090, -2.500000000000000000, 2.000000000000000000 ) ) ;
#1048 = ORIENTED_EDGE ( 'NONE', *, *, #1217, .F. ) ;
#1049 = EDGE_CURVE ( 'NONE', #443, #2189, #1957, .T. ) ;
#1050 = LINE ( 'NONE', #120, #726 ) ;
#1051 = ORIENTED_EDGE ( 'NONE', *, *, #2380, .F. ) ;
#1052 = FACE_BOUND ( 'NONE', #306, .T. ) ;
#1053 = LINE ( 'NONE', #608, #1033 ) ;
#1054 = CARTESIAN_POINT ( 'NONE',  ( -1.800000000000000044, 1.800000000000000044, 1.899999999999999911 ) ) ;
#1055 = ORIENTED_EDGE ( 'NONE', *, *, #2974, .F. ) ;
#1056 = DIRECTION ( 'NONE',  ( 0.0000000000000000000, 0.0000000000000000000, 1.000000000000000000 ) ) ;
#1057 = VERTEX_POINT ( 'NONE', #210 ) ;
#1058 = LINE ( 'NONE', #2856, #1017 ) ;
#1059 = FACE_OUTER_BOUND ( 'NONE', #2204, .T. ) ;
#1060 = DIRECTION ( 'NONE',  ( 0.0000000000000000000, 0.0000000000000000000, 1.000000000000000000 ) ) ;
#1061 = ADVANCED_FACE ( 'NONE', ( #2023 ), #383, .F. ) ;
#1062 = ORIENTED_EDGE ( 'NONE', *, *, #1909, .F. ) ;
#1063 = EDGE_CURVE ( 'NONE', #1917, #1882, #1506, .T. ) ;
#1064 = EDGE_CURVE ( 'NONE', #622, #1276, #447, .T. ) ;
#1065 = CARTESIAN_POINT ( 'NONE',  ( -1.750000000000000000, 1.625000000000000000, 0.1800000000000000211 ) ) ;
#1066 = CARTESIAN_POINT ( 'NONE',  ( -1.800000000000000044, 1.549999965354800002, 1.899999999999999911 ) ) ;
#1067 = SURFACE_SIDE_STYLE ('',( #1953 ) ) ;
#1068 = AXIS2_PLACEMENT_3D ( 'NONE', #2736, #327, #549 ) ;
#1069 = B_SPLINE_CURVE_WITH_KNOTS ( 'NONE', 3,
 ( #2158, #751, #1210, #1929 ),
 .UNSPECIFIED., .F., .F.,
 ( 4, 4 ),
 ( -0.02000000000000000042, 0.05999999999999999778 ),
 .UNSPECIFIED. ) ;
#1070 = LINE ( 'NONE', #2171, #1076 ) ;
#1071 = ORIENTED_EDGE ( 'NONE', *, *, #20, .F. ) ;
#1072 = AXIS2_PLACEMENT_3D ( 'NONE', #947, #1887, #2796 ) ;
#1073 = DIRECTION ( 'NONE',  ( 0.0000000000000000000, 0.0000000000000000000, -1.000000000000000000 ) ) ;
#1074 = LINE ( 'NONE', #2054, #1138 ) ;
#1075 = VERTEX_POINT ( 'NONE', #2219 ) ;
#1076 = VECTOR ( 'NONE', #124, 1000.000000000000114 ) ;
#1077 = DIRECTION ( 'NONE',  ( 0.6246950475544248427, -0.7808688094430298321, 0.0000000000000000000 ) ) ;
#1078 = CARTESIAN_POINT ( 'NONE',  ( -1.199999999999999956, 2.250000000000000000, 2.000000000000000000 ) ) ;
#1079 = DIRECTION ( 'NONE',  ( 0.0000000000000000000, 0.0000000000000000000, -1.000000000000000000 ) ) ;
#1080 = DIRECTION ( 'NONE',  ( 1.000000000000000000, -9.957992501029599969E-17, 0.0000000000000000000 ) ) ;
#1081 = ORIENTED_EDGE ( 'NONE', *, *, #2676, .F. ) ;
#1082 = COLOUR_RGB ( '',0.8156862745098039102, 0.8156862745098039102, 0.8156862745098039102 ) ;
#1083 = EDGE_CURVE ( 'NONE', #1842, #2220, #1120, .T. ) ;
#1084 = PLANE ( 'NONE',  #342 ) ;
#1085 = FACE_OUTER_BOUND ( 'NONE', #856, .T. ) ;
#1086 = CARTESIAN_POINT ( 'NONE',  ( -1.000000000000000000, 2.500000000000000000, 0.0000000000000000000 ) ) ;
#1087 = EDGE_LOOP ( 'NONE', ( #1813, #2836, #283, #1454 ) ) ;
#1088 = LINE ( 'NONE', #2187, #827 ) ;
#1089 = FACE_OUTER_BOUND ( 'NONE', #269, .T. ) ;
#1090 = ORIENTED_EDGE ( 'NONE', *, *, #2816, .F. ) ;
#1091 = DIRECTION ( 'NONE',  ( 0.0000000000000000000, 0.0000000000000000000, -1.000000000000000000 ) ) ;
#1092 = VECTOR ( 'NONE', #2004, 1000.000000000000000 ) ;
#1093 = DIRECTION ( 'NONE',  ( 0.0000000000000000000, 0.0000000000000000000, -1.000000000000000000 ) ) ;
#1094 = FACE_OUTER_BOUND ( 'NONE', #420, .T. ) ;
#1095 = DIRECTION ( 'NONE',  ( 0.0000000000000000000, 0.0000000000000000000, -1.000000000000000000 ) ) ;
#1096 = CARTESIAN_POINT ( 'NONE',  ( -1.350000000000000089, -2.429999999999999716, 0.1499999999999999944 ) ) ;
#1097 = VERTEX_POINT ( 'NONE', #2038 ) ;
#1098 = APPLICATION_PROTOCOL_DEFINITION ( 'draft international standard', 'automotive_design', 1998, #2524 ) ;
#1099 = CARTESIAN_POINT ( 'NONE',  ( -2.149999999999999911, 2.429999999999999716, 1.000000000000000000 ) ) ;
#1100 = LINE ( 'NONE', #1812, #920 ) ;
#1101 = ADVANCED_FACE ( 'NONE', ( #1594 ), #2907, .F. ) ;
#1102 = ORIENTED_EDGE ( 'NONE', *, *, #601, .F. ) ;
#1103 = PRESENTATION_STYLE_ASSIGNMENT (( #882 ) ) ;
#1104 = CARTESIAN_POINT ( 'NONE',  ( -1.199999999999999956, 2.250000000000000000, 2.000000000000000000 ) ) ;
#1105 = ORIENTED_EDGE ( 'NONE', *, *, #667, .T. ) ;
#1106 = DIRECTION ( 'NONE',  ( 0.0000000000000000000, -1.000000000000000000, 0.0000000000000000000 ) ) ;
#1107 = ADVANCED_FACE ( 'NONE', ( #139 ), #2494, .T. ) ;
#1108 = EDGE_CURVE ( 'NONE', #2870, #1803, #1074, .T. ) ;
#1109 = CARTESIAN_POINT ( 'NONE',  ( -1.600000000000000089, 1.100000000000000089, 2.000000000000000000 ) ) ;
#1110 = CARTESIAN_POINT ( 'NONE',  ( 2.149999999999999911, 2.500000000000000000, 0.0000000000000000000 ) ) ;
#1111 = PLANE ( 'NONE',  #2307 ) ;
#1112 = DIRECTION ( 'NONE',  ( 1.000000000000000000, 0.0000000000000000000, 0.0000000000000000000 ) ) ;
#1113 = VERTEX_POINT ( 'NONE', #895 ) ;
#1114 = CARTESIAN_POINT ( 'NONE',  ( -2.149999999999999911, 2.429999999999999716, 0.1499999999999999944 ) ) ;
#1115 = DIRECTION ( 'NONE',  ( -1.000000000000000000, 9.957992501029599969E-17, 0.0000000000000000000 ) ) ;
#1116 = CARTESIAN_POINT ( 'NONE',  ( -1.000000000000000000, 2.500000000000000000, 0.0000000000000000000 ) ) ;
#1117 = ORIENTED_EDGE ( 'NONE', *, *, #932, .F. ) ;
#1118 = DIRECTION ( 'NONE',  ( 1.000000000000000000, 0.0000000000000000000, 0.0000000000000000000 ) ) ;
#1119 = AXIS2_PLACEMENT_3D ( 'NONE', #1647, #504, #473 ) ;
#1120 = LINE ( 'NONE', #2705, #2958 ) ;
#1121 = VERTEX_POINT ( 'NONE', #2673 ) ;
#1122 = LINE ( 'NONE', #2751, #768 ) ;
#1123 = AXIS2_PLACEMENT_3D ( 'NONE', #2512, #2056, #1570 ) ;
#1124 = DIRECTION ( 'NONE',  ( 0.0000000000000000000, 0.0000000000000000000, -1.000000000000000000 ) ) ;
#1125 = FACE_OUTER_BOUND ( 'NONE', #2120, .T. ) ;
#1126 = ADVANCED_FACE ( 'NONE', ( #1089 ), #1345, .T. ) ;
#1127 = AXIS2_PLACEMENT_3D ( 'NONE', #2169, #2146, #783 ) ;
#1128 = DIRECTION ( 'NONE',  ( 1.000000000000000000, -9.957992501029599969E-17, 0.0000000000000000000 ) ) ;
#1129 = FACE_BOUND ( 'NONE', #8, .T. ) ;
#1130 = VECTOR ( 'NONE', #234, 1000.000000000000000 ) ;
#1131 = ORIENTED_EDGE ( 'NONE', *, *, #1064, .F. ) ;
#1132 = PLANE ( 'NONE',  #2504 ) ;
#1133 = LINE ( 'NONE', #2035, #1604 ) ;
#1134 = ORIENTED_EDGE ( 'NONE', *, *, #2567, .T. ) ;
#1135 = CLOSED_SHELL ( 'NONE', ( #780, #1024, #1985, #2906, #326, #2989, #197, #1061, #1413 ) ) ;
#1136 = DIRECTION ( 'NONE',  ( 9.957992501029599969E-17, 1.000000000000000000, 0.0000000000000000000 ) ) ;
#1137 = ORIENTED_EDGE ( 'NONE', *, *, #2257, .F. ) ;
#1138 = VECTOR ( 'NONE', #1529, 1000.000000000000000 ) ;
#1139 = LINE ( 'NONE', #2041, #346 ) ;
#1140 = CARTESIAN_POINT ( 'NONE',  ( 2.149999999999999911, 2.336351460713100181, -1.042711485915719985E-16 ) ) ;
#1141 = DIRECTION ( 'NONE',  ( 0.0000000000000000000, 0.0000000000000000000, 1.000000000000000000 ) ) ;
#1142 = AXIS2_PLACEMENT_3D ( 'NONE', #426, #1352, #2426 ) ;
#1143 = CARTESIAN_POINT ( 'NONE',  ( -1.350000000000000089, 1.000000000000000000, 0.0000000000000000000 ) ) ;
#1144 = EDGE_CURVE ( 'NONE', #2984, #286, #1802, .T. ) ;
#1145 = ORIENTED_EDGE ( 'NONE', *, *, #1498, .F. ) ;
#1146 = ORIENTED_EDGE ( 'NONE', *, *, #1979, .T. ) ;
#1147 = CARTESIAN_POINT ( 'NONE',  ( 2.500000000000000000, -1.510050506338830090, 1.699999999999999956 ) ) ;
#1148 = LINE ( 'NONE', #2527, #2525 ) ;
#1149 = VERTEX_POINT ( 'NONE', #403 ) ;
#1150 = LINE ( 'NONE', #2994, #674 ) ;
#1151 = CARTESIAN_POINT ( 'NONE',  ( 1.350000000000000089, 1.000000000000000000, 1.000000000000000000 ) ) ;
#1152 = VERTEX_POINT ( 'NONE', #1357 ) ;
#1153 = CARTESIAN_POINT ( 'NONE',  ( 1.510050506338830090, -2.500000000000000000, 2.000000000000000000 ) ) ;
#1154 = DIRECTION ( 'NONE',  ( 0.0000000000000000000, 0.0000000000000000000, 1.000000000000000000 ) ) ;
#1155 = EDGE_LOOP ( 'NONE', ( #2181, #2415, #2689, #564 ) ) ;
#1156 = ADVANCED_FACE ( 'NONE', ( #646 ), #1827, .F. ) ;
#1157 = EDGE_CURVE ( 'NONE', #2619, #277, #2734, .T. ) ;
#1158 = DIRECTION ( 'NONE',  ( 0.0000000000000000000, 0.0000000000000000000, -1.000000000000000000 ) ) ;
#1159 = DIRECTION ( 'NONE',  ( 1.000000000000000000, -9.957992501029599969E-17, 0.0000000000000000000 ) ) ;
#1160 = DIRECTION ( 'NONE',  ( 9.957992501029599969E-17, 1.000000000000000000, 0.0000000000000000000 ) ) ;
#1161 = VERTEX_POINT ( 'NONE', #2267 ) ;
#1162 = CARTESIAN_POINT ( 'NONE',  ( -4.348103334655784545E-17, 1.899999957531689931, 1.699999999999999956 ) ) ;
#1163 = ORIENTED_EDGE ( 'NONE', *, *, #1671, .T. ) ;
#1164 = CARTESIAN_POINT ( 'NONE',  ( -1.350000000000000089, -2.250000000000000000, 0.1800000000000000211 ) ) ;
#1165 = CIRCLE ( 'NONE', #2986, 0.4500000000000001221 ) ;
#1166 = CARTESIAN_POINT ( 'NONE',  ( -1.600000000000000089, 1.100000000000000089, 1.899999999999999911 ) ) ;
#1167 = VECTOR ( 'NONE', #2497, 1000.000000000000000 ) ;
#1168 = VECTOR ( 'NONE', #2789, 1000.000000000000000 ) ;
#1169 = ORIENTED_EDGE ( 'NONE', *, *, #672, .T. ) ;
#1170 = DIRECTION ( 'NONE',  ( 0.0000000000000000000, 0.0000000000000000000, 1.000000000000000000 ) ) ;
#1171 = AXIS2_PLACEMENT_3D ( 'NONE', #2357, #99, #2580 ) ;
#1172 = EDGE_CURVE ( 'NONE', #286, #1668, #841, .T. ) ;
#1173 = CARTESIAN_POINT ( 'NONE',  ( 0.9999999441206450790, -9.957991944583401241E-17, 1.699999999999999956 ) ) ;
#1174 = LINE ( 'NONE', #1412, #460 ) ;
#1175 = ORIENTED_EDGE ( 'NONE', *, *, #1383, .T. ) ;
#1176 = CARTESIAN_POINT ( 'NONE',  ( 1.414634146341460008, 1.981707317073170271, 1.699999999999999956 ) ) ;
#1177 = EDGE_LOOP ( 'NONE', ( #2510, #1032, #663, #1117 ) ) ;
#1178 = AXIS2_PLACEMENT_3D ( 'NONE', #2679, #1095, #617 ) ;
#1179 = EDGE_CURVE ( 'NONE', #696, #811, #1772, .T. ) ;
#1180 = PLANE ( 'NONE',  #1697 ) ;
#1181 = CARTESIAN_POINT ( 'NONE',  ( -1.883333333333329973, 2.429999999999999716, 0.1499999999999999944 ) ) ;
#1182 = DIRECTION ( 'NONE',  ( 0.0000000000000000000, 1.000000000000000000, 0.0000000000000000000 ) ) ;
#1183 = ORIENTED_EDGE ( 'NONE', *, *, #1007, .F. ) ;
#1184 = AXIS2_PLACEMENT_3D ( 'NONE', #2011, #1332, #612 ) ;
#1185 = VERTEX_POINT ( 'NONE', #2965 ) ;
#1186 = DIRECTION ( 'NONE',  ( 0.0000000000000000000, 0.0000000000000000000, 1.000000000000000000 ) ) ;
#1187 = CARTESIAN_POINT ( 'NONE',  ( -1.199999999999999956, -2.250000000000000000, 2.000000000000000000 ) ) ;
#1188 = LINE ( 'NONE', #1896, #786 ) ;
#1189 = VERTEX_POINT ( 'NONE', #1814 ) ;
#1190 = CARTESIAN_POINT ( 'NONE',  ( -1.842228612690480241E-16, -1.850000000000000089, 0.2999999999999999889 ) ) ;
#1191 = EDGE_CURVE ( 'NONE', #115, #1322, #1786, .T. ) ;
#1192 = DIRECTION ( 'NONE',  ( 0.0000000000000000000, 0.0000000000000000000, 1.000000000000000000 ) ) ;
#1193 = EDGE_LOOP ( 'NONE', ( #2387, #1685, #2316, #577 ) ) ;
#1194 = DIRECTION ( 'NONE',  ( -0.7071067811865474617, -0.7071067811865474617, 0.0000000000000000000 ) ) ;
#1195 = CYLINDRICAL_SURFACE ( 'NONE', #503, 1.899999957531689931 ) ;
#1196 = CARTESIAN_POINT ( 'NONE',  ( 1.199999999999999956, 2.250000000000000000, 0.0000000000000000000 ) ) ;
#1197 = ADVANCED_FACE ( 'NONE', ( #2722 ), #178, .T. ) ;
#1198 = EDGE_CURVE ( 'NONE', #2189, #585, #1314, .T. ) ;
#1199 = DIRECTION ( 'NONE',  ( 0.0000000000000000000, 1.000000000000000000, 0.0000000000000000000 ) ) ;
#1200 = CARTESIAN_POINT ( 'NONE',  ( 2.149999999999999911, 1.000000000000000000, 0.0000000000000000000 ) ) ;
#1201 = ORIENTED_EDGE ( 'NONE', *, *, #2752, .F. ) ;
#1202 = DIRECTION ( 'NONE',  ( 0.0000000000000000000, 0.0000000000000000000, -1.000000000000000000 ) ) ;
#1203 = CARTESIAN_POINT ( 'NONE',  ( 1.399999999999999911, 0.3999999999999999112, 1.699999999999999956 ) ) ;
#1204 = LINE ( 'NONE', #2992, #1858 ) ;
#1205 = ORIENTED_EDGE ( 'NONE', *, *, #117, .T. ) ;
#1206 = CYLINDRICAL_SURFACE ( 'NONE', #637, 1.899999957531689931 ) ;
#1207 = ORIENTED_EDGE ( 'NONE', *, *, #926, .T. ) ;
#1208 = ORIENTED_EDGE ( 'NONE', *, *, #1775, .T. ) ;
#1209 = CARTESIAN_POINT ( 'NONE',  ( -1.350000000000000089, -2.250000000000000000, 1.000000000000000000 ) ) ;
#1210 = CARTESIAN_POINT ( 'NONE',  ( -1.616666666666670027, 2.279999999999999805, 0.0000000000000000000 ) ) ;
#1211 = ADVANCED_FACE ( 'NONE', ( #508 ), #268, .F. ) ;
#1212 = EDGE_CURVE ( 'NONE', #912, #696, #1148, .T. ) ;
#1213 = AXIS2_PLACEMENT_3D ( 'NONE', #2913, #2228, #2469 ) ;
#1214 = PRODUCT ( 'C88AA31E-1F0E-455C-B071-1B97541B39FC', 'C88AA31E-1F0E-455C-B071-1B97541B39FC', '', ( #904 ) ) ;
#1215 = ORIENTED_EDGE ( 'NONE', *, *, #707, .F. ) ;
#1216 = AXIS2_PLACEMENT_3D ( 'NONE', #702, #943, #2792 ) ;
#1217 = EDGE_CURVE ( 'NONE', #2821, #2542, #1174, .T. ) ;
#1218 = VECTOR ( 'NONE', #2216, 1000.000000000000000 ) ;
#1219 = DIRECTION ( 'NONE',  ( 9.957992501029599969E-17, 1.000000000000000000, 0.0000000000000000000 ) ) ;
#1220 = DIRECTION ( 'NONE',  ( 1.000000000000000000, -9.957992501029599969E-17, 0.0000000000000000000 ) ) ;
#1221 = CARTESIAN_POINT ( 'NONE',  ( -2.149999999999999911, 2.406231958185169884, 0.02376804181483109860 ) ) ;
#1222 = AXIS2_PLACEMENT_3D ( 'NONE', #2801, #740, #1666 ) ;
#1223 = FACE_OUTER_BOUND ( 'NONE', #1809, .T. ) ;
#1224 = ORIENTED_EDGE ( 'NONE', *, *, #434, .F. ) ;
#1225 = CARTESIAN_POINT ( 'NONE',  ( 2.140968387721368129E-16, 2.149999999999999911, 0.2999999999999999889 ) ) ;
#1226 = ORIENTED_EDGE ( 'NONE', *, *, #965, .F. ) ;
#1227 =( LENGTH_UNIT ( ) NAMED_UNIT ( * ) SI_UNIT ( .MILLI., .METRE. ) );
#1228 = LINE ( 'NONE', #1242, #541 ) ;
#1229 = ORIENTED_EDGE ( 'NONE', *, *, #1516, .F. ) ;
#1230 = VECTOR ( 'NONE', #1056, 1000.000000000000000 ) ;
#1231 = EDGE_CURVE ( 'NONE', #1282, #115, #1188, .T. ) ;
#1232 = ORIENTED_EDGE ( 'NONE', *, *, #2606, .F. ) ;
#1233 = AXIS2_PLACEMENT_3D ( 'NONE', #1264, #574, #1279 ) ;
#1234 = ADVANCED_FACE ( 'NONE', ( #2293 ), #2308, .F. ) ;
#1235 = DIRECTION ( 'NONE',  ( 0.0000000000000000000, -1.000000000000000000, 0.0000000000000000000 ) ) ;
#1236 = CARTESIAN_POINT ( 'NONE',  ( -1.350000000000000089, 1.125000000000000000, 0.0000000000000000000 ) ) ;
#1237 = CARTESIAN_POINT ( 'NONE',  ( -2.050000000000000266, 1.350000034645199909, 1.899999999999999911 ) ) ;
#1238 = DIRECTION ( 'NONE',  ( 0.0000000000000000000, 0.0000000000000000000, -1.000000000000000000 ) ) ;
#1239 = ORIENTED_EDGE ( 'NONE', *, *, #1477, .T. ) ;
#1240 = DIRECTION ( 'NONE',  ( 0.0000000000000000000, -1.000000000000000000, 0.0000000000000000000 ) ) ;
#1241 = ORIENTED_EDGE ( 'NONE', *, *, #524, .T. ) ;
#1242 = CARTESIAN_POINT ( 'NONE',  ( -1.350000000000000089, 1.000000000000000000, 1.000000000000000000 ) ) ;
#1243 = ORIENTED_EDGE ( 'NONE', *, *, #1063, .T. ) ;
#1244 = EDGE_CURVE ( 'NONE', #1470, #1512, #2764, .T. ) ;
#1245 = FACE_OUTER_BOUND ( 'NONE', #1389, .T. ) ;
#1246 = ORIENTED_EDGE ( 'NONE', *, *, #1250, .T. ) ;
#1247 = CARTESIAN_POINT ( 'NONE',  ( -1.350000000000000089, 2.429999999999999716, 1.000000000000000000 ) ) ;
#1248 = ADVANCED_FACE ( 'NONE', ( #13 ), #2583, .F. ) ;
#1249 = CARTESIAN_POINT ( 'NONE',  ( -1.350000000000000089, -2.279999999999999805, 0.0000000000000000000 ) ) ;
#1250 = EDGE_CURVE ( 'NONE', #1057, #1499, #282, .T. ) ;
#1251 = EDGE_LOOP ( 'NONE', ( #2266, #2522 ) ) ;
#1252 = FACE_OUTER_BOUND ( 'NONE', #2172, .T. ) ;
#1253 = FACE_OUTER_BOUND ( 'NONE', #2368, .T. ) ;
#1254 = ORIENTED_EDGE ( 'NONE', *, *, #2798, .T. ) ;
#1255 = ORIENTED_EDGE ( 'NONE', *, *, #741, .T. ) ;
#1256 = CARTESIAN_POINT ( 'NONE',  ( 1.350000000000000089, 2.429999999999999716, 0.09364853928690050622 ) ) ;
#1257 = LINE ( 'NONE', #1027, #2697 ) ;
#1258 = DIRECTION ( 'NONE',  ( -0.6246950475544237324, 0.7808688094430307203, 0.0000000000000000000 ) ) ;
#1259 = APPLICATION_CONTEXT ( 'automotive_design' ) ;
#1260 = ORIENTED_EDGE ( 'NONE', *, *, #305, .F. ) ;
#1261 = VECTOR ( 'NONE', #1004, 1000.000000000000000 ) ;
#1262 = FACE_OUTER_BOUND ( 'NONE', #2656, .T. ) ;
#1263 = VECTOR ( 'NONE', #2953, 1000.000000000000000 ) ;
#1264 = CARTESIAN_POINT ( 'NONE',  ( 1.750000000000000000, 1.625000000000000000, 0.0000000000000000000 ) ) ;
#1265 = DIRECTION ( 'NONE',  ( 0.0000000000000000000, 0.0000000000000000000, -1.000000000000000000 ) ) ;
#1266 = EDGE_CURVE ( 'NONE', #2966, #1149, #41, .T. ) ;
#1267 = CIRCLE ( 'NONE', #2946, 1.899999957531689931 ) ;
#1268 = ORIENTED_EDGE ( 'NONE', *, *, #1359, .F. ) ;
#1269 = SURFACE_STYLE_FILL_AREA ( #343 ) ;
#1270 = ORIENTED_EDGE ( 'NONE', *, *, #213, .T. ) ;
#1271 = AXIS2_PLACEMENT_3D ( 'NONE', #203, #2486, #1112 ) ;
#1272 = LINE ( 'NONE', #2401, #1739 ) ;
#1273 = CARTESIAN_POINT ( 'NONE',  ( -1.842228612690480241E-16, -1.850000000000000089, 0.0000000000000000000 ) ) ;
#1274 = CARTESIAN_POINT ( 'NONE',  ( -1.000000000000000000, -2.500000000000000000, 2.000000000000000000 ) ) ;
#1275 = DIRECTION ( 'NONE',  ( 1.000000000000000000, -9.957992501029599969E-17, 0.0000000000000000000 ) ) ;
#1276 = VERTEX_POINT ( 'NONE', #464 ) ;
#1277 = AXIS2_PLACEMENT_3D ( 'NONE', #2637, #575, #353 ) ;
#1278 = VERTEX_POINT ( 'NONE', #1851 ) ;
#1279 = DIRECTION ( 'NONE',  ( 0.0000000000000000000, -1.000000000000000000, 0.0000000000000000000 ) ) ;
#1280 = CARTESIAN_POINT ( 'NONE',  ( 1.350000000000000089, 1.000000000000000000, 0.1800000000000000211 ) ) ;
#1281 = CARTESIAN_POINT ( 'NONE',  ( -1.892018532905712637E-16, -1.899999957531689931, 1.699999999999999956 ) ) ;
#1282 = VERTEX_POINT ( 'NONE', #2078 ) ;
#1283 = LINE ( 'NONE', #1298, #4 ) ;
#1284 = VERTEX_POINT ( 'NONE', #1636 ) ;
#1285 = EDGE_CURVE ( 'NONE', #811, #2060, #1204, .T. ) ;
#1286 = CARTESIAN_POINT ( 'NONE',  ( -2.149999999999999911, -2.429999999999999716, 0.09364853928690050622 ) ) ;
#1287 = DIRECTION ( 'NONE',  ( 1.000000000000000000, -9.957992501029599969E-17, 0.0000000000000000000 ) ) ;
#1288 = ORIENTED_EDGE ( 'NONE', *, *, #271, .F. ) ;
#1289 = EDGE_CURVE ( 'NONE', #1955, #1189, #494, .T. ) ;
#1290 = CARTESIAN_POINT ( 'NONE',  ( 1.399999999999999911, -0.4000000000000001332, 2.000000000000000000 ) ) ;
#1291 = EDGE_LOOP ( 'NONE', ( #14, #2400, #2564, #2073 ) ) ;
#1292 = CARTESIAN_POINT ( 'NONE',  ( -2.149999999999999911, 2.429999999999999716, 0.09364853928690050622 ) ) ;
#1293 = VERTEX_POINT ( 'NONE', #2749 ) ;
#1294 = LINE ( 'NONE', #2198, #2165 ) ;
#1295 = CARTESIAN_POINT ( 'NONE',  ( 2.149999999999999911, 1.000000000000000000, 0.1800000000000000211 ) ) ;
#1296 = LINE ( 'NONE', #1054, #2213 ) ;
#1297 = ORIENTED_EDGE ( 'NONE', *, *, #1575, .T. ) ;
#1298 = CARTESIAN_POINT ( 'NONE',  ( -1.199999999999999956, -2.250000000000000000, 2.000000000000000000 ) ) ;
#1299 = ORIENTED_EDGE ( 'NONE', *, *, #2392, .F. ) ;
#1300 = DIRECTION ( 'NONE',  ( 9.957992501029604900E-17, 1.000000000000000000, 0.0000000000000000000 ) ) ;
#1301 = DIRECTION ( 'NONE',  ( 0.0000000000000000000, 0.0000000000000000000, 1.000000000000000000 ) ) ;
#1302 = PLANE ( 'NONE',  #2850 ) ;
#1303 = CARTESIAN_POINT ( 'NONE',  ( -2.500000000000000000, 2.250000000000000000, 0.1800000000000000211 ) ) ;
#1304 = EDGE_CURVE ( 'NONE', #848, #788, #2106, .T. ) ;
#1305 = EDGE_LOOP ( 'NONE', ( #1725, #1333 ) ) ;
#1306 = CARTESIAN_POINT ( 'NONE',  ( -2.149999999999999911, 2.429999999999999716, 0.1499999999999999944 ) ) ;
#1307 = LINE ( 'NONE', #2005, #1505 ) ;
#1308 = DIRECTION ( 'NONE',  ( -9.957992501029599969E-17, -1.000000000000000000, 0.0000000000000000000 ) ) ;
#1309 = ORIENTED_EDGE ( 'NONE', *, *, #2798, .F. ) ;
#1310 = AXIS2_PLACEMENT_3D ( 'NONE', #2295, #685, #913 ) ;
#1311 = CARTESIAN_POINT ( 'NONE',  ( -1.800000000000000044, 1.400000017322599932, 1.899999999999999911 ) ) ;
#1312 = CARTESIAN_POINT ( 'NONE',  ( 1.842228612690480241E-16, 1.850000000000000089, 0.2999999999999999889 ) ) ;
#1313 = ORIENTED_EDGE ( 'NONE', *, *, #1191, .T. ) ;
#1314 = B_SPLINE_CURVE_WITH_KNOTS ( 'NONE', 3,
 ( #1667, #727, #1879, #928 ),
 .UNSPECIFIED., .F., .F.,
 ( 4, 4 ),
 ( -0.02000000000000000042, 0.05999999999999999778 ),
 .UNSPECIFIED. ) ;
#1315 = VECTOR ( 'NONE', #481, 1000.000000000000000 ) ;
#1316 = LINE ( 'NONE', #1500, #388 ) ;
#1317 = CARTESIAN_POINT ( 'NONE',  ( -2.149999999999999911, -2.429999999999999716, 1.000000000000000000 ) ) ;
#1318 = CARTESIAN_POINT ( 'NONE',  ( -2.149999999999999911, -2.279999999999999805, 0.0000000000000000000 ) ) ;
#1319 = CARTESIAN_POINT ( 'NONE',  ( -2.149999999999999911, -2.500000000000000000, 0.1800000000000000211 ) ) ;
#1320 = CIRCLE ( 'NONE', #640, 0.2999999999999999334 ) ;
#1321 = DIRECTION ( 'NONE',  ( 0.0000000000000000000, 1.000000000000000000, 0.0000000000000000000 ) ) ;
#1322 = VERTEX_POINT ( 'NONE', #2118 ) ;
#1323 = EDGE_CURVE ( 'NONE', #1769, #758, #479, .T. ) ;
#1324 = VECTOR ( 'NONE', #2781, 1000.000000000000000 ) ;
#1325 = ORIENTED_EDGE ( 'NONE', *, *, #2125, .F. ) ;
#1326 = FACE_OUTER_BOUND ( 'NONE', #411, .T. ) ;
#1327 = CARTESIAN_POINT ( 'NONE',  ( 1.350000000000000089, 1.000000000000000000, 0.1800000000000000211 ) ) ;
#1328 = EDGE_CURVE ( 'NONE', #2220, #1897, #1373, .T. ) ;
#1329 = PLANE ( 'NONE',  #969 ) ;
#1330 = ORIENTED_EDGE ( 'NONE', *, *, #2601, .F. ) ;
#1331 = PLANE ( 'NONE',  #835 ) ;
#1332 = DIRECTION ( 'NONE',  ( -9.957992501029599969E-17, -1.000000000000000000, 0.0000000000000000000 ) ) ;
#1333 = ORIENTED_EDGE ( 'NONE', *, *, #636, .F. ) ;
#1334 = VECTOR ( 'NONE', #2881, 1000.000000000000000 ) ;
#1335 = DIRECTION ( 'NONE',  ( 1.000000000000000000, -9.957992501029599969E-17, 0.0000000000000000000 ) ) ;
#1336 = CARTESIAN_POINT ( 'NONE',  ( -2.500000000000000000, -2.250000000000000000, 1.699999999999999956 ) ) ;
#1337 = CARTESIAN_POINT ( 'NONE',  ( -2.149999999999999911, -2.429999999999999716, 0.0000000000000000000 ) ) ;
#1338 = DIRECTION ( 'NONE',  ( 1.000000000000000000, -9.957992501029599969E-17, 0.0000000000000000000 ) ) ;
#1339 = ORIENTED_EDGE ( 'NONE', *, *, #2258, .T. ) ;
#1340 = LINE ( 'NONE', #1781, #2121 ) ;
#1341 = LINE ( 'NONE', #2250, #249 ) ;
#1342 = ORIENTED_EDGE ( 'NONE', *, *, #2162, .F. ) ;
#1343 = EDGE_CURVE ( 'NONE', #1763, #1284, #911, .T. ) ;
#1344 = ADVANCED_FACE ( 'NONE', ( #2183 ), #352, .T. ) ;
#1345 = PLANE ( 'NONE',  #217 ) ;
#1346 = ORIENTED_EDGE ( 'NONE', *, *, #1516, .T. ) ;
#1347 = FACE_OUTER_BOUND ( 'NONE', #837, .T. ) ;
#1348 = EDGE_CURVE ( 'NONE', #853, #1949, #1437, .T. ) ;
#1349 = DIRECTION ( 'NONE',  ( 0.0000000000000000000, 0.0000000000000000000, 1.000000000000000000 ) ) ;
#1350 = CARTESIAN_POINT ( 'NONE',  ( -1.199999999999999956, -2.250000000000000000, 0.0000000000000000000 ) ) ;
#1351 = ORIENTED_EDGE ( 'NONE', *, *, #20, .T. ) ;
#1352 = DIRECTION ( 'NONE',  ( -1.000000000000000000, 0.0000000000000000000, 0.0000000000000000000 ) ) ;
#1353 = LINE ( 'NONE', #2265, #202 ) ;
#1354 = VERTEX_POINT ( 'NONE', #1037 ) ;
#1355 =( NAMED_UNIT ( * ) PLANE_ANGLE_UNIT ( ) SI_UNIT ( $, .RADIAN. ) );
#1356 = AXIS2_PLACEMENT_3D ( 'NONE', #1196, #1631, #7 ) ;
#1357 = CARTESIAN_POINT ( 'NONE',  ( -1.600000000000000089, 1.800000000000000044, 2.000000000000000000 ) ) ;
#1358 = ORIENTED_EDGE ( 'NONE', *, *, #988, .T. ) ;
#1359 = EDGE_CURVE ( 'NONE', #2148, #1949, #1476, .T. ) ;
#1360 = LINE ( 'NONE', #886, #1841 ) ;
#1361 = VECTOR ( 'NONE', #128, 1000.000000000000000 ) ;
#1362 = CARTESIAN_POINT ( 'NONE',  ( 1.616666666666670027, 2.279999999999999805, 0.0000000000000000000 ) ) ;
#1363 = CARTESIAN_POINT ( 'NONE',  ( -1.199999999999999956, -2.250000000000000000, 1.699999999999999956 ) ) ;
#1364 = AXIS2_PLACEMENT_3D ( 'NONE', #1651, #710, #1409 ) ;
#1365 = EDGE_CURVE ( 'NONE', #1773, #471, #2143, .T. ) ;
#1366 = LINE ( 'NONE', #2059, #818 ) ;
#1367 = ORIENTED_EDGE ( 'NONE', *, *, #459, .F. ) ;
#1368 = ORIENTED_EDGE ( 'NONE', *, *, #654, .T. ) ;
#1369 = AXIS2_PLACEMENT_3D ( 'NONE', #453, #468, #1141 ) ;
#1370 = DIRECTION ( 'NONE',  ( 9.957992501029599969E-17, 1.000000000000000000, 0.0000000000000000000 ) ) ;
#1371 = FILL_AREA_STYLE ('',( #2732 ) ) ;
#1372 = AXIS2_PLACEMENT_3D ( 'NONE', #759, #521, #1441 ) ;
#1373 = LINE ( 'NONE', #2281, #410 ) ;
#1374 = EDGE_LOOP ( 'NONE', ( #2389, #1545, #2674, #2347 ) ) ;
#1375 = VECTOR ( 'NONE', #2672, 1000.000000000000000 ) ;
#1376 = CARTESIAN_POINT ( 'NONE',  ( -1.350000000000000089, 1.549999965354800002, 1.899999999999999911 ) ) ;
#1377 = ORIENTED_EDGE ( 'NONE', *, *, #2046, .T. ) ;
#1378 = CARTESIAN_POINT ( 'NONE',  ( 1.883333333333339965, 2.406231958185169884, 0.02376804181483100145 ) ) ;
#1379 = DIRECTION ( 'NONE',  ( 0.0000000000000000000, 0.0000000000000000000, -1.000000000000000000 ) ) ;
#1380 = DIRECTION ( 'NONE',  ( 1.000000000000000000, 0.0000000000000000000, 0.0000000000000000000 ) ) ;
#1381 = ORIENTED_EDGE ( 'NONE', *, *, #336, .F. ) ;
#1382 = ADVANCED_FACE ( 'NONE', ( #769, #1052 ), #2636, .T. ) ;
#1383 = EDGE_CURVE ( 'NONE', #2277, #2574, #755, .T. ) ;
#1384 = VERTEX_POINT ( 'NONE', #1712 ) ;
#1385 = FACE_OUTER_BOUND ( 'NONE', #1291, .T. ) ;
#1386 = CARTESIAN_POINT ( 'NONE',  ( -1.000000000000000000, -2.500000000000000000, 2.000000000000000000 ) ) ;
#1387 = ORIENTED_EDGE ( 'NONE', *, *, #1083, .F. ) ;
#1388 = DIRECTION ( 'NONE',  ( -1.000000000000000000, 0.0000000000000000000, 0.0000000000000000000 ) ) ;
#1389 = EDGE_LOOP ( 'NONE', ( #2439, #290, #2668, #1201 ) ) ;
#1390 = CARTESIAN_POINT ( 'NONE',  ( 1.616666666666670027, 2.336351460713100181, -1.042711485915719985E-16 ) ) ;
#1391 = DIRECTION ( 'NONE',  ( 9.957992501029604900E-17, 1.000000000000000000, 0.0000000000000000000 ) ) ;
#1392 = FACE_OUTER_BOUND ( 'NONE', #808, .T. ) ;
#1393 = CARTESIAN_POINT ( 'NONE',  ( -2.149999999999999911, -1.000000000000000000, 0.0000000000000000000 ) ) ;
#1394 = ORIENTED_EDGE ( 'NONE', *, *, #73, .T. ) ;
#1395 = LINE ( 'NONE', #1664, #493 ) ;
#1396 = DIRECTION ( 'NONE',  ( -9.957992501029599969E-17, -1.000000000000000000, 0.0000000000000000000 ) ) ;
#1397 = ORIENTED_EDGE ( 'NONE', *, *, #1792, .T. ) ;
#1398 = CARTESIAN_POINT ( 'NONE',  ( -1.000000000000000000, 2.500000000000000000, 1.699999999999999956 ) ) ;
#1399 = ORIENTED_EDGE ( 'NONE', *, *, #1231, .F. ) ;
#1400 = DIRECTION ( 'NONE',  ( 0.0000000000000000000, 0.0000000000000000000, 1.000000000000000000 ) ) ;
#1401 = VECTOR ( 'NONE', #2071, 1000.000000000000000 ) ;
#1402 = DIRECTION ( 'NONE',  ( 1.000000000000000000, -9.957992501029599969E-17, 0.0000000000000000000 ) ) ;
#1403 = ORIENTED_EDGE ( 'NONE', *, *, #946, .T. ) ;
#1404 = VECTOR ( 'NONE', #629, 1000.000000000000000 ) ;
#1405 = LINE ( 'NONE', #2318, #2262 ) ;
#1406 = VECTOR ( 'NONE', #739, 1000.000000000000000 ) ;
#1407 = ORIENTED_EDGE ( 'NONE', *, *, #2550, .F. ) ;
#1408 = EDGE_CURVE ( 'NONE', #2379, #2395, #2611, .T. ) ;
#1409 = DIRECTION ( 'NONE',  ( 1.000000000000000000, -9.957992501029599969E-17, 0.0000000000000000000 ) ) ;
#1410 = VECTOR ( 'NONE', #114, 1000.000000000000114 ) ;
#1411 = EDGE_CURVE ( 'NONE', #1714, #2189, #1742, .T. ) ;
#1412 = CARTESIAN_POINT ( 'NONE',  ( -1.350000000000000089, 1.000000000000000000, 0.0000000000000000000 ) ) ;
#1413 = ADVANCED_FACE ( 'NONE', ( #325 ), #1952, .T. ) ;
#1414 = ORIENTED_EDGE ( 'NONE', *, *, #360, .T. ) ;
#1415 = CARTESIAN_POINT ( 'NONE',  ( -2.149999999999999911, 1.449999999999999956, 2.000000000000000000 ) ) ;
#1416 = EDGE_LOOP ( 'NONE', ( #595, #2085, #2361, #1081 ) ) ;
#1417 = VECTOR ( 'NONE', #661, 1000.000000000000000 ) ;
#1418 = CARTESIAN_POINT ( 'NONE',  ( -2.149999999999999911, 1.000000000000000000, 0.1800000000000000211 ) ) ;
#1419 = CARTESIAN_POINT ( 'NONE',  ( -1.350000000000000089, 1.350000034645199909, 2.000000000000000000 ) ) ;
#1420 = CARTESIAN_POINT ( 'NONE',  ( -1.350000000000000089, 1.000000000000000000, 0.1800000000000000211 ) ) ;
#1421 = VECTOR ( 'NONE', #1622, 1000.000000000000000 ) ;
#1422 = ORIENTED_EDGE ( 'NONE', *, *, #795, .F. ) ;
#1423 = CARTESIAN_POINT ( 'NONE',  ( -1.350000000000000089, 1.000000000000000000, 0.0000000000000000000 ) ) ;
#1424 = CARTESIAN_POINT ( 'NONE',  ( 1.350000000000000089, 2.250000000000000000, 0.1800000000000000211 ) ) ;
#1425 = DIRECTION ( 'NONE',  ( -1.000000000000000000, 9.957992501029599969E-17, 0.0000000000000000000 ) ) ;
#1426 = CARTESIAN_POINT ( 'NONE',  ( 1.550000000000000044, 2.429999999999999716, 1.000000000000000000 ) ) ;
#1427 = PLANE ( 'NONE',  #1216 ) ;
#1428 = EDGE_CURVE ( 'NONE', #2809, #48, #2865, .T. ) ;
#1429 = ORIENTED_EDGE ( 'NONE', *, *, #2622, .F. ) ;
#1430 = ORIENTED_EDGE ( 'NONE', *, *, #2417, .F. ) ;
#1431 = CARTESIAN_POINT ( 'NONE',  ( -1.699999999999999956, 1.449999999999999956, 1.899999999999999911 ) ) ;
#1432 = LINE ( 'NONE', #1472, #163 ) ;
#1433 = CARTESIAN_POINT ( 'NONE',  ( -2.500000000000000000, -1.125000000000000000, 1.699999999999999956 ) ) ;
#1434 = VERTEX_POINT ( 'NONE', #295 ) ;
#1435 = PLANE ( 'NONE',  #2456 ) ;
#1436 = CARTESIAN_POINT ( 'NONE',  ( 1.074999999999999956, 1.000000000000000000, 0.0000000000000000000 ) ) ;
#1437 = LINE ( 'NONE', #1696, #599 ) ;
#1438 = CARTESIAN_POINT ( 'NONE',  ( -1.699999999999999956, 1.449999999999999956, 2.000000000000000000 ) ) ;
#1439 = ORIENTED_EDGE ( 'NONE', *, *, #684, .F. ) ;
#1440 = ORIENTED_EDGE ( 'NONE', *, *, #2733, .T. ) ;
#1441 = DIRECTION ( 'NONE',  ( 9.957992501029604900E-17, 1.000000000000000000, 0.0000000000000000000 ) ) ;
#1442 = VERTEX_POINT ( 'NONE', #2159 ) ;
#1443 = ADVANCED_FACE ( 'NONE', ( #1726 ), #2432, .F. ) ;
#1444 = CARTESIAN_POINT ( 'NONE',  ( -1.842228612690480241E-16, -1.850000000000000089, 0.0000000000000000000 ) ) ;
#1445 = VECTOR ( 'NONE', #2438, 1000.000000000000000 ) ;
#1446 = ORIENTED_EDGE ( 'NONE', *, *, #2863, .F. ) ;
#1447 = VECTOR ( 'NONE', #525, 1000.000000000000000 ) ;
#1448 = VECTOR ( 'NONE', #624, 1000.000000000000000 ) ;
#1449 = CARTESIAN_POINT ( 'NONE',  ( 2.149999999999999911, 2.250000000000000000, 0.0000000000000000000 ) ) ;
#1450 = DIRECTION ( 'NONE',  ( -9.957992501029599969E-17, -1.000000000000000000, 0.0000000000000000000 ) ) ;
#1451 = DIRECTION ( 'NONE',  ( 0.0000000000000000000, 0.0000000000000000000, -1.000000000000000000 ) ) ;
#1452 = AXIS2_PLACEMENT_3D ( 'NONE', #1719, #304, #1258 ) ;
#1453 = LINE ( 'NONE', #2370, #1315 ) ;
#1454 = ORIENTED_EDGE ( 'NONE', *, *, #1250, .F. ) ;
#1455 = ORIENTED_EDGE ( 'NONE', *, *, #92, .T. ) ;
#1456 = VECTOR ( 'NONE', #2184, 1000.000000000000000 ) ;
#1457 = AXIS2_PLACEMENT_3D ( 'NONE', #2790, #2366, #1919 ) ;
#1458 =( GEOMETRIC_REPRESENTATION_CONTEXT ( 3 ) GLOBAL_UNCERTAINTY_ASSIGNED_CONTEXT ( ( #278 ) ) GLOBAL_UNIT_ASSIGNED_CONTEXT ( ( #478, #1836, #235 ) ) REPRESENTATION_CONTEXT ( 'NONE', 'WORKASPACE' ) );
#1459 = ADVANCED_FACE ( 'NONE', ( #1326 ), #1509, .T. ) ;
#1460 = VERTEX_POINT ( 'NONE', #2488 ) ;
#1461 = ADVANCED_FACE ( 'NONE', ( #153 ), #862, .F. ) ;
#1462 = VECTOR ( 'NONE', #1136, 1000.000000000000000 ) ;
#1463 = CYLINDRICAL_SURFACE ( 'NONE', #1127, 0.4000000000000000222 ) ;
#1464 = DIRECTION ( 'NONE',  ( 0.0000000000000000000, 0.0000000000000000000, -1.000000000000000000 ) ) ;
#1465 = CARTESIAN_POINT ( 'NONE',  ( -1.350000000000000089, -2.336351460713100181, -1.042711485915719985E-16 ) ) ;
#1466 = ORIENTED_EDGE ( 'NONE', *, *, #111, .T. ) ;
#1467 = FACE_OUTER_BOUND ( 'NONE', #2813, .T. ) ;
#1468 = ORIENTED_EDGE ( 'NONE', *, *, #724, .T. ) ;
#1469 = PRESENTATION_STYLE_ASSIGNMENT (( #774 ) ) ;
#1470 = VERTEX_POINT ( 'NONE', #1114 ) ;
#1471 = DIRECTION ( 'NONE',  ( 0.0000000000000000000, 1.000000000000000000, 0.0000000000000000000 ) ) ;
#1472 = CARTESIAN_POINT ( 'NONE',  ( -1.773574347977162241E-16, -2.149999999999999911, 0.0000000000000000000 ) ) ;
#1473 = VERTEX_POINT ( 'NONE', #1524 ) ;
#1474 = EDGE_CURVE ( 'NONE', #2536, #25, #892, .T. ) ;
#1475 = CARTESIAN_POINT ( 'NONE',  ( -1.000000000000000000, -2.500000000000000000, 0.0000000000000000000 ) ) ;
#1476 = LINE ( 'NONE', #2393, #2618 ) ;
#1477 = EDGE_CURVE ( 'NONE', #2039, #2528, #2018, .T. ) ;
#1478 = CARTESIAN_POINT ( 'NONE',  ( -2.050000000000000266, 1.350000034645199909, 1.899999999999999911 ) ) ;
#1479 = ORIENTED_EDGE ( 'NONE', *, *, #2010, .F. ) ;
#1480 = CARTESIAN_POINT ( 'NONE',  ( -1.350000000000000089, -2.250000000000000000, 0.0000000000000000000 ) ) ;
#1481 = ORIENTED_EDGE ( 'NONE', *, *, #2714, .T. ) ;
#1482 = CARTESIAN_POINT ( 'NONE',  ( -1.350000000000000089, 2.394703844270860138, 0.03529615572914070187 ) ) ;
#1483 = DIRECTION ( 'NONE',  ( 0.0000000000000000000, -1.000000000000000000, 0.0000000000000000000 ) ) ;
#1484 = LINE ( 'NONE', #1274, #1410 ) ;
#1485 = ORIENTED_EDGE ( 'NONE', *, *, #2816, .T. ) ;
#1486 = CARTESIAN_POINT ( 'NONE',  ( -1.883333333333329973, -2.429999999999999716, 0.09364853928690050622 ) ) ;
#1487 = EDGE_LOOP ( 'NONE', ( #78, #2209, #1780, #1940 ) ) ;
#1488 = PRESENTATION_LAYER_ASSIGNMENT (  '', '', ( #719 ) ) ;
#1489 = AXIS2_PLACEMENT_3D ( 'NONE', #2332, #68, #1471 ) ;
#1490 = ADVANCED_FACE ( 'NONE', ( #2700 ), #172, .T. ) ;
#1491 = VECTOR ( 'NONE', #2185, 1000.000000000000000 ) ;
#1492 = CARTESIAN_POINT ( 'NONE',  ( -1.616666666666670027, 2.279999999999999805, 0.0000000000000000000 ) ) ;
#1493 = ORIENTED_EDGE ( 'NONE', *, *, #1474, .T. ) ;
#1494 = CARTESIAN_POINT ( 'NONE',  ( 1.910882877403797994E-16, 1.550000000000000266, 0.2999999999999999889 ) ) ;
#1495 = ORIENTED_EDGE ( 'NONE', *, *, #2258, .F. ) ;
#1496 = ADVANCED_FACE ( 'NONE', ( #1810 ), #2475, .F. ) ;
#1498 = EDGE_CURVE ( 'NONE', #938, #1434, #365, .T. ) ;
#1497 = LINE ( 'NONE', #611, #311 ) ;
#1499 = VERTEX_POINT ( 'NONE', #378 ) ;
#1500 = CARTESIAN_POINT ( 'NONE',  ( -1.600000000000000089, 1.499999982677399979, 1.899999999999999911 ) ) ;
#1501 = DIRECTION ( 'NONE',  ( -9.957992501029599969E-17, -1.000000000000000000, 0.0000000000000000000 ) ) ;
#1502 = VERTEX_POINT ( 'NONE', #2457 ) ;
#1503 = DIRECTION ( 'NONE',  ( -1.000000000000000000, 9.957992501029599969E-17, 0.0000000000000000000 ) ) ;
#1504 = VERTEX_POINT ( 'NONE', #2440 ) ;
#1505 = VECTOR ( 'NONE', #2427, 1000.000000000000000 ) ;
#1506 = CIRCLE ( 'NONE', #1036, 0.2999999999999999334 ) ;
#1507 = SURFACE_STYLE_USAGE ( .BOTH. , #2650 ) ;
#1508 = AXIS2_PLACEMENT_3D ( 'NONE', #224, #1160, #682 ) ;
#1509 = PLANE ( 'NONE',  #2915 ) ;
#1510 = CARTESIAN_POINT ( 'NONE',  ( -2.149999999999999911, 1.000000000000000000, 0.0000000000000000000 ) ) ;
#1511 = DIRECTION ( 'NONE',  ( 1.000000000000000000, 0.0000000000000000000, 0.0000000000000000000 ) ) ;
#1512 = VERTEX_POINT ( 'NONE', #1099 ) ;
#1513 = CARTESIAN_POINT ( 'NONE',  ( 1.399999999999999911, -0.4000000000000001332, 2.000000000000000000 ) ) ;
#1514 =( NAMED_UNIT ( * ) SI_UNIT ( $, .STERADIAN. ) SOLID_ANGLE_UNIT ( ) );
#1515 = ORIENTED_EDGE ( 'NONE', *, *, #2878, .T. ) ;
#1516 = EDGE_CURVE ( 'NONE', #2352, #2533, #694, .T. ) ;
#1517 = LINE ( 'NONE', #2205, #145 ) ;
#1518 = DIRECTION ( 'NONE',  ( 0.0000000000000000000, 0.0000000000000000000, -1.000000000000000000 ) ) ;
#1519 = LINE ( 'NONE', #2014, #2521 ) ;
#1520 = DIRECTION ( 'NONE',  ( -1.000000000000000000, 9.957992501029599969E-17, 0.0000000000000000000 ) ) ;
#1521 = CARTESIAN_POINT ( 'NONE',  ( -1.800000000000000044, 1.625000000000000000, 1.899999999999999911 ) ) ;
#1522 = ORIENTED_EDGE ( 'NONE', *, *, #2974, .T. ) ;
#1523 =( LENGTH_UNIT ( ) NAMED_UNIT ( * ) SI_UNIT ( .MILLI., .METRE. ) );
#1524 = CARTESIAN_POINT ( 'NONE',  ( -1.350000000000000089, -2.250000000000000000, 0.0000000000000000000 ) ) ;
#1525 = LINE ( 'NONE', #1327, #2519 ) ;
#1526 = CARTESIAN_POINT ( 'NONE',  ( 1.000000000000000000, 2.500000000000000000, 0.0000000000000000000 ) ) ;
#1527 = EDGE_LOOP ( 'NONE', ( #2201, #2607 ) ) ;
#1528 = DIRECTION ( 'NONE',  ( 1.000000000000000000, -9.957992501029599969E-17, 0.0000000000000000000 ) ) ;
#1529 = DIRECTION ( 'NONE',  ( 9.957992501029599969E-17, 1.000000000000000000, 0.0000000000000000000 ) ) ;
#1530 = CARTESIAN_POINT ( 'NONE',  ( -1.750000000000000000, 1.549999965354800002, 1.899999999999999911 ) ) ;
#1531 = LINE ( 'NONE', #2631, #2355 ) ;
#1532 = CARTESIAN_POINT ( 'NONE',  ( -1.350000000000000089, -2.429999999999999716, 0.1499999999999999944 ) ) ;
#1533 = CARTESIAN_POINT ( 'NONE',  ( -1.800000000000000044, 1.549999965354800002, 1.899999999999999911 ) ) ;
#1534 = EDGE_CURVE ( 'NONE', #1293, #1161, #135, .T. ) ;
#1535 = PLANE ( 'NONE',  #734 ) ;
#1536 = CARTESIAN_POINT ( 'NONE',  ( -1.350000000000000089, -2.406231958185169884, 0.02376804181483100145 ) ) ;
#1537 = ORIENTED_EDGE ( 'NONE', *, *, #1343, .F. ) ;
#1538 = ADVANCED_FACE ( 'NONE', ( #2947 ), #1084, .T. ) ;
#1539 = EDGE_LOOP ( 'NONE', ( #300, #107, #1325, #1691 ) ) ;
#1540 = DIRECTION ( 'NONE',  ( 0.0000000000000000000, 0.0000000000000000000, -1.000000000000000000 ) ) ;
#1541 = FACE_BOUND ( 'NONE', #1588, .T. ) ;
#1542 = DIRECTION ( 'NONE',  ( 0.0000000000000000000, 0.0000000000000000000, 1.000000000000000000 ) ) ;
#1543 = AXIS2_PLACEMENT_3D ( 'NONE', #1190, #284, #2804 ) ;
#1544 = DIRECTION ( 'NONE',  ( 0.0000000000000000000, 0.0000000000000000000, 1.000000000000000000 ) ) ;
#1545 = ORIENTED_EDGE ( 'NONE', *, *, #2719, .F. ) ;
#1546 = VERTEX_POINT ( 'NONE', #850 ) ;
#1547 = VECTOR ( 'NONE', #2690, 1000.000000000000000 ) ;
#1548 = LINE ( 'NONE', #839, #1375 ) ;
#1549 = CARTESIAN_POINT ( 'NONE',  ( -1.892018532905712637E-16, -1.899999957531689931, 1.600000000000000089 ) ) ;
#1550 = VERTEX_POINT ( 'NONE', #413 ) ;
#1551 = VECTOR ( 'NONE', #2132, 1000.000000000000000 ) ;
#1552 = DIRECTION ( 'NONE',  ( -9.957992501029599969E-17, -1.000000000000000000, 0.0000000000000000000 ) ) ;
#1553 = CARTESIAN_POINT ( 'NONE',  ( 2.500000000000000000, -1.510050506338830090, 2.000000000000000000 ) ) ;
#1554 = FACE_OUTER_BOUND ( 'NONE', #2155, .T. ) ;
#1555 = VECTOR ( 'NONE', #2982, 1000.000000000000000 ) ;
#1556 = CARTESIAN_POINT ( 'NONE',  ( -2.149999999999999911, -2.406231958185169884, 0.02376804181483100145 ) ) ;
#1557 = EDGE_CURVE ( 'NONE', #458, #2140, #1340, .T. ) ;
#1558 = ADVANCED_FACE ( 'NONE', ( #188 ), #1132, .T. ) ;
#1559 = EDGE_CURVE ( 'NONE', #1852, #2754, #1294, .T. ) ;
#1560 = ORIENTED_EDGE ( 'NONE', *, *, #2196, .F. ) ;
#1561 = CARTESIAN_POINT ( 'NONE',  ( 0.0000000000000000000, 0.0000000000000000000, 1.600000000000000089 ) ) ;
#1562 = LINE ( 'NONE', #2684, #2710 ) ;
#1563 = EDGE_CURVE ( 'NONE', #686, #1473, #1646, .T. ) ;
#1564 = LINE ( 'NONE', #414, #1020 ) ;
#1565 = VERTEX_POINT ( 'NONE', #441 ) ;
#1566 = CARTESIAN_POINT ( 'NONE',  ( -2.149999999999999911, -1.125000000000000000, 0.0000000000000000000 ) ) ;
#1567 = ORIENTED_EDGE ( 'NONE', *, *, #1049, .F. ) ;
#1568 = CARTESIAN_POINT ( 'NONE',  ( -1.350000000000000089, -1.000000000000000000, 0.1800000000000000211 ) ) ;
#1569 = AXIS2_PLACEMENT_3D ( 'NONE', #2410, #122, #1967 ) ;
#1570 = DIRECTION ( 'NONE',  ( -1.000000000000000000, 9.957992501029599969E-17, 0.0000000000000000000 ) ) ;
#1571 = LINE ( 'NONE', #1337, #782 ) ;
#1572 = CARTESIAN_POINT ( 'NONE',  ( -1.199999999999999956, 2.250000000000000000, 2.000000000000000000 ) ) ;
#1573 = LINE ( 'NONE', #2299, #338 ) ;
#1574 = VERTEX_POINT ( 'NONE', #2812 ) ;
#1575 = EDGE_CURVE ( 'NONE', #2921, #1838, #570, .T. ) ;
#1576 = CARTESIAN_POINT ( 'NONE',  ( -2.500000000000000000, 2.250000000000000000, 1.699999999999999956 ) ) ;
#1577 = DIRECTION ( 'NONE',  ( 0.0000000000000000000, 0.0000000000000000000, -1.000000000000000000 ) ) ;
#1578 = VERTEX_POINT ( 'NONE', #1572 ) ;
#1579 = FACE_OUTER_BOUND ( 'NONE', #2706, .T. ) ;
#1580 = EDGE_CURVE ( 'NONE', #2379, #70, #423, .T. ) ;
#1581 = CARTESIAN_POINT ( 'NONE',  ( -1.000000000000000000, -2.500000000000000000, 0.0000000000000000000 ) ) ;
#1582 = VERTEX_POINT ( 'NONE', #809 ) ;
#1583 = CARTESIAN_POINT ( 'NONE',  ( 1.000000000000000000, 2.500000000000000000, 2.000000000000000000 ) ) ;
#1584 = CARTESIAN_POINT ( 'NONE',  ( 1.883333333333329973, 2.279999999999999805, 0.0000000000000000000 ) ) ;
#1585 = DIRECTION ( 'NONE',  ( 0.0000000000000000000, 0.0000000000000000000, -1.000000000000000000 ) ) ;
#1586 = CARTESIAN_POINT ( 'NONE',  ( 1.350000000000000089, 2.429999999999999716, 0.0000000000000000000 ) ) ;
#1587 = VERTEX_POINT ( 'NONE', #634 ) ;
#1588 = EDGE_LOOP ( 'NONE', ( #391, #1906 ) ) ;
#1589 = LINE ( 'NONE', #680, #149 ) ;
#1590 = ADVANCED_FACE ( 'NONE', ( #146 ), #1996, .T. ) ;
#1591 = EDGE_LOOP ( 'NONE', ( #487, #110, #157, #2884 ) ) ;
#1592 = FILL_AREA_STYLE_COLOUR ( '', #408 ) ;
#1593 = AXIS2_PLACEMENT_3D ( 'NONE', #1166, #1380, #456 ) ;
#1594 = FACE_OUTER_BOUND ( 'NONE', #1677, .T. ) ;
#1595 = EDGE_LOOP ( 'NONE', ( #2961, #2773, #1016, #1299 ) ) ;
#1596 = LINE ( 'NONE', #930, #919 ) ;
#1597 = EDGE_CURVE ( 'NONE', #70, #693, #2642, .T. ) ;
#1598 = VECTOR ( 'NONE', #1192, 1000.000000000000000 ) ;
#1599 = EDGE_CURVE ( 'NONE', #2533, #2352, #1165, .T. ) ;
#1600 = ORIENTED_EDGE ( 'NONE', *, *, #2471, .T. ) ;
#1601 = CARTESIAN_POINT ( 'NONE',  ( 1.350000000000000089, 2.336351460713100181, -1.042711485915719985E-16 ) ) ;
#1602 = CARTESIAN_POINT ( 'NONE',  ( -1.883333333333329973, -2.279999999999999805, 0.0000000000000000000 ) ) ;
#1603 = DIRECTION ( 'NONE',  ( 0.0000000000000000000, 0.0000000000000000000, -1.000000000000000000 ) ) ;
#1604 = VECTOR ( 'NONE', #1577, 1000.000000000000000 ) ;
#1605 = FACE_OUTER_BOUND ( 'NONE', #2192, .T. ) ;
#1606 = AXIS2_PLACEMENT_3D ( 'NONE', #319, #1675, #1660 ) ;
#1607 = VERTEX_POINT ( 'NONE', #180 ) ;
#1608 = CARTESIAN_POINT ( 'NONE',  ( 2.149999999999999911, 2.279999999999999805, 0.0000000000000000000 ) ) ;
#1609 = AXIS2_PLACEMENT_3D ( 'NONE', #1173, #12, #940 ) ;
#1610 = DIRECTION ( 'NONE',  ( 0.0000000000000000000, 0.0000000000000000000, 1.000000000000000000 ) ) ;
#1611 = VERTEX_POINT ( 'NONE', #2024 ) ;
#1612 = STYLED_ITEM ( 'NONE', ( #1103 ), #1030 ) ;
#1613 = PLANE ( 'NONE',  #1123 ) ;
#1614 = ORIENTED_EDGE ( 'NONE', *, *, #1580, .T. ) ;
#1615 = LINE ( 'NONE', #33, #1324 ) ;
#1616 = AXIS2_PLACEMENT_3D ( 'NONE', #2248, #1540, #2263 ) ;
#1617 = EDGE_CURVE ( 'NONE', #1897, #1770, #1733, .T. ) ;
#1618 = PLANE ( 'NONE',  #2696 ) ;
#1619 = EDGE_LOOP ( 'NONE', ( #1930, #1429, #2728, #1399 ) ) ;
#1620 = ORIENTED_EDGE ( 'NONE', *, *, #2392, .T. ) ;
#1621 = DIRECTION ( 'NONE',  ( -9.957992501029599969E-17, -1.000000000000000000, 0.0000000000000000000 ) ) ;
#1622 = DIRECTION ( 'NONE',  ( 0.0000000000000000000, 0.0000000000000000000, -1.000000000000000000 ) ) ;
#1623 = CARTESIAN_POINT ( 'NONE',  ( 1.199999999999999956, 2.250000000000000000, 0.0000000000000000000 ) ) ;
#1624 = EDGE_LOOP ( 'NONE', ( #2968, #2555, #902, #2646 ) ) ;
#1625 = CARTESIAN_POINT ( 'NONE',  ( 1.350000000000000089, 2.429999999999999716, 0.0000000000000000000 ) ) ;
#1626 = ORIENTED_EDGE ( 'NONE', *, *, #1599, .T. ) ;
#1627 = DIRECTION ( 'NONE',  ( 0.0000000000000000000, 0.0000000000000000000, -1.000000000000000000 ) ) ;
#1628 = CARTESIAN_POINT ( 'NONE',  ( 2.500000000000000000, -1.350000000000000089, 2.000000000000000000 ) ) ;
#1629 = B_SPLINE_CURVE_WITH_KNOTS ( 'NONE', 3,
 ( #1774, #1753, #1959, #2447, #824, #1286, #806 ),
 .UNSPECIFIED., .F., .F.,
 ( 4, 3, 4 ),
 ( 0.0000000000000000000, 0.01639158027468580123, 0.03278316054937159552 ),
 .UNSPECIFIED. ) ;
#1630 = EDGE_CURVE ( 'NONE', #1924, #299, #2849, .T. ) ;
#1631 = DIRECTION ( 'NONE',  ( -9.957992501029599969E-17, -1.000000000000000000, 0.0000000000000000000 ) ) ;
#1632 = ADVANCED_FACE ( 'NONE', ( #923 ), #2718, .F. ) ;
#1633 = EDGE_LOOP ( 'NONE', ( #713, #2681, #2760, #1855, #589, #233, #1351, #1297, #914, #2641, #1134 ) ) ;
#1634 = EDGE_CURVE ( 'NONE', #298, #1502, #2835, .T. ) ;
#1635 = DIRECTION ( 'NONE',  ( 1.000000000000000000, 0.0000000000000000000, 0.0000000000000000000 ) ) ;
#1636 = CARTESIAN_POINT ( 'NONE',  ( -1.800000000000000044, 1.100000000000000089, 2.000000000000000000 ) ) ;
#1637 = EDGE_LOOP ( 'NONE', ( #1468, #770, #2017, #2964 ) ) ;
#1638 = LINE ( 'NONE', #2596, #2167 ) ;
#1639 = VERTEX_POINT ( 'NONE', #486 ) ;
#1640 = VECTOR ( 'NONE', #184, 1000.000000000000000 ) ;
#1641 = CARTESIAN_POINT ( 'NONE',  ( -1.000000000000000000, 2.500000000000000000, 2.000000000000000000 ) ) ;
#1642 = DIRECTION ( 'NONE',  ( 9.957992501029599969E-17, 1.000000000000000000, 0.0000000000000000000 ) ) ;
#1643 = ORIENTED_EDGE ( 'NONE', *, *, #2659, .T. ) ;
#1644 = CIRCLE ( 'NONE', #1489, 0.4000000000000000222 ) ;
#1645 = CARTESIAN_POINT ( 'NONE',  ( -1.616666666666670027, -2.336351460713100181, -1.042711485915719985E-16 ) ) ;
#1646 = LINE ( 'NONE', #472, #1978 ) ;
#1647 = CARTESIAN_POINT ( 'NONE',  ( 0.0000000000000000000, 0.0000000000000000000, 1.600000000000000089 ) ) ;
#1648 = AXIS2_PLACEMENT_3D ( 'NONE', #1478, #91, #1767 ) ;
#1649 = VERTEX_POINT ( 'NONE', #2103 ) ;
#1650 = EDGE_CURVE ( 'NONE', #788, #1732, #1405, .T. ) ;
#1651 = CARTESIAN_POINT ( 'NONE',  ( -1.000000000000000000, -2.500000000000000000, 2.000000000000000000 ) ) ;
#1652 = CARTESIAN_POINT ( 'NONE',  ( 1.350000000000000089, -2.500000000000000000, 1.699999999999999956 ) ) ;
#1653 = DIRECTION ( 'NONE',  ( 9.957992501029604900E-17, 1.000000000000000000, 0.0000000000000000000 ) ) ;
#1654 = FACE_OUTER_BOUND ( 'NONE', #2300, .T. ) ;
#1655 = PLANE ( 'NONE',  #1886 ) ;
#1656 = VERTEX_POINT ( 'NONE', #24 ) ;
#1657 = VECTOR ( 'NONE', #374, 1000.000000000000114 ) ;
#1658 = DIRECTION ( 'NONE',  ( 0.0000000000000000000, 0.0000000000000000000, 1.000000000000000000 ) ) ;
#1659 = FACE_OUTER_BOUND ( 'NONE', #1902, .T. ) ;
#1660 = DIRECTION ( 'NONE',  ( 0.0000000000000000000, 1.000000000000000000, 0.0000000000000000000 ) ) ;
#1661 =( GEOMETRIC_REPRESENTATION_CONTEXT ( 3 ) GLOBAL_UNCERTAINTY_ASSIGNED_CONTEXT ( ( #2061 ) ) GLOBAL_UNIT_ASSIGNED_CONTEXT ( ( #1750, #597, #1514 ) ) REPRESENTATION_CONTEXT ( 'NONE', 'WORKASPACE' ) );
#1662 = ORIENTED_EDGE ( 'NONE', *, *, #2162, .T. ) ;
#1663 = ORIENTED_EDGE ( 'NONE', *, *, #1108, .T. ) ;
#1664 = CARTESIAN_POINT ( 'NONE',  ( -2.500000000000000000, 2.250000000000000000, 2.000000000000000000 ) ) ;
#1665 = ADVANCED_FACE ( 'NONE', ( #1876 ), #720, .T. ) ;
#1666 = DIRECTION ( 'NONE',  ( 0.0000000000000000000, 0.0000000000000000000, -1.000000000000000000 ) ) ;
#1667 = CARTESIAN_POINT ( 'NONE',  ( -1.350000000000000089, -2.279999999999999805, 0.0000000000000000000 ) ) ;
#1668 = VERTEX_POINT ( 'NONE', #1393 ) ;
#1669 = FACE_OUTER_BOUND ( 'NONE', #450, .T. ) ;
#1670 = VERTEX_POINT ( 'NONE', #43 ) ;
#1671 = EDGE_CURVE ( 'NONE', #2036, #1607, #30, .T. ) ;
#1672 = CARTESIAN_POINT ( 'NONE',  ( -1.600000000000000089, 1.800000000000000044, 2.000000000000000000 ) ) ;
#1673 = ORIENTED_EDGE ( 'NONE', *, *, #2787, .F. ) ;
#1674 = PLANE ( 'NONE',  #2557 ) ;
#1675 = DIRECTION ( 'NONE',  ( 0.0000000000000000000, 0.0000000000000000000, -1.000000000000000000 ) ) ;
#1676 = ORIENTED_EDGE ( 'NONE', *, *, #795, .T. ) ;
#1677 = EDGE_LOOP ( 'NONE', ( #885, #1825, #2144, #1729 ) ) ;
#1678 = DIRECTION ( 'NONE',  ( 9.957992501029599969E-17, 1.000000000000000000, 0.0000000000000000000 ) ) ;
#1679 = CARTESIAN_POINT ( 'NONE',  ( -1.800000000000000044, 1.800000000000000044, 2.000000000000000000 ) ) ;
#1680 = CARTESIAN_POINT ( 'NONE',  ( -1.350000000000000089, 2.429999999999999716, 0.1499999999999999944 ) ) ;
#1681 = ORIENTED_EDGE ( 'NONE', *, *, #1304, .T. ) ;
#1682 = ADVANCED_FACE ( 'NONE', ( #496 ), #2338, .T. ) ;
#1683 = PLANE ( 'NONE',  #440 ) ;
#1684 = ORIENTED_EDGE ( 'NONE', *, *, #2860, .T. ) ;
#1685 = ORIENTED_EDGE ( 'NONE', *, *, #2832, .T. ) ;
#1686 = ADVANCED_FACE ( 'NONE', ( #1654, #745, #1129 ), #621, .T. ) ;
#1687 = CARTESIAN_POINT ( 'NONE',  ( -1.000000000000000000, 2.500000000000000000, 2.000000000000000000 ) ) ;
#1688 = DIRECTION ( 'NONE',  ( 0.0000000000000000000, 0.0000000000000000000, 1.000000000000000000 ) ) ;
#1689 = ORIENTED_EDGE ( 'NONE', *, *, #926, .F. ) ;
#1690 = AXIS2_PLACEMENT_3D ( 'NONE', #2230, #2826, #1483 ) ;
#1691 = ORIENTED_EDGE ( 'NONE', *, *, #518, .F. ) ;
#1692 = AXIS2_PLACEMENT_3D ( 'NONE', #1273, #1093, #1300 ) ;
#1693 = VECTOR ( 'NONE', #2702, 1000.000000000000000 ) ;
#1694 = DIRECTION ( 'NONE',  ( 1.000000000000000000, -9.957992501029599969E-17, 0.0000000000000000000 ) ) ;
#1695 = CARTESIAN_POINT ( 'NONE',  ( -1.875000000000000000, 1.350000034645199909, 1.899999999999999911 ) ) ;
#1696 = CARTESIAN_POINT ( 'NONE',  ( -2.149999999999999911, 2.500000000000000000, 0.1800000000000000211 ) ) ;
#1697 = AXIS2_PLACEMENT_3D ( 'NONE', #2499, #1124, #2297 ) ;
#1698 = CARTESIAN_POINT ( 'NONE',  ( -2.149999999999999911, -2.250000000000000000, 0.0000000000000000000 ) ) ;
#1699 = ORIENTED_EDGE ( 'NONE', *, *, #175, .F. ) ;
#1700 = ORIENTED_EDGE ( 'NONE', *, *, #2157, .F. ) ;
#1701 = VECTOR ( 'NONE', #2414, 1000.000000000000000 ) ;
#1702 = DIRECTION ( 'NONE',  ( 0.0000000000000000000, 0.0000000000000000000, 1.000000000000000000 ) ) ;
#1703 = VECTOR ( 'NONE', #2330, 1000.000000000000000 ) ;
#1704 = LINE ( 'NONE', #84, #152 ) ;
#1705 = ORIENTED_EDGE ( 'NONE', *, *, #2288, .T. ) ;
#1706 = VECTOR ( 'NONE', #2253, 1000.000000000000114 ) ;
#1707 = ORIENTED_EDGE ( 'NONE', *, *, #1179, .T. ) ;
#1708 = EDGE_CURVE ( 'NONE', #1578, #1293, #1010, .T. ) ;
#1709 = AXIS2_PLACEMENT_3D ( 'NONE', #699, #2776, #1425 ) ;
#1710 = PLANE ( 'NONE',  #2040 ) ;
#1711 = EDGE_LOOP ( 'NONE', ( #2852, #2819, #976, #1062 ) ) ;
#1712 = CARTESIAN_POINT ( 'NONE',  ( -1.350000000000000089, -1.000000000000000000, 0.1800000000000000211 ) ) ;
#1713 = CARTESIAN_POINT ( 'NONE',  ( -1.949999999999999956, 2.429999999999999716, 1.000000000000000000 ) ) ;
#1714 = VERTEX_POINT ( 'NONE', #1532 ) ;
#1715 = CARTESIAN_POINT ( 'NONE',  ( 1.350000000000000089, 2.429999999999999716, 0.1499999999999999944 ) ) ;
#1716 =( NAMED_UNIT ( * ) SI_UNIT ( $, .STERADIAN. ) SOLID_ANGLE_UNIT ( ) );
#1717 = ORIENTED_EDGE ( 'NONE', *, *, #1630, .F. ) ;
#1718 = DIRECTION ( 'NONE',  ( 0.0000000000000000000, -1.000000000000000000, 0.0000000000000000000 ) ) ;
#1719 = CARTESIAN_POINT ( 'NONE',  ( 1.000000000000000000, 2.500000000000000000, 0.0000000000000000000 ) ) ;
#1720 = FACE_OUTER_BOUND ( 'NONE', #1193, .T. ) ;
#1721 = EDGE_CURVE ( 'NONE', #971, #2268, #476, .T. ) ;
#1722 = ORIENTED_EDGE ( 'NONE', *, *, #1172, .F. ) ;
#1723 = EDGE_CURVE ( 'NONE', #762, #758, #1272, .T. ) ;
#1724 = EDGE_CURVE ( 'NONE', #1276, #1473, #1150, .T. ) ;
#1725 = ORIENTED_EDGE ( 'NONE', *, *, #2783, .F. ) ;
#1726 = FACE_OUTER_BOUND ( 'NONE', #1539, .T. ) ;
#1727 = PLANE ( 'NONE',  #1277 ) ;
#1728 = CARTESIAN_POINT ( 'NONE',  ( -1.350000000000000089, 1.000000000000000000, 0.0000000000000000000 ) ) ;
#1729 = ORIENTED_EDGE ( 'NONE', *, *, #2926, .F. ) ;
#1730 = SURFACE_SIDE_STYLE ('',( #1269 ) ) ;
#1731 = SURFACE_SIDE_STYLE ('',( #2629 ) ) ;
#1732 = VERTEX_POINT ( 'NONE', #1839 ) ;
#1733 = LINE ( 'NONE', #1568, #1261 ) ;
#1734 = CARTESIAN_POINT ( 'NONE',  ( -1.350000000000000089, 2.336351460713100181, -6.516946786973231415E-18 ) ) ;
#1735 = CARTESIAN_POINT ( 'NONE',  ( -1.350000000000000089, 1.549999965354800002, 1.899999999999999911 ) ) ;
#1736 = ORIENTED_EDGE ( 'NONE', *, *, #1671, .F. ) ;
#1737 = CARTESIAN_POINT ( 'NONE',  ( -2.149999999999999911, -2.500000000000000000, 0.0000000000000000000 ) ) ;
#1738 = ORIENTED_EDGE ( 'NONE', *, *, #2064, .T. ) ;
#1739 = VECTOR ( 'NONE', #82, 1000.000000000000000 ) ;
#1740 = AXIS2_PLACEMENT_3D ( 'NONE', #83, #997, #1199 ) ;
#1741 = DIRECTION ( 'NONE',  ( 0.0000000000000000000, 0.0000000000000000000, 1.000000000000000000 ) ) ;
#1742 = B_SPLINE_CURVE_WITH_KNOTS ( 'NONE', 3,
 ( #2350, #74, #533, #2594, #548, #1465, #1249 ),
 .UNSPECIFIED., .F., .F.,
 ( 4, 3, 4 ),
 ( 0.0000000000000000000, 0.01639158027489200087, 0.03278316054978389765 ),
 .UNSPECIFIED. ) ;
#1743 = VECTOR ( 'NONE', #1678, 1000.000000000000000 ) ;
#1744 = DIRECTION ( 'NONE',  ( 0.0000000000000000000, 0.0000000000000000000, 1.000000000000000000 ) ) ;
#1745 = ADVANCED_FACE ( 'NONE', ( #2496 ), #701, .F. ) ;
#1746 = CARTESIAN_POINT ( 'NONE',  ( 1.510050506338830090, -2.500000000000000000, 1.699999999999999956 ) ) ;
#1747 = CARTESIAN_POINT ( 'NONE',  ( 1.842228612690480241E-16, 1.850000000000000089, 0.2999999999999999889 ) ) ;
#1748 = EDGE_LOOP ( 'NONE', ( #1784, #1676, #2716, #1815 ) ) ;
#1749 = DIRECTION ( 'NONE',  ( 1.000000000000000000, 0.0000000000000000000, 0.0000000000000000000 ) ) ;
#1750 =( LENGTH_UNIT ( ) NAMED_UNIT ( * ) SI_UNIT ( .MILLI., .METRE. ) );
#1751 = ORIENTED_EDGE ( 'NONE', *, *, #435, .F. ) ;
#1752 = AXIS2_PLACEMENT_3D ( 'NONE', #2382, #1464, #324 ) ;
#1753 = CARTESIAN_POINT ( 'NONE',  ( -2.149999999999999911, -2.336351460713100181, -1.042711485915719985E-16 ) ) ;
#1754 = B_SPLINE_CURVE_WITH_KNOTS ( 'NONE', 3,
 ( #631, #2645, #1776, #386 ),
 .UNSPECIFIED., .F., .F.,
 ( 4, 4 ),
 ( -0.02000000000000000042, 0.05999999999999999778 ),
 .UNSPECIFIED. ) ;
#1755 = VECTOR ( 'NONE', #369, 1000.000000000000000 ) ;
#1756 = LINE ( 'NONE', #845, #2898 ) ;
#1757 = DIRECTION ( 'NONE',  ( -9.957992501029599969E-17, -1.000000000000000000, 0.0000000000000000000 ) ) ;
#1758 = AXIS2_PLACEMENT_3D ( 'NONE', #731, #1627, #1391 ) ;
#1759 = CARTESIAN_POINT ( 'NONE',  ( -1.616666666666670027, -2.429999999999999716, 0.09364853928690050622 ) ) ;
#1760 = ORIENTED_EDGE ( 'NONE', *, *, #619, .F. ) ;
#1761 = CIRCLE ( 'NONE', #2271, 1.899999957531689931 ) ;
#1762 = MECHANICAL_DESIGN_GEOMETRIC_PRESENTATION_REPRESENTATION (  '', ( #2375 ), #457 ) ;
#1763 = VERTEX_POINT ( 'NONE', #2384 ) ;
#1764 = VECTOR ( 'NONE', #2032, 1000.000000000000000 ) ;
#1765 = DIRECTION ( 'NONE',  ( 0.0000000000000000000, 0.0000000000000000000, 1.000000000000000000 ) ) ;
#1766 = DIRECTION ( 'NONE',  ( -1.000000000000000000, 9.957992501029599969E-17, 0.0000000000000000000 ) ) ;
#1767 = DIRECTION ( 'NONE',  ( 0.0000000000000000000, 0.0000000000000000000, -1.000000000000000000 ) ) ;
#1768 = ADVANCED_FACE ( 'NONE', ( #1252 ), #2675, .F. ) ;
#1769 = VERTEX_POINT ( 'NONE', #1047 ) ;
#1770 = VERTEX_POINT ( 'NONE', #586 ) ;
#1771 = LINE ( 'NONE', #1480, #2520 ) ;
#1772 = LINE ( 'NONE', #2462, #2422 ) ;
#1773 = VERTEX_POINT ( 'NONE', #350 ) ;
#1774 = CARTESIAN_POINT ( 'NONE',  ( -2.149999999999999911, -2.279999999999999805, 0.0000000000000000000 ) ) ;
#1775 = EDGE_CURVE ( 'NONE', #495, #2069, #147, .T. ) ;
#1776 = CARTESIAN_POINT ( 'NONE',  ( 1.883333333333329973, 2.279999999999999805, 0.0000000000000000000 ) ) ;
#1777 = PLANE ( 'NONE',  #1178 ) ;
#1778 = CARTESIAN_POINT ( 'NONE',  ( -1.199999999999999956, 2.250000000000000000, 0.0000000000000000000 ) ) ;
#1779 = VERTEX_POINT ( 'NONE', #1290 ) ;
#1780 = ORIENTED_EDGE ( 'NONE', *, *, #2659, .F. ) ;
#1781 = CARTESIAN_POINT ( 'NONE',  ( 1.350000000000000089, 2.250000000000000000, 0.0000000000000000000 ) ) ;
#1782 = CARTESIAN_POINT ( 'NONE',  ( 1.350000000000000089, 2.429999999999999716, 0.1499999999999999944 ) ) ;
#1783 = CARTESIAN_POINT ( 'NONE',  ( -1.600000000000000089, 1.800000000000000044, 1.899999999999999911 ) ) ;
#1784 = ORIENTED_EDGE ( 'NONE', *, *, #838, .T. ) ;
#1785 = FILL_AREA_STYLE_COLOUR ( '', #355 ) ;
#1786 = LINE ( 'NONE', #2241, #2805 ) ;
#1787 = ORIENTED_EDGE ( 'NONE', *, *, #2860, .F. ) ;
#1788 = FACE_OUTER_BOUND ( 'NONE', #2854, .T. ) ;
#1789 = LINE ( 'NONE', #2872, #2651 ) ;
#1790 = CARTESIAN_POINT ( 'NONE',  ( 0.0000000000000000000, 0.0000000000000000000, 1.699999999999999956 ) ) ;
#1791 = ADVANCED_FACE ( 'NONE', ( #794 ), #2875, .F. ) ;
#1792 = EDGE_CURVE ( 'NONE', #2821, #2591, #2194, .T. ) ;
#1793 = CARTESIAN_POINT ( 'NONE',  ( 1.199999999999999956, 2.250000000000000000, 0.1800000000000000211 ) ) ;
#1794 = ORIENTED_EDGE ( 'NONE', *, *, #454, .T. ) ;
#1795 = DIRECTION ( 'NONE',  ( 0.0000000000000000000, -1.000000000000000000, 0.0000000000000000000 ) ) ;
#1796 = FILL_AREA_STYLE_COLOUR ( '', #1082 ) ;
#1797 = AXIS2_PLACEMENT_3D ( 'NONE', #2667, #1275, #1962 ) ;
#1798 = LINE ( 'NONE', #427, #1693 ) ;
#1799 = ORIENTED_EDGE ( 'NONE', *, *, #2288, .F. ) ;
#1800 = AXIS2_PLACEMENT_3D ( 'NONE', #2937, #2256, #449 ) ;
#1801 = LINE ( 'NONE', #463, #1706 ) ;
#1802 = LINE ( 'NONE', #627, #1905 ) ;
#1803 = VERTEX_POINT ( 'NONE', #2914 ) ;
#1804 = VECTOR ( 'NONE', #2348, 1000.000000000000000 ) ;
#1805 = PLANE ( 'NONE',  #532 ) ;
#1806 = PLANE ( 'NONE',  #2608 ) ;
#1807 = LINE ( 'NONE', #130, #105 ) ;
#1808 = SURFACE_SIDE_STYLE ('',( #874 ) ) ;
#1809 = EDGE_LOOP ( 'NONE', ( #1208, #1522, #2007, #544, #2671, #1684, #2868, #2546, #2431, #1600, #1255, #2127 ) ) ;
#1810 = FACE_OUTER_BOUND ( 'NONE', #2151, .T. ) ;
#1811 = CARTESIAN_POINT ( 'NONE',  ( -2.500000000000000000, -2.250000000000000000, 1.699999999999999956 ) ) ;
#1812 = CARTESIAN_POINT ( 'NONE',  ( -2.050000000000000266, 1.350000034645199909, 2.000000000000000000 ) ) ;
#1813 = ORIENTED_EDGE ( 'NONE', *, *, #988, .F. ) ;
#1814 = CARTESIAN_POINT ( 'NONE',  ( -1.000000000000000000, -2.500000000000000000, 1.699999999999999956 ) ) ;
#1815 = ORIENTED_EDGE ( 'NONE', *, *, #876, .F. ) ;
#1816 = DIRECTION ( 'NONE',  ( -1.000000000000000000, 9.957992501029599969E-17, 0.0000000000000000000 ) ) ;
#1817 = LINE ( 'NONE', #2068, #2944 ) ;
#1818 = CARTESIAN_POINT ( 'NONE',  ( -1.199999999999999956, -2.250000000000000000, 0.0000000000000000000 ) ) ;
#1819 = CARTESIAN_POINT ( 'NONE',  ( 1.399999999999999911, 0.3999999999999999112, 2.000000000000000000 ) ) ;
#1820 = EDGE_CURVE ( 'NONE', #693, #2828, #861, .T. ) ;
#1821 = ORIENTED_EDGE ( 'NONE', *, *, #1966, .T. ) ;
#1822 = EDGE_CURVE ( 'NONE', #1656, #811, #810, .T. ) ;
#1823 = EDGE_CURVE ( 'NONE', #585, #1842, #2179, .T. ) ;
#1824 = LINE ( 'NONE', #2730, #297 ) ;
#1825 = ORIENTED_EDGE ( 'NONE', *, *, #1708, .T. ) ;
#1826 = CARTESIAN_POINT ( 'NONE',  ( -1.000000000000000000, -2.500000000000000000, 0.0000000000000000000 ) ) ;
#1827 = PLANE ( 'NONE',  #1184 ) ;
#1828 = VERTEX_POINT ( 'NONE', #1778 ) ;
#1829 = CARTESIAN_POINT ( 'NONE',  ( -1.350000000000000089, 2.250000000000000000, 0.1800000000000000211 ) ) ;
#1830 = ORIENTED_EDGE ( 'NONE', *, *, #1870, .F. ) ;
#1831 = FACE_OUTER_BOUND ( 'NONE', #2864, .T. ) ;
#1832 = LINE ( 'NONE', #2741, #2031 ) ;
#1833 = ORIENTED_EDGE ( 'NONE', *, *, #932, .T. ) ;
#1834 = DIRECTION ( 'NONE',  ( 0.0000000000000000000, 0.0000000000000000000, -1.000000000000000000 ) ) ;
#1835 = EDGE_CURVE ( 'NONE', #1546, #2277, #2229, .T. ) ;
#1836 =( NAMED_UNIT ( * ) PLANE_ANGLE_UNIT ( ) SI_UNIT ( $, .RADIAN. ) );
#1837 = CARTESIAN_POINT ( 'NONE',  ( -1.800000000000000044, 1.100000000000000089, 1.899999999999999911 ) ) ;
#1838 = VERTEX_POINT ( 'NONE', #118 ) ;
#1839 = CARTESIAN_POINT ( 'NONE',  ( 1.199999999999999956, 2.250000000000000000, 2.000000000000000000 ) ) ;
#1840 = CARTESIAN_POINT ( 'NONE',  ( 1.350000000000000089, 2.279999999999999805, 0.0000000000000000000 ) ) ;
#1841 = VECTOR ( 'NONE', #195, 1000.000000000000000 ) ;
#1842 = VERTEX_POINT ( 'NONE', #620 ) ;
#1843 = DIRECTION ( 'NONE',  ( 1.000000000000000000, -9.957992501029599969E-17, 0.0000000000000000000 ) ) ;
#1844 = VECTOR ( 'NONE', #2867, 1000.000000000000000 ) ;
#1845 = FACE_OUTER_BOUND ( 'NONE', #1487, .T. ) ;
#1846 = ORIENTED_EDGE ( 'NONE', *, *, #2657, .F. ) ;
#1847 = ORIENTED_EDGE ( 'NONE', *, *, #593, .F. ) ;
#1848 = VECTOR ( 'NONE', #2435, 1000.000000000000000 ) ;
#1849 = CARTESIAN_POINT ( 'NONE',  ( -2.149999999999999911, 1.000000000000000000, 0.1800000000000000211 ) ) ;
#1850 = VECTOR ( 'NONE', #1287, 1000.000000000000000 ) ;
#1851 = CARTESIAN_POINT ( 'NONE',  ( 1.199999999999999956, 2.250000000000000000, 1.699999999999999956 ) ) ;
#1852 = VERTEX_POINT ( 'NONE', #1976 ) ;
#1853 = ADVANCED_FACE ( 'NONE', ( #1720 ), #2207, .T. ) ;
#1854 = DIRECTION ( 'NONE',  ( -1.000000000000000000, 9.957992501029599969E-17, 0.0000000000000000000 ) ) ;
#1855 = ORIENTED_EDGE ( 'NONE', *, *, #2399, .T. ) ;
#1856 = CARTESIAN_POINT ( 'NONE',  ( 1.350000000000000089, 2.429999999999999716, 0.1499999999999999944 ) ) ;
#1857 = CARTESIAN_POINT ( 'NONE',  ( -2.149999999999999911, -2.250000000000000000, 0.0000000000000000000 ) ) ;
#1858 = VECTOR ( 'NONE', #2554, 1000.000000000000000 ) ;
#1859 = EDGE_CURVE ( 'NONE', #458, #1075, #2421, .T. ) ;
#1860 = LINE ( 'NONE', #1420, #2598 ) ;
#1861 = ORIENTED_EDGE ( 'NONE', *, *, #1064, .T. ) ;
#1862 = ORIENTED_EDGE ( 'NONE', *, *, #1874, .T. ) ;
#1863 = CARTESIAN_POINT ( 'NONE',  ( 2.149999999999999911, 1.000000000000000000, 0.0000000000000000000 ) ) ;
#1864 = FACE_OUTER_BOUND ( 'NONE', #448, .T. ) ;
#1865 = DIRECTION ( 'NONE',  ( 0.0000000000000000000, 0.0000000000000000000, 1.000000000000000000 ) ) ;
#1866 = ORIENTED_EDGE ( 'NONE', *, *, #949, .F. ) ;
#1867 = DIRECTION ( 'NONE',  ( -9.957992501029599969E-17, -1.000000000000000000, 0.0000000000000000000 ) ) ;
#1868 = ORIENTED_EDGE ( 'NONE', *, *, #2606, .T. ) ;
#1869 = CARTESIAN_POINT ( 'NONE',  ( -2.149999999999999911, -2.250000000000000000, 1.000000000000000000 ) ) ;
#1870 = EDGE_CURVE ( 'NONE', #1828, #1504, #847, .T. ) ;
#1871 = DIRECTION ( 'NONE',  ( 1.000000000000000000, -9.957992501029599969E-17, 0.0000000000000000000 ) ) ;
#1872 = CARTESIAN_POINT ( 'NONE',  ( -1.350000000000000089, 2.250000000000000000, 0.0000000000000000000 ) ) ;
#1873 = EDGE_LOOP ( 'NONE', ( #891, #1833, #2615, #2238 ) ) ;
#1874 = EDGE_CURVE ( 'NONE', #2536, #2966, #167, .T. ) ;
#1875 = ADVANCED_FACE ( 'NONE', ( #2470 ), #2246, .T. ) ;
#1876 = FACE_OUTER_BOUND ( 'NONE', #2324, .T. ) ;
#1877 = ORIENTED_EDGE ( 'NONE', *, *, #2712, .F. ) ;
#1878 = CARTESIAN_POINT ( 'NONE',  ( 1.350000000000000089, 1.000000000000000000, 0.0000000000000000000 ) ) ;
#1879 = CARTESIAN_POINT ( 'NONE',  ( -1.883333333333329973, -2.279999999999999805, 0.0000000000000000000 ) ) ;
#1880 = ORIENTED_EDGE ( 'NONE', *, *, #2960, .F. ) ;
#1881 = LINE ( 'NONE', #1176, #873 ) ;
#1882 = VERTEX_POINT ( 'NONE', #2861 ) ;
#1883 = VECTOR ( 'NONE', #1518, 1000.000000000000000 ) ;
#1884 = CYLINDRICAL_SURFACE ( 'NONE', #256, 1.899999957531689931 ) ;
#1885 = DIRECTION ( 'NONE',  ( 1.000000000000000000, -9.957992501029599969E-17, 0.0000000000000000000 ) ) ;
#1886 = AXIS2_PLACEMENT_3D ( 'NONE', #2310, #756, #31 ) ;
#1887 = DIRECTION ( 'NONE',  ( -0.0000000000000000000, 1.000000000000000000, 0.0000000000000000000 ) ) ;
#1888 = LINE ( 'NONE', #963, #778 ) ;
#1889 = VERTEX_POINT ( 'NONE', #2084 ) ;
#1890 = VECTOR ( 'NONE', #1741, 1000.000000000000000 ) ;
#1891 = ORIENTED_EDGE ( 'NONE', *, *, #2879, .T. ) ;
#1892 = EDGE_CURVE ( 'NONE', #193, #1442, #2532, .T. ) ;
#1893 = PLANE ( 'NONE',  #2699 ) ;
#1894 = ORIENTED_EDGE ( 'NONE', *, *, #2289, .T. ) ;
#1895 = DIRECTION ( 'NONE',  ( -1.000000000000000000, 9.957992501029599969E-17, 0.0000000000000000000 ) ) ;
#1896 = CARTESIAN_POINT ( 'NONE',  ( -2.149999999999999911, 2.500000000000000000, 0.0000000000000000000 ) ) ;
#1897 = VERTEX_POINT ( 'NONE', #2485 ) ;
#1898 = LINE ( 'NONE', #1625, #2793 ) ;
#1899 = ORIENTED_EDGE ( 'NONE', *, *, #2863, .T. ) ;
#1900 = VECTOR ( 'NONE', #1871, 1000.000000000000000 ) ;
#1901 = FACE_OUTER_BOUND ( 'NONE', #605, .T. ) ;
#1902 = EDGE_LOOP ( 'NONE', ( #1794, #1964, #749, #340 ) ) ;
#1903 = COLOUR_RGB ( '',0.2509803921568627416, 0.2509803921568627416, 0.2509803921568627416 ) ;
#1904 = DIRECTION ( 'NONE',  ( -9.957992501029599969E-17, -1.000000000000000000, 0.0000000000000000000 ) ) ;
#1905 = VECTOR ( 'NONE', #855, 1000.000000000000000 ) ;
#1906 = ORIENTED_EDGE ( 'NONE', *, *, #817, .T. ) ;
#1907 = CARTESIAN_POINT ( 'NONE',  ( 1.910882877403797994E-16, 1.550000000000000266, 0.0000000000000000000 ) ) ;
#1908 = B_SPLINE_SURFACE_WITH_KNOTS ( 'NONE', 3, 3, ( 
 ( #2042, #1584, #1362, #2098 ),
 ( #1140, #2739, #1390, #1601 ),
 ( #452, #1378, #18, #2997 ),
 ( #2285, #228, #704, #2981 ),
 ( #240, #688, #2543, #1856 ) ),
 .UNSPECIFIED., .F., .F., .F.,
 ( 4, 1, 4 ),
 ( 4, 4 ),
 ( 0.0000000000000000000, 0.5000000000000000000, 1.000000000000000000 ),
 ( -0.05999999999999999778, 0.02000000000000000042 ),
 .UNSPECIFIED. ) ;
#1909 = EDGE_CURVE ( 'NONE', #2754, #96, #1832, .T. ) ;
#1910 = CARTESIAN_POINT ( 'NONE',  ( -1.616666666666670027, 2.429999999999999716, 0.09364853928690050622 ) ) ;
#1911 = ADVANCED_FACE ( 'NONE', ( #1392 ), #675, .F. ) ;
#1912 = DIRECTION ( 'NONE',  ( -9.957992501029599969E-17, -1.000000000000000000, 0.0000000000000000000 ) ) ;
#1913 = ORIENTED_EDGE ( 'NONE', *, *, #1823, .F. ) ;
#1914 = VERTEX_POINT ( 'NONE', #2517 ) ;
#1915 = DIRECTION ( 'NONE',  ( 0.0000000000000000000, 0.0000000000000000000, 1.000000000000000000 ) ) ;
#1916 = FACE_OUTER_BOUND ( 'NONE', #2502, .T. ) ;
#1917 = VERTEX_POINT ( 'NONE', #706 ) ;
#1918 = ORIENTED_EDGE ( 'NONE', *, *, #2304, .F. ) ;
#1919 = DIRECTION ( 'NONE',  ( 0.0000000000000000000, -1.000000000000000000, 0.0000000000000000000 ) ) ;
#1920 = DIRECTION ( 'NONE',  ( 0.0000000000000000000, -1.000000000000000000, 0.0000000000000000000 ) ) ;
#1921 = ORIENTED_EDGE ( 'NONE', *, *, #1979, .F. ) ;
#1922 = LINE ( 'NONE', #2136, #2987 ) ;
#1923 = EDGE_CURVE ( 'NONE', #101, #1574, #1573, .T. ) ;
#1924 = VERTEX_POINT ( 'NONE', #424 ) ;
#1925 = DIRECTION ( 'NONE',  ( 9.957992501029599969E-17, 1.000000000000000000, 0.0000000000000000000 ) ) ;
#1926 = FILL_AREA_STYLE_COLOUR ( '', #1903 ) ;
#1927 = ORIENTED_EDGE ( 'NONE', *, *, #724, .F. ) ;
#1928 = ADVANCED_FACE ( 'NONE', ( #1605 ), #1111, .F. ) ;
#1929 = CARTESIAN_POINT ( 'NONE',  ( -1.350000000000000089, 2.279999999999999805, 0.0000000000000000000 ) ) ;
#1930 = ORIENTED_EDGE ( 'NONE', *, *, #518, .T. ) ;
#1931 = VECTOR ( 'NONE', #2677, 1000.000000000000000 ) ;
#1932 = CIRCLE ( 'NONE', #581, 1.899999957531689931 ) ;
#1933 = CARTESIAN_POINT ( 'NONE',  ( -2.149999999999999911, 2.371291709449129925, 0.01188402090741559960 ) ) ;
#1934 = VERTEX_POINT ( 'NONE', #2970 ) ;
#1935 = CARTESIAN_POINT ( 'NONE',  ( -2.149999999999999911, 2.279999999999999805, 0.0000000000000000000 ) ) ;
#1936 = VECTOR ( 'NONE', #2570, 1000.000000000000000 ) ;
#1937 = CARTESIAN_POINT ( 'NONE',  ( 2.500000000000000000, 1.125000000000000000, 1.699999999999999956 ) ) ;
#1938 = ORIENTED_EDGE ( 'NONE', *, *, #1244, .T. ) ;
#1939 = DIRECTION ( 'NONE',  ( 0.0000000000000000000, 0.0000000000000000000, -1.000000000000000000 ) ) ;
#1940 = ORIENTED_EDGE ( 'NONE', *, *, #1723, .T. ) ;
#1941 = CARTESIAN_POINT ( 'NONE',  ( 1.350000000000000089, 2.371291709449129925, 0.01188402090741540011 ) ) ;
#1942 = DIRECTION ( 'NONE',  ( 0.0000000000000000000, 0.0000000000000000000, -1.000000000000000000 ) ) ;
#1943 = CLOSED_SHELL ( 'NONE', ( #890, #1234, #303, #2620, #507, #150, #1686, #276, #2493, #1461, #2957, #1156, #871, #1928, #1031, #812, #1107, #2131, #1682, #931, #743, #15, #1126, #1875, #1197, #2025, #1344, #2692, #393, #2822, #265, #1632, #559, #272 ) ) ;
#1944 = DIRECTION ( 'NONE',  ( 1.000000000000000000, -9.957992501029599969E-17, 0.0000000000000000000 ) ) ;
#1945 = ORIENTED_EDGE ( 'NONE', *, *, #1266, .F. ) ;
#1946 = EDGE_CURVE ( 'NONE', #1917, #979, #1366, .T. ) ;
#1947 = ADVANCED_FACE ( 'NONE', ( #200 ), #469, .T. ) ;
#1948 = CARTESIAN_POINT ( 'NONE',  ( -1.199999999999999956, 2.250000000000000000, 0.0000000000000000000 ) ) ;
#1949 = VERTEX_POINT ( 'NONE', #662 ) ;
#1950 = VECTOR ( 'NONE', #2066, 1000.000000000000000 ) ;
#1951 =( LENGTH_UNIT ( ) NAMED_UNIT ( * ) SI_UNIT ( .MILLI., .METRE. ) );
#1952 = PLANE ( 'NONE',  #1233 ) ;
#1953 = SURFACE_STYLE_FILL_AREA ( #816 ) ;
#1954 = CARTESIAN_POINT ( 'NONE',  ( -2.125000000000000000, 2.250000000000000000, 0.1800000000000000211 ) ) ;
#1955 = VERTEX_POINT ( 'NONE', #2711 ) ;
#1956 = DIRECTION ( 'NONE',  ( 9.957992501029604900E-17, 1.000000000000000000, 0.0000000000000000000 ) ) ;
#1957 = LINE ( 'NONE', #66, #263 ) ;
#1958 = ORIENTED_EDGE ( 'NONE', *, *, #1721, .T. ) ;
#1959 = CARTESIAN_POINT ( 'NONE',  ( -2.149999999999999911, -2.371291709449129925, 0.01188402090741540011 ) ) ;
#1960 = CARTESIAN_POINT ( 'NONE',  ( 2.500000000000000000, 2.250000000000000000, 2.000000000000000000 ) ) ;
#1961 = EDGE_LOOP ( 'NONE', ( #2794, #425, #2365, #1430 ) ) ;
#1962 = DIRECTION ( 'NONE',  ( -9.957992501029599969E-17, -1.000000000000000000, 0.0000000000000000000 ) ) ;
#1963 = ADVANCED_FACE ( 'NONE', ( #1845 ), #1618, .F. ) ;
#1964 = ORIENTED_EDGE ( 'NONE', *, *, #1217, .T. ) ;
#1965 = FILL_AREA_STYLE_COLOUR ( '', #2511 ) ;
#1966 = EDGE_CURVE ( 'NONE', #1611, #471, #2045, .T. ) ;
#1967 = DIRECTION ( 'NONE',  ( 0.0000000000000000000, -1.000000000000000000, 0.0000000000000000000 ) ) ;
#1968 = FACE_BOUND ( 'NONE', #384, .T. ) ;
#1969 = CARTESIAN_POINT ( 'NONE',  ( -2.149999999999999911, 1.000000000000000000, 0.0000000000000000000 ) ) ;
#1970 = ORIENTED_EDGE ( 'NONE', *, *, #2926, .T. ) ;
#1971 = PLANE ( 'NONE',  #933 ) ;
#1972 = ORIENTED_EDGE ( 'NONE', *, *, #1477, .F. ) ;
#1973 = CARTESIAN_POINT ( 'NONE',  ( -2.149999999999999911, 2.250000000000000000, 0.0000000000000000000 ) ) ;
#1974 = DIRECTION ( 'NONE',  ( 9.957992501029604900E-17, 1.000000000000000000, 0.0000000000000000000 ) ) ;
#1975 = DIRECTION ( 'NONE',  ( 0.0000000000000000000, 0.0000000000000000000, 1.000000000000000000 ) ) ;
#1976 = CARTESIAN_POINT ( 'NONE',  ( 1.510050506338830090, -2.500000000000000000, 1.699999999999999956 ) ) ;
#1977 = EDGE_LOOP ( 'NONE', ( #2114, #2735, #2327, #2767 ) ) ;
#1978 = VECTOR ( 'NONE', #950, 1000.000000000000000 ) ;
#1979 = EDGE_CURVE ( 'NONE', #2966, #1434, #2757, .T. ) ;
#1980 = CIRCLE ( 'NONE', #677, 0.2999999999999999334 ) ;
#1981 = CARTESIAN_POINT ( 'NONE',  ( 1.199999999999999956, 2.250000000000000000, 0.0000000000000000000 ) ) ;
#1982 = VECTOR ( 'NONE', #2428, 1000.000000000000000 ) ;
#1983 = DIRECTION ( 'NONE',  ( 0.7071067811865474617, 0.7071067811865474617, 0.0000000000000000000 ) ) ;
#1984 = LINE ( 'NONE', #2215, #2468 ) ;
#1985 = ADVANCED_FACE ( 'NONE', ( #2983 ), #2942, .T. ) ;
#1986 = DIRECTION ( 'NONE',  ( -0.7071067811865475727, 0.7071067811865475727, 0.0000000000000000000 ) ) ;
#1987 = ORIENTED_EDGE ( 'NONE', *, *, #2550, .T. ) ;
#1988 = DIRECTION ( 'NONE',  ( 9.957992501029604900E-17, 1.000000000000000000, 0.0000000000000000000 ) ) ;
#1989 = DIRECTION ( 'NONE',  ( 0.0000000000000000000, 0.0000000000000000000, -1.000000000000000000 ) ) ;
#1990 = VERTEX_POINT ( 'NONE', #2545 ) ;
#1991 = VECTOR ( 'NONE', #164, 1000.000000000000000 ) ;
#1992 = LINE ( 'NONE', #2909, #1404 ) ;
#1993 = DIRECTION ( 'NONE',  ( 0.6246950475544248427, 0.7808688094430298321, 0.0000000000000000000 ) ) ;
#1994 = CARTESIAN_POINT ( 'NONE',  ( 2.149999999999999911, 2.250000000000000000, 0.0000000000000000000 ) ) ;
#1995 = AXIS2_PLACEMENT_3D ( 'NONE', #1790, #1079, #650 ) ;
#1996 = PLANE ( 'NONE',  #1213 ) ;
#1997 = CARTESIAN_POINT ( 'NONE',  ( -1.350000000000000089, -2.429999999999999716, 0.0000000000000000000 ) ) ;
#1998 = ORIENTED_EDGE ( 'NONE', *, *, #1323, .T. ) ;
#1999 = CIRCLE ( 'NONE', #546, 0.2999999999999999334 ) ;
#2000 = ORIENTED_EDGE ( 'NONE', *, *, #857, .T. ) ;
#2001 = EDGE_CURVE ( 'NONE', #736, #1714, #109, .T. ) ;
#2002 = VECTOR ( 'NONE', #2717, 1000.000000000000000 ) ;
#2003 = MANIFOLD_SOLID_BREP ( 'MagneticBuzzer_MLT-5020.STEP[2]', #2135 ) ;
#2004 = DIRECTION ( 'NONE',  ( -1.000000000000000000, 9.957992501029599969E-17, 0.0000000000000000000 ) ) ;
#2005 = CARTESIAN_POINT ( 'NONE',  ( -2.149999999999999911, 2.500000000000000000, 1.000000000000000000 ) ) ;
#2006 = CARTESIAN_POINT ( 'NONE',  ( -1.350000000000000089, 1.350000034645199909, 1.899999999999999911 ) ) ;
#2007 = ORIENTED_EDGE ( 'NONE', *, *, #2301, .T. ) ;
#2008 = EDGE_CURVE ( 'NONE', #2371, #2542, #1860, .T. ) ;
#2010 = EDGE_CURVE ( 'NONE', #1779, #1611, #2123, .T. ) ;
#2009 = DIRECTION ( 'NONE',  ( 0.0000000000000000000, 0.0000000000000000000, 1.000000000000000000 ) ) ;
#2011 = CARTESIAN_POINT ( 'NONE',  ( -2.500000000000000000, 2.250000000000000000, 0.0000000000000000000 ) ) ;
#2012 = EDGE_LOOP ( 'NONE', ( #329, #1175, #1339, #85 ) ) ;
#2013 = LINE ( 'NONE', #1043, #967 ) ;
#2014 = CARTESIAN_POINT ( 'NONE',  ( -2.500000000000000000, -2.250000000000000000, 0.0000000000000000000 ) ) ;
#2015 = FACE_OUTER_BOUND ( 'NONE', #628, .T. ) ;
#2016 = DIRECTION ( 'NONE',  ( -1.000000000000000000, 9.957992501029599969E-17, 0.0000000000000000000 ) ) ;
#2017 = ORIENTED_EDGE ( 'NONE', *, *, #2454, .T. ) ;
#2018 = LINE ( 'NONE', #2235, #359 ) ;
#2019 = CARTESIAN_POINT ( 'NONE',  ( 1.883333333333329973, 2.429999999999999716, 0.1499999999999999944 ) ) ;
#2020 = DIRECTION ( 'NONE',  ( 9.957992501029599969E-17, 1.000000000000000000, 0.0000000000000000000 ) ) ;
#2021 = ORIENTED_EDGE ( 'NONE', *, *, #2145, .T. ) ;
#2022 =( NAMED_UNIT ( * ) SI_UNIT ( $, .STERADIAN. ) SOLID_ANGLE_UNIT ( ) );
#2023 = FACE_OUTER_BOUND ( 'NONE', #1374, .T. ) ;
#2024 = CARTESIAN_POINT ( 'NONE',  ( 1.399999999999999911, 0.3999999999999999112, 2.000000000000000000 ) ) ;
#2025 = ADVANCED_FACE ( 'NONE', ( #1659 ), #2782, .T. ) ;
#2026 = CARTESIAN_POINT ( 'NONE',  ( 2.149999999999999911, 2.250000000000000000, 1.000000000000000000 ) ) ;
#2027 = LINE ( 'NONE', #2938, #2707 ) ;
#2028 = LINE ( 'NONE', #1319, #2612 ) ;
#2029 = ADVANCED_FACE ( 'NONE', ( #301 ), #2101, .F. ) ;
#2030 = FILL_AREA_STYLE ('',( #485 ) ) ;
#2031 = VECTOR ( 'NONE', #2260, 1000.000000000000000 ) ;
#2032 = DIRECTION ( 'NONE',  ( 0.0000000000000000000, 0.0000000000000000000, 1.000000000000000000 ) ) ;
#2033 = CARTESIAN_POINT ( 'NONE',  ( 2.149999999999999911, 2.250000000000000000, 0.0000000000000000000 ) ) ;
#2034 = CIRCLE ( 'NONE', #294, 1.899999957531689931 ) ;
#2035 = CARTESIAN_POINT ( 'NONE',  ( 2.500000000000000000, 2.250000000000000000, 2.000000000000000000 ) ) ;
#2036 = VERTEX_POINT ( 'NONE', #22 ) ;
#2037 = VECTOR ( 'NONE', #1854, 1000.000000000000000 ) ;
#2038 = CARTESIAN_POINT ( 'NONE',  ( -2.149999999999999911, 2.250000000000000000, 1.000000000000000000 ) ) ;
#2039 = VERTEX_POINT ( 'NONE', #1009 ) ;
#2040 = AXIS2_PLACEMENT_3D ( 'NONE', #2156, #87, #2623 ) ;
#2041 = CARTESIAN_POINT ( 'NONE',  ( -1.649999999999999911, 1.350000034645199909, 1.899999999999999911 ) ) ;
#2042 = CARTESIAN_POINT ( 'NONE',  ( 2.149999999999999911, 2.279999999999999805, 0.0000000000000000000 ) ) ;
#2043 = ADVANCED_FACE ( 'NONE', ( #732, #2346 ), #1674, .T. ) ;
#2044 = DIRECTION ( 'NONE',  ( 9.957992501029599969E-17, 1.000000000000000000, 0.0000000000000000000 ) ) ;
#2045 = LINE ( 'NONE', #1819, #1401 ) ;
#2046 = EDGE_CURVE ( 'NONE', #471, #1773, #1644, .T. ) ;
#2047 = ADVANCED_FACE ( 'NONE', ( #34 ), #961, .T. ) ;
#2048 = PRESENTATION_LAYER_ASSIGNMENT (  '', '', ( #831 ) ) ;
#2049 = ORIENTED_EDGE ( 'NONE', *, *, #2240, .F. ) ;
#2050 = DIRECTION ( 'NONE',  ( 0.0000000000000000000, 0.0000000000000000000, -1.000000000000000000 ) ) ;
#2051 = DIRECTION ( 'NONE',  ( 1.000000000000000000, 0.0000000000000000000, 0.0000000000000000000 ) ) ;
#2052 = ORIENTED_EDGE ( 'NONE', *, *, #2322, .F. ) ;
#2053 = CARTESIAN_POINT ( 'NONE',  ( -1.350000000000000089, -2.336351460713100181, -1.042711485915719985E-16 ) ) ;
#2054 = CARTESIAN_POINT ( 'NONE',  ( 1.350000000000000089, 1.000000000000000000, 0.1800000000000000211 ) ) ;
#2055 = ORIENTED_EDGE ( 'NONE', *, *, #1599, .F. ) ;
#2056 = DIRECTION ( 'NONE',  ( -9.957992501029599969E-17, -1.000000000000000000, 0.0000000000000000000 ) ) ;
#2057 = VERTEX_POINT ( 'NONE', #513 ) ;
#2058 = DIRECTION ( 'NONE',  ( 0.0000000000000000000, -1.000000000000000000, 0.0000000000000000000 ) ) ;
#2059 = CARTESIAN_POINT ( 'NONE',  ( -1.543488837659592106E-16, -1.550000000000000266, 0.0000000000000000000 ) ) ;
#2060 = VERTEX_POINT ( 'NONE', #1209 ) ;
#2061 = UNCERTAINTY_MEASURE_WITH_UNIT (LENGTH_MEASURE( 1.000000000000000082E-05 ), #1750, 'distance_accuracy_value', 'NONE');
#2062 = ADVANCED_BREP_SHAPE_REPRESENTATION ( 'C88AA31E-1F0E-455C-B071-1B97541B39FC', ( #1039, #2003, #1034, #1030, #1000, #58, #1271 ), #2563 ) ;
#2063 = ORIENTED_EDGE ( 'NONE', *, *, #246, .T. ) ;
#2064 = EDGE_CURVE ( 'NONE', #1611, #1779, #2212, .T. ) ;
#2065 = LINE ( 'NONE', #1783, #2083 ) ;
#2066 = DIRECTION ( 'NONE',  ( 0.0000000000000000000, 0.0000000000000000000, 1.000000000000000000 ) ) ;
#2067 = ORIENTED_EDGE ( 'NONE', *, *, #1266, .T. ) ;
#2068 = CARTESIAN_POINT ( 'NONE',  ( 1.350000000000000089, 1.000000000000000000, 0.0000000000000000000 ) ) ;
#2069 = VERTEX_POINT ( 'NONE', #49 ) ;
#2070 = LINE ( 'NONE', #2756, #1900 ) ;
#2071 = DIRECTION ( 'NONE',  ( 0.0000000000000000000, 0.0000000000000000000, -1.000000000000000000 ) ) ;
#2072 = ORIENTED_EDGE ( 'NONE', *, *, #910, .F. ) ;
#2073 = ORIENTED_EDGE ( 'NONE', *, *, #220, .F. ) ;
#2074 = EDGE_CURVE ( 'NONE', #277, #1914, #247, .T. ) ;
#2075 = CARTESIAN_POINT ( 'NONE',  ( 2.140968387721368129E-16, 2.149999999999999911, 0.0000000000000000000 ) ) ;
#2076 = PRESENTATION_STYLE_ASSIGNMENT (( #579 ) ) ;
#2077 = VECTOR ( 'NONE', #2874, 1000.000000000000000 ) ;
#2078 = CARTESIAN_POINT ( 'NONE',  ( -2.149999999999999911, 2.279999999999999805, 0.0000000000000000000 ) ) ;
#2079 = ORIENTED_EDGE ( 'NONE', *, *, #21, .F. ) ;
#2080 = LINE ( 'NONE', #405, #2892 ) ;
#2081 = ORIENTED_EDGE ( 'NONE', *, *, #2380, .T. ) ;
#2082 = LINE ( 'NONE', #1, #2955 ) ;
#2083 = VECTOR ( 'NONE', #462, 1000.000000000000000 ) ;
#2084 = CARTESIAN_POINT ( 'NONE',  ( -2.050000000000000266, 1.549999965354800002, 2.000000000000000000 ) ) ;
#2085 = ORIENTED_EDGE ( 'NONE', *, *, #1007, .T. ) ;
#2086 = VECTOR ( 'NONE', #72, 1000.000000000000000 ) ;
#2087 = DIRECTION ( 'NONE',  ( -9.957992501029599969E-17, -1.000000000000000000, 0.0000000000000000000 ) ) ;
#2088 = ORIENTED_EDGE ( 'NONE', *, *, #2145, .F. ) ;
#2089 = CIRCLE ( 'NONE', #1995, 1.899999957531689931 ) ;
#2090 = CARTESIAN_POINT ( 'NONE',  ( -1.800000000000000044, 1.800000000000000044, 1.899999999999999911 ) ) ;
#2091 = DIRECTION ( 'NONE',  ( 0.0000000000000000000, 0.0000000000000000000, -1.000000000000000000 ) ) ;
#2092 = VERTEX_POINT ( 'NONE', #2810 ) ;
#2093 = COLOUR_RGB ( '',0.7607843137254901578, 0.7607843137254901578, 0.7607843137254901578 ) ;
#2094 = DIRECTION ( 'NONE',  ( 9.957992501029604900E-17, 1.000000000000000000, 0.0000000000000000000 ) ) ;
#2095 = EDGE_CURVE ( 'NONE', #1842, #443, #750, .T. ) ;
#2096 = EDGE_CURVE ( 'NONE', #1990, #979, #2838, .T. ) ;
#2097 = ORIENTED_EDGE ( 'NONE', *, *, #2585, .F. ) ;
#2098 = CARTESIAN_POINT ( 'NONE',  ( 1.350000000000000089, 2.279999999999999805, 0.0000000000000000000 ) ) ;
#2099 = LINE ( 'NONE', #1153, #2276 ) ;
#2100 = AXIS2_PLACEMENT_3D ( 'NONE', #2367, #312, #2831 ) ;
#2101 = PLANE ( 'NONE',  #40 ) ;
#2102 = ORIENTED_EDGE ( 'NONE', *, *, #1724, .F. ) ;
#2103 = CARTESIAN_POINT ( 'NONE',  ( -1.000000000000000000, -2.500000000000000000, 1.699999999999999956 ) ) ;
#2104 = ORIENTED_EDGE ( 'NONE', *, *, #177, .F. ) ;
#2105 = CARTESIAN_POINT ( 'NONE',  ( -1.350000000000000089, -1.000000000000000000, 1.000000000000000000 ) ) ;
#2106 = LINE ( 'NONE', #28, #738 ) ;
#2107 = ORIENTED_EDGE ( 'NONE', *, *, #2516, .F. ) ;
#2108 = LINE ( 'NONE', #314, #1598 ) ;
#2109 = ORIENTED_EDGE ( 'NONE', *, *, #1823, .T. ) ;
#2110 = FACE_OUTER_BOUND ( 'NONE', #2600, .T. ) ;
#2111 = DIRECTION ( 'NONE',  ( -9.957992501029599969E-17, -1.000000000000000000, 0.0000000000000000000 ) ) ;
#2112 = ADVANCED_FACE ( 'NONE', ( #2142 ), #761, .F. ) ;
#2113 = DIRECTION ( 'NONE',  ( -0.6246950475544237324, 0.7808688094430307203, 0.0000000000000000000 ) ) ;
#2114 = ORIENTED_EDGE ( 'NONE', *, *, #1650, .T. ) ;
#2115 = EDGE_CURVE ( 'NONE', #70, #1889, #540, .T. ) ;
#2116 = ORIENTED_EDGE ( 'NONE', *, *, #251, .F. ) ;
#2117 = CARTESIAN_POINT ( 'NONE',  ( -1.350000000000000089, -2.429999999999999716, 0.0000000000000000000 ) ) ;
#2118 = CARTESIAN_POINT ( 'NONE',  ( -2.149999999999999911, 1.000000000000000000, 0.1800000000000000211 ) ) ;
#2119 = DIRECTION ( 'NONE',  ( -1.000000000000000000, 0.0000000000000000000, 0.0000000000000000000 ) ) ;
#2120 = EDGE_LOOP ( 'NONE', ( #2894, #2779, #2319, #1987 ) ) ;
#2121 = VECTOR ( 'NONE', #623, 1000.000000000000000 ) ;
#2122 = EDGE_LOOP ( 'NONE', ( #237, #1368, #2487, #2924 ) ) ;
#2123 = CIRCLE ( 'NONE', #1740, 0.4000000000000000222 ) ;
#2124 = DIRECTION ( 'NONE',  ( -0.7808688094430307203, -0.6246950475544237324, 0.0000000000000000000 ) ) ;
#2125 = EDGE_CURVE ( 'NONE', #1121, #2057, #2701, .T. ) ;
#2126 = CARTESIAN_POINT ( 'NONE',  ( -1.600000000000000089, 1.800000000000000044, 1.899999999999999911 ) ) ;
#2127 = ORIENTED_EDGE ( 'NONE', *, *, #799, .T. ) ;
#2128 = VECTOR ( 'NONE', #2351, 1000.000000000000000 ) ;
#2129 = EDGE_CURVE ( 'NONE', #1607, #2092, #2013, .T. ) ;
#2130 = ORIENTED_EDGE ( 'NONE', *, *, #1822, .F. ) ;
#2131 = ADVANCED_FACE ( 'NONE', ( #1788 ), #844, .F. ) ;
#2132 = DIRECTION ( 'NONE',  ( -1.000000000000000000, 9.957992501029599969E-17, 0.0000000000000000000 ) ) ;
#2133 = CARTESIAN_POINT ( 'NONE',  ( -1.350000000000000089, -1.000000000000000000, 0.0000000000000000000 ) ) ;
#2134 = CARTESIAN_POINT ( 'NONE',  ( -2.149999999999999911, 2.336351460713100181, -6.516946786973231415E-18 ) ) ;
#2135 = CLOSED_SHELL ( 'NONE', ( #1443, #1791, #2635, #523, #1496, #1911, #2390, #2940, #2624 ) ) ;
#2136 = CARTESIAN_POINT ( 'NONE',  ( -1.350000000000000089, -1.000000000000000000, 0.0000000000000000000 ) ) ;
#2137 = VERTEX_POINT ( 'NONE', #568 ) ;
#2138 = VECTOR ( 'NONE', #1194, 1000.000000000000114 ) ;
#2139 = FACE_OUTER_BOUND ( 'NONE', #598, .T. ) ;
#2140 = VERTEX_POINT ( 'NONE', #141 ) ;
#2141 = VECTOR ( 'NONE', #2188, 1000.000000000000000 ) ;
#2142 = FACE_OUTER_BOUND ( 'NONE', #1637, .T. ) ;
#2143 = CIRCLE ( 'NONE', #2100, 0.4000000000000000222 ) ;
#2144 = ORIENTED_EDGE ( 'NONE', *, *, #1534, .T. ) ;
#2145 = EDGE_CURVE ( 'NONE', #666, #1565, #1531, .T. ) ;
#2146 = DIRECTION ( 'NONE',  ( 0.0000000000000000000, 0.0000000000000000000, -1.000000000000000000 ) ) ;
#2147 = DIRECTION ( 'NONE',  ( 0.0000000000000000000, 0.0000000000000000000, 1.000000000000000000 ) ) ;
#2148 = VERTEX_POINT ( 'NONE', #1973 ) ;
#2149 = EDGE_CURVE ( 'NONE', #585, #736, #1629, .T. ) ;
#2150 = LINE ( 'NONE', #77, #578 ) ;
#2151 = EDGE_LOOP ( 'NONE', ( #1330, #2195, #1495, #1847 ) ) ;
#2152 = EDGE_LOOP ( 'NONE', ( #2116, #279, #1394, #1346 ) ) ;
#2153 = CARTESIAN_POINT ( 'NONE',  ( 1.350000000000000089, 2.336351460713100181, -1.042711485915719985E-16 ) ) ;
#2154 = VERTEX_POINT ( 'NONE', #371 ) ;
#2155 = EDGE_LOOP ( 'NONE', ( #1663, #2834, #432, #502 ) ) ;
#2156 = CARTESIAN_POINT ( 'NONE',  ( -1.199999999999999956, 2.250000000000000000, 0.0000000000000000000 ) ) ;
#2157 = EDGE_CURVE ( 'NONE', #1769, #1955, #2176, .T. ) ;
#2158 = CARTESIAN_POINT ( 'NONE',  ( -2.149999999999999911, 2.279999999999999805, 0.0000000000000000000 ) ) ;
#2159 = CARTESIAN_POINT ( 'NONE',  ( -2.500000000000000000, 2.250000000000000000, 0.0000000000000000000 ) ) ;
#2160 = DIRECTION ( 'NONE',  ( 0.0000000000000000000, -1.000000000000000000, 0.0000000000000000000 ) ) ;
#2161 = ORIENTED_EDGE ( 'NONE', *, *, #2157, .T. ) ;
#2162 = EDGE_CURVE ( 'NONE', #1276, #2154, #2925, .T. ) ;
#2163 = ORIENTED_EDGE ( 'NONE', *, *, #1157, .T. ) ;
#2164 = CARTESIAN_POINT ( 'NONE',  ( -1.350000000000000089, 2.418115979092579693, 0.05870829055086580067 ) ) ;
#2165 = VECTOR ( 'NONE', #1983, 1000.000000000000114 ) ;
#2166 = EDGE_LOOP ( 'NONE', ( #944, #996, #1689, #1309 ) ) ;
#2167 = VECTOR ( 'NONE', #2806, 1000.000000000000000 ) ;
#2168 = VECTOR ( 'NONE', #1186, 1000.000000000000000 ) ;
#2169 = CARTESIAN_POINT ( 'NONE',  ( 1.399999999999999911, -1.087957250357299938E-16, 2.000000000000000000 ) ) ;
#2170 = CARTESIAN_POINT ( 'NONE',  ( -1.350000000000000089, 2.429999999999999716, 0.09364853928690050622 ) ) ;
#2171 = CARTESIAN_POINT ( 'NONE',  ( -1.414634146341460008, -1.981707317073170271, 1.699999999999999956 ) ) ;
#2172 = EDGE_LOOP ( 'NONE', ( #2495, #161, #362, #718 ) ) ;
#2173 = DIRECTION ( 'NONE',  ( 0.0000000000000000000, 0.0000000000000000000, -1.000000000000000000 ) ) ;
#2174 = ORIENTED_EDGE ( 'NONE', *, *, #1408, .F. ) ;
#2175 = EDGE_CURVE ( 'NONE', #1499, #1284, #1257, .T. ) ;
#2176 = LINE ( 'NONE', #2871, #2453 ) ;
#2177 = CLOSED_SHELL ( 'NONE', ( #797, #1665, #470, #840 ) ) ;
#2178 = CARTESIAN_POINT ( 'NONE',  ( -1.600000000000000089, 1.100000000000000089, 2.000000000000000000 ) ) ;
#2179 = LINE ( 'NONE', #1737, #94 ) ;
#2180 = PRESENTATION_LAYER_ASSIGNMENT (  '', '', ( #1612 ) ) ;
#2181 = ORIENTED_EDGE ( 'NONE', *, *, #1212, .F. ) ;
#2182 = ORIENTED_EDGE ( 'NONE', *, *, #1966, .F. ) ;
#2183 = FACE_OUTER_BOUND ( 'NONE', #2566, .T. ) ;
#2184 = DIRECTION ( 'NONE',  ( -1.000000000000000000, 0.0000000000000000000, 0.0000000000000000000 ) ) ;
#2185 = DIRECTION ( 'NONE',  ( 9.957992501029599969E-17, 1.000000000000000000, 0.0000000000000000000 ) ) ;
#2186 = ORIENTED_EDGE ( 'NONE', *, *, #968, .T. ) ;
#2187 = CARTESIAN_POINT ( 'NONE',  ( -1.514634146341459875, 1.856707317073170049, 1.699999999999999956 ) ) ;
#2188 = DIRECTION ( 'NONE',  ( 0.0000000000000000000, 0.0000000000000000000, -1.000000000000000000 ) ) ;
#2189 = VERTEX_POINT ( 'NONE', #2190 ) ;
#2190 = CARTESIAN_POINT ( 'NONE',  ( -1.350000000000000089, -2.279999999999999805, 0.0000000000000000000 ) ) ;
#2191 = DIRECTION ( 'NONE',  ( -9.957992501029599969E-17, -1.000000000000000000, 0.0000000000000000000 ) ) ;
#2192 = EDGE_LOOP ( 'NONE', ( #958, #2482, #2104, #132, #567, #1866, #2102, #1662 ) ) ;
#2193 = EDGE_CURVE ( 'NONE', #2627, #1852, #98, .T. ) ;
#2194 = LINE ( 'NONE', #2680, #1014 ) ;
#2195 = ORIENTED_EDGE ( 'NONE', *, *, #111, .F. ) ;
#2196 = EDGE_CURVE ( 'NONE', #555, #1934, #1316, .T. ) ;
#2197 = UNCERTAINTY_MEASURE_WITH_UNIT (LENGTH_MEASURE( 1.000000000000000082E-05 ), #2526, 'distance_accuracy_value', 'NONE');
#2198 = CARTESIAN_POINT ( 'NONE',  ( 2.007537865784279951, -2.002512640554550138, 1.699999999999999956 ) ) ;
#2199 = DIRECTION ( 'NONE',  ( 0.0000000000000000000, 0.0000000000000000000, 1.000000000000000000 ) ) ;
#2200 = CARTESIAN_POINT ( 'NONE',  ( 0.6750000000000000444, -2.500000000000000000, 1.699999999999999956 ) ) ;
#2201 = ORIENTED_EDGE ( 'NONE', *, *, #2652, .T. ) ;
#2202 = CARTESIAN_POINT ( 'NONE',  ( 2.500000000000000000, 2.250000000000000000, 1.699999999999999956 ) ) ;
#2203 = DIRECTION ( 'NONE',  ( -9.957992501029599969E-17, -1.000000000000000000, 0.0000000000000000000 ) ) ;
#2204 = EDGE_LOOP ( 'NONE', ( #709, #1215, #2807, #2460 ) ) ;
#2205 = CARTESIAN_POINT ( 'NONE',  ( -1.000000000000000000, -2.500000000000000000, 1.699999999999999956 ) ) ;
#2206 = DIRECTION ( 'NONE',  ( -0.7071067811865475727, 0.7071067811865475727, 0.0000000000000000000 ) ) ;
#2207 = PLANE ( 'NONE',  #2744 ) ;
#2208 = PRODUCT_DEFINITION ( 'UNKNOWN', '', #205, #2959 ) ;
#2209 = ORIENTED_EDGE ( 'NONE', *, *, #336, .T. ) ;
#2210 = VECTOR ( 'NONE', #1542, 1000.000000000000000 ) ;
#2211 = EDGE_CURVE ( 'NONE', #1828, #2758, #1058, .T. ) ;
#2212 = CIRCLE ( 'NONE', #2602, 0.4000000000000000222 ) ;
#2213 = VECTOR ( 'NONE', #2638, 1000.000000000000000 ) ;
#2214 = DIRECTION ( 'NONE',  ( -1.000000000000000000, 0.0000000000000000000, 0.0000000000000000000 ) ) ;
#2215 = CARTESIAN_POINT ( 'NONE',  ( -1.250000000000000000, 2.250000000000000000, 1.699999999999999956 ) ) ;
#2216 = DIRECTION ( 'NONE',  ( 1.000000000000000000, -9.957992501029599969E-17, 0.0000000000000000000 ) ) ;
#2217 = EDGE_LOOP ( 'NONE', ( #2452, #1270, #1403, #1894 ) ) ;
#2218 = DIRECTION ( 'NONE',  ( 0.0000000000000000000, 1.000000000000000000, 0.0000000000000000000 ) ) ;
#2219 = CARTESIAN_POINT ( 'NONE',  ( 2.149999999999999911, 2.250000000000000000, 0.1800000000000000211 ) ) ;
#2220 = VERTEX_POINT ( 'NONE', #2662 ) ;
#2221 = CARTESIAN_POINT ( 'NONE',  ( -1.699999999999999956, 1.449999999999999956, 1.899999999999999911 ) ) ;
#2222 = VECTOR ( 'NONE', #1688, 1000.000000000000000 ) ;
#2223 = DIRECTION ( 'NONE',  ( 0.6246950475544248427, 0.7808688094430298321, 0.0000000000000000000 ) ) ;
#2224 = DIRECTION ( 'NONE',  ( 1.000000000000000000, -9.957992501029599969E-17, 0.0000000000000000000 ) ) ;
#2225 = CARTESIAN_POINT ( 'NONE',  ( -1.616666666666670027, -2.279999999999999805, 0.0000000000000000000 ) ) ;
#2226 = DIRECTION ( 'NONE',  ( 9.957992501029599969E-17, 1.000000000000000000, 0.0000000000000000000 ) ) ;
#2227 = CLOSED_SHELL ( 'NONE', ( #2975, #511, #2047, #1590, #2303, #1001, #2378, #1947, #1538, #1490, #2548, #1459, #1558, #2339, #2477, #1745, #2043, #543, #134, #1382, #2876, #75, #1963, #474, #2785, #1211, #1101, #2112, #2437, #2029, #2344 ) ) ;
#2228 = DIRECTION ( 'NONE',  ( 1.000000000000000000, 0.0000000000000000000, 0.0000000000000000000 ) ) ;
#2229 = LINE ( 'NONE', #1303, #2943 ) ;
#2230 = CARTESIAN_POINT ( 'NONE',  ( 0.0000000000000000000, 0.0000000000000000000, 0.0000000000000000000 ) ) ;
#2231 = ORIENTED_EDGE ( 'NONE', *, *, #2454, .F. ) ;
#2232 = ORIENTED_EDGE ( 'NONE', *, *, #2695, .T. ) ;
#2233 = AXIS2_PLACEMENT_3D ( 'NONE', #1003, #1451, #1920 ) ;
#2234 = ADVANCED_FACE ( 'NONE', ( #162 ), #858, .T. ) ;
#2235 = CARTESIAN_POINT ( 'NONE',  ( -1.000000000000000000, 2.500000000000000000, 1.699999999999999956 ) ) ;
#2236 = CARTESIAN_POINT ( 'NONE',  ( 1.616666666666670027, 2.429999999999999716, 0.1499999999999999944 ) ) ;
#2237 = LINE ( 'NONE', #880, #1130 ) ;
#2238 = ORIENTED_EDGE ( 'NONE', *, *, #1289, .F. ) ;
#2239 = LINE ( 'NONE', #2444, #2910 ) ;
#2240 = EDGE_CURVE ( 'NONE', #1639, #1189, #1517, .T. ) ;
#2241 = CARTESIAN_POINT ( 'NONE',  ( -2.149999999999999911, 1.000000000000000000, 0.0000000000000000000 ) ) ;
#2242 = ORIENTED_EDGE ( 'NONE', *, *, #2498, .F. ) ;
#2243 = DIRECTION ( 'NONE',  ( -1.000000000000000000, 0.0000000000000000000, 0.0000000000000000000 ) ) ;
#2244 = LINE ( 'NONE', #421, #2311 ) ;
#2245 = DIRECTION ( 'NONE',  ( 0.0000000000000000000, 0.0000000000000000000, 1.000000000000000000 ) ) ;
#2246 = PLANE ( 'NONE',  #630 ) ;
#2247 =( NAMED_UNIT ( * ) SI_UNIT ( $, .STERADIAN. ) SOLID_ANGLE_UNIT ( ) );
#2248 = CARTESIAN_POINT ( 'NONE',  ( -1.750000000000000000, 2.375000000000000000, 1.000000000000000000 ) ) ;
#2249 = CARTESIAN_POINT ( 'NONE',  ( -1.350000000000000089, -1.000000000000000000, 0.0000000000000000000 ) ) ;
#2250 = CARTESIAN_POINT ( 'NONE',  ( -2.500000000000000000, -2.250000000000000000, 2.000000000000000000 ) ) ;
#2251 = EDGE_CURVE ( 'NONE', #1607, #2284, #1992, .T. ) ;
#2252 = ORIENTED_EDGE ( 'NONE', *, *, #1820, .T. ) ;
#2253 = DIRECTION ( 'NONE',  ( -0.7071067811865474617, -0.7071067811865474617, 0.0000000000000000000 ) ) ;
#2254 = DIRECTION ( 'NONE',  ( 0.0000000000000000000, 0.0000000000000000000, -1.000000000000000000 ) ) ;
#2255 = EDGE_LOOP ( 'NONE', ( #865, #1407, #1029, #1021 ) ) ;
#2256 = DIRECTION ( 'NONE',  ( 0.0000000000000000000, -1.000000000000000000, 0.0000000000000000000 ) ) ;
#2257 = EDGE_CURVE ( 'NONE', #1924, #1582, #2388, .T. ) ;
#2258 = EDGE_CURVE ( 'NONE', #2574, #1097, #2967, .T. ) ;
#2259 = CARTESIAN_POINT ( 'NONE',  ( -1.000000000000000000, 2.500000000000000000, 0.0000000000000000000 ) ) ;
#2260 = DIRECTION ( 'NONE',  ( 0.0000000000000000000, 0.0000000000000000000, -1.000000000000000000 ) ) ;
#2261 = ORIENTED_EDGE ( 'NONE', *, *, #1063, .F. ) ;
#2262 = VECTOR ( 'NONE', #261, 1000.000000000000114 ) ;
#2263 = DIRECTION ( 'NONE',  ( 0.0000000000000000000, -1.000000000000000000, 0.0000000000000000000 ) ) ;
#2264 = VECTOR ( 'NONE', #1106, 1000.000000000000000 ) ;
#2265 = CARTESIAN_POINT ( 'NONE',  ( -2.149999999999999911, 1.000000000000000000, 0.0000000000000000000 ) ) ;
#2266 = ORIENTED_EDGE ( 'NONE', *, *, #2451, .F. ) ;
#2267 = CARTESIAN_POINT ( 'NONE',  ( -2.500000000000000000, 2.250000000000000000, 1.699999999999999956 ) ) ;
#2268 = VERTEX_POINT ( 'NONE', #1840 ) ;
#2269 = MECHANICAL_DESIGN_GEOMETRIC_PRESENTATION_REPRESENTATION (  '', ( #922 ), #638 ) ;
#2270 = FACE_OUTER_BOUND ( 'NONE', #2777, .T. ) ;
#2271 = AXIS2_PLACEMENT_3D ( 'NONE', #2890, #2691, #1501 ) ;
#2272 = DIRECTION ( 'NONE',  ( -1.000000000000000000, 9.957992501029599969E-17, 0.0000000000000000000 ) ) ;
#2273 = EDGE_CURVE ( 'NONE', #1732, #1278, #1360, .T. ) ;
#2274 = ORIENTED_EDGE ( 'NONE', *, *, #2534, .F. ) ;
#2275 = EDGE_CURVE ( 'NONE', #788, #2039, #2283, .T. ) ;
#2276 = VECTOR ( 'NONE', #705, 1000.000000000000000 ) ;
#2277 = VERTEX_POINT ( 'NONE', #1829 ) ;
#2278 = DIRECTION ( 'NONE',  ( 1.000000000000000000, -9.957992501029599969E-17, 0.0000000000000000000 ) ) ;
#2279 = VECTOR ( 'NONE', #941, 1000.000000000000000 ) ;
#2280 = PRESENTATION_STYLE_ASSIGNMENT (( #645 ) ) ;
#2281 = CARTESIAN_POINT ( 'NONE',  ( -2.149999999999999911, -1.000000000000000000, 0.1800000000000000211 ) ) ;
#2282 = ORIENTED_EDGE ( 'NONE', *, *, #2715, .F. ) ;
#2283 = LINE ( 'NONE', #1583, #97 ) ;
#2284 = VERTEX_POINT ( 'NONE', #2026 ) ;
#2285 = CARTESIAN_POINT ( 'NONE',  ( 2.149999999999999911, 2.429999999999999716, 0.09364853928690050622 ) ) ;
#2286 = CARTESIAN_POINT ( 'NONE',  ( -1.892018532905712637E-16, -1.899999957531689931, 1.600000000000000089 ) ) ;
#2287 = CARTESIAN_POINT ( 'NONE',  ( -2.500000000000000000, -2.250000000000000000, 0.0000000000000000000 ) ) ;
#2288 = EDGE_CURVE ( 'NONE', #2140, #2036, #2465, .T. ) ;
#2289 = EDGE_CURVE ( 'NONE', #1013, #2268, #1817, .T. ) ;
#2290 = ORIENTED_EDGE ( 'NONE', *, *, #1534, .F. ) ;
#2291 = LINE ( 'NONE', #2006, #349 ) ;
#2292 = CARTESIAN_POINT ( 'NONE',  ( 1.910882877403797994E-16, 1.550000000000000266, 0.0000000000000000000 ) ) ;
#2293 = FACE_OUTER_BOUND ( 'NONE', #1416, .T. ) ;
#2294 = ORIENTED_EDGE ( 'NONE', *, *, #1144, .T. ) ;
#2295 = CARTESIAN_POINT ( 'NONE',  ( -1.800000000000000044, 1.800000000000000044, 1.899999999999999911 ) ) ;
#2296 = EDGE_LOOP ( 'NONE', ( #553, #1938, #370, #1899 ) ) ;
#2297 = DIRECTION ( 'NONE',  ( 0.0000000000000000000, -1.000000000000000000, 0.0000000000000000000 ) ) ;
#2298 = LINE ( 'NONE', #915, #984 ) ;
#2299 = CARTESIAN_POINT ( 'NONE',  ( -2.500000000000000000, -2.250000000000000000, 2.000000000000000000 ) ) ;
#2300 = EDGE_LOOP ( 'NONE', ( #2000, #1891, #1861, #151, #288, #2107, #1722, #2446, #179, #345, #2386, #558, #781, #76, #208, #700, #1862, #2067, #657, #90, #537, #225, #580 ) ) ;
#2301 = EDGE_CURVE ( 'NONE', #1889, #2395, #1122, .T. ) ;
#2302 = ORIENTED_EDGE ( 'NONE', *, *, #497, .F. ) ;
#2303 = ADVANCED_FACE ( 'NONE', ( #466 ), #1805, .T. ) ;
#2304 = EDGE_CURVE ( 'NONE', #298, #2703, #1596, .T. ) ;
#2305 = DIRECTION ( 'NONE',  ( -9.957992501029599969E-17, -1.000000000000000000, 0.0000000000000000000 ) ) ;
#2306 = FACE_BOUND ( 'NONE', #1305, .T. ) ;
#2307 = AXIS2_PLACEMENT_3D ( 'NONE', #1350, #216, #2770 ) ;
#2308 = CYLINDRICAL_SURFACE ( 'NONE', #168, 0.2999999999999999334 ) ;
#2309 = ORIENTED_EDGE ( 'NONE', *, *, #2972, .T. ) ;
#2310 = CARTESIAN_POINT ( 'NONE',  ( 1.000000000000000000, 2.500000000000000000, 2.000000000000000000 ) ) ;
#2311 = VECTOR ( 'NONE', #1552, 1000.000000000000000 ) ;
#2312 = ORIENTED_EDGE ( 'NONE', *, *, #1365, .F. ) ;
#2313 = CARTESIAN_POINT ( 'NONE',  ( -1.699999999999999956, 1.449999999999999956, 2.000000000000000000 ) ) ;
#2314 = AXIS2_PLACEMENT_3D ( 'NONE', #563, #2396, #339 ) ;
#2315 = DIRECTION ( 'NONE',  ( 0.0000000000000000000, 0.0000000000000000000, -1.000000000000000000 ) ) ;
#2316 = ORIENTED_EDGE ( 'NONE', *, *, #1212, .T. ) ;
#2317 = AXIS2_PLACEMENT_3D ( 'NONE', #2448, #2245, #2191 ) ;
#2318 = CARTESIAN_POINT ( 'NONE',  ( 1.000000000000000000, 2.500000000000000000, 2.000000000000000000 ) ) ;
#2319 = ORIENTED_EDGE ( 'NONE', *, *, #560, .F. ) ;
#2320 = MECHANICAL_DESIGN_GEOMETRIC_PRESENTATION_REPRESENTATION (  '', ( #831 ), #308 ) ;
#2321 = DIRECTION ( 'NONE',  ( 0.0000000000000000000, 0.0000000000000000000, -1.000000000000000000 ) ) ;
#2322 = EDGE_CURVE ( 'NONE', #1565, #1924, #1139, .T. ) ;
#2323 = DIRECTION ( 'NONE',  ( 1.000000000000000000, -9.957992501029599969E-17, 0.0000000000000000000 ) ) ;
#2324 = EDGE_LOOP ( 'NONE', ( #993, #465, #2163, #2480 ) ) ;
#2325 = AXIS2_PLACEMENT_3D ( 'NONE', #2509, #658, #2952 ) ;
#2326 = LINE ( 'NONE', #1005, #723 ) ;
#2327 = ORIENTED_EDGE ( 'NONE', *, *, #271, .T. ) ;
#2328 = EDGE_CURVE ( 'NONE', #25, #1550, #670, .T. ) ;
#2329 = CARTESIAN_POINT ( 'NONE',  ( 1.757537879754120125, -2.252512626584710187, -1.387778780781450113E-16 ) ) ;
#2330 = DIRECTION ( 'NONE',  ( 0.0000000000000000000, 1.000000000000000000, 0.0000000000000000000 ) ) ;
#2331 = VECTOR ( 'NONE', #1744, 1000.000000000000000 ) ;
#2332 = CARTESIAN_POINT ( 'NONE',  ( 1.399999999999999911, -1.087957250357299938E-16, 1.699999999999999956 ) ) ;
#2333 = DIRECTION ( 'NONE',  ( 0.0000000000000000000, 0.0000000000000000000, 1.000000000000000000 ) ) ;
#2334 = ORIENTED_EDGE ( 'NONE', *, *, #817, .F. ) ;
#2335 = PLANE ( 'NONE',  #1364 ) ;
#2336 = LINE ( 'NONE', #1236, #2086 ) ;
#2337 = CARTESIAN_POINT ( 'NONE',  ( 1.842228612690480241E-16, 1.850000000000000089, 0.0000000000000000000 ) ) ;
#2338 = PLANE ( 'NONE',  #1543 ) ;
#2339 = ADVANCED_FACE ( 'NONE', ( #212 ), #433, .T. ) ;
#2340 = DIRECTION ( 'NONE',  ( 0.0000000000000000000, 0.0000000000000000000, 1.000000000000000000 ) ) ;
#2341 = ORIENTED_EDGE ( 'NONE', *, *, #2941, .T. ) ;
#2342 = LINE ( 'NONE', #47, #2464 ) ;
#2343 = ORIENTED_EDGE ( 'NONE', *, *, #889, .F. ) ;
#2344 = ADVANCED_FACE ( 'NONE', ( #2270 ), #1613, .F. ) ;
#2345 = EDGE_CURVE ( 'NONE', #2984, #1113, #238, .T. ) ;
#2346 = FACE_BOUND ( 'NONE', #2843, .T. ) ;
#2347 = ORIENTED_EDGE ( 'NONE', *, *, #1859, .F. ) ;
#2348 = DIRECTION ( 'NONE',  ( -1.000000000000000000, 9.957992501029599969E-17, 0.0000000000000000000 ) ) ;
#2349 = DIRECTION ( 'NONE',  ( -9.957992501029599969E-17, -1.000000000000000000, 0.0000000000000000000 ) ) ;
#2350 = CARTESIAN_POINT ( 'NONE',  ( -1.350000000000000089, -2.429999999999999716, 0.1499999999999999944 ) ) ;
#2351 = DIRECTION ( 'NONE',  ( -1.000000000000000000, 9.957992501029599969E-17, 0.0000000000000000000 ) ) ;
#2352 = VERTEX_POINT ( 'NONE', #2724 ) ;
#2353 = DIRECTION ( 'NONE',  ( -1.000000000000000000, 0.0000000000000000000, 0.0000000000000000000 ) ) ;
#2354 = VERTEX_POINT ( 'NONE', #1162 ) ;
#2355 = VECTOR ( 'NONE', #361, 1000.000000000000000 ) ;
#2356 = DIRECTION ( 'NONE',  ( 0.0000000000000000000, 0.0000000000000000000, -1.000000000000000000 ) ) ;
#2357 = CARTESIAN_POINT ( 'NONE',  ( -1.350000000000000089, 2.250000000000000000, 0.0000000000000000000 ) ) ;
#2358 = ORIENTED_EDGE ( 'NONE', *, *, #1892, .F. ) ;
#2359 = EDGE_CURVE ( 'NONE', #2429, #1670, #2244, .T. ) ;
#2360 = AXIS2_PLACEMENT_3D ( 'NONE', #2932, #2020, #864 ) ;
#2361 = ORIENTED_EDGE ( 'NONE', *, *, #434, .T. ) ;
#2362 = EDGE_CURVE ( 'NONE', #119, #527, #2080, .T. ) ;
#2363 = VECTOR ( 'NONE', #2610, 1000.000000000000000 ) ;
#2364 = PLANE ( 'NONE',  #2561 ) ;
#2365 = ORIENTED_EDGE ( 'NONE', *, *, #394, .F. ) ;
#2366 = DIRECTION ( 'NONE',  ( 0.0000000000000000000, 0.0000000000000000000, -1.000000000000000000 ) ) ;
#2367 = CARTESIAN_POINT ( 'NONE',  ( 1.399999999999999911, -1.087957250357299938E-16, 1.699999999999999956 ) ) ;
#2368 = EDGE_LOOP ( 'NONE', ( #2302, #1246, #1846, #2174 ) ) ;
#2369 = VECTOR ( 'NONE', #2111, 1000.000000000000000 ) ;
#2370 = CARTESIAN_POINT ( 'NONE',  ( -1.074999999999999956, -1.000000000000000000, 0.0000000000000000000 ) ) ;
#2371 = VERTEX_POINT ( 'NONE', #181 ) ;
#2372 = VECTOR ( 'NONE', #1895, 1000.000000000000000 ) ;
#2373 = CARTESIAN_POINT ( 'NONE',  ( 0.0000000000000000000, 0.0000000000000000000, 1.600000000000000089 ) ) ;
#2374 = EDGE_LOOP ( 'NONE', ( #29, #2186, #64, #1090 ) ) ;
#2375 = STYLED_ITEM ( 'NONE', ( #2280 ), #1034 ) ;
#2376 = DIRECTION ( 'NONE',  ( -1.000000000000000000, 9.957992501029599969E-17, 0.0000000000000000000 ) ) ;
#2377 = AXIS2_PLACEMENT_3D ( 'NONE', #2899, #653, #2214 ) ;
#2378 = ADVANCED_FACE ( 'NONE', ( #1347 ), #897, .T. ) ;
#2379 = VERTEX_POINT ( 'NONE', #869 ) ;
#2380 = EDGE_CURVE ( 'NONE', #1502, #952, #2108, .T. ) ;
#2381 = CARTESIAN_POINT ( 'NONE',  ( 0.0000000000000000000, 0.0000000000000000000, 1.600000000000000089 ) ) ;
#2382 = CARTESIAN_POINT ( 'NONE',  ( -1.699999999999999956, 1.449999999999999956, 2.000000000000000000 ) ) ;
#2383 = CARTESIAN_POINT ( 'NONE',  ( -1.350000000000000089, 2.250000000000000000, 0.0000000000000000000 ) ) ;
#2384 = CARTESIAN_POINT ( 'NONE',  ( -1.800000000000000044, 1.100000000000000089, 1.899999999999999911 ) ) ;
#2385 = PLANE ( 'NONE',  #536 ) ;
#2386 = ORIENTED_EDGE ( 'NONE', *, *, #639, .F. ) ;
#2387 = ORIENTED_EDGE ( 'NONE', *, *, #2001, .T. ) ;
#2388 = LINE ( 'NONE', #332, #2264 ) ;
#2389 = ORIENTED_EDGE ( 'NONE', *, *, #92, .F. ) ;
#2390 = ADVANCED_FACE ( 'NONE', ( #1669 ), #1427, .F. ) ;
#2391 = DIRECTION ( 'NONE',  ( -1.000000000000000000, 0.0000000000000000000, 0.0000000000000000000 ) ) ;
#2392 = EDGE_CURVE ( 'NONE', #2277, #461, #2778, .T. ) ;
#2393 = CARTESIAN_POINT ( 'NONE',  ( -2.149999999999999911, 2.250000000000000000, 0.0000000000000000000 ) ) ;
#2394 = EDGE_CURVE ( 'NONE', #1803, #2429, #1638, .T. ) ;
#2395 = VERTEX_POINT ( 'NONE', #729 ) ;
#2396 = DIRECTION ( 'NONE',  ( 9.957992501029599969E-17, 1.000000000000000000, 0.0000000000000000000 ) ) ;
#2397 = ORIENTED_EDGE ( 'NONE', *, *, #1557, .T. ) ;
#2398 = CARTESIAN_POINT ( 'NONE',  ( 1.842228612690480241E-16, 1.850000000000000089, 0.0000000000000000000 ) ) ;
#2399 = EDGE_CURVE ( 'NONE', #1434, #25, #1881, .T. ) ;
#2400 = ORIENTED_EDGE ( 'NONE', *, *, #1328, .F. ) ;
#2401 = CARTESIAN_POINT ( 'NONE',  ( 2.500000000000000000, -1.350000000000000089, 2.000000000000000000 ) ) ;
#2402 = CARTESIAN_POINT ( 'NONE',  ( -1.350000000000000089, 2.429999999999999716, 0.09364853928690050622 ) ) ;
#2403 = VECTOR ( 'NONE', #2661, 1000.000000000000000 ) ;
#2404 = DIRECTION ( 'NONE',  ( 0.0000000000000000000, 0.0000000000000000000, -1.000000000000000000 ) ) ;
#2405 = AXIS2_PLACEMENT_3D ( 'NONE', #1872, #2376, #1702 ) ;
#2406 = CARTESIAN_POINT ( 'NONE',  ( -1.616666666666670027, -2.406231958185169884, 0.02376804181483100145 ) ) ;
#2407 = EDGE_LOOP ( 'NONE', ( #823, #1224 ) ) ;
#2408 = AXIS2_PLACEMENT_3D ( 'NONE', #2845, #1035, #1694 ) ;
#2409 = ORIENTED_EDGE ( 'NONE', *, *, #2960, .T. ) ;
#2410 = CARTESIAN_POINT ( 'NONE',  ( 0.0000000000000000000, 0.0000000000000000000, 1.699999999999999956 ) ) ;
#2411 = PRESENTATION_STYLE_ASSIGNMENT (( #642 ) ) ;
#2412 = CARTESIAN_POINT ( 'NONE',  ( -1.350000000000000089, 1.000000000000000000, 0.0000000000000000000 ) ) ;
#2413 = ORIENTED_EDGE ( 'NONE', *, *, #2064, .F. ) ;
#2414 = DIRECTION ( 'NONE',  ( -1.000000000000000000, 9.957992501029599969E-17, 0.0000000000000000000 ) ) ;
#2415 = ORIENTED_EDGE ( 'NONE', *, *, #2837, .F. ) ;
#2416 = DIRECTION ( 'NONE',  ( 0.0000000000000000000, -1.000000000000000000, 0.0000000000000000000 ) ) ;
#2417 = EDGE_CURVE ( 'NONE', #686, #1384, #1922, .T. ) ;
#2418 = LINE ( 'NONE', #2911, #302 ) ;
#2419 = VERTEX_POINT ( 'NONE', #2556 ) ;
#2420 = AXIS2_PLACEMENT_3D ( 'NONE', #1312, #1989, #160 ) ;
#2421 = LINE ( 'NONE', #1793, #245 ) ;
#2422 = VECTOR ( 'NONE', #2923, 1000.000000000000000 ) ;
#2423 = EDGE_LOOP ( 'NONE', ( #775, #829, #534, #218 ) ) ;
#2424 = PRESENTATION_STYLE_ASSIGNMENT (( #1507 ) ) ;
#2425 = EDGE_LOOP ( 'NONE', ( #67, #330, #1008, #93 ) ) ;
#2426 = DIRECTION ( 'NONE',  ( 0.0000000000000000000, 0.0000000000000000000, 1.000000000000000000 ) ) ;
#2427 = DIRECTION ( 'NONE',  ( 9.957992501029599969E-17, 1.000000000000000000, 0.0000000000000000000 ) ) ;
#2428 = DIRECTION ( 'NONE',  ( 0.0000000000000000000, 0.0000000000000000000, 1.000000000000000000 ) ) ;
#2429 = VERTEX_POINT ( 'NONE', #509 ) ;
#2430 = LINE ( 'NONE', #126, #1755 ) ;
#2431 = ORIENTED_EDGE ( 'NONE', *, *, #322, .T. ) ;
#2432 = B_SPLINE_SURFACE_WITH_KNOTS ( 'NONE', 3, 3, ( 
 ( #1018, #1492, #61, #1935 ),
 ( #2847, #815, #784, #2134 ),
 ( #562, #337, #517, #1221 ),
 ( #2170, #1910, #103, #2818 ),
 ( #1680, #641, #397, #1306 ) ),
 .UNSPECIFIED., .F., .F., .F.,
 ( 4, 1, 4 ),
 ( 4, 4 ),
 ( 0.0000000000000000000, 0.5000000000000000000, 1.000000000000000000 ),
 ( -0.05999999999999999778, 0.02000000000000000042 ),
 .UNSPECIFIED. ) ;
#2433 = DIRECTION ( 'NONE',  ( 0.0000000000000000000, 0.0000000000000000000, -1.000000000000000000 ) ) ;
#2434 = CARTESIAN_POINT ( 'NONE',  ( -1.350000000000000089, -1.000000000000000000, 0.0000000000000000000 ) ) ;
#2435 = DIRECTION ( 'NONE',  ( -1.000000000000000000, 9.957992501029599969E-17, 0.0000000000000000000 ) ) ;
#2436 = EDGE_CURVE ( 'NONE', #2354, #1914, #2326, .T. ) ;
#2437 = ADVANCED_FACE ( 'NONE', ( #498 ), #1655, .F. ) ;
#2438 = DIRECTION ( 'NONE',  ( 0.0000000000000000000, -1.000000000000000000, 0.0000000000000000000 ) ) ;
#2439 = ORIENTED_EDGE ( 'NONE', *, *, #946, .F. ) ;
#2440 = CARTESIAN_POINT ( 'NONE',  ( -1.199999999999999956, 2.250000000000000000, 1.699999999999999956 ) ) ;
#2441 = FACE_OUTER_BOUND ( 'NONE', #1961, .T. ) ;
#2442 = CARTESIAN_POINT ( 'NONE',  ( -1.350000000000000089, 1.000000000000000000, 0.1800000000000000211 ) ) ;
#2443 = ORIENTED_EDGE ( 'NONE', *, *, #35, .T. ) ;
#2444 = CARTESIAN_POINT ( 'NONE',  ( -2.050000000000000266, 1.350000034645199909, 2.000000000000000000 ) ) ;
#2445 = DIRECTION ( 'NONE',  ( 0.0000000000000000000, -1.000000000000000000, 0.0000000000000000000 ) ) ;
#2446 = ORIENTED_EDGE ( 'NONE', *, *, #177, .T. ) ;
#2447 = CARTESIAN_POINT ( 'NONE',  ( -2.149999999999999911, -2.394703844270860138, 0.03529615572914060473 ) ) ;
#2448 = CARTESIAN_POINT ( 'NONE',  ( 0.0000000000000000000, 0.0000000000000000000, 1.699999999999999956 ) ) ;
#2449 = PLANE ( 'NONE',  #883 ) ;
#2450 = CARTESIAN_POINT ( 'NONE',  ( -2.149999999999999911, -2.429999999999999716, 0.1499999999999999944 ) ) ;
#2451 = EDGE_CURVE ( 'NONE', #2619, #2354, #2034, .T. ) ;
#2452 = ORIENTED_EDGE ( 'NONE', *, *, #652, .T. ) ;
#2453 = VECTOR ( 'NONE', #2888, 1000.000000000000000 ) ;
#2454 = EDGE_CURVE ( 'NONE', #2528, #1293, #2584, .T. ) ;
#2455 = ORIENTED_EDGE ( 'NONE', *, *, #1231, .T. ) ;
#2456 = AXIS2_PLACEMENT_3D ( 'NONE', #1878, #492, #2305 ) ;
#2457 = CARTESIAN_POINT ( 'NONE',  ( 4.218847399277003543E-16, 1.899999957531689931, 1.600000000000000089 ) ) ;
#2458 = DIRECTION ( 'NONE',  ( 0.0000000000000000000, 0.0000000000000000000, 1.000000000000000000 ) ) ;
#2459 = DIRECTION ( 'NONE',  ( -9.957992501029599969E-17, -1.000000000000000000, 0.0000000000000000000 ) ) ;
#2460 = ORIENTED_EDGE ( 'NONE', *, *, #377, .F. ) ;
#2461 = CARTESIAN_POINT ( 'NONE',  ( -1.474999999999999867, -2.250000000000000000, 0.1800000000000000211 ) ) ;
#2462 = CARTESIAN_POINT ( 'NONE',  ( -2.149999999999999911, -2.500000000000000000, 1.000000000000000000 ) ) ;
#2463 = ORIENTED_EDGE ( 'NONE', *, *, #117, .F. ) ;
#2464 = VECTOR ( 'NONE', #977, 1000.000000000000000 ) ;
#2465 = LINE ( 'NONE', #1151, #633 ) ;
#2466 = DIRECTION ( 'NONE',  ( 0.0000000000000000000, 0.0000000000000000000, -1.000000000000000000 ) ) ;
#2467 = LINE ( 'NONE', #860, #981 ) ;
#2468 = VECTOR ( 'NONE', #1766, 1000.000000000000000 ) ;
#2469 = DIRECTION ( 'NONE',  ( 0.0000000000000000000, 1.000000000000000000, 0.0000000000000000000 ) ) ;
#2470 = FACE_OUTER_BOUND ( 'NONE', #1591, .T. ) ;
#2471 = EDGE_CURVE ( 'NONE', #671, #125, #2150, .T. ) ;
#2472 = STYLED_ITEM ( 'NONE', ( #2076 ), #1000 ) ;
#2473 = UNCERTAINTY_MEASURE_WITH_UNIT (LENGTH_MEASURE( 1.000000000000000082E-05 ), #1523, 'distance_accuracy_value', 'NONE');
#2474 = VERTEX_POINT ( 'NONE', #1415 ) ;
#2475 = PLANE ( 'NONE',  #1616 ) ;
#2476 = DIRECTION ( 'NONE',  ( -1.000000000000000000, 9.957992501029599969E-17, 0.0000000000000000000 ) ) ;
#2477 = ADVANCED_FACE ( 'NONE', ( #1223 ), #1683, .T. ) ;
#2478 = EDGE_CURVE ( 'NONE', #979, #1990, #1980, .T. ) ;
#2479 = CARTESIAN_POINT ( 'NONE',  ( 2.149999999999999911, 2.336351460713100181, -1.042711485915719985E-16 ) ) ;
#2480 = ORIENTED_EDGE ( 'NONE', *, *, #2074, .T. ) ;
#2481 = DIRECTION ( 'NONE',  ( -1.000000000000000000, 9.957992501029599969E-17, 0.0000000000000000000 ) ) ;
#2482 = ORIENTED_EDGE ( 'NONE', *, *, #672, .F. ) ;
#2483 = CARTESIAN_POINT ( 'NONE',  ( -2.149999999999999911, -2.500000000000000000, 0.1800000000000000211 ) ) ;
#2484 = LINE ( 'NONE', #826, #1657 ) ;
#2485 = CARTESIAN_POINT ( 'NONE',  ( -1.350000000000000089, -1.000000000000000000, 0.1800000000000000211 ) ) ;
#2486 = DIRECTION ( 'NONE',  ( 0.0000000000000000000, 0.0000000000000000000, 1.000000000000000000 ) ) ;
#2487 = ORIENTED_EDGE ( 'NONE', *, *, #116, .T. ) ;
#2488 = CARTESIAN_POINT ( 'NONE',  ( 2.500000000000000000, -1.510050506338830090, 1.699999999999999956 ) ) ;
#2489 = CARTESIAN_POINT ( 'NONE',  ( 2.149999999999999911, 2.429999999999999716, 0.1499999999999999944 ) ) ;
#2490 = EDGE_LOOP ( 'NONE', ( #104, #231, #2903, #613 ) ) ;
#2491 = EDGE_CURVE ( 'NONE', #1670, #2870, #957, .T. ) ;
#2493 = ADVANCED_FACE ( 'NONE', ( #296 ), #1206, .F. ) ;
#2492 = DIRECTION ( 'NONE',  ( -9.957992501029599969E-17, -1.000000000000000000, 0.0000000000000000000 ) ) ;
#2494 = PLANE ( 'NONE',  #2420 ) ;
#2495 = ORIENTED_EDGE ( 'NONE', *, *, #1411, .F. ) ;
#2496 = FACE_OUTER_BOUND ( 'NONE', #2152, .T. ) ;
#2497 = DIRECTION ( 'NONE',  ( 9.957992501029599969E-17, 1.000000000000000000, 0.0000000000000000000 ) ) ;
#2498 = EDGE_CURVE ( 'NONE', #971, #2036, #1898, .T. ) ;
#2499 = CARTESIAN_POINT ( 'NONE',  ( -1.750000000000000000, -2.375000000000000000, 1.000000000000000000 ) ) ;
#2500 = LINE ( 'NONE', #1818, #1848 ) ;
#2501 = DIRECTION ( 'NONE',  ( 0.0000000000000000000, 0.0000000000000000000, 1.000000000000000000 ) ) ;
#2502 = EDGE_LOOP ( 'NONE', ( #2072, #2413, #1821, #2312 ) ) ;
#2503 = ORIENTED_EDGE ( 'NONE', *, *, #1617, .T. ) ;
#2504 = AXIS2_PLACEMENT_3D ( 'NONE', #1066, #2962, #2653 ) ;
#2505 = AXIS2_PLACEMENT_3D ( 'NONE', #980, #717, #1904 ) ;
#2506 = DIRECTION ( 'NONE',  ( 0.0000000000000000000, 0.0000000000000000000, 1.000000000000000000 ) ) ;
#2507 = AXIS2_PLACEMENT_3D ( 'NONE', #1698, #1308, #328 ) ;
#2508 = PLANE ( 'NONE',  #166 ) ;
#2509 = CARTESIAN_POINT ( 'NONE',  ( 1.750000000000000000, 1.625000000000000000, 0.1800000000000000211 ) ) ;
#2510 = ORIENTED_EDGE ( 'NONE', *, *, #459, .T. ) ;
#2511 = COLOUR_RGB ( '',0.7607843137254901578, 0.7607843137254901578, 0.7607843137254901578 ) ;
#2512 = CARTESIAN_POINT ( 'NONE',  ( 2.500000000000000000, 2.250000000000000000, 2.000000000000000000 ) ) ;
#2513 = ORIENTED_EDGE ( 'NONE', *, *, #360, .F. ) ;
#2514 = VECTOR ( 'NONE', #59, 1000.000000000000000 ) ;
#2515 = FACE_OUTER_BOUND ( 'NONE', #243, .T. ) ;
#2516 = EDGE_CURVE ( 'NONE', #1668, #686, #1453, .T. ) ;
#2517 = CARTESIAN_POINT ( 'NONE',  ( -4.348103334655784545E-17, 1.899999957531689931, 1.600000000000000089 ) ) ;
#2518 = ORIENTED_EDGE ( 'NONE', *, *, #1946, .F. ) ;
#2519 = VECTOR ( 'NONE', #379, 1000.000000000000000 ) ;
#2520 = VECTOR ( 'NONE', #2922, 1000.000000000000000 ) ;
#2521 = VECTOR ( 'NONE', #1301, 1000.000000000000000 ) ;
#2522 = ORIENTED_EDGE ( 'NONE', *, *, #194, .F. ) ;
#2523 = CARTESIAN_POINT ( 'NONE',  ( 2.149999999999999911, 2.394703844270860138, 0.03529615572914060473 ) ) ;
#2524 = APPLICATION_CONTEXT ( 'automotive_design' ) ;
#2525 = VECTOR ( 'NONE', #2572, 1000.000000000000000 ) ;
#2526 =( LENGTH_UNIT ( ) NAMED_UNIT ( * ) SI_UNIT ( .MILLI., .METRE. ) );
#2527 = CARTESIAN_POINT ( 'NONE',  ( -1.550000000000000044, -2.429999999999999716, 1.000000000000000000 ) ) ;
#2528 = VERTEX_POINT ( 'NONE', #1398 ) ;
#2529 = DIRECTION ( 'NONE',  ( 0.0000000000000000000, -1.000000000000000000, 0.0000000000000000000 ) ) ;
#2530 = ORIENTED_EDGE ( 'NONE', *, *, #684, .T. ) ;
#2531 = PLANE ( 'NONE',  #2568 ) ;
#2532 = LINE ( 'NONE', #2287, #142 ) ;
#2533 = VERTEX_POINT ( 'NONE', #592 ) ;
#2534 = EDGE_CURVE ( 'NONE', #2828, #495, #1296, .T. ) ;
#2535 = EDGE_CURVE ( 'NONE', #2828, #555, #836, .T. ) ;
#2536 = VERTEX_POINT ( 'NONE', #1526 ) ;
#2537 = LINE ( 'NONE', #697, #1804 ) ;
#2538 = SURFACE_SIDE_STYLE ('',( #698 ) ) ;
#2539 = DIRECTION ( 'NONE',  ( 1.000000000000000000, -9.957992501029599969E-17, 0.0000000000000000000 ) ) ;
#2540 = ORIENTED_EDGE ( 'NONE', *, *, #1874, .F. ) ;
#2541 = CARTESIAN_POINT ( 'NONE',  ( 0.0000000000000000000, 0.0000000000000000000, 1.699999999999999956 ) ) ;
#2542 = VERTEX_POINT ( 'NONE', #2442 ) ;
#2543 = CARTESIAN_POINT ( 'NONE',  ( 1.616666666666670027, 2.429999999999999716, 0.1499999999999999944 ) ) ;
#2544 = CARTESIAN_POINT ( 'NONE',  ( 2.149999999999999911, 2.250000000000000000, 0.0000000000000000000 ) ) ;
#2545 = CARTESIAN_POINT ( 'NONE',  ( -1.773574347977162241E-16, -2.149999999999999911, 0.0000000000000000000 ) ) ;
#2546 = ORIENTED_EDGE ( 'NONE', *, *, #889, .T. ) ;
#2547 = CARTESIAN_POINT ( 'NONE',  ( 0.0000000000000000000, 0.0000000000000000000, 1.600000000000000089 ) ) ;
#2548 = ADVANCED_FACE ( 'NONE', ( #1253 ), #367, .T. ) ;
#2549 = ORIENTED_EDGE ( 'NONE', *, *, #1909, .T. ) ;
#2550 = EDGE_CURVE ( 'NONE', #2758, #1550, #156, .T. ) ;
#2551 = LINE ( 'NONE', #2988, #2990 ) ;
#2552 = DIRECTION ( 'NONE',  ( 0.0000000000000000000, 0.0000000000000000000, -1.000000000000000000 ) ) ;
#2553 = AXIS2_PLACEMENT_3D ( 'NONE', #2547, #951, #2087 ) ;
#2554 = DIRECTION ( 'NONE',  ( 1.000000000000000000, -9.957992501029599969E-17, 0.0000000000000000000 ) ) ;
#2555 = ORIENTED_EDGE ( 'NONE', *, *, #35, .F. ) ;
#2556 = CARTESIAN_POINT ( 'NONE',  ( 2.500000000000000000, 2.250000000000000000, 1.699999999999999956 ) ) ;
#2557 = AXIS2_PLACEMENT_3D ( 'NONE', #1431, #1915, #554 ) ;
#2558 = ORIENTED_EDGE ( 'NONE', *, *, #741, .F. ) ;
#2559 = LINE ( 'NONE', #2329, #2138 ) ;
#2560 = LINE ( 'NONE', #1419, #1703 ) ;
#2561 = AXIS2_PLACEMENT_3D ( 'NONE', #1065, #133, #1235 ) ;
#2562 =( NAMED_UNIT ( * ) PLANE_ANGLE_UNIT ( ) SI_UNIT ( $, .RADIAN. ) );
#2563 =( GEOMETRIC_REPRESENTATION_CONTEXT ( 3 ) GLOBAL_UNCERTAINTY_ASSIGNED_CONTEXT ( ( #903 ) ) GLOBAL_UNIT_ASSIGNED_CONTEXT ( ( #1951, #71, #573 ) ) REPRESENTATION_CONTEXT ( 'NONE', 'WORKASPACE' ) );
#2564 = ORIENTED_EDGE ( 'NONE', *, *, #232, .F. ) ;
#2565 = UNCERTAINTY_MEASURE_WITH_UNIT (LENGTH_MEASURE( 1.000000000000000082E-05 ), #834, 'distance_accuracy_value', 'NONE');
#2566 = EDGE_LOOP ( 'NONE', ( #1868, #2985, #587, #227 ) ) ;
#2567 = EDGE_CURVE ( 'NONE', #1649, #1852, #771, .T. ) ;
#2568 = AXIS2_PLACEMENT_3D ( 'NONE', #501, #1379, #2058 ) ;
#2569 = CARTESIAN_POINT ( 'NONE',  ( 2.500000000000000000, -1.350000000000000089, 0.0000000000000000000 ) ) ;
#2570 = DIRECTION ( 'NONE',  ( 0.0000000000000000000, 1.000000000000000000, 0.0000000000000000000 ) ) ;
#2571 = EDGE_CURVE ( 'NONE', #2754, #938, #380, .T. ) ;
#2572 = DIRECTION ( 'NONE',  ( -1.000000000000000000, 9.957992501029599969E-17, 0.0000000000000000000 ) ) ;
#2573 = ADVANCED_FACE ( 'NONE', ( #1467 ), #2670, .F. ) ;
#2574 = VERTEX_POINT ( 'NONE', #136 ) ;
#2575 = AXIS2_PLACEMENT_3D ( 'NONE', #2398, #1073, #1988 ) ;
#2576 = CARTESIAN_POINT ( 'NONE',  ( 2.149999999999999911, 1.000000000000000000, 0.1800000000000000211 ) ) ;
#2577 = ORIENTED_EDGE ( 'NONE', *, *, #497, .T. ) ;
#2578 = FACE_OUTER_BOUND ( 'NONE', #2490, .T. ) ;
#2579 = CARTESIAN_POINT ( 'NONE',  ( 1.199999999999999956, 2.250000000000000000, 2.000000000000000000 ) ) ;
#2580 = DIRECTION ( 'NONE',  ( 1.000000000000000000, -9.957992501029599969E-17, 0.0000000000000000000 ) ) ;
#2581 = ORIENTED_EDGE ( 'NONE', *, *, #1046, .F. ) ;
#2582 = CARTESIAN_POINT ( 'NONE',  ( -2.500000000000000000, -2.250000000000000000, 2.000000000000000000 ) ) ;
#2583 = PLANE ( 'NONE',  #1709 ) ;
#2584 = LINE ( 'NONE', #992, #722 ) ;
#2585 = EDGE_CURVE ( 'NONE', #2154, #1649, #1070, .T. ) ;
#2586 = ORIENTED_EDGE ( 'NONE', *, *, #2753, .T. ) ;
#2587 = DIRECTION ( 'NONE',  ( -1.000000000000000000, 0.0000000000000000000, 0.0000000000000000000 ) ) ;
#2588 = VERTEX_POINT ( 'NONE', #1728 ) ;
#2589 = CARTESIAN_POINT ( 'NONE',  ( -2.149999999999999911, -1.000000000000000000, 0.0000000000000000000 ) ) ;
#2590 = LINE ( 'NONE', #526, #396 ) ;
#2591 = VERTEX_POINT ( 'NONE', #1969 ) ;
#2592 = LINE ( 'NONE', #1849, #1406 ) ;
#2593 = LINE ( 'NONE', #1695, #2363 ) ;
#2594 = CARTESIAN_POINT ( 'NONE',  ( -1.350000000000000089, -2.394703844270860138, 0.03529615572914060473 ) ) ;
#2595 = ORIENTED_EDGE ( 'NONE', *, *, #1083, .T. ) ;
#2596 = CARTESIAN_POINT ( 'NONE',  ( 1.474999999999999867, 2.250000000000000000, 0.1800000000000000211 ) ) ;
#2597 = VERTEX_POINT ( 'NONE', #1494 ) ;
#2598 = VECTOR ( 'NONE', #275, 1000.000000000000000 ) ;
#2599 = LINE ( 'NONE', #994, #455 ) ;
#2600 = EDGE_LOOP ( 'NONE', ( #171, #1102, #2358, #1169 ) ) ;
#2601 = EDGE_CURVE ( 'NONE', #1512, #522, #2902, .T. ) ;
#2602 = AXIS2_PLACEMENT_3D ( 'NONE', #2616, #258, #1182 ) ;
#2603 = DIRECTION ( 'NONE',  ( 0.0000000000000000000, 0.0000000000000000000, -1.000000000000000000 ) ) ;
#2604 = ORIENTED_EDGE ( 'NONE', *, *, #1820, .F. ) ;
#2605 = VECTOR ( 'NONE', #893, 1000.000000000000000 ) ;
#2606 = EDGE_CURVE ( 'NONE', #1949, #2371, #354, .T. ) ;
#2607 = ORIENTED_EDGE ( 'NONE', *, *, #390, .T. ) ;
#2608 = AXIS2_PLACEMENT_3D ( 'NONE', #2927, #859, #406 ) ;
#2609 = APPLICATION_PROTOCOL_DEFINITION ( 'draft international standard', 'automotive_design', 1998, #1259 ) ;
#2610 = DIRECTION ( 'NONE',  ( -1.000000000000000000, 0.0000000000000000000, 0.0000000000000000000 ) ) ;
#2611 = LINE ( 'NONE', #1237, #62 ) ;
#2612 = VECTOR ( 'NONE', #2226, 1000.000000000000000 ) ;
#2613 = CARTESIAN_POINT ( 'NONE',  ( 1.510050506338830090, -2.500000000000000000, 2.000000000000000000 ) ) ;
#2614 = ORIENTED_EDGE ( 'NONE', *, *, #1383, .F. ) ;
#2615 = ORIENTED_EDGE ( 'NONE', *, *, #2240, .T. ) ;
#2616 = CARTESIAN_POINT ( 'NONE',  ( 1.399999999999999911, -1.087957250357299938E-16, 2.000000000000000000 ) ) ;
#2617 = CARTESIAN_POINT ( 'NONE',  ( -2.500000000000000000, 2.250000000000000000, 0.0000000000000000000 ) ) ;
#2618 = VECTOR ( 'NONE', #2147, 1000.000000000000000 ) ;
#2619 = VERTEX_POINT ( 'NONE', #1281 ) ;
#2620 = ADVANCED_FACE ( 'NONE', ( #1038 ), #2833, .F. ) ;
#2621 = ORIENTED_EDGE ( 'NONE', *, *, #2535, .T. ) ;
#2622 = EDGE_CURVE ( 'NONE', #2588, #1121, #2883, .T. ) ;
#2623 = DIRECTION ( 'NONE',  ( 0.0000000000000000000, 0.0000000000000000000, -1.000000000000000000 ) ) ;
#2624 = ADVANCED_FACE ( 'NONE', ( #609 ), #2385, .T. ) ;
#2625 = CARTESIAN_POINT ( 'NONE',  ( 2.149999999999999911, 1.000000000000000000, 0.0000000000000000000 ) ) ;
#2626 = CARTESIAN_POINT ( 'NONE',  ( -1.649999999999999911, 1.800000000000000044, 1.899999999999999911 ) ) ;
#2627 = VERTEX_POINT ( 'NONE', #787 ) ;
#2628 = CARTESIAN_POINT ( 'NONE',  ( -2.149999999999999911, -1.000000000000000000, 0.0000000000000000000 ) ) ;
#2629 = SURFACE_STYLE_FILL_AREA ( #2886 ) ;
#2630 = ORIENTED_EDGE ( 'NONE', *, *, #2096, .F. ) ;
#2631 = CARTESIAN_POINT ( 'NONE',  ( -1.350000000000000089, 1.400000017322599932, 1.899999999999999911 ) ) ;
#2632 = DIRECTION ( 'NONE',  ( -9.957992501029599969E-17, -1.000000000000000000, 0.0000000000000000000 ) ) ;
#2633 = DIRECTION ( 'NONE',  ( 1.000000000000000000, -9.957992501029599969E-17, 0.0000000000000000000 ) ) ;
#2634 = EDGE_LOOP ( 'NONE', ( #368, #395, #1707, #2130, #921, #1387, #1913 ) ) ;
#2635 = ADVANCED_FACE ( 'NONE', ( #1019 ), #819, .T. ) ;
#2636 = PLANE ( 'NONE',  #1569 ) ;
#2637 = CARTESIAN_POINT ( 'NONE',  ( -1.699999999999999956, 1.449999999999999956, 2.000000000000000000 ) ) ;
#2638 = DIRECTION ( 'NONE',  ( 0.0000000000000000000, 0.0000000000000000000, 1.000000000000000000 ) ) ;
#2639 = ORIENTED_EDGE ( 'NONE', *, *, #116, .F. ) ;
#2640 = DIRECTION ( 'NONE',  ( -9.957992501029599969E-17, -1.000000000000000000, 0.0000000000000000000 ) ) ;
#2641 = ORIENTED_EDGE ( 'NONE', *, *, #2585, .T. ) ;
#2642 = LINE ( 'NONE', #1530, #2403 ) ;
#2643 = CARTESIAN_POINT ( 'NONE',  ( 1.510050506338830090, -2.500000000000000000, 1.000000000000000000 ) ) ;
#2644 = VECTOR ( 'NONE', #635, 1000.000000000000114 ) ;
#2645 = CARTESIAN_POINT ( 'NONE',  ( 1.616666666666670027, 2.279999999999999805, 0.0000000000000000000 ) ) ;
#2646 = ORIENTED_EDGE ( 'NONE', *, *, #652, .F. ) ;
#2647 = DIRECTION ( 'NONE',  ( 9.957992501029599969E-17, 1.000000000000000000, 0.0000000000000000000 ) ) ;
#2648 = ORIENTED_EDGE ( 'NONE', *, *, #2096, .T. ) ;
#2649 = VECTOR ( 'NONE', #1621, 1000.000000000000000 ) ;
#2650 = SURFACE_SIDE_STYLE ('',( #813 ) ) ;
#2651 = VECTOR ( 'NONE', #825, 1000.000000000000000 ) ;
#2652 = EDGE_CURVE ( 'NONE', #800, #2597, #45, .T. ) ;
#2653 = DIRECTION ( 'NONE',  ( 1.000000000000000000, 0.0000000000000000000, 0.0000000000000000000 ) ) ;
#2654 = CARTESIAN_POINT ( 'NONE',  ( -2.050000000000000266, 1.549999965354800002, 1.899999999999999911 ) ) ;
#2655 = DIRECTION ( 'NONE',  ( 9.957992501029604900E-17, 1.000000000000000000, 0.0000000000000000000 ) ) ;
#2656 = EDGE_LOOP ( 'NONE', ( #1479, #351, #703, #2182 ) ) ;
#2657 = EDGE_CURVE ( 'NONE', #2395, #1499, #1100, .T. ) ;
#2659 = EDGE_CURVE ( 'NONE', #762, #2419, #1133, .T. ) ;
#2658 = CYLINDRICAL_SURFACE ( 'NONE', #978, 0.2999999999999999334 ) ;
#2660 = ORIENTED_EDGE ( 'NONE', *, *, #1408, .T. ) ;
#2661 = DIRECTION ( 'NONE',  ( 1.000000000000000000, 0.0000000000000000000, 0.0000000000000000000 ) ) ;
#2662 = CARTESIAN_POINT ( 'NONE',  ( -2.149999999999999911, -1.000000000000000000, 0.1800000000000000211 ) ) ;
#2663 = AXIS2_PLACEMENT_3D ( 'NONE', #2249, #2476, #2458 ) ;
#2664 = CARTESIAN_POINT ( 'NONE',  ( -1.842228612690480241E-16, -1.850000000000000089, 0.2999999999999999889 ) ) ;
#2665 = FACE_OUTER_BOUND ( 'NONE', #514, .T. ) ;
#2666 = VECTOR ( 'NONE', #2218, 1000.000000000000000 ) ;
#2667 = CARTESIAN_POINT ( 'NONE',  ( -2.149999999999999911, 1.000000000000000000, 0.0000000000000000000 ) ) ;
#2668 = ORIENTED_EDGE ( 'NONE', *, *, #2719, .T. ) ;
#2669 = DIRECTION ( 'NONE',  ( -1.000000000000000000, 0.0000000000000000000, 0.0000000000000000000 ) ) ;
#2670 = PLANE ( 'NONE',  #2507 ) ;
#2671 = ORIENTED_EDGE ( 'NONE', *, *, #2175, .T. ) ;
#2672 = DIRECTION ( 'NONE',  ( 0.0000000000000000000, 0.0000000000000000000, -1.000000000000000000 ) ) ;
#2673 = CARTESIAN_POINT ( 'NONE',  ( -1.350000000000000089, 2.279999999999999805, 0.0000000000000000000 ) ) ;
#2674 = ORIENTED_EDGE ( 'NONE', *, *, #289, .F. ) ;
#2675 = B_SPLINE_SURFACE_WITH_KNOTS ( 'NONE', 3, 3, ( 
 ( #1318, #1602, #2225, #649 ),
 ( #5, #2784, #1645, #2053 ),
 ( #1556, #363, #2406, #1536 ),
 ( #389, #1486, #1759, #604 ),
 ( #2450, #131, #571, #1096 ) ),
 .UNSPECIFIED., .F., .F., .F.,
 ( 4, 1, 4 ),
 ( 4, 4 ),
 ( 0.0000000000000000000, 0.5000000000000000000, 1.000000000000000000 ),
 ( -0.05999999999999999778, 0.02000000000000000042 ),
 .UNSPECIFIED. ) ;
#2676 = EDGE_CURVE ( 'NONE', #800, #2786, #2237, .T. ) ;
#2677 = DIRECTION ( 'NONE',  ( 0.0000000000000000000, 0.0000000000000000000, 1.000000000000000000 ) ) ;
#2678 = LINE ( 'NONE', #2178, #1991 ) ;
#2679 = CARTESIAN_POINT ( 'NONE',  ( 1.750000000000000000, 1.625000000000000000, 0.1800000000000000211 ) ) ;
#2680 = CARTESIAN_POINT ( 'NONE',  ( -0.6750000000000000444, 1.000000000000000000, 0.0000000000000000000 ) ) ;
#2681 = ORIENTED_EDGE ( 'NONE', *, *, #2571, .T. ) ;
#2682 = EDGE_LOOP ( 'NONE', ( #572, #2945, #1787, #1537 ) ) ;
#2683 = DIRECTION ( 'NONE',  ( 0.0000000000000000000, -1.000000000000000000, 0.0000000000000000000 ) ) ;
#2684 = CARTESIAN_POINT ( 'NONE',  ( -2.149999999999999911, 1.449999999999999956, 2.000000000000000000 ) ) ;
#2685 = DIRECTION ( 'NONE',  ( 0.0000000000000000000, -1.000000000000000000, 0.0000000000000000000 ) ) ;
#2686 = ORIENTED_EDGE ( 'NONE', *, *, #2289, .F. ) ;
#2687 = CARTESIAN_POINT ( 'NONE',  ( 4.218847399277003543E-16, 1.899999957531689931, 1.699999999999999956 ) ) ;
#2688 = DIRECTION ( 'NONE',  ( 0.0000000000000000000, 0.0000000000000000000, 1.000000000000000000 ) ) ;
#2689 = ORIENTED_EDGE ( 'NONE', *, *, #1285, .F. ) ;
#2690 = DIRECTION ( 'NONE',  ( 0.0000000000000000000, 0.0000000000000000000, 1.000000000000000000 ) ) ;
#2691 = DIRECTION ( 'NONE',  ( 0.0000000000000000000, 0.0000000000000000000, 1.000000000000000000 ) ) ;
#2692 = ADVANCED_FACE ( 'NONE', ( #2720 ), #852, .T. ) ;
#2693 = PLANE ( 'NONE',  #260 ) ;
#2694 = CARTESIAN_POINT ( 'NONE',  ( 1.000000000000000000, 2.500000000000000000, 0.0000000000000000000 ) ) ;
#2695 = EDGE_CURVE ( 'NONE', #1565, #2137, #2291, .T. ) ;
#2696 = AXIS2_PLACEMENT_3D ( 'NONE', #1628, #230, #1154 ) ;
#2697 = VECTOR ( 'NONE', #1718, 1000.000000000000000 ) ;
#2698 = SHAPE_DEFINITION_REPRESENTATION ( #767, #2062 ) ;
#2699 = AXIS2_PLACEMENT_3D ( 'NONE', #1449, #1219, #2800 ) ;
#2700 = FACE_OUTER_BOUND ( 'NONE', #1087, .T. ) ;
#2701 = B_SPLINE_CURVE_WITH_KNOTS ( 'NONE', 3,
 ( #385, #1734, #615, #1482, #2164, #2402, #113 ),
 .UNSPECIFIED., .F., .F.,
 ( 4, 3, 4 ),
 ( 0.0000000000000000000, 0.01639158027469509935, 0.03278316054939019869 ),
 .UNSPECIFIED. ) ;
#2702 = DIRECTION ( 'NONE',  ( -1.000000000000000000, 9.957992501029599969E-17, 0.0000000000000000000 ) ) ;
#2703 = VERTEX_POINT ( 'NONE', #2949 ) ;
#2704 = SURFACE_SIDE_STYLE ('',( #866 ) ) ;
#2705 = CARTESIAN_POINT ( 'NONE',  ( -2.149999999999999911, -1.000000000000000000, 0.0000000000000000000 ) ) ;
#2706 = EDGE_LOOP ( 'NONE', ( #2088, #1485, #23, #785 ) ) ;
#2707 = VECTOR ( 'NONE', #870, 1000.000000000000000 ) ;
#2708 = DIRECTION ( 'NONE',  ( 9.957992501029599969E-17, 1.000000000000000000, 0.0000000000000000000 ) ) ;
#2709 = CARTESIAN_POINT ( 'NONE',  ( -1.199999999999999956, -2.250000000000000000, 0.1800000000000000211 ) ) ;
#2710 = VECTOR ( 'NONE', #801, 1000.000000000000000 ) ;
#2711 = CARTESIAN_POINT ( 'NONE',  ( -1.000000000000000000, -2.500000000000000000, 2.000000000000000000 ) ) ;
#2712 = EDGE_CURVE ( 'NONE', #1582, #669, #1589, .T. ) ;
#2713 = VECTOR ( 'NONE', #2935, 1000.000000000000114 ) ;
#2714 = EDGE_CURVE ( 'NONE', #2950, #2092, #291, .T. ) ;
#2715 = EDGE_CURVE ( 'NONE', #101, #747, #1341, .T. ) ;
#2716 = ORIENTED_EDGE ( 'NONE', *, *, #1108, .F. ) ;
#2717 = DIRECTION ( 'NONE',  ( -1.000000000000000000, 9.957992501029599969E-17, 0.0000000000000000000 ) ) ;
#2718 = PLANE ( 'NONE',  #1356 ) ;
#2719 = EDGE_CURVE ( 'NONE', #48, #86, #1798, .T. ) ;
#2720 = FACE_OUTER_BOUND ( 'NONE', #2425, .T. ) ;
#2721 = ORIENTED_EDGE ( 'NONE', *, *, #2074, .F. ) ;
#2722 = FACE_OUTER_BOUND ( 'NONE', #2765, .T. ) ;
#2723 = ORIENTED_EDGE ( 'NONE', *, *, #636, .T. ) ;
#2724 = CARTESIAN_POINT ( 'NONE',  ( -2.149999999999999911, 1.449999999999999956, 1.899999999999999911 ) ) ;
#2725 = LINE ( 'NONE', #1110, #687 ) ;
#2726 = DIRECTION ( 'NONE',  ( 9.957992501029599969E-17, 1.000000000000000000, 0.0000000000000000000 ) ) ;
#2727 = ORIENTED_EDGE ( 'NONE', *, *, #1822, .T. ) ;
#2728 = ORIENTED_EDGE ( 'NONE', *, *, #2753, .F. ) ;
#2729 = EDGE_CURVE ( 'NONE', #1546, #1097, #643, .T. ) ;
#2730 = CARTESIAN_POINT ( 'NONE',  ( -2.149999999999999911, 1.000000000000000000, 0.0000000000000000000 ) ) ;
#2731 = ORIENTED_EDGE ( 'NONE', *, *, #968, .F. ) ;
#2732 = FILL_AREA_STYLE_COLOUR ( '', #2093 ) ;
#2733 = EDGE_CURVE ( 'NONE', #1322, #1546, #1564, .T. ) ;
#2734 = LINE ( 'NONE', #1549, #11 ) ;
#2735 = ORIENTED_EDGE ( 'NONE', *, *, #2273, .T. ) ;
#2736 = CARTESIAN_POINT ( 'NONE',  ( -1.699999999999999956, 1.449999999999999956, 2.000000000000000000 ) ) ;
#2737 = DIRECTION ( 'NONE',  ( 0.0000000000000000000, 0.0000000000000000000, 1.000000000000000000 ) ) ;
#2738 = EDGE_LOOP ( 'NONE', ( #2721, #1439 ) ) ;
#2739 = CARTESIAN_POINT ( 'NONE',  ( 1.883333333333329973, 2.336351460713100181, -1.042711485915719985E-16 ) ) ;
#2740 = CARTESIAN_POINT ( 'NONE',  ( 2.149999999999999911, 2.500000000000000000, 0.1800000000000000211 ) ) ;
#2741 = CARTESIAN_POINT ( 'NONE',  ( 2.500000000000000000, -1.510050506338830090, 1.000000000000000000 ) ) ;
#2742 = ORIENTED_EDGE ( 'NONE', *, *, #2622, .T. ) ;
#2743 = ORIENTED_EDGE ( 'NONE', *, *, #2129, .T. ) ;
#2744 = AXIS2_PLACEMENT_3D ( 'NONE', #1997, #2893, #1503 ) ;
#2745 = AXIS2_PLACEMENT_3D ( 'NONE', #1687, #318, #2603 ) ;
#2746 = CARTESIAN_POINT ( 'NONE',  ( 0.0000000000000000000, 0.0000000000000000000, 1.699999999999999956 ) ) ;
#2747 = EDGE_CURVE ( 'NONE', #2591, #853, #1353, .T. ) ;
#2748 = AXIS2_PLACEMENT_3D ( 'NONE', #907, #1834, #2685 ) ;
#2749 = CARTESIAN_POINT ( 'NONE',  ( -1.199999999999999956, 2.250000000000000000, 1.699999999999999956 ) ) ;
#2750 = ORIENTED_EDGE ( 'NONE', *, *, #2571, .F. ) ;
#2751 = CARTESIAN_POINT ( 'NONE',  ( -2.050000000000000266, 1.549999965354800002, 2.000000000000000000 ) ) ;
#2752 = EDGE_CURVE ( 'NONE', #1013, #86, #190, .T. ) ;
#2753 = EDGE_CURVE ( 'NONE', #115, #2588, #1824, .T. ) ;
#2754 = VERTEX_POINT ( 'NONE', #1147 ) ;
#2755 = AXIS2_PLACEMENT_3D ( 'NONE', #2373, #316, #1240 ) ;
#2756 = CARTESIAN_POINT ( 'NONE',  ( -2.500000000000000000, 2.250000000000000000, 0.0000000000000000000 ) ) ;
#2757 = LINE ( 'NONE', #917, #488 ) ;
#2758 = VERTEX_POINT ( 'NONE', #1116 ) ;
#2759 = VECTOR ( 'NONE', #1220, 1000.000000000000000 ) ;
#2760 = ORIENTED_EDGE ( 'NONE', *, *, #1498, .T. ) ;
#2761 = AXIS2_PLACEMENT_3D ( 'NONE', #909, #1118, #2991 ) ;
#2762 = LINE ( 'NONE', #515, #772 ) ;
#2763 = CARTESIAN_POINT ( 'NONE',  ( 1.350000000000000089, 1.000000000000000000, 0.0000000000000000000 ) ) ;
#2764 = LINE ( 'NONE', #236, #2279 ) ;
#2765 = EDGE_LOOP ( 'NONE', ( #1397, #273, #244, #1048 ) ) ;
#2766 = DIRECTION ( 'NONE',  ( -0.0000000000000000000, 1.000000000000000000, 0.0000000000000000000 ) ) ;
#2767 = ORIENTED_EDGE ( 'NONE', *, *, #2275, .F. ) ;
#2768 = CARTESIAN_POINT ( 'NONE',  ( -2.149999999999999911, 2.429999999999999716, 0.1499999999999999944 ) ) ;
#2769 = EDGE_CURVE ( 'NONE', #555, #1152, #2065, .T. ) ;
#2770 = DIRECTION ( 'NONE',  ( 1.000000000000000000, -9.957992501029599969E-17, 0.0000000000000000000 ) ) ;
#2771 = ADVANCED_FACE ( 'NONE', ( #1385 ), #2976, .F. ) ;
#2772 = UNCERTAINTY_MEASURE_WITH_UNIT (LENGTH_MEASURE( 1.000000000000000082E-05 ), #417, 'distance_accuracy_value', 'NONE');
#2773 = ORIENTED_EDGE ( 'NONE', *, *, #2733, .F. ) ;
#2774 = FACE_OUTER_BOUND ( 'NONE', #644, .T. ) ;
#2775 = LINE ( 'NONE', #754, #690 ) ;
#2776 = DIRECTION ( 'NONE',  ( -9.957992501029599969E-17, -1.000000000000000000, 0.0000000000000000000 ) ) ;
#2777 = EDGE_LOOP ( 'NONE', ( #1105, #1643, #2063, #2993 ) ) ;
#2778 = LINE ( 'NONE', #746, #490 ) ;
#2779 = ORIENTED_EDGE ( 'NONE', *, *, #1474, .F. ) ;
#2780 = CARTESIAN_POINT ( 'NONE',  ( -1.350000000000000089, 2.250000000000000000, 0.0000000000000000000 ) ) ;
#2781 = DIRECTION ( 'NONE',  ( 1.000000000000000000, -9.957992501029599969E-17, 0.0000000000000000000 ) ) ;
#2782 = PLANE ( 'NONE',  #2405 ) ;
#2783 = EDGE_CURVE ( 'NONE', #2703, #952, #1932, .T. ) ;
#2784 = CARTESIAN_POINT ( 'NONE',  ( -1.883333333333329973, -2.336351460713100181, -1.042711485915719985E-16 ) ) ;
#2785 = ADVANCED_FACE ( 'NONE', ( #399 ), #1329, .F. ) ;
#2786 = VERTEX_POINT ( 'NONE', #2075 ) ;
#2787 = EDGE_CURVE ( 'NONE', #2371, #814, #2551, .T. ) ;
#2788 = VECTOR ( 'NONE', #828, 1000.000000000000000 ) ;
#2789 = DIRECTION ( 'NONE',  ( 0.0000000000000000000, 0.0000000000000000000, 1.000000000000000000 ) ) ;
#2790 = CARTESIAN_POINT ( 'NONE',  ( 0.0000000000000000000, 0.0000000000000000000, 1.699999999999999956 ) ) ;
#2791 = DIRECTION ( 'NONE',  ( 0.0000000000000000000, 0.0000000000000000000, -1.000000000000000000 ) ) ;
#2792 = DIRECTION ( 'NONE',  ( 0.0000000000000000000, 0.0000000000000000000, 1.000000000000000000 ) ) ;
#2793 = VECTOR ( 'NONE', #63, 1000.000000000000000 ) ;
#2794 = ORIENTED_EDGE ( 'NONE', *, *, #1563, .T. ) ;
#2795 = DIRECTION ( 'NONE',  ( 0.0000000000000000000, 0.0000000000000000000, 1.000000000000000000 ) ) ;
#2796 = DIRECTION ( 'NONE',  ( 1.000000000000000000, 0.0000000000000000000, 0.0000000000000000000 ) ) ;
#2797 = ORIENTED_EDGE ( 'NONE', *, *, #593, .T. ) ;
#2798 = EDGE_CURVE ( 'NONE', #1668, #1113, #2762, .T. ) ;
#2799 = AXIS2_PLACEMENT_3D ( 'NONE', #196, #2044, #1885 ) ;
#2800 = DIRECTION ( 'NONE',  ( 1.000000000000000000, -9.957992501029599969E-17, 0.0000000000000000000 ) ) ;
#2801 = CARTESIAN_POINT ( 'NONE',  ( -1.199999999999999956, -2.250000000000000000, 2.000000000000000000 ) ) ;
#2802 = MECHANICAL_DESIGN_GEOMETRIC_PRESENTATION_REPRESENTATION (  '', ( #1612 ), #1458 ) ;
#2803 = CARTESIAN_POINT ( 'NONE',  ( 1.695037879754120125, -2.315012626584710187, 2.000000000000000000 ) ) ;
#2804 = DIRECTION ( 'NONE',  ( 0.0000000000000000000, -1.000000000000000000, 0.0000000000000000000 ) ) ;
#2805 = VECTOR ( 'NONE', #2688, 1000.000000000000000 ) ;
#2806 = DIRECTION ( 'NONE',  ( 1.000000000000000000, -9.957992501029599969E-17, 0.0000000000000000000 ) ) ;
#2807 = ORIENTED_EDGE ( 'NONE', *, *, #1323, .F. ) ;
#2808 = DIRECTION ( 'NONE',  ( -9.957992501029599969E-17, -1.000000000000000000, 0.0000000000000000000 ) ) ;
#2809 = VERTEX_POINT ( 'NONE', #57 ) ;
#2810 = CARTESIAN_POINT ( 'NONE',  ( 2.149999999999999911, 2.429999999999999716, 0.1499999999999999944 ) ) ;
#2811 = FACE_OUTER_BOUND ( 'NONE', #2012, .T. ) ;
#2812 = CARTESIAN_POINT ( 'NONE',  ( -2.500000000000000000, 2.250000000000000000, 2.000000000000000000 ) ) ;
#2813 = EDGE_LOOP ( 'NONE', ( #752, #2727, #253, #127 ) ) ;
#2814 = B_SPLINE_CURVE_WITH_KNOTS ( 'NONE', 3,
 ( #257, #935, #1181, #2768 ),
 .UNSPECIFIED., .F., .F.,
 ( 4, 4 ),
 ( -0.05999999999999999778, 0.02000000000000000389 ),
 .UNSPECIFIED. ) ;
#2815 = DIRECTION ( 'NONE',  ( 1.000000000000000000, -9.957992501029599969E-17, 0.0000000000000000000 ) ) ;
#2816 = EDGE_CURVE ( 'NONE', #666, #671, #38, .T. ) ;
#2817 = PLANE ( 'NONE',  #1457 ) ;
#2818 = CARTESIAN_POINT ( 'NONE',  ( -2.149999999999999911, 2.429999999999999716, 0.09364853928690050622 ) ) ;
#2819 = ORIENTED_EDGE ( 'NONE', *, *, #2193, .F. ) ;
#2820 = DIRECTION ( 'NONE',  ( -0.6246950475544237324, 0.7808688094430306093, 0.0000000000000000000 ) ) ;
#2821 = VERTEX_POINT ( 'NONE', #1423 ) ;
#2822 = ADVANCED_FACE ( 'NONE', ( #953 ), #1435, .T. ) ;
#2823 = CYLINDRICAL_SURFACE ( 'NONE', #1372, 0.2999999999999999334 ) ;
#2824 = ORIENTED_EDGE ( 'NONE', *, *, #2193, .T. ) ;
#2825 = DIRECTION ( 'NONE',  ( 9.957992501029604900E-17, 1.000000000000000000, 0.0000000000000000000 ) ) ;
#2826 = DIRECTION ( 'NONE',  ( 0.0000000000000000000, 0.0000000000000000000, -1.000000000000000000 ) ) ;
#2827 = ORIENTED_EDGE ( 'NONE', *, *, #2769, .T. ) ;
#2828 = VERTEX_POINT ( 'NONE', #2090 ) ;
#2829 = FACE_OUTER_BOUND ( 'NONE', #2255, .T. ) ;
#2830 = LINE ( 'NONE', #990, #50 ) ;
#2831 = DIRECTION ( 'NONE',  ( 0.0000000000000000000, 1.000000000000000000, 0.0000000000000000000 ) ) ;
#2832 = EDGE_CURVE ( 'NONE', #1714, #912, #264, .T. ) ;
#2833 = PLANE ( 'NONE',  #392 ) ;
#2834 = ORIENTED_EDGE ( 'NONE', *, *, #2394, .T. ) ;
#2835 = CIRCLE ( 'NONE', #2553, 1.899999957531689931 ) ;
#2836 = ORIENTED_EDGE ( 'NONE', *, *, #1343, .T. ) ;
#2837 = EDGE_CURVE ( 'NONE', #2060, #912, #924, .T. ) ;
#2838 = CIRCLE ( 'NONE', #201, 0.2999999999999999334 ) ;
#2839 = EDGE_CURVE ( 'NONE', #2542, #853, #2537, .T. ) ;
#2840 = CARTESIAN_POINT ( 'NONE',  ( 2.500000000000000000, 2.250000000000000000, 0.0000000000000000000 ) ) ;
#2841 = VECTOR ( 'NONE', #1202, 1000.000000000000000 ) ;
#2842 = PRESENTATION_LAYER_ASSIGNMENT (  '', '', ( #922 ) ) ;
#2843 = EDGE_LOOP ( 'NONE', ( #2621, #415, #721, #2021, #137, #321, #803, #1358, #2577, #1614, #659, #2252 ) ) ;
#2844 = VECTOR ( 'NONE', #1993, 1000.000000000000114 ) ;
#2845 = CARTESIAN_POINT ( 'NONE',  ( 2.149999999999999911, 1.000000000000000000, 0.0000000000000000000 ) ) ;
#2846 = ORIENTED_EDGE ( 'NONE', *, *, #1026, .T. ) ;
#2847 = CARTESIAN_POINT ( 'NONE',  ( -1.350000000000000089, 2.336351460713100181, -6.516946786973231415E-18 ) ) ;
#2848 = ORIENTED_EDGE ( 'NONE', *, *, #655, .T. ) ;
#2849 = LINE ( 'NONE', #2901, #2210 ) ;
#2850 = AXIS2_PLACEMENT_3D ( 'NONE', #2259, #1757, #603 ) ;
#2851 = DIRECTION ( 'NONE',  ( 0.0000000000000000000, 0.0000000000000000000, 1.000000000000000000 ) ) ;
#2852 = ORIENTED_EDGE ( 'NONE', *, *, #1559, .F. ) ;
#2853 = FACE_OUTER_BOUND ( 'NONE', #1006, .T. ) ;
#2854 = EDGE_LOOP ( 'NONE', ( #934, #2261, #429, #790 ) ) ;
#2855 =( GEOMETRIC_REPRESENTATION_CONTEXT ( 3 ) GLOBAL_UNCERTAINTY_ASSIGNED_CONTEXT ( ( #2197 ) ) GLOBAL_UNIT_ASSIGNED_CONTEXT ( ( #2526, #1355, #2022 ) ) REPRESENTATION_CONTEXT ( 'NONE', 'WORKASPACE' ) );
#2856 = CARTESIAN_POINT ( 'NONE',  ( -1.199999999999999956, 2.250000000000000000, 0.0000000000000000000 ) ) ;
#2857 = B_SPLINE_CURVE_WITH_KNOTS ( 'NONE', 3,
 ( #2900, #2019, #2236, #1782 ),
 .UNSPECIFIED., .F., .F.,
 ( 4, 4 ),
 ( -0.05999999999999999778, 0.02000000000000000389 ),
 .UNSPECIFIED. ) ;
#2858 = CARTESIAN_POINT ( 'NONE',  ( -2.149999999999999911, -2.279999999999999805, 0.0000000000000000000 ) ) ;
#2859 = VECTOR ( 'NONE', #1610, 1000.000000000000000 ) ;
#2860 = EDGE_CURVE ( 'NONE', #1284, #669, #26, .T. ) ;
#2861 = CARTESIAN_POINT ( 'NONE',  ( -1.773574347977162241E-16, -2.149999999999999911, 0.2999999999999999889 ) ) ;
#2862 = EDGE_LOOP ( 'NONE', ( #1071, #1830, #1760, #1673, #1232, #1268, #2996, #773 ) ) ;
#2863 = EDGE_CURVE ( 'NONE', #522, #2057, #10, .T. ) ;
#2864 = EDGE_LOOP ( 'NONE', ( #36, #2081, #2723, #1918 ) ) ;
#2865 = LINE ( 'NONE', #2625, #1334 ) ;
#2866 =( NAMED_UNIT ( * ) SI_UNIT ( $, .STERADIAN. ) SOLID_ANGLE_UNIT ( ) );
#2867 = DIRECTION ( 'NONE',  ( 1.000000000000000000, -9.957992501029599969E-17, 0.0000000000000000000 ) ) ;
#2868 = ORIENTED_EDGE ( 'NONE', *, *, #435, .T. ) ;
#2869 = LINE ( 'NONE', #1311, #2666 ) ;
#2870 = VERTEX_POINT ( 'NONE', #939 ) ;
#2871 = CARTESIAN_POINT ( 'NONE',  ( 1.350000000000000089, -2.500000000000000000, 2.000000000000000000 ) ) ;
#2872 = CARTESIAN_POINT ( 'NONE',  ( -2.149999999999999911, 0.5000000000000000000, 0.0000000000000000000 ) ) ;
#2873 = VERTEX_POINT ( 'NONE', #1863 ) ;
#2874 = DIRECTION ( 'NONE',  ( 0.0000000000000000000, 1.000000000000000000, 0.0000000000000000000 ) ) ;
#2875 = PLANE ( 'NONE',  #1797 ) ;
#2876 = ADVANCED_FACE ( 'NONE', ( #2774 ), #2335, .F. ) ;
#2877 = ORIENTED_EDGE ( 'NONE', *, *, #667, .F. ) ;
#2878 = EDGE_CURVE ( 'NONE', #96, #527, #477, .T. ) ;
#2879 = EDGE_CURVE ( 'NONE', #2627, #622, #970, .T. ) ;
#2880 = FILL_AREA_STYLE ('',( #1965 ) ) ;
#2881 = DIRECTION ( 'NONE',  ( 0.0000000000000000000, 0.0000000000000000000, 1.000000000000000000 ) ) ;
#2882 = CARTESIAN_POINT ( 'NONE',  ( 2.500000000000000000, -1.510050506338830090, 0.0000000000000000000 ) ) ;
#2883 = LINE ( 'NONE', #2412, #678 ) ;
#2884 = ORIENTED_EDGE ( 'NONE', *, *, #2747, .F. ) ;
#2885 = DIRECTION ( 'NONE',  ( -1.000000000000000000, 9.957992501029599969E-17, 0.0000000000000000000 ) ) ;
#2886 = FILL_AREA_STYLE ('',( #1926 ) ) ;
#2887 = ORIENTED_EDGE ( 'NONE', *, *, #655, .F. ) ;
#2888 = DIRECTION ( 'NONE',  ( -1.000000000000000000, 9.957992501029599969E-17, 0.0000000000000000000 ) ) ;
#2889 = AXIS2_PLACEMENT_3D ( 'NONE', #1143, #2726, #1402 ) ;
#2890 = CARTESIAN_POINT ( 'NONE',  ( 0.0000000000000000000, 0.0000000000000000000, 1.600000000000000089 ) ) ;
#2891 = DIRECTION ( 'NONE',  ( 0.0000000000000000000, 0.0000000000000000000, 1.000000000000000000 ) ) ;
#2892 = VECTOR ( 'NONE', #1335, 1000.000000000000000 ) ;
#2893 = DIRECTION ( 'NONE',  ( -9.957992501029599969E-17, -1.000000000000000000, 0.0000000000000000000 ) ) ;
#2894 = ORIENTED_EDGE ( 'NONE', *, *, #2328, .F. ) ;
#2895 = AXIS2_PLACEMENT_3D ( 'NONE', #1747, #1265, #2655 ) ;
#2896 = CARTESIAN_POINT ( 'NONE',  ( 2.149999999999999911, 2.279999999999999805, 0.0000000000000000000 ) ) ;
#2897 = ORIENTED_EDGE ( 'NONE', *, *, #377, .T. ) ;
#2898 = VECTOR ( 'NONE', #569, 1000.000000000000000 ) ;
#2899 = CARTESIAN_POINT ( 'NONE',  ( -1.699999999999999956, 1.449999999999999956, 1.899999999999999911 ) ) ;
#2900 = CARTESIAN_POINT ( 'NONE',  ( 2.149999999999999911, 2.429999999999999716, 0.1499999999999999944 ) ) ;
#2901 = CARTESIAN_POINT ( 'NONE',  ( -1.600000000000000089, 1.350000034645199909, 1.899999999999999911 ) ) ;
#2902 = LINE ( 'NONE', #1713, #1218 ) ;
#2903 = ORIENTED_EDGE ( 'NONE', *, *, #2359, .F. ) ;
#2904 = LINE ( 'NONE', #626, #1230 ) ;
#2905 = CLOSED_SHELL ( 'NONE', ( #1768, #344, #1853, #2573, #776, #1248, #412, #2771, #2234 ) ) ;
#2906 = ADVANCED_FACE ( 'NONE', ( #280 ), #1893, .F. ) ;
#2907 = PLANE ( 'NONE',  #594 ) ;
#2908 = EDGE_LOOP ( 'NONE', ( #2549, #1515, #1414, #2750 ) ) ;
#2909 = CARTESIAN_POINT ( 'NONE',  ( 2.149999999999999911, 2.500000000000000000, 1.000000000000000000 ) ) ;
#2910 = VECTOR ( 'NONE', #1749, 1000.000000000000000 ) ;
#2911 = CARTESIAN_POINT ( 'NONE',  ( -0.5999999999999999778, -2.250000000000000000, 1.699999999999999956 ) ) ;
#2912 = DIRECTION ( 'NONE',  ( -1.000000000000000000, 9.957992501029599969E-17, 0.0000000000000000000 ) ) ;
#2913 = CARTESIAN_POINT ( 'NONE',  ( -1.600000000000000089, 1.549999965354800002, 1.899999999999999911 ) ) ;
#2914 = CARTESIAN_POINT ( 'NONE',  ( 1.350000000000000089, 2.250000000000000000, 0.1800000000000000211 ) ) ;
#2915 = AXIS2_PLACEMENT_3D ( 'NONE', #607, #2669, #1765 ) ;
#2916 = ORIENTED_EDGE ( 'NONE', *, *, #1328, .T. ) ;
#2917 = DIRECTION ( 'NONE',  ( 0.0000000000000000000, 0.0000000000000000000, -1.000000000000000000 ) ) ;
#2918 = LINE ( 'NONE', #366, #6 ) ;
#2919 = DIRECTION ( 'NONE',  ( 0.0000000000000000000, 0.0000000000000000000, -1.000000000000000000 ) ) ;
#2920 = EDGE_CURVE ( 'NONE', #461, #1322, #2592, .T. ) ;
#2921 = VERTEX_POINT ( 'NONE', #989 ) ;
#2922 = DIRECTION ( 'NONE',  ( 0.0000000000000000000, 0.0000000000000000000, 1.000000000000000000 ) ) ;
#2923 = DIRECTION ( 'NONE',  ( 9.957992501029599969E-17, 1.000000000000000000, 0.0000000000000000000 ) ) ;
#2924 = ORIENTED_EDGE ( 'NONE', *, *, #1557, .F. ) ;
#2925 = LINE ( 'NONE', #582, #1547 ) ;
#2926 = EDGE_CURVE ( 'NONE', #1574, #1161, #1395, .T. ) ;
#2927 = CARTESIAN_POINT ( 'NONE',  ( -2.149999999999999911, -2.250000000000000000, 0.0000000000000000000 ) ) ;
#2928 = DIRECTION ( 'NONE',  ( 0.0000000000000000000, 0.0000000000000000000, -1.000000000000000000 ) ) ;
#2929 = CARTESIAN_POINT ( 'NONE',  ( -1.800000000000000044, 1.800000000000000044, 2.000000000000000000 ) ) ;
#2930 = ORIENTED_EDGE ( 'NONE', *, *, #2436, .T. ) ;
#2931 = CARTESIAN_POINT ( 'NONE',  ( 1.000000000000000000, 2.500000000000000000, 0.0000000000000000000 ) ) ;
#2932 = CARTESIAN_POINT ( 'NONE',  ( 2.149999999999999911, 1.000000000000000000, 0.0000000000000000000 ) ) ;
#2933 = ORIENTED_EDGE ( 'NONE', *, *, #654, .F. ) ;
#2934 = DIRECTION ( 'NONE',  ( 0.7808688094430298321, 0.6246950475544248427, 0.0000000000000000000 ) ) ;
#2935 = DIRECTION ( 'NONE',  ( -0.6246950475544248427, 0.7808688094430298321, 0.0000000000000000000 ) ) ;
#2936 = VERTEX_POINT ( 'NONE', #1907 ) ;
#2937 = CARTESIAN_POINT ( 'NONE',  ( -1.600000000000000089, 1.350000034645199909, 1.899999999999999911 ) ) ;
#2938 = CARTESIAN_POINT ( 'NONE',  ( -1.350000000000000089, -2.250000000000000000, 0.0000000000000000000 ) ) ;
#2939 = CARTESIAN_POINT ( 'NONE',  ( 1.199999999999999956, 2.250000000000000000, 1.699999999999999956 ) ) ;
#2940 = ADVANCED_FACE ( 'NONE', ( #529 ), #2364, .F. ) ;
#2941 = EDGE_CURVE ( 'NONE', #1502, #298, #1267, .T. ) ;
#2942 = PLANE ( 'NONE',  #437 ) ;
#2943 = VECTOR ( 'NONE', #2633, 1000.000000000000000 ) ;
#2944 = VECTOR ( 'NONE', #648, 1000.000000000000000 ) ;
#2945 = ORIENTED_EDGE ( 'NONE', *, *, #2712, .T. ) ;
#2946 = AXIS2_PLACEMENT_3D ( 'NONE', #2381, #323, #561 ) ;
#2947 = FACE_OUTER_BOUND ( 'NONE', #2682, .T. ) ;
#2948 = CARTESIAN_POINT ( 'NONE',  ( -1.600000000000000089, 1.549999965354800002, 2.000000000000000000 ) ) ;
#2949 = CARTESIAN_POINT ( 'NONE',  ( -1.892018532905712637E-16, -1.899999957531689931, 1.699999999999999956 ) ) ;
#2950 = VERTEX_POINT ( 'NONE', #2896 ) ;
#2951 = FACE_OUTER_BOUND ( 'NONE', #820, .T. ) ;
#2952 = DIRECTION ( 'NONE',  ( 0.0000000000000000000, -1.000000000000000000, 0.0000000000000000000 ) ) ;
#2953 = DIRECTION ( 'NONE',  ( -1.000000000000000000, 9.957992501029599969E-17, 0.0000000000000000000 ) ) ;
#2954 = DIRECTION ( 'NONE',  ( -1.000000000000000000, 9.957992501029599969E-17, 0.0000000000000000000 ) ) ;
#2955 = VECTOR ( 'NONE', #2795, 1000.000000000000000 ) ;
#2956 = CARTESIAN_POINT ( 'NONE',  ( -1.350000000000000089, -2.429999999999999716, 0.1499999999999999944 ) ) ;
#2957 = ADVANCED_FACE ( 'NONE', ( #2829 ), #1710, .F. ) ;
#2958 = VECTOR ( 'NONE', #431, 1000.000000000000000 ) ;
#2959 = PRODUCT_DEFINITION_CONTEXT ( 'detailed design', #2524, 'design' ) ;
#2960 = EDGE_CURVE ( 'NONE', #622, #1649, #588, .T. ) ;
#2961 = ORIENTED_EDGE ( 'NONE', *, *, #1835, .F. ) ;
#2962 = DIRECTION ( 'NONE',  ( -0.0000000000000000000, 1.000000000000000000, 0.0000000000000000000 ) ) ;
#2963 = CARTESIAN_POINT ( 'NONE',  ( 1.350000000000000089, 1.000000000000000000, 0.0000000000000000000 ) ) ;
#2964 = ORIENTED_EDGE ( 'NONE', *, *, #1708, .F. ) ;
#2965 = CARTESIAN_POINT ( 'NONE',  ( -1.199999999999999956, -2.250000000000000000, 2.000000000000000000 ) ) ;
#2966 = VERTEX_POINT ( 'NONE', #1981 ) ;
#2967 = LINE ( 'NONE', #660, #1263 ) ;
#2968 = ORIENTED_EDGE ( 'NONE', *, *, #1721, .F. ) ;
#2969 = LINE ( 'NONE', #19, #1555 ) ;
#2970 = CARTESIAN_POINT ( 'NONE',  ( -1.600000000000000089, 1.549999965354800002, 1.899999999999999911 ) ) ;
#2971 = EDGE_LOOP ( 'NONE', ( #1145, #2513, #221, #2581, #715, #1422, #1945, #1146 ) ) ;
#2972 = EDGE_CURVE ( 'NONE', #1470, #1282, #186, .T. ) ;
#2973 = ORIENTED_EDGE ( 'NONE', *, *, #1775, .F. ) ;
#2974 = EDGE_CURVE ( 'NONE', #2069, #1889, #1050, .T. ) ;
#2975 = ADVANCED_FACE ( 'NONE', ( #1262 ), #1463, .F. ) ;
#2976 = PLANE ( 'NONE',  #2748 ) ;
#2977 = DIRECTION ( 'NONE',  ( 1.000000000000000000, -9.957992501029599969E-17, 0.0000000000000000000 ) ) ;
#2978 = ORIENTED_EDGE ( 'NONE', *, *, #2251, .F. ) ;
#2979 = CARTESIAN_POINT ( 'NONE',  ( -0.5000000000000000000, 2.500000000000000000, 1.699999999999999956 ) ) ;
#2980 = ORIENTED_EDGE ( 'NONE', *, *, #289, .T. ) ;
#2981 = CARTESIAN_POINT ( 'NONE',  ( 1.350000000000000089, 2.429999999999999716, 0.09364853928690050622 ) ) ;
#2982 = DIRECTION ( 'NONE',  ( -9.957992501029599969E-17, -1.000000000000000000, 0.0000000000000000000 ) ) ;
#2983 = FACE_OUTER_BOUND ( 'NONE', #148, .T. ) ;
#2984 = VERTEX_POINT ( 'NONE', #1015 ) ;
#2985 = ORIENTED_EDGE ( 'NONE', *, *, #2008, .T. ) ;
#2986 = AXIS2_PLACEMENT_3D ( 'NONE', #2221, #1091, #2243 ) ;
#2987 = VECTOR ( 'NONE', #2340, 1000.000000000000000 ) ;
#2988 = CARTESIAN_POINT ( 'NONE',  ( -1.350000000000000089, 2.250000000000000000, 0.0000000000000000000 ) ) ;
#2989 = ADVANCED_FACE ( 'NONE', ( #1245 ), #765, .F. ) ;
#2990 = VECTOR ( 'NONE', #2321, 1000.000000000000000 ) ;
#2991 = DIRECTION ( 'NONE',  ( 0.0000000000000000000, 1.000000000000000000, 0.0000000000000000000 ) ) ;
#2992 = CARTESIAN_POINT ( 'NONE',  ( -1.199999999999999956, -2.250000000000000000, 1.000000000000000000 ) ) ;
#2993 = ORIENTED_EDGE ( 'NONE', *, *, #2273, .F. ) ;
#2994 = CARTESIAN_POINT ( 'NONE',  ( -1.199999999999999956, -2.250000000000000000, 0.0000000000000000000 ) ) ;
#2995 = DIRECTION ( 'NONE',  ( 1.000000000000000000, 0.0000000000000000000, 0.0000000000000000000 ) ) ;
#2996 = ORIENTED_EDGE ( 'NONE', *, *, #341, .F. ) ;
#2997 = CARTESIAN_POINT ( 'NONE',  ( 1.350000000000000089, 2.406231958185169884, 0.02376804181483100145 ) ) ;
#2998 = AXIS2_PLACEMENT_3D ( 'NONE', #716, #1843, #1450 ) ;
ENDSEC;
END-ISO-10303-21;
