ISO-10303-21;
HEADER;
FILE_DESCRIPTION (( 'STEP AP214' ),
    '1' );
FILE_NAME ('MM8930-2620RJ4.STEP',
    '2024-09-03T14:49:15',
    ( '' ),
    ( '' ),
    'SwSTEP 2.0',
    'SolidWorks 2022',
    '' );
FILE_SCHEMA (( 'AUTOMOTIVE_DESIGN' ));
ENDSEC;

DATA;
#1 = CARTESIAN_POINT ( 'NONE',  ( 0.8499999999999999778, -0.09000000000000001055, 0.000000000000000000 ) ) ;
#2 = LINE ( 'NONE', #8122, #8965 ) ;
#3 = CARTESIAN_POINT ( 'NONE',  ( 0.1131615436026759958, -0.3572978804638030081, 0.4000000000000000222 ) ) ;
#4 = DIRECTION ( 'NONE',  ( 0.9748262773075326848, -0.2229657576192745627, 0.000000000000000000 ) ) ;
#5 = ORIENTED_EDGE ( 'NONE', *, *, #6842, .F. ) ;
#6 = VECTOR ( 'NONE', #5507, 1000.000000000000000 ) ;
#7 = CARTESIAN_POINT ( 'NONE',  ( 0.3027770708682659961, 0.2613925120511920164, 0.5999999999999999778 ) ) ;
#8 = PLANE ( 'NONE',  #12522 ) ;
#9 = LINE ( 'NONE', #5767, #10312 ) ;
#10 = VERTEX_POINT ( 'NONE', #550 ) ;
#11 = VERTEX_POINT ( 'NONE', #5285 ) ;
#12 = DIRECTION ( 'NONE',  ( 0.000000000000000000, 0.000000000000000000, -1.000000000000000000 ) ) ;
#13 = ORIENTED_EDGE ( 'NONE', *, *, #11493, .T. ) ;
#14 = VECTOR ( 'NONE', #7598, 1000.000000000000000 ) ;
#15 = AXIS2_PLACEMENT_3D ( 'NONE', #8271, #3238, #9166 ) ;
#16 = CARTESIAN_POINT ( 'NONE',  ( -0.2750000000000000222, 0.7200000000000000844, 0.000000000000000000 ) ) ;
#17 = CARTESIAN_POINT ( 'NONE',  ( 0.2919940855020075055, 0.03549223951026469343, 0.1000000000000000056 ) ) ;
#18 = FACE_OUTER_BOUND ( 'NONE', #3342, .T. ) ;
#19 = VERTEX_POINT ( 'NONE', #1332 ) ;
#20 = CARTESIAN_POINT ( 'NONE',  ( 0.8000000000000000444, -0.7200000000000000844, 0.08000000000000000167 ) ) ;
#21 = DIRECTION ( 'NONE',  ( 0.000000000000000000, 0.7071067811865482389, -0.7071067811865467956 ) ) ;
#22 = DIRECTION ( 'NONE',  ( 0.4653753323071734282, -0.8851134391025751169, 0.000000000000000000 ) ) ;
#23 = ORIENTED_EDGE ( 'NONE', *, *, #7786, .F. ) ;
#24 = ORIENTED_EDGE ( 'NONE', *, *, #12662, .F. ) ;
#25 = ADVANCED_FACE ( 'NONE', ( #7409 ), #9212, .T. ) ;
#26 = AXIS2_PLACEMENT_3D ( 'NONE', #11812, #12183, #3226 ) ;
#27 = EDGE_LOOP ( 'NONE', ( #8964, #11618, #1521, #281 ) ) ;
#28 = LINE ( 'NONE', #4749, #2879 ) ;
#29 = AXIS2_PLACEMENT_3D ( 'NONE', #6837, #11737, #2908 ) ;
#30 = DIRECTION ( 'NONE',  ( 0.000000000000000000, 0.000000000000000000, -1.000000000000000000 ) ) ;
#31 = SURFACE_STYLE_USAGE ( .BOTH. , #5918 ) ;
#32 = DIRECTION ( 'NONE',  ( 1.224646799147353207E-16, 1.000000000000000000, -0.000000000000000000 ) ) ;
#33 = ORIENTED_EDGE ( 'NONE', *, *, #11880, .F. ) ;
#34 = DIRECTION ( 'NONE',  ( 0.000000000000000000, 0.000000000000000000, -1.000000000000000000 ) ) ;
#35 = LINE ( 'NONE', #8811, #5724 ) ;
#36 = LINE ( 'NONE', #5858, #2929 ) ;
#37 = FACE_OUTER_BOUND ( 'NONE', #7248, .T. ) ;
#38 = EDGE_CURVE ( 'NONE', #6099, #6949, #97, .T. ) ;
#39 = EDGE_LOOP ( 'NONE', ( #8435, #10248, #2212, #2509 ) ) ;
#40 = VERTEX_POINT ( 'NONE', #2434 ) ;
#41 = AXIS2_PLACEMENT_3D ( 'NONE', #3443, #10537, #5398 ) ;
#42 = CARTESIAN_POINT ( 'NONE',  ( 0.8000000000000000444, 0.7579941969697999715, 0.4648986639076029825 ) ) ;
#43 = EDGE_CURVE ( 'NONE', #9689, #1260, #8963, .T. ) ;
#44 = EDGE_CURVE ( 'NONE', #11173, #6593, #12296, .T. ) ;
#45 = CARTESIAN_POINT ( 'NONE',  ( 0.7018290623389680238, 0.1900000000000000022, 0.000000000000000000 ) ) ;
#46 = LINE ( 'NONE', #8944, #10273 ) ;
#47 = SURFACE_SIDE_STYLE ('',( #10810 ) ) ;
#48 = EDGE_LOOP ( 'NONE', ( #7423, #1667, #11507, #12379 ) ) ;
#49 = TOROIDAL_SURFACE ( 'NONE', #11790, 0.5699999999999999512, 0.03000000000000000236 ) ;
#50 = FACE_OUTER_BOUND ( 'NONE', #10881, .T. ) ;
#51 = EDGE_CURVE ( 'NONE', #8494, #10294, #2784, .T. ) ;
#52 = ORIENTED_EDGE ( 'NONE', *, *, #9580, .F. ) ;
#53 = ADVANCED_FACE ( 'NONE', ( #6314 ), #5478, .T. ) ;
#54 = DIRECTION ( 'NONE',  ( -0.8786698883186273568, 0.4774298140691791703, 0.000000000000000000 ) ) ;
#55 = ADVANCED_FACE ( 'NONE', ( #484 ), #3344, .F. ) ;
#56 = ORIENTED_EDGE ( 'NONE', *, *, #2993, .F. ) ;
#57 = EDGE_LOOP ( 'NONE', ( #2648, #1479, #9273, #581 ) ) ;
#58 = ORIENTED_EDGE ( 'NONE', *, *, #7071, .F. ) ;
#59 = VERTEX_POINT ( 'NONE', #364 ) ;
#60 = EDGE_CURVE ( 'NONE', #5247, #9233, #424, .T. ) ;
#61 = EDGE_CURVE ( 'NONE', #8243, #448, #11337, .T. ) ;
#62 = DIRECTION ( 'NONE',  ( 0.000000000000000000, -0.9682773257456045446, 0.2498780111313128882 ) ) ;
#63 = DIRECTION ( 'NONE',  ( 1.000000000000000000, 0.000000000000000000, 0.000000000000000000 ) ) ;
#64 = DIRECTION ( 'NONE',  ( 0.000000000000000000, 0.7071067811865482389, -0.7071067811865467956 ) ) ;
#65 = DIRECTION ( 'NONE',  ( 0.000000000000000000, 0.000000000000000000, 1.000000000000000000 ) ) ;
#66 = ORIENTED_EDGE ( 'NONE', *, *, #8104, .T. ) ;
#67 = DIRECTION ( 'NONE',  ( 0.9999999421525317400, 0.0003401395789664259529, 0.000000000000000000 ) ) ;
#68 = CARTESIAN_POINT ( 'NONE',  ( -0.7880176002228089782, -0.05000000000000000278, 0.05000000000000000278 ) ) ;
#69 = ORIENTED_EDGE ( 'NONE', *, *, #8870, .T. ) ;
#70 = EDGE_LOOP ( 'NONE', ( #9111, #11740, #3993, #8550, #11632, #12446, #12649, #10078, #2491, #9222, #3314, #7026, #10850, #9539, #8106, #1975, #8260, #1829, #6208, #11926, #3102, #9073, #5890, #963, #11387, #2002, #10706, #66 ) ) ;
#71 = CYLINDRICAL_SURFACE ( 'NONE', #10702, 0.05000000000000002359 ) ;
#72 = ORIENTED_EDGE ( 'NONE', *, *, #5264, .T. ) ;
#73 = EDGE_CURVE ( 'NONE', #8707, #7335, #12048, .T. ) ;
#74 = DIRECTION ( 'NONE',  ( 0.000000000000000000, 0.000000000000000000, 1.000000000000000000 ) ) ;
#75 = DIRECTION ( 'NONE',  ( 0.000000000000000000, 0.000000000000000000, -1.000000000000000000 ) ) ;
#76 = CARTESIAN_POINT ( 'NONE',  ( 0.08441910755381830389, 0.03664301761943969393, 0.000000000000000000 ) ) ;
#77 = ORIENTED_EDGE ( 'NONE', *, *, #51, .T. ) ;
#78 = LINE ( 'NONE', #4016, #6800 ) ;
#79 = DIRECTION ( 'NONE',  ( 0.2229657576255280604, 0.9748262773061024955, 0.000000000000000000 ) ) ;
#80 = CYLINDRICAL_SURFACE ( 'NONE', #3944, 0.07999999999999998779 ) ;
#81 = ORIENTED_EDGE ( 'NONE', *, *, #11178, .F. ) ;
#82 = ORIENTED_EDGE ( 'NONE', *, *, #8737, .T. ) ;
#83 = ORIENTED_EDGE ( 'NONE', *, *, #9673, .T. ) ;
#84 = CARTESIAN_POINT ( 'NONE',  ( 0.1292965689942969787, -0.2613925120511920164, 0.5999999999999999778 ) ) ;
#85 = CARTESIAN_POINT ( 'NONE',  ( 0.2229590568833294817, 0.06818494017057130652, 0.000000000000000000 ) ) ;
#86 = FILL_AREA_STYLE ('',( #8038 ) ) ;
#87 = DIRECTION ( 'NONE',  ( 1.000000000000000000, 0.000000000000000000, 0.000000000000000000 ) ) ;
#88 = ORIENTED_EDGE ( 'NONE', *, *, #6451, .T. ) ;
#89 = EDGE_CURVE ( 'NONE', #1117, #12682, #7022, .T. ) ;
#90 = CARTESIAN_POINT ( 'NONE',  ( 0.000000000000000000, 0.000000000000000000, 0.9000000000000000222 ) ) ;
#91 = CARTESIAN_POINT ( 'NONE',  ( 0.1098009430318816065, 0.05825911988164559491, 0.000000000000000000 ) ) ;
#92 = CARTESIAN_POINT ( 'NONE',  ( -0.2750000000000000222, -0.7112489735550608927, 0.1219992644886569999 ) ) ;
#93 = CARTESIAN_POINT ( 'NONE',  ( -0.3852484646572160165, -0.1076272292649859824, 0.5999999999999999778 ) ) ;
#94 = ORIENTED_EDGE ( 'NONE', *, *, #7077, .T. ) ;
#95 = VERTEX_POINT ( 'NONE', #7220 ) ;
#96 = DIRECTION ( 'NONE',  ( 0.4653753323071734282, -0.8851134391025751169, 0.000000000000000000 ) ) ;
#97 = CIRCLE ( 'NONE', #7936, 0.08000000000000002942 ) ;
#98 = AXIS2_PLACEMENT_3D ( 'NONE', #8767, #12706, #3876 ) ;
#99 = EDGE_CURVE ( 'NONE', #4498, #9249, #9394, .T. ) ;
#100 = DIRECTION ( 'NONE',  ( 0.000000000000000000, 0.000000000000000000, 1.000000000000000000 ) ) ;
#101 = PRESENTATION_STYLE_ASSIGNMENT (( #3085 ) ) ;
#102 = ORIENTED_EDGE ( 'NONE', *, *, #12427, .F. ) ;
#103 = DIRECTION ( 'NONE',  ( -1.000000000000000000, 0.000000000000000000, 0.000000000000000000 ) ) ;
#104 = EDGE_LOOP ( 'NONE', ( #7405, #7910, #1888, #10420 ) ) ;
#105 = CARTESIAN_POINT ( 'NONE',  ( 0.1972447703832500288, 0.08945878578258649461, 0.000000000000000000 ) ) ;
#106 = ORIENTED_EDGE ( 'NONE', *, *, #8705, .T. ) ;
#107 = ORIENTED_EDGE ( 'NONE', *, *, #2344, .T. ) ;
#108 = PRESENTATION_LAYER_ASSIGNMENT (  '', '', ( #3613 ) ) ;
#109 = EDGE_LOOP ( 'NONE', ( #10351, #11143, #7218, #5928 ) ) ;
#110 = VERTEX_POINT ( 'NONE', #8247 ) ;
#111 = AXIS2_PLACEMENT_3D ( 'NONE', #2357, #4293, #345 ) ;
#112 = VECTOR ( 'NONE', #5523, 1000.000000000000000 ) ;
#113 = EDGE_CURVE ( 'NONE', #8219, #9358, #4423, .T. ) ;
#114 = CARTESIAN_POINT ( 'NONE',  ( 0.8000000000000000444, 0.7765685424949239080, 0.3765685424949237747 ) ) ;
#115 = FILL_AREA_STYLE_COLOUR ( '', #3821 ) ;
#116 = AXIS2_PLACEMENT_3D ( 'NONE', #7010, #3320, #6098 ) ;
#117 = DIRECTION ( 'NONE',  ( 0.9794374168012576209, 0.2017482256915283378, 0.000000000000000000 ) ) ;
#118 = DIRECTION ( 'NONE',  ( -0.9023077256496837562, -0.4310925286210548490, 0.000000000000000000 ) ) ;
#119 = EDGE_LOOP ( 'NONE', ( #4377, #8505, #8394 ) ) ;
#120 = CARTESIAN_POINT ( 'NONE',  ( -0.2366831626601859639, 0.7200000000000000844, 0.3200000000000000067 ) ) ;
#121 = LINE ( 'NONE', #9747, #9287 ) ;
#122 = ORIENTED_EDGE ( 'NONE', *, *, #2740, .F. ) ;
#123 = ADVANCED_FACE ( 'NONE', ( #6196 ), #2313, .T. ) ;
#124 = ORIENTED_EDGE ( 'NONE', *, *, #4457, .F. ) ;
#125 = VECTOR ( 'NONE', #9964, 1000.000000000000000 ) ;
#126 = ADVANCED_FACE ( 'NONE', ( #11202 ), #2620, .T. ) ;
#127 = CIRCLE ( 'NONE', #2601, 0.002603910244099755678 ) ;
#128 = CARTESIAN_POINT ( 'NONE',  ( 0.1617890164287864863, 0.06419902826207170288, 0.1000000000000000056 ) ) ;
#129 = VERTEX_POINT ( 'NONE', #1782 ) ;
#130 = VECTOR ( 'NONE', #5241, 1000.000000000000000 ) ;
#131 = EDGE_CURVE ( 'NONE', #11261, #6549, #9583, .T. ) ;
#132 = EDGE_CURVE ( 'NONE', #11224, #95, #8437, .T. ) ;
#133 = FACE_OUTER_BOUND ( 'NONE', #2274, .T. ) ;
#134 = VECTOR ( 'NONE', #1666, 1000.000000000000000 ) ;
#135 = PLANE ( 'NONE',  #12692 ) ;
#136 = LINE ( 'NONE', #9045, #4050 ) ;
#137 = EDGE_LOOP ( 'NONE', ( #6794, #3094, #4232, #2776, #6288, #12700, #1082, #2552, #11524, #11295, #6777 ) ) ;
#138 = CIRCLE ( 'NONE', #2397, 0.08000000000000002942 ) ;
#139 = CARTESIAN_POINT ( 'NONE',  ( 0.6664737232796406063, 0.1900000000000000022, 0.01464466094067265987 ) ) ;
#140 = CARTESIAN_POINT ( 'NONE',  ( 0.2798247592475764933, 0.03312752572621634889, 0.000000000000000000 ) ) ;
#141 = LINE ( 'NONE', #4808, #3721 ) ;
#142 = ORIENTED_EDGE ( 'NONE', *, *, #5464, .T. ) ;
#143 = VECTOR ( 'NONE', #3865, 1000.000000000000000 ) ;
#144 = EDGE_CURVE ( 'NONE', #6702, #11173, #3513, .T. ) ;
#145 = FILL_AREA_STYLE_COLOUR ( '', #9726 ) ;
#146 = ORIENTED_EDGE ( 'NONE', *, *, #5361, .T. ) ;
#147 = ORIENTED_EDGE ( 'NONE', *, *, #1467, .T. ) ;
#148 = AXIS2_PLACEMENT_3D ( 'NONE', #7557, #6596, #10516 ) ;
#149 = CARTESIAN_POINT ( 'NONE',  ( 0.02716305715891570091, 0.03179428010923664866, 0.000000000000000000 ) ) ;
#150 = CARTESIAN_POINT ( 'NONE',  ( 0.1138701732977479980, 0.05521023189847489715, 0.000000000000000000 ) ) ;
#151 = CARTESIAN_POINT ( 'NONE',  ( 0.09900484108265759919, 0.06626468645325789275, 0.000000000000000000 ) ) ;
#152 = ORIENTED_EDGE ( 'NONE', *, *, #1552, .F. ) ;
#153 = CYLINDRICAL_SURFACE ( 'NONE', #2662, 0.002285570146055446606 ) ;
#154 = DIRECTION ( 'NONE',  ( 0.000000000000000000, 0.000000000000000000, -1.000000000000000000 ) ) ;
#155 = AXIS2_PLACEMENT_3D ( 'NONE', #12547, #3716, #7652 ) ;
#157 = AXIS2_PLACEMENT_3D ( 'NONE', #10659, #7449, #9440 ) ;
#156 = DIRECTION ( 'NONE',  ( 0.2727466192883499785, 0.9620859013969468299, 0.000000000000000000 ) ) ;
#158 = DIRECTION ( 'NONE',  ( 0.000000000000000000, -1.000000000000000000, 0.000000000000000000 ) ) ;
#159 = ORIENTED_EDGE ( 'NONE', *, *, #1076, .F. ) ;
#160 = EDGE_LOOP ( 'NONE', ( #9962, #4617, #8089, #58 ) ) ;
#161 = AXIS2_PLACEMENT_3D ( 'NONE', #7884, #4977, #6973 ) ;
#162 = DIRECTION ( 'NONE',  ( 1.000000000000000000, 0.000000000000000000, 0.000000000000000000 ) ) ;
#163 = VECTOR ( 'NONE', #2327, 1000.000000000000000 ) ;
#164 = DIRECTION ( 'NONE',  ( -1.000000000000000000, 0.000000000000000000, 0.000000000000000000 ) ) ;
#165 = AXIS2_PLACEMENT_3D ( 'NONE', #8057, #3867, #7873 ) ;
#166 = DIRECTION ( 'NONE',  ( -0.000000000000000000, 1.000000000000000000, 0.000000000000000000 ) ) ;
#167 = PLANE ( 'NONE',  #5065 ) ;
#168 = ORIENTED_EDGE ( 'NONE', *, *, #8659, .T. ) ;
#169 = CYLINDRICAL_SURFACE ( 'NONE', #7186, 0.08000000000000002942 ) ;
#170 = CARTESIAN_POINT ( 'NONE',  ( 0.1866831626601859750, -0.6645957609276059719, 0.4000000000000000222 ) ) ;
#171 = CARTESIAN_POINT ( 'NONE',  ( 0.1131615436026759958, -0.8000000000000000444, 0.2834995524190850325 ) ) ;
#172 = ORIENTED_EDGE ( 'NONE', *, *, #4537, .T. ) ;
#173 = ORIENTED_EDGE ( 'NONE', *, *, #12201, .F. ) ;
#174 = CIRCLE ( 'NONE', #7389, 0.04999999999999999584 ) ;
#175 = ORIENTED_EDGE ( 'NONE', *, *, #3103, .F. ) ;
#176 = EDGE_CURVE ( 'NONE', #6339, #10979, #11396, .T. ) ;
#177 = AXIS2_PLACEMENT_3D ( 'NONE', #3923, #5996, #9908 ) ;
#178 = ORIENTED_EDGE ( 'NONE', *, *, #1862, .F. ) ;
#179 = CIRCLE ( 'NONE', #10075, 0.5999999999999999778 ) ;
#180 = CIRCLE ( 'NONE', #11731, 0.002126405575829302692 ) ;
#181 = CYLINDRICAL_SURFACE ( 'NONE', #4102, 0.08000000000000002942 ) ;
#182 = CARTESIAN_POINT ( 'NONE',  ( -0.2366831626601859639, 0.7200000000000000844, 0.4000000000000000222 ) ) ;
#183 = PLANE ( 'NONE',  #161 ) ;
#184 = VECTOR ( 'NONE', #6043, 1000.000000000000114 ) ;
#185 = DIRECTION ( 'NONE',  ( 0.000000000000000000, 0.000000000000000000, 1.000000000000000000 ) ) ;
#186 = ORIENTED_EDGE ( 'NONE', *, *, #7599, .F. ) ;
#187 = CARTESIAN_POINT ( 'NONE',  ( 0.3456388340676674886, 0.06713238599784519811, 0.1000000000000000056 ) ) ;
#188 = LINE ( 'NONE', #9154, #9703 ) ;
#189 = ORIENTED_EDGE ( 'NONE', *, *, #8088, .F. ) ;
#190 = EDGE_LOOP ( 'NONE', ( #1098, #9344, #9979 ) ) ;
#191 = CARTESIAN_POINT ( 'NONE',  ( -0.1131615436026759958, 0.7487881638449269683, 0.4292252843472340040 ) ) ;
#192 = VERTEX_POINT ( 'NONE', #6499 ) ;
#193 = EDGE_CURVE ( 'NONE', #4965, #6912, #11246, .T. ) ;
#194 = AXIS2_PLACEMENT_3D ( 'NONE', #8383, #2218, #9121 ) ;
#195 = DIRECTION ( 'NONE',  ( 0.4174740978832010563, -0.9086888233034492446, 0.000000000000000000 ) ) ;
#196 = EDGE_CURVE ( 'NONE', #4177, #494, #11529, .T. ) ;
#197 = ADVANCED_FACE ( 'NONE', ( #8621 ), #12369, .F. ) ;
#198 = VECTOR ( 'NONE', #701, 1000.000000000000000 ) ;
#199 = CARTESIAN_POINT ( 'NONE',  ( 0.3289749507227605063, 0.06731460588542299839, 0.000000000000000000 ) ) ;
#200 = DIRECTION ( 'NONE',  ( 0.000000000000000000, -1.000000000000000000, 0.000000000000000000 ) ) ;
#201 = VERTEX_POINT ( 'NONE', #2757 ) ;
#202 = LINE ( 'NONE', #10080, #9069 ) ;
#203 = DIRECTION ( 'NONE',  ( 0.000000000000000000, -1.000000000000000000, 0.000000000000000000 ) ) ;
#204 = DIRECTION ( 'NONE',  ( 0.9364278369523449941, 0.3508602373891240300, 0.000000000000000000 ) ) ;
#205 = VERTEX_POINT ( 'NONE', #741 ) ;
#206 = EDGE_CURVE ( 'NONE', #5594, #4406, #6315, .T. ) ;
#207 = SURFACE_SIDE_STYLE ('',( #9113 ) ) ;
#208 = EDGE_CURVE ( 'NONE', #6824, #3951, #10631, .T. ) ;
#209 = ORIENTED_EDGE ( 'NONE', *, *, #907, .F. ) ;
#210 = EDGE_CURVE ( 'NONE', #338, #3097, #7964, .T. ) ;
#211 = ORIENTED_EDGE ( 'NONE', *, *, #918, .F. ) ;
#212 = VECTOR ( 'NONE', #12141, 1000.000000000000000 ) ;
#213 = ADVANCED_FACE ( 'NONE', ( #3537 ), #6632, .T. ) ;
#214 = CARTESIAN_POINT ( 'NONE',  ( 0.000000000000000000, 0.000000000000000000, 0.8699999999999999956 ) ) ;
#215 = CARTESIAN_POINT ( 'NONE',  ( 0.2750000000000000222, -0.7111815246139390201, 0.2834995524190850325 ) ) ;
#216 = DIRECTION ( 'NONE',  ( 0.3162277577404048468, 0.9486833008093248365, 0.000000000000000000 ) ) ;
#217 = CARTESIAN_POINT ( 'NONE',  ( 0.2380960773142664910, 0.03436122161578154810, 0.000000000000000000 ) ) ;
#218 = ORIENTED_EDGE ( 'NONE', *, *, #7714, .T. ) ;
#219 = CARTESIAN_POINT ( 'NONE',  ( 0.2831216414384599700, 0.06709047772504089791, 0.000000000000000000 ) ) ;
#220 = CARTESIAN_POINT ( 'NONE',  ( 0.8000000000000000444, -0.8000000000000000444, 0.08000000000000000167 ) ) ;
#221 = VECTOR ( 'NONE', #4577, 1000.000000000000227 ) ;
#222 = DIRECTION ( 'NONE',  ( 1.000000000000000000, 0.000000000000000000, 0.000000000000000000 ) ) ;
#223 = PLANE ( 'NONE',  #12395 ) ;
#224 = CARTESIAN_POINT ( 'NONE',  ( -0.8499999999999999778, -0.1000000000000000056, 0.000000000000000000 ) ) ;
#225 = VERTEX_POINT ( 'NONE', #11650 ) ;
#226 = ORIENTED_EDGE ( 'NONE', *, *, #7724, .T. ) ;
#227 =( LENGTH_UNIT ( ) NAMED_UNIT ( * ) SI_UNIT ( .MILLI., .METRE. ) );
#228 = VECTOR ( 'NONE', #10313, 1000.000000000000114 ) ;
#229 = APPLICATION_CONTEXT ( 'automotive_design' ) ;
#230 = DIRECTION ( 'NONE',  ( 0.000000000000000000, -1.000000000000000000, 0.000000000000000000 ) ) ;
#231 = CARTESIAN_POINT ( 'NONE',  ( 0.2680689580882860135, 0.05952450839880559647, 0.000000000000000000 ) ) ;
#232 = VERTEX_POINT ( 'NONE', #12487 ) ;
#233 = CARTESIAN_POINT ( 'NONE',  ( 0.06226334516990800899, 0.03664301761944074864, 0.000000000000000000 ) ) ;
#234 = CYLINDRICAL_SURFACE ( 'NONE', #5300, 0.002192982819316755504 ) ;
#235 = CARTESIAN_POINT ( 'NONE',  ( 0.1131615436026760096, -0.7134565741727723065, 0.2923153697564827569 ) ) ;
#236 = VECTOR ( 'NONE', #4407, 1000.000000000000000 ) ;
#237 = ORIENTED_EDGE ( 'NONE', *, *, #11959, .F. ) ;
#238 = ORIENTED_EDGE ( 'NONE', *, *, #3762, .T. ) ;
#239 = ORIENTED_EDGE ( 'NONE', *, *, #3999, .F. ) ;
#240 = ORIENTED_EDGE ( 'NONE', *, *, #2031, .F. ) ;
#241 = MECHANICAL_DESIGN_GEOMETRIC_PRESENTATION_REPRESENTATION (  '', ( #10957 ), #6437 ) ;
#242 = DIRECTION ( 'NONE',  ( 0.000000000000000000, -1.000000000000000000, 0.000000000000000000 ) ) ;
#243 = CARTESIAN_POINT ( 'NONE',  ( 0.1364911956989959818, 0.03332770763521999968, 0.000000000000000000 ) ) ;
#244 = DIRECTION ( 'NONE',  ( -0.7982149218210504715, -0.6023727571713499707, 0.000000000000000000 ) ) ;
#245 = CARTESIAN_POINT ( 'NONE',  ( 0.3732729204272125512, 0.03098946397494960550, 0.1000000000000000056 ) ) ;
#246 = ORIENTED_EDGE ( 'NONE', *, *, #2159, .T. ) ;
#247 = ADVANCED_FACE ( 'NONE', ( #4761 ), #3656, .F. ) ;
#248 = CARTESIAN_POINT ( 'NONE',  ( 0.3190216502994290271, 0.06541332007093510204, 0.000000000000000000 ) ) ;
#249 = CARTESIAN_POINT ( 'NONE',  ( 0.1970904046462695069, 0.06927183681152200567, 0.1000000000000000056 ) ) ;
#250 = ORIENTED_EDGE ( 'NONE', *, *, #11967, .F. ) ;
#251 = VERTEX_POINT ( 'NONE', #10682 ) ;
#252 = AXIS2_PLACEMENT_3D ( 'NONE', #9886, #5966, #4012 ) ;
#253 = ORIENTED_EDGE ( 'NONE', *, *, #1230, .F. ) ;
#254 = DIRECTION ( 'NONE',  ( 0.000000000000000000, -1.000000000000000000, 0.000000000000000000 ) ) ;
#255 = EDGE_CURVE ( 'NONE', #3296, #6158, #12479, .T. ) ;
#256 = LINE ( 'NONE', #9161, #7131 ) ;
#257 = DIRECTION ( 'NONE',  ( 0.000000000000000000, 0.000000000000000000, 1.000000000000000000 ) ) ;
#258 = ORIENTED_EDGE ( 'NONE', *, *, #7321, .T. ) ;
#259 = DIRECTION ( 'NONE',  ( -0.08511587113604764110, -0.9963710596362942429, 0.000000000000000000 ) ) ;
#260 = CARTESIAN_POINT ( 'NONE',  ( -0.2750000000000000222, 0.6612489735550610703, 0.1219992644886569999 ) ) ;
#261 = DIRECTION ( 'NONE',  ( -0.002187233955109310016, 0.9999976080009520540, 0.000000000000000000 ) ) ;
#262 = VERTEX_POINT ( 'NONE', #7725 ) ;
#263 = VERTEX_POINT ( 'NONE', #3728 ) ;
#264 = ORIENTED_EDGE ( 'NONE', *, *, #1703, .T. ) ;
#265 = EDGE_CURVE ( 'NONE', #10845, #2008, #7477, .T. ) ;
#266 = EDGE_LOOP ( 'NONE', ( #6009, #778, #5814, #12381 ) ) ;
#267 = LINE ( 'NONE', #4209, #864 ) ;
#268 = FACE_OUTER_BOUND ( 'NONE', #776, .T. ) ;
#269 = EDGE_CURVE ( 'NONE', #9156, #9447, #10557, .T. ) ;
#270 = LINE ( 'NONE', #8148, #8603 ) ;
#271 = DIRECTION ( 'NONE',  ( 0.3162277577404048468, -0.9486833008093248365, 0.000000000000000000 ) ) ;
#272 = EDGE_LOOP ( 'NONE', ( #1509, #12143, #2687, #11850 ) ) ;
#273 = CARTESIAN_POINT ( 'NONE',  ( 0.2750000000000000222, 0.6612489735550610703, 0.07199926448865659467 ) ) ;
#274 = LINE ( 'NONE', #4215, #9623 ) ;
#275 = CARTESIAN_POINT ( 'NONE',  ( 0.1131615436026759958, -0.7178090042607759846, 0.3091810369155370553 ) ) ;
#276 = FACE_OUTER_BOUND ( 'NONE', #2408, .T. ) ;
#277 = CARTESIAN_POINT ( 'NONE',  ( -0.2750000000000000222, -0.6612489735550610703, 0.2834995524190850325 ) ) ;
#278 = ORIENTED_EDGE ( 'NONE', *, *, #9965, .T. ) ;
#279 = ADVANCED_FACE ( 'NONE', ( #10939 ), #2111, .F. ) ;
#280 = EDGE_CURVE ( 'NONE', #532, #10125, #6054, .T. ) ;
#281 = ORIENTED_EDGE ( 'NONE', *, *, #8535, .F. ) ;
#282 = PRESENTATION_STYLE_ASSIGNMENT (( #3449 ) ) ;
#283 = ADVANCED_FACE ( 'NONE', ( #3083 ), #1125, .F. ) ;
#284 = EDGE_CURVE ( 'NONE', #4636, #11091, #5014, .T. ) ;
#285 = DIRECTION ( 'NONE',  ( 1.000000000000000000, 0.000000000000000000, 0.000000000000000000 ) ) ;
#286 =( BOUNDED_CURVE ( )  B_SPLINE_CURVE ( 3, ( #12583, #11609, #3749, #7684 ),
 .UNSPECIFIED., .F., .F. ) 
 B_SPLINE_CURVE_WITH_KNOTS ( ( 4, 4 ),
 ( 1.570796326794896558, 1.639134231106093020 ),
 .UNSPECIFIED. ) 
 CURVE ( )  GEOMETRIC_REPRESENTATION_ITEM ( )  RATIONAL_B_SPLINE_CURVE ( ( 1.000000000000000000, 0.9996108654318511810, 0.9996108654318511810, 1.000000000000000000 ) ) 
 REPRESENTATION_ITEM ( '' )  );
#287 = CARTESIAN_POINT ( 'NONE',  ( 0.1827437197538560043, 0.1061854187315302012, 0.000000000000000000 ) ) ;
#288 = LINE ( 'NONE', #4231, #949 ) ;
#289 = ORIENTED_EDGE ( 'NONE', *, *, #10131, .F. ) ;
#290 = DIRECTION ( 'NONE',  ( -1.000000000000000000, 0.000000000000000000, 0.000000000000000000 ) ) ;
#291 = PLANE ( 'NONE',  #1169 ) ;
#292 = DIRECTION ( 'NONE',  ( 0.000000000000000000, 0.000000000000000000, -1.000000000000000000 ) ) ;
#293 = VERTEX_POINT ( 'NONE', #4889 ) ;
#295 = VERTEX_POINT ( 'NONE', #3146 ) ;
#294 = EDGE_CURVE ( 'NONE', #10430, #10264, #4043, .T. ) ;
#296 = ORIENTED_EDGE ( 'NONE', *, *, #9321, .T. ) ;
#297 = CARTESIAN_POINT ( 'NONE',  ( 0.1513885354341329703, 0.2613925120511920164, 0.5999999999999999778 ) ) ;
#298 = VECTOR ( 'NONE', #5570, 1000.000000000000000 ) ;
#299 = DIRECTION ( 'NONE',  ( -0.9999998193941022073, 0.0006010089539836901019, 0.000000000000000000 ) ) ;
#300 = CARTESIAN_POINT ( 'NONE',  ( 0.1571402551370909839, 0.03597915983027454717, 0.1000000000000000056 ) ) ;
#301 = CARTESIAN_POINT ( 'NONE',  ( -0.4000000000000000222, -0.8000000000000000444, 0.2834995524190850325 ) ) ;
#302 = CARTESIAN_POINT ( 'NONE',  ( 0.3431999029470410023, 0.03551500999190499580, 0.000000000000000000 ) ) ;
#303 = ORIENTED_EDGE ( 'NONE', *, *, #12594, .T. ) ;
#304 = AXIS2_PLACEMENT_3D ( 'NONE', #12627, #881, #10426 ) ;
#305 = CARTESIAN_POINT ( 'NONE',  ( 0.2559136717537335293, 0.03505392447150234431, 0.1000000000000000056 ) ) ;
#306 = CARTESIAN_POINT ( 'NONE',  ( 0.2750000000000000222, -0.8000000000000000444, 0.08000000000000000167 ) ) ;
#307 = ORIENTED_EDGE ( 'NONE', *, *, #5198, .F. ) ;
#308 = VERTEX_POINT ( 'NONE', #4112 ) ;
#309 = EDGE_LOOP ( 'NONE', ( #10012, #10454, #722, #2939 ) ) ;
#310 = MECHANICAL_DESIGN_GEOMETRIC_PRESENTATION_REPRESENTATION (  '', ( #8159 ), #10201 ) ;
#311 = AXIS2_PLACEMENT_3D ( 'NONE', #1649, #5718, #3781 ) ;
#312 = EDGE_CURVE ( 'NONE', #7003, #9800, #2590, .T. ) ;
#313 = COLOUR_RGB ( '',0.9803921568627450567, 0.8862745098039215286, 0.6784313725490196401 ) ;
#314 = CYLINDRICAL_SURFACE ( 'NONE', #1823, 0.04999999999999999584 ) ;
#315 = CARTESIAN_POINT ( 'NONE',  ( 0.06095122367650519790, 0.06111594802666639459, 0.000000000000000000 ) ) ;
#316 = DIRECTION ( 'NONE',  ( 0.000000000000000000, 0.000000000000000000, 1.000000000000000000 ) ) ;
#317 = VERTEX_POINT ( 'NONE', #2052 ) ;
#318 = AXIS2_PLACEMENT_3D ( 'NONE', #3768, #7568, #11622 ) ;
#319 = DIRECTION ( 'NONE',  ( 0.000000000000000000, 0.000000000000000000, 1.000000000000000000 ) ) ;
#320 = CARTESIAN_POINT ( 'NONE',  ( -0.2750000000000000222, -0.7200000000000000844, 0.08000000000000000167 ) ) ;
#321 = CARTESIAN_POINT ( 'NONE',  ( -0.2131049635573146195, -0.1619964474767345008, 0.5999999999999999778 ) ) ;
#322 = ORIENTED_EDGE ( 'NONE', *, *, #2587, .F. ) ;
#323 = ORIENTED_EDGE ( 'NONE', *, *, #828, .T. ) ;
#324 = AXIS2_PLACEMENT_3D ( 'NONE', #11137, #2484, #7396 ) ;
#325 = EDGE_LOOP ( 'NONE', ( #3984, #7755, #2395, #2262 ) ) ;
#326 = EDGE_CURVE ( 'NONE', #6064, #3625, #9807, .T. ) ;
#327 = CIRCLE ( 'NONE', #5923, 0.08000000000000001554 ) ;
#328 = CARTESIAN_POINT ( 'NONE',  ( -0.1131615436026759958, 0.7145957609276060163, 0.2834995524190850325 ) ) ;
#329 = VECTOR ( 'NONE', #6802, 1000.000000000000000 ) ;
#330 = DIRECTION ( 'NONE',  ( 0.3162277577404048468, 0.9486833008093248365, 0.000000000000000000 ) ) ;
#331 = CIRCLE ( 'NONE', #6130, 0.08000000000000002942 ) ;
#332 = CARTESIAN_POINT ( 'NONE',  ( 0.8000000000000000444, 0.8000000000000000444, 0.000000000000000000 ) ) ;
#333 = DIRECTION ( 'NONE',  ( -0.9940203044597298865, -0.1091953951491817371, 0.000000000000000000 ) ) ;
#334 = ORIENTED_EDGE ( 'NONE', *, *, #7373, .F. ) ;
#335 = PLANE ( 'NONE',  #10705 ) ;
#336 = CARTESIAN_POINT ( 'NONE',  ( 0.8000000000000000444, 0.7579941969697999715, 0.4648986639076029825 ) ) ;
#337 = CARTESIAN_POINT ( 'NONE',  ( 0.000000000000000000, 0.000000000000000000, 0.6701071754309090300 ) ) ;
#338 = VERTEX_POINT ( 'NONE', #7078 ) ;
#339 = CYLINDRICAL_SURFACE ( 'NONE', #3129, 0.4000000000000000222 ) ;
#340 = LINE ( 'NONE', #4287, #1212 ) ;
#341 = ORIENTED_EDGE ( 'NONE', *, *, #4076, .T. ) ;
#342 = VECTOR ( 'NONE', #447, 1000.000000000000000 ) ;
#343 = EDGE_LOOP ( 'NONE', ( #4019, #11473, #2833, #7674 ) ) ;
#344 = EDGE_CURVE ( 'NONE', #9304, #5945, #7794, .T. ) ;
#345 = DIRECTION ( 'NONE',  ( -0.4071966331573758646, -0.9133405180683147329, 0.000000000000000000 ) ) ;
#346 = DIRECTION ( 'NONE',  ( 0.000000000000000000, 0.000000000000000000, -1.000000000000000000 ) ) ;
#347 = ADVANCED_FACE ( 'NONE', ( #12684 ), #1074, .F. ) ;
#348 = CARTESIAN_POINT ( 'NONE',  ( 0.2152645065998919915, 0.08466904178835600592, 0.1000000000000000056 ) ) ;
#349 = CIRCLE ( 'NONE', #3872, 0.08000000000000002942 ) ;
#350 = CARTESIAN_POINT ( 'NONE',  ( 0.08147333429707080688, 0.03637841479768149505, 0.000000000000000000 ) ) ;
#351 = ADVANCED_FACE ( 'NONE', ( #3855 ), #11721, .F. ) ;
#352 = VERTEX_POINT ( 'NONE', #6885 ) ;
#353 = CIRCLE ( 'NONE', #4480, 0.002309002283336440784 ) ;
#354 = CARTESIAN_POINT ( 'NONE',  ( 0.1087864740490435966, 0.06351143518956620104, 0.000000000000000000 ) ) ;
#355 = DIRECTION ( 'NONE',  ( 0.9160311292006952932, 0.4011071806080004909, 0.000000000000000000 ) ) ;
#356 = VECTOR ( 'NONE', #5052, 1000.000000000000114 ) ;
#357 = DIRECTION ( 'NONE',  ( 0.000000000000000000, 0.000000000000000000, 1.000000000000000000 ) ) ;
#358 = AXIS2_PLACEMENT_3D ( 'NONE', #2187, #7095, #117 ) ;
#359 = ORIENTED_EDGE ( 'NONE', *, *, #5792, .F. ) ;
#360 = ORIENTED_EDGE ( 'NONE', *, *, #6282, .F. ) ;
#361 = ADVANCED_FACE ( 'NONE', ( #6826 ), #6953, .F. ) ;
#362 = ADVANCED_FACE ( 'NONE', ( #5864 ), #9778, .T. ) ;
#363 = ORIENTED_EDGE ( 'NONE', *, *, #861, .T. ) ;
#364 = CARTESIAN_POINT ( 'NONE',  ( 0.2750000000000000222, -0.7765685424949239080, 0.02343145750507626135 ) ) ;
#365 = CIRCLE ( 'NONE', #3264, 0.002285570146055446606 ) ;
#366 = VECTOR ( 'NONE', #7668, 1000.000000000000000 ) ;
#367 = DIRECTION ( 'NONE',  ( -0.9625001767075089809, 0.2712810532234311012, 0.000000000000000000 ) ) ;
#368 = ADVANCED_FACE ( 'NONE', ( #6001 ), #12759, .T. ) ;
#369 = DIRECTION ( 'NONE',  ( -0.9999986202306316851, -0.001661185369841609513, 0.000000000000000000 ) ) ;
#370 = DIRECTION ( 'NONE',  ( 0.000000000000000000, 0.000000000000000000, 1.000000000000000000 ) ) ;
#371 = PLANE ( 'NONE',  #7139 ) ;
#372 = ORIENTED_EDGE ( 'NONE', *, *, #5416, .F. ) ;
#373 = DIRECTION ( 'NONE',  ( -0.9616124132327568130, 0.2744113093818726923, 0.000000000000000000 ) ) ;
#374 = CARTESIAN_POINT ( 'NONE',  ( 0.3214868792987120028, 0.07228149986488210943, 0.000000000000000000 ) ) ;
#375 = VERTEX_POINT ( 'NONE', #10805 ) ;
#376 = VECTOR ( 'NONE', #8240, 1000.000000000000000 ) ;
#377 = ORIENTED_EDGE ( 'NONE', *, *, #12261, .T. ) ;
#378 = ORIENTED_EDGE ( 'NONE', *, *, #4057, .F. ) ;
#379 = AXIS2_PLACEMENT_3D ( 'NONE', #613, #12552, #8684 ) ;
#380 = CARTESIAN_POINT ( 'NONE',  ( 0.03026751967273264704, 0.03316953316205449587, 0.1000000000000000056 ) ) ;
#381 = AXIS2_PLACEMENT_3D ( 'NONE', #4478, #12650, #6858 ) ;
#382 = AXIS2_PLACEMENT_3D ( 'NONE', #4403, #11051, #11306 ) ;
#383 = LINE ( 'NONE', #5304, #5913 ) ;
#384 = DIRECTION ( 'NONE',  ( 0.000000000000000000, 0.000000000000000000, 1.000000000000000000 ) ) ;
#385 = ORIENTED_EDGE ( 'NONE', *, *, #10790, .T. ) ;
#386 = CARTESIAN_POINT ( 'NONE',  ( -0.2117365182853579719, -0.1661017834119890013, 0.6099999999999999867 ) ) ;
#387 = CARTESIAN_POINT ( 'NONE',  ( 0.1341589116541015980, 0.03511415000484884724, 0.000000000000000000 ) ) ;
#388 = CARTESIAN_POINT ( 'NONE',  ( 0.2750000000000000222, -0.6612489735550610703, 0.2334995524190849880 ) ) ;
#389 = VERTEX_POINT ( 'NONE', #5929 ) ;
#390 = ORIENTED_EDGE ( 'NONE', *, *, #440, .F. ) ;
#391 = ORIENTED_EDGE ( 'NONE', *, *, #9664, .T. ) ;
#392 = CIRCLE ( 'NONE', #5574, 0.002503466509374327638 ) ;
#393 = CARTESIAN_POINT ( 'NONE',  ( 0.02652351076370424929, 0.02899812594526204879, 0.000000000000000000 ) ) ;
#394 = DIRECTION ( 'NONE',  ( 0.8672019366149170683, 0.4979566257530240736, 0.000000000000000000 ) ) ;
#395 = DIRECTION ( 'NONE',  ( 0.000000000000000000, 0.000000000000000000, -1.000000000000000000 ) ) ;
#396 = CARTESIAN_POINT ( 'NONE',  ( -0.7880176002228089782, 0.1000000000000000056, 0.05000000000000000278 ) ) ;
#397 = ORIENTED_EDGE ( 'NONE', *, *, #4312, .T. ) ;
#398 = FACE_OUTER_BOUND ( 'NONE', #2569, .T. ) ;
#399 = DIRECTION ( 'NONE',  ( 0.000000000000000000, 1.000000000000000000, 0.000000000000000000 ) ) ;
#400 = ADVANCED_FACE ( 'NONE', ( #4959 ), #9848, .T. ) ;
#401 = DIRECTION ( 'NONE',  ( 0.000000000000000000, 0.000000000000000000, -1.000000000000000000 ) ) ;
#402 = ORIENTED_EDGE ( 'NONE', *, *, #5251, .F. ) ;
#403 = ADVANCED_FACE ( 'NONE', ( #7205 ), #12093, .F. ) ;
#404 = CARTESIAN_POINT ( 'NONE',  ( 0.3275185278131149680, 0.03432414033187365654, 0.000000000000000000 ) ) ;
#405 = CARTESIAN_POINT ( 'NONE',  ( -0.1132782499023349959, -0.7111815246139390201, 0.2834995524190850325 ) ) ;
#406 = VECTOR ( 'NONE', #6930, 1000.000000000000000 ) ;
#407 = ORIENTED_EDGE ( 'NONE', *, *, #10114, .T. ) ;
#408 = CARTESIAN_POINT ( 'NONE',  ( 0.7299999999999999822, 0.1900000000000000022, 0.000000000000000000 ) ) ;
#409 = CIRCLE ( 'NONE', #2075, 0.04999999999999999584 ) ;
#410 = CYLINDRICAL_SURFACE ( 'NONE', #7577, 0.5000000000000000000 ) ;
#411 = CARTESIAN_POINT ( 'NONE',  ( 0.1087864740490435966, 0.06351143518956620104, 0.000000000000000000 ) ) ;
#412 = CARTESIAN_POINT ( 'NONE',  ( 0.2750000000000000222, -0.6612489735550610703, 0.2834995524190850325 ) ) ;
#413 = ORIENTED_EDGE ( 'NONE', *, *, #10841, .F. ) ;
#414 = CARTESIAN_POINT ( 'NONE',  ( -0.4000000000000000222, -0.7765685424949239080, 0.02343145750507624400 ) ) ;
#415 = EDGE_CURVE ( 'NONE', #6912, #11526, #6181, .T. ) ;
#416 = PLANE ( 'NONE',  #2828 ) ;
#417 = FACE_OUTER_BOUND ( 'NONE', #3956, .T. ) ;
#418 = ORIENTED_EDGE ( 'NONE', *, *, #754, .F. ) ;
#419 = ORIENTED_EDGE ( 'NONE', *, *, #6940, .F. ) ;
#420 = ORIENTED_EDGE ( 'NONE', *, *, #10024, .F. ) ;
#421 = CIRCLE ( 'NONE', #8264, 0.002170133933704518521 ) ;
#422 = EDGE_CURVE ( 'NONE', #3110, #7543, #6307, .T. ) ;
#423 = ADVANCED_FACE ( 'NONE', ( #10220 ), #7320, .F. ) ;
#424 = LINE ( 'NONE', #5418, #11019 ) ;
#425 = DIRECTION ( 'NONE',  ( 0.000000000000000000, 0.000000000000000000, 1.000000000000000000 ) ) ;
#426 = EDGE_CURVE ( 'NONE', #6064, #3296, #2416, .T. ) ;
#427 = PLANE ( 'NONE',  #517 ) ;
#428 = ADVANCED_FACE ( 'NONE', ( #3384 ), #11063, .F. ) ;
#429 = LINE ( 'NONE', #8309, #4292 ) ;
#430 = VECTOR ( 'NONE', #7524, 1000.000000000000000 ) ;
#431 = EDGE_CURVE ( 'NONE', #12475, #10520, #9385, .T. ) ;
#432 = DIRECTION ( 'NONE',  ( -0.4472136033030539304, -0.8944271870983679928, 0.000000000000000000 ) ) ;
#433 = VERTEX_POINT ( 'NONE', #11190 ) ;
#434 = CARTESIAN_POINT ( 'NONE',  ( 0.8000000000000000444, -0.7112489735550608927, 0.2334995524190849880 ) ) ;
#435 = CARTESIAN_POINT ( 'NONE',  ( 0.06426660694131140772, 0.05328548358096039939, 0.000000000000000000 ) ) ;
#436 = ORIENTED_EDGE ( 'NONE', *, *, #12495, .T. ) ;
#437 = ORIENTED_EDGE ( 'NONE', *, *, #12335, .T. ) ;
#438 = ORIENTED_EDGE ( 'NONE', *, *, #1076, .T. ) ;
#439 = ADVANCED_FACE ( 'NONE', ( #9320 ), #2478, .T. ) ;
#440 = EDGE_CURVE ( 'NONE', #3638, #1034, #4036, .T. ) ;
#441 = VECTOR ( 'NONE', #6228, 1000.000000000000000 ) ;
#442 = VECTOR ( 'NONE', #1507, 1000.000000000000000 ) ;
#443 = CARTESIAN_POINT ( 'NONE',  ( 0.2366831626601859639, 0.8000000000000000444, 0.2834995524190850325 ) ) ;
#444 = EDGE_CURVE ( 'NONE', #6949, #12200, #9261, .T. ) ;
#445 = EDGE_CURVE ( 'NONE', #1021, #7878, #6365, .T. ) ;
#446 = DIRECTION ( 'NONE',  ( 0.0001103642291957652609, 0.9999999939098684898, 0.000000000000000000 ) ) ;
#447 = DIRECTION ( 'NONE',  ( 0.000000000000000000, 0.000000000000000000, 1.000000000000000000 ) ) ;
#448 = VERTEX_POINT ( 'NONE', #8293 ) ;
#449 = VECTOR ( 'NONE', #9695, 1000.000000000000114 ) ;
#450 = LINE ( 'NONE', #7055, #4117 ) ;
#451 = FACE_OUTER_BOUND ( 'NONE', #8882, .T. ) ;
#452 = DIRECTION ( 'NONE',  ( 0.4174740978832010563, -0.9086888233034492446, 0.000000000000000000 ) ) ;
#453 = ORIENTED_EDGE ( 'NONE', *, *, #5662, .F. ) ;
#454 = VERTEX_POINT ( 'NONE', #10288 ) ;
#455 = ORIENTED_EDGE ( 'NONE', *, *, #7994, .F. ) ;
#456 = EDGE_CURVE ( 'NONE', #9225, #9854, #1451, .T. ) ;
#457 = MANIFOLD_SOLID_BREP ( 'Imported1', #8540 ) ;
#458 = DIRECTION ( 'NONE',  ( 0.000000000000000000, 0.000000000000000000, 1.000000000000000000 ) ) ;
#459 = CARTESIAN_POINT ( 'NONE',  ( 0.2223753670193565068, 0.03592087229841244705, 0.1000000000000000056 ) ) ;
#460 = CARTESIAN_POINT ( 'NONE',  ( 0.1631615436026759847, 0.7145957609276060163, 0.2834995524190850325 ) ) ;
#461 = PRODUCT_DEFINITION_SHAPE ( 'NONE', 'NONE',  #12774 ) ;
#462 = DIRECTION ( 'NONE',  ( -1.000000000000000000, -1.224646799147351482E-16, 0.000000000000000000 ) ) ;
#463 = ORIENTED_EDGE ( 'NONE', *, *, #7037, .F. ) ;
#464 = CARTESIAN_POINT ( 'NONE',  ( 0.7018290623389680238, 0.1900000000000000022, 0.05000000000000000278 ) ) ;
#465 = DIRECTION ( 'NONE',  ( -1.000000000000000000, 0.000000000000000000, 0.000000000000000000 ) ) ;
#466 = CARTESIAN_POINT ( 'NONE',  ( 0.2365664563605270054, 0.7111815246139390201, 0.2834995524190850325 ) ) ;
#467 = VERTEX_POINT ( 'NONE', #724 ) ;
#468 = DIRECTION ( 'NONE',  ( 0.7071067811865482389, 0.000000000000000000, -0.7071067811865466846 ) ) ;
#469 = LINE ( 'NONE', #12088, #3907 ) ;
#470 = ORIENTED_EDGE ( 'NONE', *, *, #10605, .F. ) ;
#471 = CARTESIAN_POINT ( 'NONE',  ( 0.2244938586426810101, 0.03535415641922545066, 0.000000000000000000 ) ) ;
#472 = EDGE_CURVE ( 'NONE', #481, #4305, #5401, .T. ) ;
#473 = FACE_OUTER_BOUND ( 'NONE', #906, .T. ) ;
#474 = DIRECTION ( 'NONE',  ( 0.000000000000000000, 0.000000000000000000, -1.000000000000000000 ) ) ;
#475 = CARTESIAN_POINT ( 'NONE',  ( 0.000000000000000000, 0.000000000000000000, 0.000000000000000000 ) ) ;
#476 = VERTEX_POINT ( 'NONE', #9450 ) ;
#477 = LINE ( 'NONE', #4415, #3691 ) ;
#478 = DIRECTION ( 'NONE',  ( 1.000000000000000000, 0.000000000000000000, 0.000000000000000000 ) ) ;
#479 = UNCERTAINTY_MEASURE_WITH_UNIT (LENGTH_MEASURE( 1.000000000000000082E-05 ), #11065, 'distance_accuracy_value', 'NONE');
#480 = CARTESIAN_POINT ( 'NONE',  ( 0.2380960773142664910, 0.03436122161578154810, 0.000000000000000000 ) ) ;
#481 = VERTEX_POINT ( 'NONE', #1572 ) ;
#482 = VERTEX_POINT ( 'NONE', #606 ) ;
#483 = VERTEX_POINT ( 'NONE', #4550 ) ;
#484 = FACE_OUTER_BOUND ( 'NONE', #3018, .T. ) ;
#485 = ADVANCED_FACE ( 'NONE', ( #8602 ), #8478, .T. ) ;
#486 = DIRECTION ( 'NONE',  ( 0.9365541607804871438, 0.3505229007137160568, 0.000000000000000000 ) ) ;
#487 = CARTESIAN_POINT ( 'NONE',  ( -0.5000000000000000000, 0.000000000000000000, 0.8699999999999999956 ) ) ;
#488 = CARTESIAN_POINT ( 'NONE',  ( 0.8000000000000000444, 0.8000000000000000444, 0.000000000000000000 ) ) ;
#489 = CARTESIAN_POINT ( 'NONE',  ( 0.2133435247917115085, 0.02634761969843244997, 0.000000000000000000 ) ) ;
#490 = EDGE_LOOP ( 'NONE', ( #8856, #1651, #8900, #2019 ) ) ;
#491 = FACE_OUTER_BOUND ( 'NONE', #11041, .T. ) ;
#492 = DIRECTION ( 'NONE',  ( -1.000000000000000000, 0.000000000000000000, 0.000000000000000000 ) ) ;
#493 = ORIENTED_EDGE ( 'NONE', *, *, #1777, .F. ) ;
#494 = VERTEX_POINT ( 'NONE', #10541 ) ;
#495 = ORIENTED_EDGE ( 'NONE', *, *, #6521, .F. ) ;
#496 = ORIENTED_EDGE ( 'NONE', *, *, #11010, .T. ) ;
#497 = EDGE_CURVE ( 'NONE', #110, #8719, #1558, .T. ) ;
#498 = CARTESIAN_POINT ( 'NONE',  ( 0.09334158133009319569, -0.6645957609276059719, 0.4000000000000000222 ) ) ;
#499 = AXIS2_PLACEMENT_3D ( 'NONE', #7276, #9275, #9147 ) ;
#500 = CARTESIAN_POINT ( 'NONE',  ( 0.2924591884407760078, 0.07084999806661300414, 0.000000000000000000 ) ) ;
#501 = CIRCLE ( 'NONE', #7114, 0.4862667911510509811 ) ;
#502 = VERTEX_POINT ( 'NONE', #3714 ) ;
#503 = EDGE_CURVE ( 'NONE', #4338, #8585, #10476, .T. ) ;
#504 = CARTESIAN_POINT ( 'NONE',  ( 0.3746908703272940344, 0.02813362042388030046, 0.000000000000000000 ) ) ;
#505 = LINE ( 'NONE', #6405, #2614 ) ;
#506 = ORIENTED_EDGE ( 'NONE', *, *, #10142, .F. ) ;
#507 = ADVANCED_FACE ( 'NONE', ( #11575 ), #7515, .F. ) ;
#508 = CARTESIAN_POINT ( 'NONE',  ( 0.8000000000000000444, -0.7046741902800299773, 0.2582836310259130075 ) ) ;
#509 = FACE_OUTER_BOUND ( 'NONE', #490, .T. ) ;
#510 = CARTESIAN_POINT ( 'NONE',  ( -0.7800000000000000266, -0.1225276258470749946, 0.05000000000000000278 ) ) ;
#511 = ORIENTED_EDGE ( 'NONE', *, *, #5417, .T. ) ;
#512 = ORIENTED_EDGE ( 'NONE', *, *, #3710, .T. ) ;
#513 = SHAPE_DEFINITION_REPRESENTATION ( #2754, #5090 ) ;
#514 = EDGE_LOOP ( 'NONE', ( #4580, #2404, #885, #8176 ) ) ;
#515 = ADVANCED_FACE ( 'NONE', ( #9377, #533, #7455, #6429, #6551, #1645 ), #6675, .T. ) ;
#516 = EDGE_CURVE ( 'NONE', #10982, #3790, #11437, .T. ) ;
#517 = AXIS2_PLACEMENT_3D ( 'NONE', #6259, #5289, #4315 ) ;
#518 = CARTESIAN_POINT ( 'NONE',  ( 0.03555557779316394912, 0.05548132986383180060, 0.1000000000000000056 ) ) ;
#519 = AXIS2_PLACEMENT_3D ( 'NONE', #8499, #4569, #7601 ) ;
#520 = CARTESIAN_POINT ( 'NONE',  ( 0.02896442964146580049, 0.02632655732501779783, 0.000000000000000000 ) ) ;
#521 = EDGE_CURVE ( 'NONE', #1751, #8635, #10822, .T. ) ;
#522 = CARTESIAN_POINT ( 'NONE',  ( 0.1030266751999047992, 0.06696640993696839628, 0.000000000000000000 ) ) ;
#523 = CARTESIAN_POINT ( 'NONE',  ( -0.3081987717257729797, -0.08610178341198850005, 0.5999999999999999778 ) ) ;
#524 = VERTEX_POINT ( 'NONE', #8537 ) ;
#525 = AXIS2_PLACEMENT_3D ( 'NONE', #2098, #7780, #6816 ) ;
#526 = LINE ( 'NONE', #7642, #11315 ) ;
#527 = CARTESIAN_POINT ( 'NONE',  ( 0.4449999999999999512, -5.449678256205721414E-17, 0.6550000000000000266 ) ) ;
#528 = DIRECTION ( 'NONE',  ( 0.000000000000000000, 0.000000000000000000, 1.000000000000000000 ) ) ;
#529 = ORIENTED_EDGE ( 'NONE', *, *, #294, .F. ) ;
#530 = DIRECTION ( 'NONE',  ( 0.000000000000000000, 0.000000000000000000, 1.000000000000000000 ) ) ;
#531 = VECTOR ( 'NONE', #6019, 1000.000000000000000 ) ;
#532 = VERTEX_POINT ( 'NONE', #6485 ) ;
#533 = FACE_BOUND ( 'NONE', #5171, .T. ) ;
#534 = AXIS2_PLACEMENT_3D ( 'NONE', #8727, #12657, #2863 ) ;
#535 = DIRECTION ( 'NONE',  ( 0.000000000000000000, -0.7071067811865482389, -0.7071067811865467956 ) ) ;
#536 = PLANE ( 'NONE',  #155 ) ;
#537 = CARTESIAN_POINT ( 'NONE',  ( -0.2366831626601860195, -0.7134565741727723065, 0.2923153697564827569 ) ) ;
#538 = CARTESIAN_POINT ( 'NONE',  ( 0.2385510087401155055, 0.05987776612656150327, 0.1000000000000000056 ) ) ;
#539 = ORIENTED_EDGE ( 'NONE', *, *, #12335, .F. ) ;
#540 = VECTOR ( 'NONE', #5742, 1000.000000000000000 ) ;
#541 = CARTESIAN_POINT ( 'NONE',  ( -0.1631615436026759847, 0.6645957609276059719, 0.4000000000000000222 ) ) ;
#542 = CARTESIAN_POINT ( 'NONE',  ( -0.04000000087241269847, -0.1689970804587989928, 0.6099999999999999867 ) ) ;
#544 = AXIS2_PLACEMENT_3D ( 'NONE', #4362, #10109, #3389 ) ;
#543 = DIRECTION ( 'NONE',  ( 0.000000000000000000, 0.000000000000000000, 1.000000000000000000 ) ) ;
#545 = LINE ( 'NONE', #10356, #4927 ) ;
#546 = ORIENTED_EDGE ( 'NONE', *, *, #99, .T. ) ;
#547 = AXIS2_PLACEMENT_3D ( 'NONE', #2532, #10396, #8595 ) ;
#548 = VERTEX_POINT ( 'NONE', #4483 ) ;
#549 = VERTEX_POINT ( 'NONE', #5463 ) ;
#550 = CARTESIAN_POINT ( 'NONE',  ( 0.8000000000000000444, -0.7200000000000000844, 0.4000000000000000222 ) ) ;
#551 = VECTOR ( 'NONE', #10407, 1000.000000000000000 ) ;
#552 =( NAMED_UNIT ( * ) SI_UNIT ( $, .STERADIAN. ) SOLID_ANGLE_UNIT ( ) );
#553 = LINE ( 'NONE', #5736, #1210 ) ;
#554 = AXIS2_PLACEMENT_3D ( 'NONE', #7243, #6337, #1549 ) ;
#555 = DIRECTION ( 'NONE',  ( 0.000000000000000000, 0.000000000000000000, 1.000000000000000000 ) ) ;
#556 = DIRECTION ( 'NONE',  ( 0.000000000000000000, 0.000000000000000000, 1.000000000000000000 ) ) ;
#557 = CARTESIAN_POINT ( 'NONE',  ( -0.08226357805285371139, -0.1689970804587989928, 0.5999999999999999778 ) ) ;
#558 = ORIENTED_EDGE ( 'NONE', *, *, #4735, .T. ) ;
#559 = CARTESIAN_POINT ( 'NONE',  ( 0.05931757191316119893, 0.03637841479768149505, 0.000000000000000000 ) ) ;
#560 = EDGE_CURVE ( 'NONE', #10506, #10300, #12262, .T. ) ;
#561 = CARTESIAN_POINT ( 'NONE',  ( 0.1932796393766944842, 0.05697613247385209523, 0.1000000000000000056 ) ) ;
#562 = ORIENTED_EDGE ( 'NONE', *, *, #12667, .F. ) ;
#563 = VERTEX_POINT ( 'NONE', #11512 ) ;
#564 = AXIS2_PLACEMENT_3D ( 'NONE', #11414, #2570, #2706 ) ;
#565 = EDGE_LOOP ( 'NONE', ( #3302, #11061, #8511, #5694 ) ) ;
#566 = AXIS2_PLACEMENT_3D ( 'NONE', #7281, #11208, #11346 ) ;
#567 = EDGE_LOOP ( 'NONE', ( #5384, #12593, #9538, #774 ) ) ;
#568 = VECTOR ( 'NONE', #11402, 1000.000000000000000 ) ;
#569 = CARTESIAN_POINT ( 'NONE',  ( 0.8000000000000000444, 0.6612489735550610703, 0.2834995524190850325 ) ) ;
#570 = VECTOR ( 'NONE', #4245, 1000.000000000000000 ) ;
#571 = PLANE ( 'NONE',  #8037 ) ;
#572 = AXIS2_PLACEMENT_3D ( 'NONE', #10489, #1775, #3651 ) ;
#573 = DIRECTION ( 'NONE',  ( 0.000000000000000000, 0.000000000000000000, 1.000000000000000000 ) ) ;
#574 = PLANE ( 'NONE',  #3235 ) ;
#575 = ORIENTED_EDGE ( 'NONE', *, *, #3060, .F. ) ;
#576 = LINE ( 'NONE', #9420, #6 ) ;
#577 = CARTESIAN_POINT ( 'NONE',  ( 0.3263718206001665623, 0.03315270417769449612, 0.000000000000000000 ) ) ;
#578 = EDGE_CURVE ( 'NONE', #10048, #5869, #1144, .T. ) ;
#579 = CARTESIAN_POINT ( 'NONE',  ( 0.3226415531721334995, 0.08740108395201229285, 0.1000000000000000056 ) ) ;
#580 = EDGE_LOOP ( 'NONE', ( #5611, #7067, #1337, #13 ) ) ;
#581 = ORIENTED_EDGE ( 'NONE', *, *, #8555, .F. ) ;
#582 = AXIS2_PLACEMENT_3D ( 'NONE', #12324, #7556, #2519 ) ;
#583 = CARTESIAN_POINT ( 'NONE',  ( 0.8000000000000000444, 0.4000000000000000222, 0.2834995524190000449 ) ) ;
#584 = ORIENTED_EDGE ( 'NONE', *, *, #8958, .T. ) ;
#585 = AXIS2_PLACEMENT_3D ( 'NONE', #622, #2824, #10688 ) ;
#586 = CIRCLE ( 'NONE', #8017, 0.002192982819316755504 ) ;
#587 = EDGE_CURVE ( 'NONE', #2703, #12680, #12488, .T. ) ;
#588 = ADVANCED_FACE ( 'NONE', ( #4629 ), #5671, .F. ) ;
#589 = VECTOR ( 'NONE', #8935, 1000.000000000000000 ) ;
#590 = SURFACE_STYLE_USAGE ( .BOTH. , #12204 ) ;
#591 = AXIS2_PLACEMENT_3D ( 'NONE', #5079, #166, #5216 ) ;
#592 = PLANE ( 'NONE',  #6505 ) ;
#593 = EDGE_CURVE ( 'NONE', #4770, #6534, #8356, .T. ) ;
#594 = DIRECTION ( 'NONE',  ( -0.6045378097511919790, -0.7965764474180940802, 0.000000000000000000 ) ) ;
#595 = EDGE_LOOP ( 'NONE', ( #10508, #8552, #9346, #3082 ) ) ;
#596 = EDGE_CURVE ( 'NONE', #9447, #6613, #2800, .T. ) ;
#597 = CARTESIAN_POINT ( 'NONE',  ( 0.8000000000000000444, -0.7200000000000000844, 0.3200000000000000067 ) ) ;
#598 = DIRECTION ( 'NONE',  ( 0.000000000000000000, 0.000000000000000000, 1.000000000000000000 ) ) ;
#599 = EDGE_CURVE ( 'NONE', #7511, #7677, #9470, .T. ) ;
#600 = CARTESIAN_POINT ( 'NONE',  ( 1.582892211534350002, 0.3184124295728944509, 0.2584995524190864535 ) ) ;
#601 = ORIENTED_EDGE ( 'NONE', *, *, #9029, .F. ) ;
#602 = AXIS2_PLACEMENT_3D ( 'NONE', #726, #10596, #9378 ) ;
#603 = CARTESIAN_POINT ( 'NONE',  ( -0.004222912608168378178, 0.09744290549092955722, 0.5999999999999999778 ) ) ;
#604 = ORIENTED_EDGE ( 'NONE', *, *, #11329, .F. ) ;
#605 = EDGE_CURVE ( 'NONE', #1547, #9272, #6633, .T. ) ;
#606 = CARTESIAN_POINT ( 'NONE',  ( -0.04000000087241269847, 0.08899708045879850538, 0.5999999999999999778 ) ) ;
#607 = CARTESIAN_POINT ( 'NONE',  ( -0.8000000000000000444, 0.7046741902800309765, 0.2582836310259130075 ) ) ;
#608 = CARTESIAN_POINT ( 'NONE',  ( 0.06226334516990800899, 0.03664301761944074864, 0.1000000000000000056 ) ) ;
#609 =( NAMED_UNIT ( * ) SI_UNIT ( $, .STERADIAN. ) SOLID_ANGLE_UNIT ( ) );
#610 = LINE ( 'NONE', #4557, #2803 ) ;
#611 = EDGE_LOOP ( 'NONE', ( #11809, #4499, #9389, #11309 ) ) ;
#612 = VECTOR ( 'NONE', #12196, 1000.000000000000000 ) ;
#613 = CARTESIAN_POINT ( 'NONE',  ( 0.8000000000000000444, 0.4000000000000000222, 0.2834995524190850325 ) ) ;
#614 = LINE ( 'NONE', #6560, #9419 ) ;
#615 = CARTESIAN_POINT ( 'NONE',  ( 0.8000000000000000444, 0.6612489735550610703, 0.2334995524190849880 ) ) ;
#616 = DIRECTION ( 'NONE',  ( 0.000000000000000000, 0.000000000000000000, -1.000000000000000000 ) ) ;
#617 = ORIENTED_EDGE ( 'NONE', *, *, #3124, .F. ) ;
#618 = ORIENTED_EDGE ( 'NONE', *, *, #1346, .F. ) ;
#619 = EDGE_LOOP ( 'NONE', ( #12501, #10871, #5059, #12426 ) ) ;
#620 = CARTESIAN_POINT ( 'NONE',  ( 0.3455579054176204368, 0.03544910272314959893, 0.000000000000000000 ) ) ;
#621 = VECTOR ( 'NONE', #5693, 1000.000000000000000 ) ;
#622 = CARTESIAN_POINT ( 'NONE',  ( 0.1692965698667100172, 0.1813925120511919731, 0.6099999999999999867 ) ) ;
#623 = CARTESIAN_POINT ( 'NONE',  ( 0.3295279686815250075, -0.2267406400639910002, 0.6099999999999999867 ) ) ;
#624 = DIRECTION ( 'NONE',  ( 0.000000000000000000, 0.000000000000000000, -1.000000000000000000 ) ) ;
#625 = DIRECTION ( 'NONE',  ( -0.6045378097511919790, 0.7965764474180940802, 0.000000000000000000 ) ) ;
#626 = ORIENTED_EDGE ( 'NONE', *, *, #7168, .F. ) ;
#627 = CARTESIAN_POINT ( 'NONE',  ( 0.1132004608466073842, -0.7123180523633572125, 0.2879035975964102101 ) ) ;
#628 = VECTOR ( 'NONE', #2976, 1000.000000000000000 ) ;
#629 = CARTESIAN_POINT ( 'NONE',  ( 0.5025335823021011006, 0.000000000000000000, 0.6701071754309090300 ) ) ;
#630 = ORIENTED_EDGE ( 'NONE', *, *, #6445, .T. ) ;
#631 = ORIENTED_EDGE ( 'NONE', *, *, #2191, .F. ) ;
#632 = ORIENTED_EDGE ( 'NONE', *, *, #131, .F. ) ;
#633 = VERTEX_POINT ( 'NONE', #4503 ) ;
#634 = CIRCLE ( 'NONE', #1676, 0.04999999999999999584 ) ;
#635 = CARTESIAN_POINT ( 'NONE',  ( -0.8000000000000000444, -0.7112489735550608927, 0.1167497762095430075 ) ) ;
#636 = LINE ( 'NONE', #7819, #1127 ) ;
#637 = ADVANCED_FACE ( 'NONE', ( #6691 ), #6108, .T. ) ;
#638 = DIRECTION ( 'NONE',  ( 0.000000000000000000, 0.000000000000000000, 1.000000000000000000 ) ) ;
#639 = CARTESIAN_POINT ( 'NONE',  ( 0.2223753670193565068, 0.03592087229841244705, 0.000000000000000000 ) ) ;
#640 = ORIENTED_EDGE ( 'NONE', *, *, #3832, .T. ) ;
#641 = LINE ( 'NONE', #12447, #5785 ) ;
#642 = CARTESIAN_POINT ( 'NONE',  ( 0.03913233982356739693, -1.112059828292720098, 0.000000000000000000 ) ) ;
#643 = DIRECTION ( 'NONE',  ( 0.000000000000000000, 0.000000000000000000, 1.000000000000000000 ) ) ;
#644 = VERTEX_POINT ( 'NONE', #5615 ) ;
#645 = ORIENTED_EDGE ( 'NONE', *, *, #5668, .F. ) ;
#646 = PRODUCT_CONTEXT ( 'NONE', #5357, 'mechanical' ) ;
#647 = ORIENTED_EDGE ( 'NONE', *, *, #7702, .F. ) ;
#648 = STYLED_ITEM ( 'NONE', ( #6871 ), #8929 ) ;
#649 = MANIFOLD_SOLID_BREP ( 'Imported7', #2996 ) ;
#650 = ADVANCED_FACE ( 'NONE', ( #11459 ), #682, .F. ) ;
#651 = LINE ( 'NONE', #10525, #1490 ) ;
#652 = AXIS2_PLACEMENT_3D ( 'NONE', #4462, #3430, #6474 ) ;
#653 = PRODUCT_DEFINITION_FORMATION_WITH_SPECIFIED_SOURCE ( 'ANY', '', #8405, .NOT_KNOWN. ) ;
#654 = DIRECTION ( 'NONE',  ( 0.8783382389240408372, 0.4780396824990729709, 0.000000000000000000 ) ) ;
#655 = DIRECTION ( 'NONE',  ( 0.0001103642292607080494, 0.9999999939098684898, 0.000000000000000000 ) ) ;
#656 = ORIENTED_EDGE ( 'NONE', *, *, #3292, .F. ) ;
#657 = DIRECTION ( 'NONE',  ( -1.000000000000000000, 0.000000000000000000, 0.000000000000000000 ) ) ;
#658 = CARTESIAN_POINT ( 'NONE',  ( 0.3122731045469514521, 0.03316117763381255107, 0.000000000000000000 ) ) ;
#659 = CARTESIAN_POINT ( 'NONE',  ( -0.1131615436026759958, 0.8000000000000000444, 0.3200000000000000067 ) ) ;
#660 = ORIENTED_EDGE ( 'NONE', *, *, #7454, .F. ) ;
#661 = DIRECTION ( 'NONE',  ( 0.000000000000000000, 0.000000000000000000, -1.000000000000000000 ) ) ;
#662 = ORIENTED_EDGE ( 'NONE', *, *, #6533, .T. ) ;
#663 = DIRECTION ( 'NONE',  ( 0.4472136033030539304, 0.8944271870983677708, 0.000000000000000000 ) ) ;
#664 = EDGE_CURVE ( 'NONE', #3744, #9284, #3594, .T. ) ;
#665 = DIRECTION ( 'NONE',  ( 0.000000000000000000, 0.000000000000000000, 1.000000000000000000 ) ) ;
#666 = LINE ( 'NONE', #9641, #3246 ) ;
#667 = LINE ( 'NONE', #728, #6586 ) ;
#668 = CARTESIAN_POINT ( 'NONE',  ( 0.2595759015912019740, 0.05621637521314030300, 0.000000000000000000 ) ) ;
#669 = VERTEX_POINT ( 'NONE', #3730 ) ;
#670 = DIRECTION ( 'NONE',  ( -0.9867925049222903144, 0.1619893583825552652, 0.000000000000000000 ) ) ;
#671 = DIRECTION ( 'NONE',  ( -1.000000000000000000, 0.000000000000000000, 0.000000000000000000 ) ) ;
#672 = ADVANCED_FACE ( 'NONE', ( #7664 ), #49, .T. ) ;
#673 = ADVANCED_FACE ( 'NONE', ( #2758 ), #1524, .T. ) ;
#674 = LINE ( 'NONE', #2489, #4355 ) ;
#675 = CARTESIAN_POINT ( 'NONE',  ( -0.8000000000000000444, 0.06937551322246980623, 0.07199926448865659467 ) ) ;
#676 = EDGE_LOOP ( 'NONE', ( #11889, #4380, #1704, #12171 ) ) ;
#677 = ORIENTED_EDGE ( 'NONE', *, *, #6569, .T. ) ;
#678 = ORIENTED_EDGE ( 'NONE', *, *, #9679, .T. ) ;
#679 = EDGE_CURVE ( 'NONE', #3230, #3647, #7054, .T. ) ;
#680 = DIRECTION ( 'NONE',  ( 0.000000000000000000, 0.000000000000000000, 1.000000000000000000 ) ) ;
#681 = EDGE_CURVE ( 'NONE', #8452, #11935, #10088, .T. ) ;
#682 = CYLINDRICAL_SURFACE ( 'NONE', #12467, 0.04999999999999999584 ) ;
#683 = CYLINDRICAL_SURFACE ( 'NONE', #3684, 0.0008830172618225721332 ) ;
#684 = SURFACE_STYLE_FILL_AREA ( #1860 ) ;
#685 = PLANE ( 'NONE',  #9448 ) ;
#686 = CARTESIAN_POINT ( 'NONE',  ( -0.7299999999999999822, 0.1000000000000000056, 0.000000000000000000 ) ) ;
#687 = EDGE_CURVE ( 'NONE', #7648, #5683, #940, .T. ) ;
#688 = ORIENTED_EDGE ( 'NONE', *, *, #578, .T. ) ;
#689 = DIRECTION ( 'NONE',  ( 0.9620859013969469409, -0.2727466192883500340, 0.000000000000000000 ) ) ;
#690 = DIRECTION ( 'NONE',  ( 1.000000000000000000, 0.000000000000000000, 0.000000000000000000 ) ) ;
#691 = ORIENTED_EDGE ( 'NONE', *, *, #11175, .T. ) ;
#692 = ORIENTED_EDGE ( 'NONE', *, *, #8898, .T. ) ;
#693 = EDGE_LOOP ( 'NONE', ( #1672, #11717, #12574, #8151 ) ) ;
#694 = EDGE_LOOP ( 'NONE', ( #9597, #7860, #6280, #6754 ) ) ;
#695 = FACE_OUTER_BOUND ( 'NONE', #2153, .T. ) ;
#696 = DIRECTION ( 'NONE',  ( 1.000000000000000000, 0.000000000000000000, 0.000000000000000000 ) ) ;
#697 =( BOUNDED_CURVE ( )  B_SPLINE_CURVE ( 3, ( #6728, #9696, #7505, #5645 ),
 .UNSPECIFIED., .F., .F. ) 
 B_SPLINE_CURVE_WITH_KNOTS ( ( 4, 4 ),
 ( 1.570796326794896558, 1.639134231106093020 ),
 .UNSPECIFIED. ) 
 CURVE ( )  GEOMETRIC_REPRESENTATION_ITEM ( )  RATIONAL_B_SPLINE_CURVE ( ( 1.000000000000000000, 0.9996108654318511810, 0.9996108654318511810, 1.000000000000000000 ) ) 
 REPRESENTATION_ITEM ( '' )  );
#698 = DIRECTION ( 'NONE',  ( -1.000000000000000000, -4.429083366548880944E-12, 0.000000000000000000 ) ) ;
#699 = DIRECTION ( 'NONE',  ( 0.2786159536087100541, 0.9604025980778629901, 0.000000000000000000 ) ) ;
#700 = ORIENTED_EDGE ( 'NONE', *, *, #7183, .F. ) ;
#701 = DIRECTION ( 'NONE',  ( 0.000000000000000000, 0.000000000000000000, 1.000000000000000000 ) ) ;
#702 = CYLINDRICAL_SURFACE ( 'NONE', #5533, 0.001147022812668636958 ) ;
#703 = FACE_OUTER_BOUND ( 'NONE', #4093, .T. ) ;
#704 = ORIENTED_EDGE ( 'NONE', *, *, #2559, .T. ) ;
#705 = VERTEX_POINT ( 'NONE', #2285 ) ;
#706 = DIRECTION ( 'NONE',  ( 0.000000000000000000, -1.000000000000000000, 0.000000000000000000 ) ) ;
#707 = ORIENTED_EDGE ( 'NONE', *, *, #11779, .T. ) ;
#708 = EDGE_CURVE ( 'NONE', #11113, #8635, #6095, .T. ) ;
#709 = MANIFOLD_SOLID_BREP ( 'Imported6', #8342 ) ;
#710 = VECTOR ( 'NONE', #4647, 1000.000000000000000 ) ;
#711 = DIRECTION ( 'NONE',  ( 0.000000000000000000, 0.000000000000000000, 1.000000000000000000 ) ) ;
#712 = CARTESIAN_POINT ( 'NONE',  ( 0.7018290623389680238, -0.1900000000000000022, 0.05000000000000000278 ) ) ;
#713 = DIRECTION ( 'NONE',  ( 1.000000000000000000, 0.000000000000000000, 0.000000000000000000 ) ) ;
#714 = ORIENTED_EDGE ( 'NONE', *, *, #599, .T. ) ;
#715 = CARTESIAN_POINT ( 'NONE',  ( -0.8000000000000000444, 0.7405531811372209061, 0.3973147252801209617 ) ) ;
#716 = DIRECTION ( 'NONE',  ( 0.000000000000000000, 0.000000000000000000, -1.000000000000000000 ) ) ;
#717 = CARTESIAN_POINT ( 'NONE',  ( 0.3092331965106679958, 0.08721450602993020829, 0.000000000000000000 ) ) ;
#718 = ORIENTED_EDGE ( 'NONE', *, *, #9754, .T. ) ;
#719 = CARTESIAN_POINT ( 'NONE',  ( 0.2547853178277684760, 0.06699789738363649827, 0.000000000000000000 ) ) ;
#720 = VECTOR ( 'NONE', #11254, 1000.000000000000000 ) ;
#721 = EDGE_CURVE ( 'NONE', #7537, #4368, #5131, .T. ) ;
#722 = ORIENTED_EDGE ( 'NONE', *, *, #2038, .F. ) ;
#723 = AXIS2_PLACEMENT_3D ( 'NONE', #460, #5253, #1366 ) ;
#724 = CARTESIAN_POINT ( 'NONE',  ( 0.08642236932522069648, 0.05328548358096039939, 0.1000000000000000056 ) ) ;
#725 = VECTOR ( 'NONE', #4359, 1000.000000000000000 ) ;
#726 = CARTESIAN_POINT ( 'NONE',  ( 0.3732729204272125512, 0.03098946397494960550, 0.000000000000000000 ) ) ;
#727 = CARTESIAN_POINT ( 'NONE',  ( -0.1631615436026759847, 0.7145957609276060163, 0.4000000000000000222 ) ) ;
#728 = CARTESIAN_POINT ( 'NONE',  ( 0.1131615436026759958, 0.7145957609276060163, 0.4000000000000000222 ) ) ;
#729 = DIRECTION ( 'NONE',  ( 0.000000000000000000, 0.000000000000000000, -1.000000000000000000 ) ) ;
#730 = ORIENTED_EDGE ( 'NONE', *, *, #9589, .F. ) ;
#731 = DIRECTION ( 'NONE',  ( 0.000000000000000000, 0.000000000000000000, 1.000000000000000000 ) ) ;
#732 = DIRECTION ( 'NONE',  ( 0.000000000000000000, 0.000000000000000000, 1.000000000000000000 ) ) ;
#733 = VECTOR ( 'NONE', #5669, 1000.000000000000000 ) ;
#734 = AXIS2_PLACEMENT_3D ( 'NONE', #8860, #2931, #5970 ) ;
#735 = PLANE ( 'NONE',  #7662 ) ;
#736 = CARTESIAN_POINT ( 'NONE',  ( -0.5699999999999999512, 6.980486755139912615E-17, 0.8699999999999999956 ) ) ;
#737 = EDGE_CURVE ( 'NONE', #8536, #1442, #1483, .T. ) ;
#738 = ORIENTED_EDGE ( 'NONE', *, *, #4288, .F. ) ;
#739 = CIRCLE ( 'NONE', #3853, 0.003369696899038590251 ) ;
#740 = ORIENTED_EDGE ( 'NONE', *, *, #2567, .T. ) ;
#741 = CARTESIAN_POINT ( 'NONE',  ( 0.2229590568833294817, 0.08538246062808670100, 0.000000000000000000 ) ) ;
#742 = EDGE_CURVE ( 'NONE', #4069, #11974, #267, .T. ) ;
#743 = ADVANCED_FACE ( 'NONE', ( #10147 ), #6828, .F. ) ;
#744 = VECTOR ( 'NONE', #6906, 1000.000000000000000 ) ;
#745 = CARTESIAN_POINT ( 'NONE',  ( 0.1163789207230492007, 0.03401339338833930109, 0.000000000000000000 ) ) ;
#746 = DIRECTION ( 'NONE',  ( 0.000000000000000000, 0.000000000000000000, -1.000000000000000000 ) ) ;
#747 = CARTESIAN_POINT ( 'NONE',  ( 0.08772940361472320037, 0.03601309922746600417, 0.000000000000000000 ) ) ;
#748 = AXIS2_PLACEMENT_3D ( 'NONE', #7291, #11217, #12009 ) ;
#749 = CARTESIAN_POINT ( 'NONE',  ( 0.8499999999999999778, 0.09000000000000001055, 0.000000000000000000 ) ) ;
#751 = CARTESIAN_POINT ( 'NONE',  ( 0.1341589116541080096, 0.03332770763521999968, 0.000000000000000000 ) ) ;
#750 = CIRCLE ( 'NONE', #7776, 0.005898555105921623673 ) ;
#752 = EDGE_CURVE ( 'NONE', #7694, #8128, #3758, .T. ) ;
#753 = ORIENTED_EDGE ( 'NONE', *, *, #7049, .F. ) ;
#754 = EDGE_CURVE ( 'NONE', #6567, #9057, #12018, .T. ) ;
#755 = CARTESIAN_POINT ( 'NONE',  ( 0.05782852511279509139, 0.1661017834119890013, 0.6099999999999999867 ) ) ;
#756 = VERTEX_POINT ( 'NONE', #1920 ) ;
#757 = ORIENTED_EDGE ( 'NONE', *, *, #10291, .T. ) ;
#758 = ORIENTED_EDGE ( 'NONE', *, *, #11159, .T. ) ;
#759 = ORIENTED_EDGE ( 'NONE', *, *, #2739, .F. ) ;
#760 = AXIS2_PLACEMENT_3D ( 'NONE', #870, #11520, #2683 ) ;
#761 = AXIS2_PLACEMENT_3D ( 'NONE', #8776, #3618, #3814 ) ;
#762 = ADVANCED_FACE ( 'NONE', ( #9719 ), #3856, .T. ) ;
#763 = DIRECTION ( 'NONE',  ( -0.4187623895422995512, 0.9080958435676397267, 0.000000000000000000 ) ) ;
#764 = DIRECTION ( 'NONE',  ( -1.000000000000000000, 0.000000000000000000, 0.000000000000000000 ) ) ;
#765 = DIRECTION ( 'NONE',  ( 0.000000000000000000, -0.7071067811865482389, -0.7071067811865467956 ) ) ;
#766 = PLANE ( 'NONE',  #10016 ) ;
#767 = AXIS2_PLACEMENT_3D ( 'NONE', #2151, #7190, #11962 ) ;
#768 = CARTESIAN_POINT ( 'NONE',  ( 0.2831216414384599700, 0.06709047772504089791, 0.1000000000000000056 ) ) ;
#769 = VERTEX_POINT ( 'NONE', #5865 ) ;
#770 = AXIS2_PLACEMENT_3D ( 'NONE', #7573, #12537, #11376 ) ;
#771 = CARTESIAN_POINT ( 'NONE',  ( 0.04083493688656870263, 0.05563979259211959683, 0.1000000000000000056 ) ) ;
#772 = LINE ( 'NONE', #9746, #1379 ) ;
#773 = DIRECTION ( 'NONE',  ( -1.000000000000000000, 0.000000000000000000, 0.000000000000000000 ) ) ;
#774 = ORIENTED_EDGE ( 'NONE', *, *, #6997, .F. ) ;
#775 = VECTOR ( 'NONE', #8006, 1000.000000000000000 ) ;
#776 = EDGE_LOOP ( 'NONE', ( #6268, #5382, #3591, #1475 ) ) ;
#777 = FACE_OUTER_BOUND ( 'NONE', #6698, .T. ) ;
#778 = ORIENTED_EDGE ( 'NONE', *, *, #6124, .F. ) ;
#779 = AXIS2_PLACEMENT_3D ( 'NONE', #1560, #9363, #3748 ) ;
#780 = MANIFOLD_SOLID_BREP ( 'Imported3', #4421 ) ;
#781 = CIRCLE ( 'NONE', #11079, 0.08000000000000002942 ) ;
#782 = DIRECTION ( 'NONE',  ( 0.000000000000000000, 0.000000000000000000, -1.000000000000000000 ) ) ;
#783 = AXIS2_PLACEMENT_3D ( 'NONE', #10882, #6008, #5025 ) ;
#784 = SHAPE_REPRESENTATION ( 'Murata Logo 3^1_Murata_Electronics_-_MM8930-2620RJ4(2)_Murata_Electronics_-_MM8930-2620RJ4', ( #10744 ), #6439 ) ;
#785 = AXIS2_PLACEMENT_3D ( 'NONE', #3472, #11270, #5423 ) ;
#786 = CARTESIAN_POINT ( 'NONE',  ( 0.1198319356003372110, 0.05391554160110449689, 0.000000000000000000 ) ) ;
#787 = CARTESIAN_POINT ( 'NONE',  ( 0.8000000000000000444, 0.4000000000000000222, 0.07199926448865659467 ) ) ;
#788 = VERTEX_POINT ( 'NONE', #328 ) ;
#789 = DIRECTION ( 'NONE',  ( 0.000000000000000000, 1.000000000000000000, 0.000000000000000000 ) ) ;
#790 = LINE ( 'NONE', #4743, #2617 ) ;
#791 = DIRECTION ( 'NONE',  ( -1.000000000000000000, 0.000000000000000000, 0.000000000000000000 ) ) ;
#792 = ORIENTED_EDGE ( 'NONE', *, *, #11209, .F. ) ;
#793 = AXIS2_PLACEMENT_3D ( 'NONE', #9335, #486, #3596 ) ;
#794 = SURFACE_STYLE_FILL_AREA ( #4810 ) ;
#795 = AXIS2_PLACEMENT_3D ( 'NONE', #10677, #5796, #12752 ) ;
#796 = ORIENTED_EDGE ( 'NONE', *, *, #2731, .T. ) ;
#797 = VECTOR ( 'NONE', #7327, 1000.000000000000000 ) ;
#798 = AXIS2_PLACEMENT_3D ( 'NONE', #10616, #746, #1787 ) ;
#799 = DIRECTION ( 'NONE',  ( 0.05383136063548949607, -0.9985500411156826850, 0.000000000000000000 ) ) ;
#800 = DIRECTION ( 'NONE',  ( 0.2697802829423360804, 0.9629219069766524752, 0.000000000000000000 ) ) ;
#801 = VECTOR ( 'NONE', #12355, 1000.000000000000000 ) ;
#802 = DIRECTION ( 'NONE',  ( -1.000000000000000000, 0.000000000000000000, 0.000000000000000000 ) ) ;
#803 = CARTESIAN_POINT ( 'NONE',  ( -0.2750000000000000222, 0.5162425576250000425, 0.2834995524190850325 ) ) ;
#804 = ORIENTED_EDGE ( 'NONE', *, *, #61, .T. ) ;
#805 = EDGE_CURVE ( 'NONE', #8846, #12458, #3185, .T. ) ;
#806 = DIRECTION ( 'NONE',  ( 0.000000000000000000, 0.000000000000000000, 1.000000000000000000 ) ) ;
#807 = DIRECTION ( 'NONE',  ( 0.000000000000000000, 0.2498780111313130825, 0.9682773257456043225 ) ) ;
#808 = CARTESIAN_POINT ( 'NONE',  ( -0.2366831626601860195, 0.7134565741727723065, 0.2923153697564827014 ) ) ;
#809 = FACE_OUTER_BOUND ( 'NONE', #3496, .T. ) ;
#810 = VERTEX_POINT ( 'NONE', #9173 ) ;
#811 = VERTEX_POINT ( 'NONE', #12397 ) ;
#812 = TOROIDAL_SURFACE ( 'NONE', #6808, 0.5300000000000000266, 0.03000000000000000236 ) ;
#813 = DIRECTION ( 'NONE',  ( 0.000000000000000000, -0.7071067811865482389, 0.7071067811865467956 ) ) ;
#814 = CARTESIAN_POINT ( 'NONE',  ( 0.000000000000000000, 0.000000000000000000, 0.8699999999999999956 ) ) ;
#815 = VECTOR ( 'NONE', #4725, 1000.000000000000000 ) ;
#816 = EDGE_CURVE ( 'NONE', #9284, #6640, #10752, .T. ) ;
#817 = CARTESIAN_POINT ( 'NONE',  ( 0.2750000000000000222, -0.6612489735550610703, 0.2334995524190849880 ) ) ;
#818 = CARTESIAN_POINT ( 'NONE',  ( 0.3577132303796519697, 0.06026968664832139944, 0.000000000000000000 ) ) ;
#819 = DIRECTION ( 'NONE',  ( 0.000000000000000000, 1.000000000000000000, 0.000000000000000000 ) ) ;
#820 = LINE ( 'NONE', #11658, #6780 ) ;
#821 = DIRECTION ( 'NONE',  ( -0.05317988631951154482, 0.9985849486603750602, 0.000000000000000000 ) ) ;
#822 = ORIENTED_EDGE ( 'NONE', *, *, #6453, .F. ) ;
#823 = CYLINDRICAL_SURFACE ( 'NONE', #7799, 0.07999999999999998779 ) ;
#824 = DIRECTION ( 'NONE',  ( 1.000000000000000000, 0.000000000000000000, 0.000000000000000000 ) ) ;
#825 = VERTEX_POINT ( 'NONE', #10461 ) ;
#826 = EDGE_CURVE ( 'NONE', #11122, #8837, #1498, .T. ) ;
#827 = ORIENTED_EDGE ( 'NONE', *, *, #11147, .F. ) ;
#828 = EDGE_CURVE ( 'NONE', #6687, #8158, #3503, .T. ) ;
#829 = ORIENTED_EDGE ( 'NONE', *, *, #8643, .T. ) ;
#830 = CIRCLE ( 'NONE', #2475, 0.002181500974671546009 ) ;
#831 = ORIENTED_EDGE ( 'NONE', *, *, #4475, .T. ) ;
#832 = EDGE_CURVE ( 'NONE', #6912, #6145, #10272, .T. ) ;
#833 = EDGE_CURVE ( 'NONE', #232, #9927, #8696, .T. ) ;
#834 = DIRECTION ( 'NONE',  ( 0.000000000000000000, 0.000000000000000000, -1.000000000000000000 ) ) ;
#835 = FACE_OUTER_BOUND ( 'NONE', #12729, .T. ) ;
#836 = DIRECTION ( 'NONE',  ( 1.000000000000000000, 0.000000000000000000, 0.000000000000000000 ) ) ;
#837 = VECTOR ( 'NONE', #1286, 1000.000000000000000 ) ;
#838 = CARTESIAN_POINT ( 'NONE',  ( 0.1932401869698620045, 0.05771694977110350400, 0.000000000000000000 ) ) ;
#839 = CARTESIAN_POINT ( 'NONE',  ( 1.582892211534350002, 0.3184124295728944509, 0.000000000000000000 ) ) ;
#840 = ORIENTED_EDGE ( 'NONE', *, *, #8165, .T. ) ;
#841 = LINE ( 'NONE', #3881, #11127 ) ;
#842 = CARTESIAN_POINT ( 'NONE',  ( 0.2366831626601860195, 0.7134565741727723065, 0.2923153697564827569 ) ) ;
#843 = LINE ( 'NONE', #68, #5601 ) ;
#844 = ORIENTED_EDGE ( 'NONE', *, *, #5026, .F. ) ;
#845 = EDGE_CURVE ( 'NONE', #2920, #4414, #6537, .T. ) ;
#846 = ORIENTED_EDGE ( 'NONE', *, *, #5583, .F. ) ;
#847 = ADVANCED_FACE ( 'NONE', ( #4274 ), #7504, .F. ) ;
#848 = DIRECTION ( 'NONE',  ( 0.05383136063548949607, -0.9985500411156826850, 0.000000000000000000 ) ) ;
#849 = ORIENTED_EDGE ( 'NONE', *, *, #3699, .F. ) ;
#850 = ADVANCED_FACE ( 'NONE', ( #10200 ), #12260, .T. ) ;
#851 = EDGE_CURVE ( 'NONE', #7554, #2616, #12189, .T. ) ;
#852 = CARTESIAN_POINT ( 'NONE',  ( 0.3016240585958779863, 0.07342803942762490821, 0.000000000000000000 ) ) ;
#853 = DIRECTION ( 'NONE',  ( -0.9679447249498193129, 0.2511633122926571482, 0.000000000000000000 ) ) ;
#854 = CARTESIAN_POINT ( 'NONE',  ( 0.8000000000000000444, 0.6612489735550610703, 0.2334995524190849880 ) ) ;
#855 = EDGE_LOOP ( 'NONE', ( #7262, #9126, #10789, #5330 ) ) ;
#856 = CARTESIAN_POINT ( 'NONE',  ( 0.08465898458357559719, 0.03328186957122985373, 0.000000000000000000 ) ) ;
#857 = DIRECTION ( 'NONE',  ( 0.000000000000000000, 0.000000000000000000, -1.000000000000000000 ) ) ;
#858 = VECTOR ( 'NONE', #7200, 1000.000000000000000 ) ;
#859 = CARTESIAN_POINT ( 'NONE',  ( -0.8000000000000000444, 0.7200000000000000844, 0.08000000000000000167 ) ) ;
#860 = ORIENTED_EDGE ( 'NONE', *, *, #2279, .T. ) ;
#861 = EDGE_CURVE ( 'NONE', #11373, #7112, #5518, .T. ) ;
#862 = SURFACE_SIDE_STYLE ('',( #5977 ) ) ;
#863 = ORIENTED_EDGE ( 'NONE', *, *, #99, .F. ) ;
#864 = VECTOR ( 'NONE', #878, 1000.000000000000000 ) ;
#865 = DIRECTION ( 'NONE',  ( 0.000000000000000000, 0.000000000000000000, 1.000000000000000000 ) ) ;
#866 = CARTESIAN_POINT ( 'NONE',  ( -0.8000000000000000444, 0.7112489735550608927, 0.06099963224432820158 ) ) ;
#867 = CARTESIAN_POINT ( 'NONE',  ( 0.2615535468668205299, 0.03535397098412690342, 0.1000000000000000056 ) ) ;
#868 = VERTEX_POINT ( 'NONE', #7441 ) ;
#869 = LINE ( 'NONE', #9957, #5566 ) ;
#870 = CARTESIAN_POINT ( 'NONE',  ( 0.1335199889298475939, 0.05959856243728160058, 0.1000000000000000056 ) ) ;
#871 = AXIS2_PLACEMENT_3D ( 'NONE', #3960, #6029, #8974 ) ;
#872 = CARTESIAN_POINT ( 'NONE',  ( 0.2366831626601859639, 0.7200000000000000844, 0.4000000000000000222 ) ) ;
#873 = DIRECTION ( 'NONE',  ( 0.000000000000000000, 0.000000000000000000, 1.000000000000000000 ) ) ;
#874 = EDGE_LOOP ( 'NONE', ( #7115, #9347, #2638, #9185 ) ) ;
#875 = EDGE_LOOP ( 'NONE', ( #2387, #3652, #7285, #152 ) ) ;
#876 = EDGE_CURVE ( 'NONE', #2602, #5242, #5211, .T. ) ;
#877 = DIRECTION ( 'NONE',  ( 0.000000000000000000, 0.000000000000000000, 1.000000000000000000 ) ) ;
#878 = DIRECTION ( 'NONE',  ( 0.000000000000000000, 0.000000000000000000, 1.000000000000000000 ) ) ;
#879 = LINE ( 'NONE', #11786, #1834 ) ;
#880 = CARTESIAN_POINT ( 'NONE',  ( 0.2615535468668205299, 0.03535397098412690342, 0.000000000000000000 ) ) ;
#881 = DIRECTION ( 'NONE',  ( -1.224646799147353207E-16, 1.000000000000000000, 0.000000000000000000 ) ) ;
#882 = ORIENTED_EDGE ( 'NONE', *, *, #9056, .F. ) ;
#883 = LINE ( 'NONE', #8755, #3275 ) ;
#884 = DIRECTION ( 'NONE',  ( -1.000000000000000000, 0.000000000000000000, 0.000000000000000000 ) ) ;
#885 = ORIENTED_EDGE ( 'NONE', *, *, #196, .F. ) ;
#886 = FACE_OUTER_BOUND ( 'NONE', #5306, .T. ) ;
#887 = LINE ( 'NONE', #4773, #11151 ) ;
#888 = ORIENTED_EDGE ( 'NONE', *, *, #11631, .F. ) ;
#889 = VERTEX_POINT ( 'NONE', #393 ) ;
#890 =( REPRESENTATION_RELATIONSHIP ('NONE','NONE', #1612, #3847 ) REPRESENTATION_RELATIONSHIP_WITH_TRANSFORMATION ( #2927 )SHAPE_REPRESENTATION_RELATIONSHIP( ) );
#891 = ORIENTED_EDGE ( 'NONE', *, *, #2038, .T. ) ;
#892 = ADVANCED_FACE ( 'NONE', ( #4340 ), #8277, .F. ) ;
#893 = ORIENTED_EDGE ( 'NONE', *, *, #5663, .T. ) ;
#894 = DIRECTION ( 'NONE',  ( 0.000000000000000000, -1.000000000000000000, 0.000000000000000000 ) ) ;
#895 = CARTESIAN_POINT ( 'NONE',  ( 0.3003486576435535071, 0.06494637556512269927, 0.000000000000000000 ) ) ;
#896 = DIRECTION ( 'NONE',  ( 0.000000000000000000, 0.000000000000000000, 1.000000000000000000 ) ) ;
#897 = CARTESIAN_POINT ( 'NONE',  ( 0.02866890627643169792, 0.02850742339956369859, 0.1000000000000000056 ) ) ;
#898 = CARTESIAN_POINT ( 'NONE',  ( -0.3081987717257729797, 0.08610178341198850005, 0.5999999999999999778 ) ) ;
#899 = VERTEX_POINT ( 'NONE', #3822 ) ;
#900 = CARTESIAN_POINT ( 'NONE',  ( 0.8000000000000000444, 0.6612489735550610703, 0.2334995524190849880 ) ) ;
#901 = DIRECTION ( 'NONE',  ( 0.000000000000000000, 0.000000000000000000, 1.000000000000000000 ) ) ;
#902 = PLANE ( 'NONE',  #6211 ) ;
#903 = ORIENTED_EDGE ( 'NONE', *, *, #6842, .T. ) ;
#904 = ORIENTED_EDGE ( 'NONE', *, *, #3969, .T. ) ;
#905 = CARTESIAN_POINT ( 'NONE',  ( -0.2366831626601859639, 0.7145957609276060163, 0.2967297185801399673 ) ) ;
#906 = EDGE_LOOP ( 'NONE', ( #827, #6411, #11990, #12673, #8600, #8179 ) ) ;
#907 = EDGE_CURVE ( 'NONE', #5023, #12070, #7835, .T. ) ;
#908 = CARTESIAN_POINT ( 'NONE',  ( 0.06021424604468440800, 0.06308506178807390952, 0.1000000000000000056 ) ) ;
#909 = EDGE_CURVE ( 'NONE', #5296, #4564, #2314, .T. ) ;
#910 = EDGE_CURVE ( 'NONE', #6751, #9015, #1824, .T. ) ;
#911 = CARTESIAN_POINT ( 'NONE',  ( 0.3027721760888564817, 0.07309795328946680493, 0.000000000000000000 ) ) ;
#912 = CARTESIAN_POINT ( 'NONE',  ( 0.1497302240989401845, 0.06712819375075448902, 0.000000000000000000 ) ) ;
#913 = VERTEX_POINT ( 'NONE', #2724 ) ;
#914 = CARTESIAN_POINT ( 'NONE',  ( 0.4000000000000000222, 0.7200000000000000844, 0.000000000000000000 ) ) ;
#915 = DIRECTION ( 'NONE',  ( -1.000000000000000000, 0.000000000000000000, 0.000000000000000000 ) ) ;
#916 = CARTESIAN_POINT ( 'NONE',  ( 0.2166628698080144966, 0.04151327488531900145, 0.000000000000000000 ) ) ;
#917 = ORIENTED_EDGE ( 'NONE', *, *, #6066, .F. ) ;
#918 = EDGE_CURVE ( 'NONE', #6398, #262, #5628, .T. ) ;
#919 =( LENGTH_UNIT ( ) NAMED_UNIT ( * ) SI_UNIT ( .MILLI., .METRE. ) );
#920 = EDGE_CURVE ( 'NONE', #9940, #9382, #9554, .T. ) ;
#921 = ORIENTED_EDGE ( 'NONE', *, *, #4163, .F. ) ;
#922 = ORIENTED_EDGE ( 'NONE', *, *, #5838, .T. ) ;
#923 = EDGE_CURVE ( 'NONE', #2618, #12380, #11761, .T. ) ;
#924 = DIRECTION ( 'NONE',  ( 1.000000000000000000, 0.000000000000000000, 0.000000000000000000 ) ) ;
#925 = FACE_OUTER_BOUND ( 'NONE', #7217, .T. ) ;
#926 = LINE ( 'NONE', #12612, #9882 ) ;
#927 = CARTESIAN_POINT ( 'NONE',  ( 0.2060042911389665110, 0.05771694977110350400, 0.000000000000000000 ) ) ;
#928 = VERTEX_POINT ( 'NONE', #6799 ) ;
#929 = CIRCLE ( 'NONE', #2997, 0.02000000000000000736 ) ;
#930 = LINE ( 'NONE', #6100, #3482 ) ;
#931 = CARTESIAN_POINT ( 'NONE',  ( 0.1497302240989293876, 0.06471120942728779413, 0.000000000000000000 ) ) ;
#932 = DIRECTION ( 'NONE',  ( -0.2690124995812450681, -0.9631366855587272235, 0.000000000000000000 ) ) ;
#933 = DIRECTION ( 'NONE',  ( 0.000000000000000000, 1.000000000000000000, 0.000000000000000000 ) ) ;
#934 = ORIENTED_EDGE ( 'NONE', *, *, #1251, .F. ) ;
#935 = AXIS2_PLACEMENT_3D ( 'NONE', #8692, #1591, #5481 ) ;
#936 = AXIS2_PLACEMENT_3D ( 'NONE', #9247, #395, #4342 ) ;
#937 = ORIENTED_EDGE ( 'NONE', *, *, #1642, .F. ) ;
#938 = DIRECTION ( 'NONE',  ( 0.000000000000000000, 0.000000000000000000, 1.000000000000000000 ) ) ;
#939 = VECTOR ( 'NONE', #3336, 1000.000000000000000 ) ;
#940 = LINE ( 'NONE', #4890, #4794 ) ;
#941 = CARTESIAN_POINT ( 'NONE',  ( 0.03387712131695944789, 0.05876456305842749778, 0.1000000000000000056 ) ) ;
#942 = CARTESIAN_POINT ( 'NONE',  ( -0.8000000000000000444, 0.6612489735550610703, 0.07199926448865659467 ) ) ;
#943 = AXIS2_PLACEMENT_3D ( 'NONE', #10035, #4225, #3331 ) ;
#944 = CARTESIAN_POINT ( 'NONE',  ( 0.5699999999999999512, 0.000000000000000000, 0.9000000000000000222 ) ) ;
#945 = VECTOR ( 'NONE', #6864, 1000.000000000000000 ) ;
#946 = DIRECTION ( 'NONE',  ( 0.000000000000000000, 0.000000000000000000, 1.000000000000000000 ) ) ;
#947 = DIRECTION ( 'NONE',  ( 0.000000000000000000, 0.000000000000000000, -1.000000000000000000 ) ) ;
#948 = ORIENTED_EDGE ( 'NONE', *, *, #8093, .F. ) ;
#949 = VECTOR ( 'NONE', #10292, 1000.000000000000000 ) ;
#950 = CARTESIAN_POINT ( 'NONE',  ( -0.4000000000000000222, -0.7405531811372209061, 0.3973147252801209617 ) ) ;
#951 = FACE_OUTER_BOUND ( 'NONE', #10398, .T. ) ;
#952 = ORIENTED_EDGE ( 'NONE', *, *, #10539, .T. ) ;
#953 = ORIENTED_EDGE ( 'NONE', *, *, #8165, .F. ) ;
#954 = VERTEX_POINT ( 'NONE', #9498 ) ;
#955 = VECTOR ( 'NONE', #12052, 1000.000000000000114 ) ;
#956 = ORIENTED_EDGE ( 'NONE', *, *, #12495, .F. ) ;
#957 = VECTOR ( 'NONE', #8267, 1000.000000000000114 ) ;
#958 = CARTESIAN_POINT ( 'NONE',  ( -0.2366831626601859639, -0.8000000000000000444, 0.3200000000000000067 ) ) ;
#959 = DIRECTION ( 'NONE',  ( 1.000000000000000000, 0.000000000000000000, 0.000000000000000000 ) ) ;
#960 = LINE ( 'NONE', #3, #8196 ) ;
#961 = EDGE_CURVE ( 'NONE', #5910, #2062, #10585, .T. ) ;
#962 = DIRECTION ( 'NONE',  ( 0.000000000000000000, 7.779008952242338508E-17, 1.000000000000000000 ) ) ;
#963 = ORIENTED_EDGE ( 'NONE', *, *, #1285, .T. ) ;
#964 = DIRECTION ( 'NONE',  ( 0.000000000000000000, 0.000000000000000000, 1.000000000000000000 ) ) ;
#965 = DIRECTION ( 'NONE',  ( -1.000000000000000000, 0.000000000000000000, 0.000000000000000000 ) ) ;
#966 = DIRECTION ( 'NONE',  ( 0.07118653011139715325, -0.9974630208337045278, 0.000000000000000000 ) ) ;
#967 = ORIENTED_EDGE ( 'NONE', *, *, #9197, .F. ) ;
#968 = ORIENTED_EDGE ( 'NONE', *, *, #9791, .T. ) ;
#969 = CYLINDRICAL_SURFACE ( 'NONE', #9884, 0.01672435063138640390 ) ;
#970 = VECTOR ( 'NONE', #699, 999.9999999999998863 ) ;
#971 = ORIENTED_EDGE ( 'NONE', *, *, #1380, .T. ) ;
#972 = AXIS2_PLACEMENT_3D ( 'NONE', #1698, #5649, #3901 ) ;
#973 = DIRECTION ( 'NONE',  ( 0.000000000000000000, 1.000000000000000000, 0.000000000000000000 ) ) ;
#974 = AXIS2_PLACEMENT_3D ( 'NONE', #7712, #6814, #10668 ) ;
#975 = VECTOR ( 'NONE', #10097, 1000.000000000000114 ) ;
#976 = EDGE_CURVE ( 'NONE', #11433, #8353, #3972, .T. ) ;
#977 = CIRCLE ( 'NONE', #7791, 0.08000000000000002942 ) ;
#978 = DIRECTION ( 'NONE',  ( 0.000000000000000000, 0.000000000000000000, -1.000000000000000000 ) ) ;
#979 = DIRECTION ( 'NONE',  ( 0.4472136033030539304, 0.8944271870983677708, 0.000000000000000000 ) ) ;
#980 = VERTEX_POINT ( 'NONE', #6663 ) ;
#981 = CARTESIAN_POINT ( 'NONE',  ( -0.2366831626601859639, -0.7765685424949239080, 0.3765685424949237747 ) ) ;
#982 = LINE ( 'NONE', #11823, #6550 ) ;
#983 = AXIS2_PLACEMENT_3D ( 'NONE', #10768, #6417, #12265 ) ;
#984 = CARTESIAN_POINT ( 'NONE',  ( 0.4000000000000000222, 0.8000000000000000444, 0.3200000000000000067 ) ) ;
#985 = ORIENTED_EDGE ( 'NONE', *, *, #4713, .T. ) ;
#986 =( NAMED_UNIT ( * ) SI_UNIT ( $, .STERADIAN. ) SOLID_ANGLE_UNIT ( ) );
#987 = ORIENTED_EDGE ( 'NONE', *, *, #9870, .F. ) ;
#988 = EDGE_CURVE ( 'NONE', #11224, #9140, #651, .T. ) ;
#989 = VECTOR ( 'NONE', #4258, 1000.000000000000000 ) ;
#990 = EDGE_CURVE ( 'NONE', #11433, #5087, #1893, .T. ) ;
#991 = ORIENTED_EDGE ( 'NONE', *, *, #269, .F. ) ;
#992 = VECTOR ( 'NONE', #5233, 1000.000000000000227 ) ;
#993 = VECTOR ( 'NONE', #8892, 1000.000000000000000 ) ;
#994 = ADVANCED_FACE ( 'NONE', ( #2930 ), #9624, .T. ) ;
#995 = ADVANCED_FACE ( 'NONE', ( #12597 ), #12723, .T. ) ;
#996 = DIRECTION ( 'NONE',  ( -1.000000000000000000, 0.000000000000000000, 0.000000000000000000 ) ) ;
#997 = EDGE_CURVE ( 'NONE', #6482, #10576, #11586, .T. ) ;
#998 = CARTESIAN_POINT ( 'NONE',  ( 0.7299999999999999822, -0.1900000000000000022, 0.000000000000000000 ) ) ;
#999 = LINE ( 'NONE', #4946, #11028 ) ;
#1000 = AXIS2_PLACEMENT_3D ( 'NONE', #4113, #1921, #11979 ) ;
#1001 = CARTESIAN_POINT ( 'NONE',  ( 0.2798182615460610423, 0.03539993367623234938, 0.000000000000000000 ) ) ;
#1002 = ORIENTED_EDGE ( 'NONE', *, *, #12353, .F. ) ;
#1003 = DIRECTION ( 'NONE',  ( 0.4653753323071734282, 0.8851134391025751169, 0.000000000000000000 ) ) ;
#1004 = CARTESIAN_POINT ( 'NONE',  ( -0.2366831626601859639, 0.4661129598944389607, 0.2834995524190850325 ) ) ;
#1005 = AXIS2_PLACEMENT_3D ( 'NONE', #11736, #7926, #2061 ) ;
#1006 = LINE ( 'NONE', #5068, #1465 ) ;
#1007 = LINE ( 'NONE', #9960, #6370 ) ;
#1008 = VECTOR ( 'NONE', #7140, 1000.000000000000000 ) ;
#1009 = ORIENTED_EDGE ( 'NONE', *, *, #11477, .T. ) ;
#1010 = EDGE_CURVE ( 'NONE', #1069, #2362, #9755, .T. ) ;
#1011 = CIRCLE ( 'NONE', #2656, 0.003534023892934039495 ) ;
#1012 = VERTEX_POINT ( 'NONE', #12455 ) ;
#1013 = DIRECTION ( 'NONE',  ( 0.000000000000000000, 6.505213034913025026E-15, 1.000000000000000000 ) ) ;
#1014 = VECTOR ( 'NONE', #6250, 1000.000000000000000 ) ;
#1015 = CARTESIAN_POINT ( 'NONE',  ( 0.8000000000000000444, -0.8000000000000000444, 0.3200000000000000067 ) ) ;
#1016 = CARTESIAN_POINT ( 'NONE',  ( 0.1054327468312544064, 0.03531536155320089826, 0.1000000000000000056 ) ) ;
#1017 = CARTESIAN_POINT ( 'NONE',  ( 0.1161643973624987836, 0.04105864155184475034, 0.1000000000000000056 ) ) ;
#1018 = ORIENTED_EDGE ( 'NONE', *, *, #8391, .T. ) ;
#1019 = VECTOR ( 'NONE', #7653, 1000.000000000000114 ) ;
#1020 = DIRECTION ( 'NONE',  ( 0.000000000000000000, 0.000000000000000000, 1.000000000000000000 ) ) ;
#1021 = VERTEX_POINT ( 'NONE', #3627 ) ;
#1022 = LINE ( 'NONE', #11849, #5549 ) ;
#1023 = LINE ( 'NONE', #9859, #9923 ) ;
#1024 = ORIENTED_EDGE ( 'NONE', *, *, #1234, .F. ) ;
#1025 = VECTOR ( 'NONE', #4986, 1000.000000000000000 ) ;
#1026 = ORIENTED_EDGE ( 'NONE', *, *, #11769, .T. ) ;
#1027 = ORIENTED_EDGE ( 'NONE', *, *, #7391, .F. ) ;
#1028 = AXIS2_PLACEMENT_3D ( 'NONE', #8136, #10006, #6218 ) ;
#1029 = EDGE_LOOP ( 'NONE', ( #7962, #3308, #3025, #4103 ) ) ;
#1030 = LINE ( 'NONE', #7932, #5338 ) ;
#1031 = DIRECTION ( 'NONE',  ( -0.9999904319232301164, -0.004374478482263930400, 0.000000000000000000 ) ) ;
#1032 = DIRECTION ( 'NONE',  ( -1.000000000000000000, 0.000000000000000000, 0.000000000000000000 ) ) ;
#1033 = DIRECTION ( 'NONE',  ( 0.000000000000000000, 0.000000000000000000, 1.000000000000000000 ) ) ;
#1034 = VERTEX_POINT ( 'NONE', #7566 ) ;
#1035 = VECTOR ( 'NONE', #10324, 1000.000000000000000 ) ;
#1036 = EDGE_CURVE ( 'NONE', #1399, #4602, #10651, .T. ) ;
#1037 = DIRECTION ( 'NONE',  ( 1.000000000000000000, 0.000000000000000000, 0.000000000000000000 ) ) ;
#1038 = CARTESIAN_POINT ( 'NONE',  ( 0.2218549140537215136, 0.08653498888961440316, 0.000000000000000000 ) ) ;
#1039 = DIRECTION ( 'NONE',  ( 0.000000000000000000, 0.000000000000000000, 1.000000000000000000 ) ) ;
#1040 = ORIENTED_EDGE ( 'NONE', *, *, #1057, .F. ) ;
#1041 = ORIENTED_EDGE ( 'NONE', *, *, #456, .F. ) ;
#1042 = CARTESIAN_POINT ( 'NONE',  ( 0.3266446739591120085, 0.06542160229417839923, 0.000000000000000000 ) ) ;
#1043 = ORIENTED_EDGE ( 'NONE', *, *, #11800, .F. ) ;
#1044 = ADVANCED_FACE ( 'NONE', ( #4800 ), #8723, .F. ) ;
#1045 = AXIS2_PLACEMENT_3D ( 'NONE', #9051, #2391, #9110 ) ;
#1046 = DIRECTION ( 'NONE',  ( 0.000000000000000000, 0.000000000000000000, 1.000000000000000000 ) ) ;
#1047 = CARTESIAN_POINT ( 'NONE',  ( 0.1692965698667100172, 0.1813925120511919731, 0.5999999999999999778 ) ) ;
#1048 = LINE ( 'NONE', #2789, #10221 ) ;
#1049 = ORIENTED_EDGE ( 'NONE', *, *, #5663, .F. ) ;
#1050 = CARTESIAN_POINT ( 'NONE',  ( 0.1692965698667100172, 0.1813925120511919731, 0.6099999999999999867 ) ) ;
#1051 = CARTESIAN_POINT ( 'NONE',  ( -0.8000000000000000444, 0.4000000000000000222, 0.000000000000000000 ) ) ;
#1052 = CARTESIAN_POINT ( 'NONE',  ( 0.3101717160798355133, 0.03564597462804025563, 0.000000000000000000 ) ) ;
#1053 = ORIENTED_EDGE ( 'NONE', *, *, #12074, .F. ) ;
#1054 = ORIENTED_EDGE ( 'NONE', *, *, #3258, .T. ) ;
#1055 = AXIS2_PLACEMENT_3D ( 'NONE', #8507, #9403, #12500 ) ;
#1056 = ORIENTED_EDGE ( 'NONE', *, *, #9349, .F. ) ;
#1057 = EDGE_CURVE ( 'NONE', #4578, #5786, #10972, .T. ) ;
#1058 = DIRECTION ( 'NONE',  ( 0.000000000000000000, 0.000000000000000000, -1.000000000000000000 ) ) ;
#1059 = CIRCLE ( 'NONE', #6027, 0.03029438912076174925 ) ;
#1060 = CARTESIAN_POINT ( 'NONE',  ( 0.5000000000000000000, 6.123233995736766036E-17, 0.9000000000000000222 ) ) ;
#1061 = FILL_AREA_STYLE ('',( #10795 ) ) ;
#1062 = DIRECTION ( 'NONE',  ( -1.000000000000000000, 1.224646799147355672E-16, 0.000000000000000000 ) ) ;
#1063 = ORIENTED_EDGE ( 'NONE', *, *, #3148, .T. ) ;
#1064 = DIRECTION ( 'NONE',  ( -0.2572057851960550812, 0.9663566546889822417, 0.000000000000000000 ) ) ;
#1065 = CARTESIAN_POINT ( 'NONE',  ( 0.2365664563605270054, -0.7111815246139390201, 0.2834995524190850325 ) ) ;
#1066 = CARTESIAN_POINT ( 'NONE',  ( -0.1131615436026759958, -0.8000000000000000444, 0.2834995524190850325 ) ) ;
#1067 = CARTESIAN_POINT ( 'NONE',  ( -0.04000000087241269847, 0.08899708045879850538, 0.5999999999999999778 ) ) ;
#1068 = ADVANCED_BREP_SHAPE_REPRESENTATION ( '', ( #5097, #10744 ), #6439 ) ;
#1069 = VERTEX_POINT ( 'NONE', #7897 ) ;
#1070 = AXIS2_PLACEMENT_3D ( 'NONE', #4824, #9120, #10685 ) ;
#1071 = ORIENTED_EDGE ( 'NONE', *, *, #9019, .F. ) ;
#1072 = AXIS2_PLACEMENT_3D ( 'NONE', #6483, #4545, #12275 ) ;
#1073 = ADVANCED_FACE ( 'NONE', ( #1102 ), #4142, .T. ) ;
#1074 = PLANE ( 'NONE',  #3628 ) ;
#1075 = CARTESIAN_POINT ( 'NONE',  ( 0.1961454208483429940, 0.06954170909972071102, 0.000000000000000000 ) ) ;
#1076 = EDGE_CURVE ( 'NONE', #12734, #9978, #4197, .T. ) ;
#1077 = SURFACE_STYLE_USAGE ( .BOTH. , #8052 ) ;
#1078 = EDGE_CURVE ( 'NONE', #6565, #6339, #2725, .T. ) ;
#1079 = ORIENTED_EDGE ( 'NONE', *, *, #12112, .F. ) ;
#1080 = AXIS2_PLACEMENT_3D ( 'NONE', #11946, #10000, #1164 ) ;
#1081 = CARTESIAN_POINT ( 'NONE',  ( 0.1631615436026759847, -0.7145957609276060163, 0.4000000000000000222 ) ) ;
#1082 = ORIENTED_EDGE ( 'NONE', *, *, #265, .F. ) ;
#1083 = CARTESIAN_POINT ( 'NONE',  ( 0.03361611892037240368, 0.05440292908894019813, 0.1000000000000000056 ) ) ;
#1084 = ORIENTED_EDGE ( 'NONE', *, *, #11960, .F. ) ;
#1085 = ORIENTED_EDGE ( 'NONE', *, *, #10983, .F. ) ;
#1086 = EDGE_CURVE ( 'NONE', #5910, #2704, #4801, .T. ) ;
#1087 = EDGE_CURVE ( 'NONE', #3481, #4299, #10839, .T. ) ;
#1088 = EDGE_LOOP ( 'NONE', ( #7202, #5119, #10672, #8953 ) ) ;
#1089 = VERTEX_POINT ( 'NONE', #8859 ) ;
#1090 = DIRECTION ( 'NONE',  ( 0.9974630208337044168, 0.07118653011139712550, 0.000000000000000000 ) ) ;
#1091 = ADVANCED_FACE ( 'NONE', ( #12061 ), #10073, .T. ) ;
#1092 = DIRECTION ( 'NONE',  ( -0.0006614404711704317819, -0.9999997812482275261, 0.000000000000000000 ) ) ;
#1093 = LINE ( 'NONE', #4129, #1821 ) ;
#1094 = DIRECTION ( 'NONE',  ( 1.000000000000000000, 0.000000000000000000, 0.000000000000000000 ) ) ;
#1095 = ORIENTED_EDGE ( 'NONE', *, *, #3595, .T. ) ;
#1096 = CARTESIAN_POINT ( 'NONE',  ( -0.1131615436026759958, -0.7145957609276060163, 0.4000000000000000222 ) ) ;
#1097 = CARTESIAN_POINT ( 'NONE',  ( 0.2060042911389755038, 0.05554681583739910083, 0.1000000000000000056 ) ) ;
#1098 = ORIENTED_EDGE ( 'NONE', *, *, #9311, .T. ) ;
#1099 = VERTEX_POINT ( 'NONE', #11878 ) ;
#1100 = DIRECTION ( 'NONE',  ( 0.8783382389240408372, 0.4780396824990729709, 0.000000000000000000 ) ) ;
#1101 = ORIENTED_EDGE ( 'NONE', *, *, #1308, .T. ) ;
#1102 = FACE_OUTER_BOUND ( 'NONE', #8508, .T. ) ;
#1103 = LINE ( 'NONE', #5184, #8357 ) ;
#1104 = LINE ( 'NONE', #2018, #4886 ) ;
#1105 = ORIENTED_EDGE ( 'NONE', *, *, #9292, .F. ) ;
#1106 = CARTESIAN_POINT ( 'NONE',  ( 0.1154419125532819973, 0.05758671931590179927, 0.000000000000000000 ) ) ;
#1107 = CARTESIAN_POINT ( 'NONE',  ( 0.3275185278131149680, 0.03432414033187365654, 0.1000000000000000056 ) ) ;
#1108 = FACE_OUTER_BOUND ( 'NONE', #9482, .T. ) ;
#1109 = ORIENTED_EDGE ( 'NONE', *, *, #5668, .T. ) ;
#1110 = ADVANCED_FACE ( 'NONE', ( #8132 ), #11818, .F. ) ;
#1111 = ORIENTED_EDGE ( 'NONE', *, *, #9580, .T. ) ;
#1112 = EDGE_LOOP ( 'NONE', ( #6012, #714, #10863, #6511 ) ) ;
#1113 = CYLINDRICAL_SURFACE ( 'NONE', #2463, 0.04999999999999999584 ) ;
#1114 = CARTESIAN_POINT ( 'NONE',  ( -0.3565617965058683336, -0.1498278992054360437, 0.6099999999999999867 ) ) ;
#1115 = DIRECTION ( 'NONE',  ( 1.000000000000000000, 0.000000000000000000, 0.000000000000000000 ) ) ;
#1116 = DIRECTION ( 'NONE',  ( 0.000000000000000000, 0.000000000000000000, 1.000000000000000000 ) ) ;
#1117 = VERTEX_POINT ( 'NONE', #5113 ) ;
#1118 = DIRECTION ( 'NONE',  ( 0.000000000000000000, 0.000000000000000000, 1.000000000000000000 ) ) ;
#1119 = EDGE_CURVE ( 'NONE', #5594, #3545, #3174, .T. ) ;
#1120 = LINE ( 'NONE', #4106, #1803 ) ;
#1121 = CARTESIAN_POINT ( 'NONE',  ( -0.2366442454162546727, -0.7123180523633572125, 0.2879035975964102101 ) ) ;
#1122 = CARTESIAN_POINT ( 'NONE',  ( 0.2919940855020075055, 0.03549223951026469343, 0.000000000000000000 ) ) ;
#1123 = ORIENTED_EDGE ( 'NONE', *, *, #8787, .F. ) ;
#1124 = EDGE_LOOP ( 'NONE', ( #9036, #12614, #5313, #6915 ) ) ;
#1125 = CYLINDRICAL_SURFACE ( 'NONE', #9603, 0.05000000000000000971 ) ;
#1126 = APPLICATION_CONTEXT ( 'automotive_design' ) ;
#1127 = VECTOR ( 'NONE', #2916, 1000.000000000000000 ) ;
#1128 = DIRECTION ( 'NONE',  ( -1.000000000000000000, 0.000000000000000000, 0.000000000000000000 ) ) ;
#1129 = DIRECTION ( 'NONE',  ( 0.000000000000000000, 0.7071067811865482389, -0.7071067811865467956 ) ) ;
#1130 = CYLINDRICAL_SURFACE ( 'NONE', #3831, 0.007136291875316830638 ) ;
#1131 = ORIENTED_EDGE ( 'NONE', *, *, #560, .T. ) ;
#1132 = CARTESIAN_POINT ( 'NONE',  ( -0.3081987717257729797, -0.1661017834119890013, 0.5999999999999999778 ) ) ;
#1133 = EDGE_CURVE ( 'NONE', #129, #889, #12617, .T. ) ;
#1134 = CARTESIAN_POINT ( 'NONE',  ( 0.8000000000000000444, 0.7046741902800309765, 0.2582836310259130075 ) ) ;
#1135 = MECHANICAL_DESIGN_GEOMETRIC_PRESENTATION_REPRESENTATION (  '', ( #8146 ), #3208 ) ;
#1136 = DIRECTION ( 'NONE',  ( 0.000000000000000000, 0.000000000000000000, -1.000000000000000000 ) ) ;
#1137 = ORIENTED_EDGE ( 'NONE', *, *, #4395, .T. ) ;
#1138 = VERTEX_POINT ( 'NONE', #7169 ) ;
#1139 = VECTOR ( 'NONE', #5228, 1000.000000000000000 ) ;
#1140 = VERTEX_POINT ( 'NONE', #16 ) ;
#1141 = EDGE_CURVE ( 'NONE', #2209, #2380, #5047, .T. ) ;
#1142 = ADVANCED_FACE ( 'NONE', ( #133 ), #2985, .T. ) ;
#1143 = ORIENTED_EDGE ( 'NONE', *, *, #9047, .F. ) ;
#1144 = CIRCLE ( 'NONE', #935, 0.08000000000000002942 ) ;
#1145 = CIRCLE ( 'NONE', #1352, 0.05000000000000001665 ) ;
#1146 = LINE ( 'NONE', #1, #10255 ) ;
#1147 = EDGE_CURVE ( 'NONE', #2134, #9223, #10764, .T. ) ;
#1148 = LINE ( 'NONE', #8905, #2166 ) ;
#1149 = EDGE_CURVE ( 'NONE', #5145, #868, #2083, .T. ) ;
#1150 = CIRCLE ( 'NONE', #7759, 0.03000000000000002318 ) ;
#1151 = DIRECTION ( 'NONE',  ( -1.000000000000000000, 0.000000000000000000, 0.000000000000000000 ) ) ;
#1152 = EDGE_CURVE ( 'NONE', #3454, #8259, #7679, .T. ) ;
#1153 = CARTESIAN_POINT ( 'NONE',  ( 0.2060042911389665110, 0.05771694977110350400, 0.1000000000000000056 ) ) ;
#1154 = ORIENTED_EDGE ( 'NONE', *, *, #6585, .F. ) ;
#1155 = DIRECTION ( 'NONE',  ( -1.000000000000000000, 0.000000000000000000, 0.000000000000000000 ) ) ;
#1156 = DIRECTION ( 'NONE',  ( 1.000000000000000000, 0.000000000000000000, 0.000000000000000000 ) ) ;
#1157 = ORIENTED_EDGE ( 'NONE', *, *, #4548, .T. ) ;
#1158 = EDGE_LOOP ( 'NONE', ( #1430, #5806, #3299, #5415 ) ) ;
#1159 = VECTOR ( 'NONE', #2017, 1000.000000000000000 ) ;
#1160 = FACE_OUTER_BOUND ( 'NONE', #8593, .T. ) ;
#1161 = ORIENTED_EDGE ( 'NONE', *, *, #4082, .T. ) ;
#1162 = ADVANCED_FACE ( 'NONE', ( #8016 ), #2138, .F. ) ;
#1163 = AXIS2_PLACEMENT_3D ( 'NONE', #5842, #10844, #9816 ) ;
#1164 = DIRECTION ( 'NONE',  ( 0.000000000000000000, 0.000000000000000000, -1.000000000000000000 ) ) ;
#1165 = VECTOR ( 'NONE', #6652, 1000.000000000000000 ) ;
#1166 = FACE_OUTER_BOUND ( 'NONE', #3169, .T. ) ;
#1167 = DIRECTION ( 'NONE',  ( 0.000000000000000000, -1.000000000000000000, 0.000000000000000000 ) ) ;
#1168 = ORIENTED_EDGE ( 'NONE', *, *, #38, .T. ) ;
#1169 = AXIS2_PLACEMENT_3D ( 'NONE', #2488, #12362, #9142 ) ;
#1170 = DIRECTION ( 'NONE',  ( 0.000000000000000000, 0.000000000000000000, -1.000000000000000000 ) ) ;
#1171 = DIRECTION ( 'NONE',  ( 1.000000000000000000, 0.000000000000000000, 0.000000000000000000 ) ) ;
#1172 = LINE ( 'NONE', #10263, #5173 ) ;
#1173 = ORIENTED_EDGE ( 'NONE', *, *, #9905, .T. ) ;
#1174 = AXIS2_PLACEMENT_3D ( 'NONE', #9067, #1926, #5257 ) ;
#1175 = FILL_AREA_STYLE_COLOUR ( '', #2726 ) ;
#1176 = ORIENTED_EDGE ( 'NONE', *, *, #833, .F. ) ;
#1177 = EDGE_LOOP ( 'NONE', ( #3329, #3095, #8714, #4459 ) ) ;
#1178 = VECTOR ( 'NONE', #10932, 1000.000000000000000 ) ;
#1179 = SURFACE_STYLE_FILL_AREA ( #2894 ) ;
#1180 = CARTESIAN_POINT ( 'NONE',  ( -0.8499999999999999778, -0.1000000000000000056, 0.05000000000000000278 ) ) ;
#1181 = DIRECTION ( 'NONE',  ( 0.000000000000000000, 0.000000000000000000, 1.000000000000000000 ) ) ;
#1182 = CARTESIAN_POINT ( 'NONE',  ( -0.2384031841765470172, 0.08610178341198850005, 0.6099999999999999867 ) ) ;
#1183 = CARTESIAN_POINT ( 'NONE',  ( 0.08772940361472320037, 0.03601309922746600417, 0.1000000000000000056 ) ) ;
#1184 = ORIENTED_EDGE ( 'NONE', *, *, #2464, .F. ) ;
#1185 = DIRECTION ( 'NONE',  ( 1.000000000000000000, 0.000000000000000000, 0.000000000000000000 ) ) ;
#1186 = DIRECTION ( 'NONE',  ( 0.000000000000000000, -1.000000000000000000, 3.252606517456511724E-15 ) ) ;
#1187 = CARTESIAN_POINT ( 'NONE',  ( -0.1131615436026759958, 0.7145957609276060163, 0.4000000000000000222 ) ) ;
#1189 = VECTOR ( 'NONE', #7510, 1000.000000000000114 ) ;
#1188 = LINE ( 'NONE', #10993, #10958 ) ;
#1190 = DIRECTION ( 'NONE',  ( 1.000000000000000000, 0.000000000000000000, 0.000000000000000000 ) ) ;
#1191 = ORIENTED_EDGE ( 'NONE', *, *, #12408, .T. ) ;
#1192 = AXIS2_PLACEMENT_3D ( 'NONE', #5807, #8567, #7486 ) ;
#1193 = ORIENTED_EDGE ( 'NONE', *, *, #10840, .F. ) ;
#1194 = AXIS2_PLACEMENT_3D ( 'NONE', #7306, #9122, #330 ) ;
#1195 = CARTESIAN_POINT ( 'NONE',  ( 0.08772940361472320037, 0.03601309922746600417, 0.000000000000000000 ) ) ;
#1196 = AXIS2_PLACEMENT_3D ( 'NONE', #1608, #5630, #10708 ) ;
#1197 = EDGE_CURVE ( 'NONE', #6249, #9777, #8291, .T. ) ;
#1198 = DIRECTION ( 'NONE',  ( 1.000000000000000000, 0.000000000000000000, 0.000000000000000000 ) ) ;
#1199 = VECTOR ( 'NONE', #9270, 1000.000000000000000 ) ;
#1200 =( BOUNDED_CURVE ( )  B_SPLINE_CURVE ( 3, ( #3603, #7539, #12436, #11467 ),
 .UNSPECIFIED., .F., .F. ) 
 B_SPLINE_CURVE_WITH_KNOTS ( ( 4, 4 ),
 ( 1.570796326794896558, 1.639134231106093020 ),
 .UNSPECIFIED. ) 
 CURVE ( )  GEOMETRIC_REPRESENTATION_ITEM ( )  RATIONAL_B_SPLINE_CURVE ( ( 1.000000000000000000, 0.9996108654318511810, 0.9996108654318511810, 1.000000000000000000 ) ) 
 REPRESENTATION_ITEM ( '' )  );
#1201 = CARTESIAN_POINT ( 'NONE',  ( 0.1132782499023349959, -0.7111815246139390201, 0.2834995524190850325 ) ) ;
#1202 = CARTESIAN_POINT ( 'NONE',  ( 0.2355732365017234875, 0.04062310122641939886, 0.000000000000000000 ) ) ;
#1203 = EDGE_LOOP ( 'NONE', ( #9776, #12633, #601 ) ) ;
#1204 = LINE ( 'NONE', #1985, #5130 ) ;
#1205 = VECTOR ( 'NONE', #11005, 1000.000000000000000 ) ;
#1206 = CARTESIAN_POINT ( 'NONE',  ( 0.3246440447011150199, 0.04509549365880329702, 0.000000000000000000 ) ) ;
#1207 = CARTESIAN_POINT ( 'NONE',  ( 0.07098866297209469045, 0.05540032510077769895, 0.000000000000000000 ) ) ;
#1208 = ORIENTED_EDGE ( 'NONE', *, *, #6641, .T. ) ;
#1209 = EDGE_LOOP ( 'NONE', ( #1111, #10040, #9291, #4446 ) ) ;
#1210 = VECTOR ( 'NONE', #10497, 1000.000000000000000 ) ;
#1211 = ORIENTED_EDGE ( 'NONE', *, *, #12749, .F. ) ;
#1212 = VECTOR ( 'NONE', #8225, 1000.000000000000000 ) ;
#1213 = ORIENTED_EDGE ( 'NONE', *, *, #4477, .F. ) ;
#1214 = EDGE_CURVE ( 'NONE', #7722, #251, #6212, .T. ) ;
#1215 = CARTESIAN_POINT ( 'NONE',  ( 0.3275735132183335008, 0.07022410117517211003, 0.1000000000000000056 ) ) ;
#1216 = CARTESIAN_POINT ( 'NONE',  ( 0.1390179589796421977, 0.05801304451646480120, 0.000000000000000000 ) ) ;
#1217 = CARTESIAN_POINT ( 'NONE',  ( 0.6518290623389679794, -0.1900000000000000022, 0.1000000000000000056 ) ) ;
#1218 = VECTOR ( 'NONE', #5916, 1000.000000000000000 ) ;
#1219 = EDGE_CURVE ( 'NONE', #3803, #11939, #3554, .T. ) ;
#1220 = LINE ( 'NONE', #302, #12489 ) ;
#1221 = ORIENTED_EDGE ( 'NONE', *, *, #9241, .F. ) ;
#1222 = LINE ( 'NONE', #10060, #9011 ) ;
#1223 = CARTESIAN_POINT ( 'NONE',  ( -0.2366831626601859639, 0.9322259197888769222, 0.4000000000000000222 ) ) ;
#1224 = VERTEX_POINT ( 'NONE', #1421 ) ;
#1225 = ORIENTED_EDGE ( 'NONE', *, *, #6210, .T. ) ;
#1227 = AXIS2_PLACEMENT_3D ( 'NONE', #8098, #7123, #3439 ) ;
#1226 = FACE_OUTER_BOUND ( 'NONE', #11869, .T. ) ;
#1228 = ORIENTED_EDGE ( 'NONE', *, *, #3699, .T. ) ;
#1229 = ADVANCED_BREP_SHAPE_REPRESENTATION ( '', ( #457, #10744 ), #7680 ) ;
#1230 = EDGE_CURVE ( 'NONE', #10929, #1833, #2270, .T. ) ;
#1231 = AXIS2_PLACEMENT_3D ( 'NONE', #4210, #8147, #10149 ) ;
#1232 = CARTESIAN_POINT ( 'NONE',  ( 0.05398012541875850390, 0.06075182561583070129, 0.000000000000000000 ) ) ;
#1233 = VECTOR ( 'NONE', #9491, 1000.000000000000227 ) ;
#1234 = EDGE_CURVE ( 'NONE', #8474, #11113, #5953, .T. ) ;
#1235 = CARTESIAN_POINT ( 'NONE',  ( -0.8000000000000000444, -0.6612489735550610703, 0.07199926448865659467 ) ) ;
#1236 = LINE ( 'NONE', #6333, #7965 ) ;
#1237 = ORIENTED_EDGE ( 'NONE', *, *, #10235, .F. ) ;
#1238 = ADVANCED_FACE ( 'NONE', ( #5436 ), #11282, .F. ) ;
#1239 = CARTESIAN_POINT ( 'NONE',  ( 0.1636720784317060029, 0.03626065694547629670, 0.1000000000000000056 ) ) ;
#1240 = CARTESIAN_POINT ( 'NONE',  ( -0.7880176002228089782, -0.1000000000000000056, 0.05000000000000000278 ) ) ;
#1241 = LINE ( 'NONE', #1355, #6616 ) ;
#1242 = EDGE_LOOP ( 'NONE', ( #11294, #7297, #8809, #3282 ) ) ;
#1243 = VERTEX_POINT ( 'NONE', #4387 ) ;
#1244 = EDGE_CURVE ( 'NONE', #1099, #6339, #8198, .T. ) ;
#1245 = ADVANCED_FACE ( 'NONE', ( #8381 ), #5373, .F. ) ;
#1246 = ORIENTED_EDGE ( 'NONE', *, *, #10747, .F. ) ;
#1247 = CIRCLE ( 'NONE', #1045, 0.5699999999999999512 ) ;
#1248 = PRESENTATION_STYLE_ASSIGNMENT (( #8821 ) ) ;
#1249 = DIRECTION ( 'NONE',  ( 0.000000000000000000, 0.000000000000000000, -1.000000000000000000 ) ) ;
#1250 = DIRECTION ( 'NONE',  ( 0.003267179202020180796, -0.9999946627557879664, 0.000000000000000000 ) ) ;
#1251 = EDGE_CURVE ( 'NONE', #2982, #7660, #10319, .T. ) ;
#1252 = DIRECTION ( 'NONE',  ( 0.000000000000000000, 0.000000000000000000, -1.000000000000000000 ) ) ;
#1253 = ORIENTED_EDGE ( 'NONE', *, *, #6585, .T. ) ;
#1254 = CARTESIAN_POINT ( 'NONE',  ( 0.06385052550886249900, 0.05242807410686710357, 0.000000000000000000 ) ) ;
#1255 = CARTESIAN_POINT ( 'NONE',  ( 0.1925666295662490091, 0.05718103188946949827, 0.000000000000000000 ) ) ;
#1256 = AXIS2_PLACEMENT_3D ( 'NONE', #12449, #6409, #2076 ) ;
#1257 = PLANE ( 'NONE',  #2840 ) ;
#1258 = DIRECTION ( 'NONE',  ( 0.000000000000000000, 0.000000000000000000, 1.000000000000000000 ) ) ;
#1259 = LINE ( 'NONE', #3195, #2872 ) ;
#1260 = VERTEX_POINT ( 'NONE', #1485 ) ;
#1261 = VERTEX_POINT ( 'NONE', #443 ) ;
#1262 = DIRECTION ( 'NONE',  ( 0.000000000000000000, 0.000000000000000000, -1.000000000000000000 ) ) ;
#1263 = VECTOR ( 'NONE', #2548, 1000.000000000000000 ) ;
#1264 = LINE ( 'NONE', #12217, #4487 ) ;
#1265 =( NAMED_UNIT ( * ) PLANE_ANGLE_UNIT ( ) SI_UNIT ( $, .RADIAN. ) );
#1266 = LINE ( 'NONE', #6303, #720 ) ;
#1267 = ORIENTED_EDGE ( 'NONE', *, *, #7702, .T. ) ;
#1268 = CARTESIAN_POINT ( 'NONE',  ( 0.000000000000000000, 0.000000000000000000, 0.9000000000000000222 ) ) ;
#1269 = CARTESIAN_POINT ( 'NONE',  ( -0.4068465942575619776, -0.1000000000000000056, 0.000000000000000000 ) ) ;
#1270 = CARTESIAN_POINT ( 'NONE',  ( 0.06226334516990800899, 0.03664301761944074864, 0.000000000000000000 ) ) ;
#1271 = COLOUR_RGB ( '',0.9803921568627450567, 0.8862745098039215286, 0.6784313725490196401 ) ;
#1272 = EDGE_LOOP ( 'NONE', ( #1506, #9169, #9145, #6718 ) ) ;
#1273 = ORIENTED_EDGE ( 'NONE', *, *, #7049, .T. ) ;
#1274 = EDGE_CURVE ( 'NONE', #4402, #2065, #1290, .T. ) ;
#1275 = ORIENTED_EDGE ( 'NONE', *, *, #5800, .T. ) ;
#1276 = CARTESIAN_POINT ( 'NONE',  ( 0.03303291651098660270, 0.05545179432888040078, 0.000000000000000000 ) ) ;
#1277 = VECTOR ( 'NONE', #6604, 1000.000000000000114 ) ;
#1278 = PRODUCT_DEFINITION_FORMATION_WITH_SPECIFIED_SOURCE ( 'ANY', '', #12107, .NOT_KNOWN. ) ;
#1279 = DIRECTION ( 'NONE',  ( 0.000000000000000000, 0.000000000000000000, -1.000000000000000000 ) ) ;
#1280 = CARTESIAN_POINT ( 'NONE',  ( 0.1087864740490435966, 0.06351143518956620104, 0.000000000000000000 ) ) ;
#1281 = CARTESIAN_POINT ( 'NONE',  ( 0.3101717160798355133, 0.03564597462804025563, 0.1000000000000000056 ) ) ;
#1282 = DIRECTION ( 'NONE',  ( -0.9560498506241815742, 0.2932041662757884914, 0.000000000000000000 ) ) ;
#1283 = ORIENTED_EDGE ( 'NONE', *, *, #5016, .T. ) ;
#1284 = CARTESIAN_POINT ( 'NONE',  ( -0.1089302439440419934, -0.08899708045879850538, 0.5999999999999999778 ) ) ;
#1285 = EDGE_CURVE ( 'NONE', #5070, #7880, #8318, .T. ) ;
#1286 = DIRECTION ( 'NONE',  ( 0.000000000000000000, 0.000000000000000000, 1.000000000000000000 ) ) ;
#1287 = ORIENTED_EDGE ( 'NONE', *, *, #6028, .F. ) ;
#1288 = EDGE_LOOP ( 'NONE', ( #8704, #1298, #9716, #4821 ) ) ;
#1289 = EDGE_LOOP ( 'NONE', ( #2160, #7617, #6242, #7839 ) ) ;
#1290 = LINE ( 'NONE', #10254, #7585 ) ;
#1291 = CARTESIAN_POINT ( 'NONE',  ( 0.2207860652538845003, 0.08251642869073258502, 0.000000000000000000 ) ) ;
#1292 = CARTESIAN_POINT ( 'NONE',  ( 0.3431999029470410023, 0.03551500999190499580, 0.1000000000000000056 ) ) ;
#1293 = VERTEX_POINT ( 'NONE', #12383 ) ;
#1294 = CARTESIAN_POINT ( 'NONE',  ( -0.04000000087241269847, 0.1689970804587989928, 0.5999999999999999778 ) ) ;
#1295 = LINE ( 'NONE', #2520, #9226 ) ;
#1296 = EDGE_CURVE ( 'NONE', #1801, #3755, #3413, .T. ) ;
#1297 = DIRECTION ( 'NONE',  ( 0.000000000000000000, 0.000000000000000000, 1.000000000000000000 ) ) ;
#1298 = ORIENTED_EDGE ( 'NONE', *, *, #12525, .T. ) ;
#1299 = ORIENTED_EDGE ( 'NONE', *, *, #2871, .F. ) ;
#1300 = SHAPE_REPRESENTATION_RELATIONSHIP ( 'NONE' , 'NONE' ,  #5090, #11692 ) ;
#1301 = VERTEX_POINT ( 'NONE', #10185 ) ;
#1302 = APPLICATION_CONTEXT ( 'automotive_design' ) ;
#1303 = EDGE_CURVE ( 'NONE', #7543, #2341, #12315, .T. ) ;
#1304 = EDGE_CURVE ( 'NONE', #8999, #3851, #6462, .T. ) ;
#1305 = CARTESIAN_POINT ( 'NONE',  ( 0.8000000000000000444, -0.6612489735550610703, 0.2334995524190849880 ) ) ;
#1306 = FACE_OUTER_BOUND ( 'NONE', #8097, .T. ) ;
#1307 = CARTESIAN_POINT ( 'NONE',  ( 0.3295279686815250075, 0.2267406400639910002, 0.6099999999999999867 ) ) ;
#1308 = EDGE_CURVE ( 'NONE', #2362, #5525, #8199, .T. ) ;
#1309 = DIRECTION ( 'NONE',  ( 0.000000000000000000, 0.000000000000000000, 1.000000000000000000 ) ) ;
#1310 = ORIENTED_EDGE ( 'NONE', *, *, #3127, .F. ) ;
#1311 = ADVANCED_FACE ( 'NONE', ( #10377 ), #314, .F. ) ;
#1312 = CARTESIAN_POINT ( 'NONE',  ( 0.1473195594799686370, 0.06488587858533610697, 0.000000000000000000 ) ) ;
#1313 = CYLINDRICAL_SURFACE ( 'NONE', #10034, 0.002170133933704518521 ) ;
#1314 = DIRECTION ( 'NONE',  ( 0.000000000000000000, 0.000000000000000000, -1.000000000000000000 ) ) ;
#1315 = ORIENTED_EDGE ( 'NONE', *, *, #4372, .F. ) ;
#1316 = DIRECTION ( 'NONE',  ( -1.000000000000000000, 0.000000000000000000, 0.000000000000000000 ) ) ;
#1317 = DIRECTION ( 'NONE',  ( 0.4011071806100228176, -0.9160311291998096683, 0.000000000000000000 ) ) ;
#1318 = ORIENTED_EDGE ( 'NONE', *, *, #7221, .T. ) ;
#1319 = ORIENTED_EDGE ( 'NONE', *, *, #11562, .T. ) ;
#1320 = EDGE_CURVE ( 'NONE', #12557, #10294, #9228, .T. ) ;
#1321 = FILL_AREA_STYLE ('',( #8347 ) ) ;
#1322 = DIRECTION ( 'NONE',  ( 0.000000000000000000, 0.7071067811865482389, 0.7071067811865467956 ) ) ;
#1323 = DIRECTION ( 'NONE',  ( 0.000000000000000000, -7.779008952242338508E-17, -1.000000000000000000 ) ) ;
#1324 = FACE_OUTER_BOUND ( 'NONE', #10640, .T. ) ;
#1325 = ORIENTED_EDGE ( 'NONE', *, *, #9109, .T. ) ;
#1326 = LINE ( 'NONE', #2424, #1014 ) ;
#1327 = CARTESIAN_POINT ( 'NONE',  ( 0.1771277703162369987, 0.02637695354424850203, 0.1000000000000000056 ) ) ;
#1328 = LINE ( 'NONE', #7403, #10256 ) ;
#1329 = ORIENTED_EDGE ( 'NONE', *, *, #3427, .T. ) ;
#1330 = ORIENTED_EDGE ( 'NONE', *, *, #3942, .F. ) ;
#1331 = ORIENTED_EDGE ( 'NONE', *, *, #5464, .F. ) ;
#1332 = CARTESIAN_POINT ( 'NONE',  ( 0.2941845782070834914, 0.06542169217347129639, 0.000000000000000000 ) ) ;
#1333 = MECHANICAL_DESIGN_GEOMETRIC_PRESENTATION_REPRESENTATION (  '', ( #3199 ), #4220 ) ;
#1334 = DIRECTION ( 'NONE',  ( 1.000000000000000000, 0.000000000000000000, 0.000000000000000000 ) ) ;
#1335 = LINE ( 'NONE', #301, #3890 ) ;
#1336 = CARTESIAN_POINT ( 'NONE',  ( 0.1098009430318816065, 0.05825911988164559491, 0.1000000000000000056 ) ) ;
#1337 = ORIENTED_EDGE ( 'NONE', *, *, #907, .T. ) ;
#1338 = MECHANICAL_DESIGN_GEOMETRIC_PRESENTATION_REPRESENTATION (  '', ( #3613 ), #7530 ) ;
#1339 = DIRECTION ( 'NONE',  ( -1.000000000000000000, 0.000000000000000000, 0.000000000000000000 ) ) ;
#1340 = DIRECTION ( 'NONE',  ( 0.000000000000000000, -1.000000000000000000, 0.000000000000000000 ) ) ;
#1341 = VERTEX_POINT ( 'NONE', #3304 ) ;
#1342 = ORIENTED_EDGE ( 'NONE', *, *, #4218, .F. ) ;
#1343 = ORIENTED_EDGE ( 'NONE', *, *, #7709, .F. ) ;
#1344 = COLOUR_RGB ( '',0.2862745098039215508, 0.2862745098039215508, 0.2862745098039215508 ) ;
#1345 = AXIS2_PLACEMENT_3D ( 'NONE', #4212, #1252, #271 ) ;
#1346 = EDGE_CURVE ( 'NONE', #1551, #2429, #3064, .T. ) ;
#1347 = CARTESIAN_POINT ( 'NONE',  ( 0.8499999999999999778, -2.081668171172170239E-16, 0.05000000000000000278 ) ) ;
#1348 = DIRECTION ( 'NONE',  ( 0.000000000000000000, 0.000000000000000000, -1.000000000000000000 ) ) ;
#1349 = DIRECTION ( 'NONE',  ( -0.2727466192883499785, -0.9620859013969468299, 0.000000000000000000 ) ) ;
#1350 = AXIS2_PLACEMENT_3D ( 'NONE', #9529, #12560, #8497 ) ;
#1351 = ORIENTED_EDGE ( 'NONE', *, *, #10924, .F. ) ;
#1352 = AXIS2_PLACEMENT_3D ( 'NONE', #712, #9627, #6665 ) ;
#1353 = CARTESIAN_POINT ( 'NONE',  ( 0.1131615436026759958, -0.7145957609276060163, 0.4000000000000000222 ) ) ;
#1354 = CARTESIAN_POINT ( 'NONE',  ( 0.08600628789277209307, 0.05242807410686710357, 0.000000000000000000 ) ) ;
#1355 = CARTESIAN_POINT ( 'NONE',  ( 0.3860788799391040027, -0.1046092656745439969, 0.6099999999999999867 ) ) ;
#1356 = EDGE_LOOP ( 'NONE', ( #4418, #3968, #753, #5006 ) ) ;
#1357 = ORIENTED_EDGE ( 'NONE', *, *, #10447, .T. ) ;
#1358 =( LENGTH_UNIT ( ) NAMED_UNIT ( * ) SI_UNIT ( .MILLI., .METRE. ) );
#1359 = ORIENTED_EDGE ( 'NONE', *, *, #3428, .T. ) ;
#1360 = CIRCLE ( 'NONE', #10228, 0.002200797785891653834 ) ;
#1361 = EDGE_CURVE ( 'NONE', #11988, #5023, #10460, .T. ) ;
#1362 = DIRECTION ( 'NONE',  ( 0.9748262773075326848, -0.2229657576192745627, 0.000000000000000000 ) ) ;
#1363 = VECTOR ( 'NONE', #4842, 1000.000000000000000 ) ;
#1364 = DIRECTION ( 'NONE',  ( 0.000000000000000000, 0.000000000000000000, -1.000000000000000000 ) ) ;
#1365 = AXIS2_PLACEMENT_3D ( 'NONE', #4472, #3573, #7509 ) ;
#1366 = DIRECTION ( 'NONE',  ( 0.000000000000000000, 1.000000000000000000, 0.000000000000000000 ) ) ;
#1367 = LINE ( 'NONE', #8150, #10634 ) ;
#1368 = ORIENTED_EDGE ( 'NONE', *, *, #10840, .T. ) ;
#1369 = CARTESIAN_POINT ( 'NONE',  ( 0.8499999999999999778, -0.09000000000000001055, 0.05000000000000000278 ) ) ;
#1370 = CYLINDRICAL_SURFACE ( 'NONE', #4677, 0.08000000000000002942 ) ;
#1371 = CARTESIAN_POINT ( 'NONE',  ( 0.1193548020523574060, 0.05586416227129829826, 0.000000000000000000 ) ) ;
#1372 = ORIENTED_EDGE ( 'NONE', *, *, #12739, .F. ) ;
#1373 = ADVANCED_FACE ( 'NONE', ( #695 ), #8646, .F. ) ;
#1374 = EDGE_CURVE ( 'NONE', #3951, #1099, #4184, .T. ) ;
#1375 = DIRECTION ( 'NONE',  ( 0.000000000000000000, 0.000000000000000000, -1.000000000000000000 ) ) ;
#1376 = DIRECTION ( 'NONE',  ( 1.000000000000000000, 0.000000000000000000, 0.000000000000000000 ) ) ;
#1377 = AXIS2_PLACEMENT_3D ( 'NONE', #9384, #2244, #355 ) ;
#1378 = ORIENTED_EDGE ( 'NONE', *, *, #7386, .F. ) ;
#1379 = VECTOR ( 'NONE', #2778, 1000.000000000000000 ) ;
#1380 = EDGE_CURVE ( 'NONE', #1940, #8999, #6522, .T. ) ;
#1381 = DIRECTION ( 'NONE',  ( -0.9621483175714866665, 0.2725263565131959553, 0.000000000000000000 ) ) ;
#1382 = ADVANCED_FACE ( 'NONE', ( #12638 ), #10635, .F. ) ;
#1383 = ADVANCED_FACE ( 'NONE', ( #11480 ), #9541, .T. ) ;
#1384 = LINE ( 'NONE', #4357, #9416 ) ;
#1385 = FACE_OUTER_BOUND ( 'NONE', #2945, .T. ) ;
#1386 = AXIS2_PLACEMENT_3D ( 'NONE', #10794, #10927, #1966 ) ;
#1387 = DIRECTION ( 'NONE',  ( 1.000000000000000000, 0.000000000000000000, 0.000000000000000000 ) ) ;
#1388 = ORIENTED_EDGE ( 'NONE', *, *, #10223, .F. ) ;
#1389 = LINE ( 'NONE', #12100, #6584 ) ;
#1390 = CARTESIAN_POINT ( 'NONE',  ( 0.1054327468312629967, 0.03314860092336230357, 0.1000000000000000056 ) ) ;
#1391 = CIRCLE ( 'NONE', #2030, 0.08000000000000002942 ) ;
#1392 = EDGE_CURVE ( 'NONE', #3943, #8474, #7170, .T. ) ;
#1393 = EDGE_CURVE ( 'NONE', #2566, #3454, #8576, .T. ) ;
#1394 = LINE ( 'NONE', #5350, #1199 ) ;
#1395 = VECTOR ( 'NONE', #10150, 1000.000000000000000 ) ;
#1396 = VERTEX_POINT ( 'NONE', #8766 ) ;
#1397 = ORIENTED_EDGE ( 'NONE', *, *, #3435, .T. ) ;
#1398 = PRODUCT_DEFINITION_SHAPE ( 'NONE', 'NONE',  #1452 ) ;
#1399 = VERTEX_POINT ( 'NONE', #3611 ) ;
#1400 = AXIS2_PLACEMENT_3D ( 'NONE', #9159, #12132, #6269 ) ;
#1401 = EDGE_CURVE ( 'NONE', #2654, #5070, #4709, .T. ) ;
#1402 = DIRECTION ( 'NONE',  ( 0.000000000000000000, 1.000000000000000000, 0.000000000000000000 ) ) ;
#1403 = EDGE_CURVE ( 'NONE', #5296, #7844, #4838, .T. ) ;
#1404 = AXIS2_PLACEMENT_3D ( 'NONE', #12044, #2427, #3279 ) ;
#1405 = AXIS2_PLACEMENT_3D ( 'NONE', #11342, #2502, #1528 ) ;
#1406 = CARTESIAN_POINT ( 'NONE',  ( 0.2229590568833294817, 0.06818494017057130652, 0.1000000000000000056 ) ) ;
#1407 = DIRECTION ( 'NONE',  ( 0.7071067811865482389, 0.000000000000000000, -0.7071067811865467956 ) ) ;
#1408 = DIRECTION ( 'NONE',  ( 1.000000000000000000, 0.000000000000000000, 0.000000000000000000 ) ) ;
#1409 = CARTESIAN_POINT ( 'NONE',  ( 0.2853552715473199886, 0.06389003032547301009, 0.1000000000000000056 ) ) ;
#1410 = EDGE_CURVE ( 'NONE', #2523, #6099, #11914, .T. ) ;
#1411 = CIRCLE ( 'NONE', #5547, 0.002172159373688738269 ) ;
#1412 = ORIENTED_EDGE ( 'NONE', *, *, #43, .T. ) ;
#1413 = CARTESIAN_POINT ( 'NONE',  ( 0.000000000000000000, 0.000000000000000000, 0.8699999999999999956 ) ) ;
#1414 = CYLINDRICAL_SURFACE ( 'NONE', #11970, 0.08000000000000002942 ) ;
#1415 = ORIENTED_EDGE ( 'NONE', *, *, #10217, .T. ) ;
#1416 = VECTOR ( 'NONE', #6106, 1000.000000000000000 ) ;
#1417 = ORIENTED_EDGE ( 'NONE', *, *, #9608, .T. ) ;
#1418 = ORIENTED_EDGE ( 'NONE', *, *, #12122, .T. ) ;
#1419 = VECTOR ( 'NONE', #7782, 1000.000000000000000 ) ;
#1420 = VECTOR ( 'NONE', #2360, 1000.000000000000000 ) ;
#1421 = CARTESIAN_POINT ( 'NONE',  ( -0.2366831626601859639, 0.7145957609276060163, 0.4000000000000000222 ) ) ;
#1422 = CIRCLE ( 'NONE', #10683, 0.0008742527306412146895 ) ;
#1423 = CYLINDRICAL_SURFACE ( 'NONE', #1559, 0.02057064128631300517 ) ;
#1424 = CARTESIAN_POINT ( 'NONE',  ( -0.8000000000000000444, -0.6612489735550610703, 0.2834995524190850325 ) ) ;
#1425 = EDGE_LOOP ( 'NONE', ( #7563, #12754, #5626, #11601 ) ) ;
#1426 = CIRCLE ( 'NONE', #2066, 0.0006112321405037213608 ) ;
#1427 = DIRECTION ( 'NONE',  ( 1.000000000000000000, 0.000000000000000000, 0.000000000000000000 ) ) ;
#1428 = DIRECTION ( 'NONE',  ( 0.000000000000000000, -0.7071067811865482389, -0.7071067811865467956 ) ) ;
#1429 = LINE ( 'NONE', #4393, #9276 ) ;
#1430 = ORIENTED_EDGE ( 'NONE', *, *, #12561, .F. ) ;
#1431 = ORIENTED_EDGE ( 'NONE', *, *, #1847, .F. ) ;
#1432 = PRODUCT_CONTEXT ( 'NONE', #11687, 'mechanical' ) ;
#1433 = ORIENTED_EDGE ( 'NONE', *, *, #6384, .T. ) ;
#1434 = AXIS2_PLACEMENT_3D ( 'NONE', #6431, #3579, #12546 ) ;
#1435 = EDGE_CURVE ( 'NONE', #4564, #12451, #3683, .T. ) ;
#1436 = PRODUCT_DEFINITION_CONTEXT ( 'detailed design', #6182, 'design' ) ;
#1437 = VECTOR ( 'NONE', #11036, 1000.000000000000000 ) ;
#1438 = DIRECTION ( 'NONE',  ( 0.000000000000000000, 0.000000000000000000, 1.000000000000000000 ) ) ;
#1439 = PLANE ( 'NONE',  #8827 ) ;
#1440 = DIRECTION ( 'NONE',  ( 0.9618025924173457808, -0.2737439921153946298, 0.000000000000000000 ) ) ;
#1441 = CARTESIAN_POINT ( 'NONE',  ( -0.6284232971287809777, 8.673617379884039170E-17, 0.05000000000000000278 ) ) ;
#1442 = VERTEX_POINT ( 'NONE', #6707 ) ;
#1443 = CARTESIAN_POINT ( 'NONE',  ( 0.2997499940147945185, 0.06482306056529039962, 0.000000000000000000 ) ) ;
#1444 = CARTESIAN_POINT ( 'NONE',  ( -0.2750000000000000222, 0.7200000000000000844, 0.08000000000000000167 ) ) ;
#1445 = DIRECTION ( 'NONE',  ( 0.000000000000000000, 0.2498780111313130825, -0.9682773257456043225 ) ) ;
#1446 = EDGE_LOOP ( 'NONE', ( #7853, #7138, #11116, #7989 ) ) ;
#1447 = CARTESIAN_POINT ( 'NONE',  ( 0.3730769100861965337, 0.03317366262890300566, 0.000000000000000000 ) ) ;
#1448 = EDGE_CURVE ( 'NONE', #8032, #10252, #4645, .T. ) ;
#1449 = CIRCLE ( 'NONE', #4755, 0.002166760629838646295 ) ;
#1450 = ORIENTED_EDGE ( 'NONE', *, *, #3681, .F. ) ;
#1451 = LINE ( 'NONE', #1195, #11033 ) ;
#1452 = PRODUCT_DEFINITION ( 'UNKNOWN', '', #5213, #10331 ) ;
#1453 = VECTOR ( 'NONE', #5578, 1000.000000000000000 ) ;
#1454 = DIRECTION ( 'NONE',  ( -1.000000000000000000, 0.000000000000000000, 0.000000000000000000 ) ) ;
#1455 = LINE ( 'NONE', #6555, #12765 ) ;
#1456 = CARTESIAN_POINT ( 'NONE',  ( -0.2750000000000000222, -0.7111815246139390201, 0.2834995524190850325 ) ) ;
#1457 = ORIENTED_EDGE ( 'NONE', *, *, #10820, .T. ) ;
#1458 = DIRECTION ( 'NONE',  ( 0.000000000000000000, -0.7071067811865482389, -0.7071067811865467956 ) ) ;
#1459 = DIRECTION ( 'NONE',  ( 0.000000000000000000, 0.000000000000000000, 1.000000000000000000 ) ) ;
#1460 = DIRECTION ( 'NONE',  ( 0.000000000000000000, 0.000000000000000000, 1.000000000000000000 ) ) ;
#1461 = EDGE_CURVE ( 'NONE', #12040, #3866, #6975, .T. ) ;
#1462 = ORIENTED_EDGE ( 'NONE', *, *, #10064, .T. ) ;
#1463 = ORIENTED_EDGE ( 'NONE', *, *, #7845, .T. ) ;
#1464 = ORIENTED_EDGE ( 'NONE', *, *, #3934, .T. ) ;
#1465 = VECTOR ( 'NONE', #4818, 1000.000000000000114 ) ;
#1466 = ORIENTED_EDGE ( 'NONE', *, *, #8645, .F. ) ;
#1467 = EDGE_CURVE ( 'NONE', #2230, #4177, #2028, .T. ) ;
#1468 = EDGE_CURVE ( 'NONE', #3899, #9702, #781, .T. ) ;
#1469 = CARTESIAN_POINT ( 'NONE',  ( 0.3027770708682659961, -0.2613925120511920164, 0.5999999999999999778 ) ) ;
#1470 = CARTESIAN_POINT ( 'NONE',  ( -0.2750000000000000222, -0.4000000000000000222, 0.07199926448865659467 ) ) ;
#1471 = CARTESIAN_POINT ( 'NONE',  ( -0.1866831626601859750, -0.6645957609276059719, 0.4000000000000000222 ) ) ;
#1472 = AXIS2_PLACEMENT_3D ( 'NONE', #8745, #8938, #12678 ) ;
#1473 = CARTESIAN_POINT ( 'NONE',  ( 0.1932401869698620045, 0.05771694977110350400, 0.000000000000000000 ) ) ;
#1474 = EDGE_CURVE ( 'NONE', #5862, #4015, #1602, .T. ) ;
#1475 = ORIENTED_EDGE ( 'NONE', *, *, #9509, .F. ) ;
#1476 = EDGE_CURVE ( 'NONE', #7716, #7101, #9983, .T. ) ;
#1477 = CYLINDRICAL_SURFACE ( 'NONE', #10876, 0.08000000000000001554 ) ;
#1478 = CARTESIAN_POINT ( 'NONE',  ( 0.3751424101058990490, 0.06408923354130251215, 0.000000000000000000 ) ) ;
#1479 = ORIENTED_EDGE ( 'NONE', *, *, #10918, .T. ) ;
#1480 = ORIENTED_EDGE ( 'NONE', *, *, #444, .F. ) ;
#1481 = ORIENTED_EDGE ( 'NONE', *, *, #5894, .T. ) ;
#1482 = VERTEX_POINT ( 'NONE', #114 ) ;
#1483 = CIRCLE ( 'NONE', #1070, 0.02000000000000000736 ) ;
#1484 = EDGE_CURVE ( 'NONE', #6797, #2492, #1146, .T. ) ;
#1485 = CARTESIAN_POINT ( 'NONE',  ( 0.2584796253053975312, 0.03277019182142075493, 0.1000000000000000056 ) ) ;
#1486 = DIRECTION ( 'NONE',  ( -0.9560498506241815742, 0.2932041662757884914, 0.000000000000000000 ) ) ;
#1487 = LINE ( 'NONE', #12445, #5714 ) ;
#1488 = UNCERTAINTY_MEASURE_WITH_UNIT (LENGTH_MEASURE( 1.000000000000000082E-05 ), #11826, 'distance_accuracy_value', 'NONE');
#1489 = ORIENTED_EDGE ( 'NONE', *, *, #8645, .T. ) ;
#1490 = VECTOR ( 'NONE', #5702, 1000.000000000000000 ) ;
#1491 = DIRECTION ( 'NONE',  ( 0.000000000000000000, 0.000000000000000000, -1.000000000000000000 ) ) ;
#1492 = DIRECTION ( 'NONE',  ( 0.000000000000000000, 0.000000000000000000, 1.000000000000000000 ) ) ;
#1493 = STYLED_ITEM ( 'NONE', ( #12071 ), #1229 ) ;
#1494 = CARTESIAN_POINT ( 'NONE',  ( 0.1198319356003372110, 0.05391554160110449689, 0.000000000000000000 ) ) ;
#1495 = ORIENTED_EDGE ( 'NONE', *, *, #1952, .T. ) ;
#1496 = ORIENTED_EDGE ( 'NONE', *, *, #7063, .T. ) ;
#1497 = ORIENTED_EDGE ( 'NONE', *, *, #9681, .T. ) ;
#1498 = LINE ( 'NONE', #2465, #10550 ) ;
#1499 = CARTESIAN_POINT ( 'NONE',  ( 0.1790143979873144719, 0.1008980478479235970, 0.000000000000000000 ) ) ;
#1500 = FACE_OUTER_BOUND ( 'NONE', #4776, .T. ) ;
#1501 = LINE ( 'NONE', #5454, #3640 ) ;
#1502 = ORIENTED_EDGE ( 'NONE', *, *, #6002, .T. ) ;
#1503 = CARTESIAN_POINT ( 'NONE',  ( 0.2229590568833294817, 0.08538246062808670100, 0.000000000000000000 ) ) ;
#1504 = CARTESIAN_POINT ( 'NONE',  ( 0.2080850253259239890, 0.05493035291598479669, 0.1000000000000000056 ) ) ;
#1505 = DIRECTION ( 'NONE',  ( 0.000000000000000000, 0.000000000000000000, 1.000000000000000000 ) ) ;
#1506 = ORIENTED_EDGE ( 'NONE', *, *, #10380, .F. ) ;
#1507 = DIRECTION ( 'NONE',  ( 0.000000000000000000, 0.000000000000000000, 1.000000000000000000 ) ) ;
#1508 = LINE ( 'NONE', #8720, #11297 ) ;
#1509 = ORIENTED_EDGE ( 'NONE', *, *, #12671, .T. ) ;
#1510 = DIRECTION ( 'NONE',  ( 1.000000000000000000, 0.000000000000000000, 0.000000000000000000 ) ) ;
#1511 = ADVANCED_FACE ( 'NONE', ( #10891 ), #10054, .T. ) ;
#1512 = PLANE ( 'NONE',  #6142 ) ;
#1513 = CARTESIAN_POINT ( 'NONE',  ( 0.1648850750808970034, 0.06332207658154428986, 0.1000000000000000056 ) ) ;
#1514 = DIRECTION ( 'NONE',  ( 0.000000000000000000, 0.000000000000000000, 1.000000000000000000 ) ) ;
#1515 = ORIENTED_EDGE ( 'NONE', *, *, #4868, .F. ) ;
#1516 = CARTESIAN_POINT ( 'NONE',  ( -0.4000000000000000222, -0.7200000000000000844, 0.3200000000000000067 ) ) ;
#1517 = DIRECTION ( 'NONE',  ( -0.2718004349668278752, -0.9623536374700535356, 0.000000000000000000 ) ) ;
#1518 = CARTESIAN_POINT ( 'NONE',  ( 0.7299999999999999822, -0.1900000000000000022, 0.000000000000000000 ) ) ;
#1519 = FACE_OUTER_BOUND ( 'NONE', #2658, .T. ) ;
#1520 = ORIENTED_EDGE ( 'NONE', *, *, #3201, .T. ) ;
#1521 = ORIENTED_EDGE ( 'NONE', *, *, #8323, .F. ) ;
#1522 = ORIENTED_EDGE ( 'NONE', *, *, #6918, .F. ) ;
#1523 = DIRECTION ( 'NONE',  ( 1.000000000000000000, 0.000000000000000000, 0.000000000000000000 ) ) ;
#1524 = PLANE ( 'NONE',  #8278 ) ;
#1525 = EDGE_CURVE ( 'NONE', #10576, #6735, #6902, .T. ) ;
#1526 = CARTESIAN_POINT ( 'NONE',  ( 0.1171234050409619976, 0.03448822239446525106, 0.000000000000000000 ) ) ;
#1527 = CARTESIAN_POINT ( 'NONE',  ( 0.1631615436026759847, 0.7145957609276060163, 0.4000000000000000222 ) ) ;
#1528 = DIRECTION ( 'NONE',  ( 0.000000000000000000, 0.7071067811865482389, 0.7071067811865467956 ) ) ;
#1529 = CARTESIAN_POINT ( 'NONE',  ( 0.2750000000000000222, 0.7112489735550608927, 0.1219992644886569999 ) ) ;
#1530 = ORIENTED_EDGE ( 'NONE', *, *, #4484, .T. ) ;
#1531 = DIRECTION ( 'NONE',  ( 0.000000000000000000, -1.000000000000000000, 0.000000000000000000 ) ) ;
#1532 = CARTESIAN_POINT ( 'NONE',  ( 0.3513352955696160129, -0.1912158729996289996, 0.5999999999999999778 ) ) ;
#1533 = VERTEX_POINT ( 'NONE', #4975 ) ;
#1534 = EDGE_CURVE ( 'NONE', #3908, #5695, #8607, .T. ) ;
#1535 = ORIENTED_EDGE ( 'NONE', *, *, #10604, .T. ) ;
#1536 = ADVANCED_FACE ( 'NONE', ( #1935 ), #6015, .T. ) ;
#1537 = ORIENTED_EDGE ( 'NONE', *, *, #1361, .F. ) ;
#1538 = ORIENTED_EDGE ( 'NONE', *, *, #4960, .T. ) ;
#1539 = EDGE_CURVE ( 'NONE', #8287, #11768, #8004, .T. ) ;
#1540 = ADVANCED_FACE ( 'NONE', ( #6846 ), #9022, .T. ) ;
#1541 = EDGE_CURVE ( 'NONE', #11373, #12557, #4094, .T. ) ;
#1542 = CARTESIAN_POINT ( 'NONE',  ( -0.1866831626601859750, -0.7145957609276060163, 0.4000000000000000222 ) ) ;
#1543 = DIRECTION ( 'NONE',  ( -1.000000000000000000, 0.000000000000000000, 0.000000000000000000 ) ) ;
#1544 = CIRCLE ( 'NONE', #11425, 0.03000000000000002318 ) ;
#1545 = DIRECTION ( 'NONE',  ( -1.000000000000000000, 0.000000000000000000, 0.000000000000000000 ) ) ;
#1546 = CYLINDRICAL_SURFACE ( 'NONE', #6128, 0.004114330729707376365 ) ;
#1547 = VERTEX_POINT ( 'NONE', #10766 ) ;
#1548 = DIRECTION ( 'NONE',  ( 0.000000000000000000, 0.000000000000000000, 1.000000000000000000 ) ) ;
#1549 = DIRECTION ( 'NONE',  ( 0.000000000000000000, 1.000000000000000000, -8.131516293641279311E-16 ) ) ;
#1550 = DIRECTION ( 'NONE',  ( 0.7071067811865482389, 0.000000000000000000, -0.7071067811865466846 ) ) ;
#1551 = VERTEX_POINT ( 'NONE', #8840 ) ;
#1552 = EDGE_CURVE ( 'NONE', #6866, #9409, #9089, .T. ) ;
#1553 = EDGE_LOOP ( 'NONE', ( #2378, #3789, #7363, #8395 ) ) ;
#1554 = STYLED_ITEM ( 'NONE', ( #10986 ), #5097 ) ;
#1555 = ORIENTED_EDGE ( 'NONE', *, *, #1847, .T. ) ;
#1556 =( GEOMETRIC_REPRESENTATION_CONTEXT ( 3 ) GLOBAL_UNCERTAINTY_ASSIGNED_CONTEXT ( ( #3863 ) ) GLOBAL_UNIT_ASSIGNED_CONTEXT ( ( #3860, #7983, #6831 ) ) REPRESENTATION_CONTEXT ( 'NONE', 'WORKASPACE' ) );
#1557 = CARTESIAN_POINT ( 'NONE',  ( 0.02866890627643169792, 0.02850742339956369859, 0.000000000000000000 ) ) ;
#1558 = CIRCLE ( 'NONE', #4656, 0.0006537464457750876042 ) ;
#1559 = AXIS2_PLACEMENT_3D ( 'NONE', #1291, #6270, #6214 ) ;
#1560 = CARTESIAN_POINT ( 'NONE',  ( -0.4000000000000000222, -0.7200000000000000844, 0.3200000000000000067 ) ) ;
#1561 = DIRECTION ( 'NONE',  ( 0.9631366855605849597, -0.2690124995745944436, 0.000000000000000000 ) ) ;
#1562 = DIRECTION ( 'NONE',  ( -0.003291678434346405335, -0.9999945824118673388, 0.000000000000000000 ) ) ;
#1563 = ORIENTED_EDGE ( 'NONE', *, *, #1152, .T. ) ;
#1564 = AXIS2_PLACEMENT_3D ( 'NONE', #11639, #1650, #10546 ) ;
#1565 = DIRECTION ( 'NONE',  ( 0.000000000000000000, 1.000000000000000000, 0.000000000000000000 ) ) ;
#1566 = DIRECTION ( 'NONE',  ( 0.000000000000000000, 0.000000000000000000, -1.000000000000000000 ) ) ;
#1567 = FACE_OUTER_BOUND ( 'NONE', #6052, .T. ) ;
#1568 = ORIENTED_EDGE ( 'NONE', *, *, #8034, .F. ) ;
#1569 = CARTESIAN_POINT ( 'NONE',  ( 0.2886864141051839749, 0.03315286465715609754, 0.000000000000000000 ) ) ;
#1570 = CIRCLE ( 'NONE', #8581, 0.0009827641783663469861 ) ;
#1571 = EDGE_LOOP ( 'NONE', ( #4878, #246, #5978, #2910, #11798, #3161, #8912, #4575, #922 ) ) ;
#1572 = CARTESIAN_POINT ( 'NONE',  ( 0.1961454208483429940, 0.06954170909972071102, 0.1000000000000000056 ) ) ;
#1573 = CIRCLE ( 'NONE', #8367, 0.05000000000000001665 ) ;
#1574 = CYLINDRICAL_SURFACE ( 'NONE', #9670, 0.08000000000000001554 ) ;
#1575 = FACE_OUTER_BOUND ( 'NONE', #8059, .T. ) ;
#1576 = CARTESIAN_POINT ( 'NONE',  ( 0.1193548020523574060, 0.05586416227129829826, 0.1000000000000000056 ) ) ;
#1577 = DIRECTION ( 'NONE',  ( 0.000000000000000000, 1.000000000000000000, 0.000000000000000000 ) ) ;
#1578 = VERTEX_POINT ( 'NONE', #5033 ) ;
#1579 = CARTESIAN_POINT ( 'NONE',  ( -0.08226357805285371139, 0.1689970804587989928, 0.5999999999999999778 ) ) ;
#1580 = CARTESIAN_POINT ( 'NONE',  ( 0.2750000000000000222, 0.4000000000000000222, 0.07199926448865659467 ) ) ;
#1582 = VECTOR ( 'NONE', #6592, 1000.000000000000000 ) ;
#1581 = LINE ( 'NONE', #12555, #430 ) ;
#1583 = CARTESIAN_POINT ( 'NONE',  ( 0.2092641071274254916, 0.03609097840854754574, 0.000000000000000000 ) ) ;
#1584 = ORIENTED_EDGE ( 'NONE', *, *, #8637, .T. ) ;
#1585 = VECTOR ( 'NONE', #716, 1000.000000000000000 ) ;
#1586 = VERTEX_POINT ( 'NONE', #7093 ) ;
#1587 = ORIENTED_EDGE ( 'NONE', *, *, #6131, .F. ) ;
#1588 = EDGE_CURVE ( 'NONE', #9140, #8940, #3946, .T. ) ;
#1589 = DIRECTION ( 'NONE',  ( 0.000000000000000000, 0.000000000000000000, -1.000000000000000000 ) ) ;
#1590 = AXIS2_PLACEMENT_3D ( 'NONE', #3974, #5988, #8807 ) ;
#1591 = DIRECTION ( 'NONE',  ( -1.000000000000000000, 0.000000000000000000, 0.000000000000000000 ) ) ;
#1592 = VECTOR ( 'NONE', #3846, 999.9999999999998863 ) ;
#1593 = DIRECTION ( 'NONE',  ( -0.2021199724428329458, -0.9793607694510274575, 0.000000000000000000 ) ) ;
#1594 = LINE ( 'NONE', #11655, #5270 ) ;
#1595 = DIRECTION ( 'NONE',  ( 0.000000000000000000, 0.000000000000000000, 1.000000000000000000 ) ) ;
#1596 = CARTESIAN_POINT ( 'NONE',  ( 0.8000000000000000444, 0.7111815246139390201, 0.2834995524190850325 ) ) ;
#1597 = VERTEX_POINT ( 'NONE', #958 ) ;
#1598 = CARTESIAN_POINT ( 'NONE',  ( 0.7299999999999999822, 0.1900000000000000022, 0.1000000000000000056 ) ) ;
#1599 = CARTESIAN_POINT ( 'NONE',  ( 0.1264685497390423963, 0.08196949792231539300, 0.000000000000000000 ) ) ;
#1600 = VERTEX_POINT ( 'NONE', #8000 ) ;
#1601 = ORIENTED_EDGE ( 'NONE', *, *, #8936, .F. ) ;
#1602 = CIRCLE ( 'NONE', #10058, 0.04999999999999999584 ) ;
#1603 = ORIENTED_EDGE ( 'NONE', *, *, #2871, .T. ) ;
#1604 = EDGE_CURVE ( 'NONE', #4643, #12394, #6070, .T. ) ;
#1605 = AXIS2_PLACEMENT_3D ( 'NONE', #8830, #5873, #9975 ) ;
#1606 = ORIENTED_EDGE ( 'NONE', *, *, #10374, .F. ) ;
#1607 = VECTOR ( 'NONE', #4248, 1000.000000000000000 ) ;
#1608 = CARTESIAN_POINT ( 'NONE',  ( 0.2558220416522875018, 0.03277019182142075493, 0.000000000000000000 ) ) ;
#1609 = VECTOR ( 'NONE', #425, 1000.000000000000000 ) ;
#1610 = LINE ( 'NONE', #8514, #7520 ) ;
#1611 = VECTOR ( 'NONE', #11523, 1000.000000000000000 ) ;
#1612 = SHAPE_REPRESENTATION ( 'MM8930-2620RJ4', ( #3553, #11169, #4796, #5629, #11588, #5836 ), #8084 ) ;
#1613 = DIRECTION ( 'NONE',  ( 0.000000000000000000, 0.000000000000000000, -1.000000000000000000 ) ) ;
#1614 = FACE_OUTER_BOUND ( 'NONE', #2448, .T. ) ;
#1615 = ORIENTED_EDGE ( 'NONE', *, *, #10898, .F. ) ;
#1616 = LINE ( 'NONE', #508, #1652 ) ;
#1617 = LINE ( 'NONE', #5692, #8590 ) ;
#1618 = AXIS2_PLACEMENT_3D ( 'NONE', #1268, #12041, #290 ) ;
#1619 = FACE_OUTER_BOUND ( 'NONE', #9427, .T. ) ;
#1620 = ORIENTED_EDGE ( 'NONE', *, *, #12035, .F. ) ;
#1621 = ORIENTED_EDGE ( 'NONE', *, *, #10623, .T. ) ;
#1622 = VECTOR ( 'NONE', #12626, 1000.000000000000000 ) ;
#1623 = ORIENTED_EDGE ( 'NONE', *, *, #3359, .F. ) ;
#1624 = EDGE_CURVE ( 'NONE', #4132, #5092, #12316, .T. ) ;
#1625 = AXIS2_PLACEMENT_3D ( 'NONE', #2956, #8051, #6889 ) ;
#1626 = CIRCLE ( 'NONE', #5356, 0.007521220305133644382 ) ;
#1627 = AXIS2_PLACEMENT_3D ( 'NONE', #9383, #8237, #2242 ) ;
#1628 = DIRECTION ( 'NONE',  ( 0.000000000000000000, 0.000000000000000000, 1.000000000000000000 ) ) ;
#1629 = EDGE_CURVE ( 'NONE', #4636, #4338, #1030, .T. ) ;
#1630 = EDGE_CURVE ( 'NONE', #11422, #12590, #8957, .T. ) ;
#1631 = AXIS2_PLACEMENT_3D ( 'NONE', #880, #8752, #12763 ) ;
#1632 = DIRECTION ( 'NONE',  ( 1.000000000000000000, 0.000000000000000000, 0.000000000000000000 ) ) ;
#1633 = FACE_OUTER_BOUND ( 'NONE', #11350, .T. ) ;
#1634 = ORIENTED_EDGE ( 'NONE', *, *, #4627, .F. ) ;
#1635 = DIRECTION ( 'NONE',  ( 1.000000000000000000, 0.000000000000000000, 0.000000000000000000 ) ) ;
#1636 = LINE ( 'NONE', #2406, #10851 ) ;
#1637 = FACE_OUTER_BOUND ( 'NONE', #11825, .T. ) ;
#1638 = EDGE_LOOP ( 'NONE', ( #1378, #11436, #8315, #6203 ) ) ;
#1639 = AXIS2_PLACEMENT_3D ( 'NONE', #10478, #2539, #6486 ) ;
#1640 = ADVANCED_FACE ( 'NONE', ( #7035 ), #181, .F. ) ;
#1641 = DIRECTION ( 'NONE',  ( 0.000000000000000000, 0.000000000000000000, 1.000000000000000000 ) ) ;
#1642 = EDGE_CURVE ( 'NONE', #1021, #5145, #4186, .T. ) ;
#1643 = CIRCLE ( 'NONE', #2456, 0.08000000000000002942 ) ;
#1644 = VERTEX_POINT ( 'NONE', #5360 ) ;
#1645 = FACE_OUTER_BOUND ( 'NONE', #4190, .T. ) ;
#1646 = EDGE_CURVE ( 'NONE', #4922, #9133, #8015, .T. ) ;
#1647 = DIRECTION ( 'NONE',  ( -0.9616124132310076567, 0.2744113093880019005, 0.000000000000000000 ) ) ;
#1648 = CARTESIAN_POINT ( 'NONE',  ( 0.8000000000000000444, 0.4000000000000000222, -0.2834995524190850325 ) ) ;
#1649 = CARTESIAN_POINT ( 'NONE',  ( 0.09232106894536511177, 0.05600562988008439547, 0.000000000000000000 ) ) ;
#1650 = DIRECTION ( 'NONE',  ( 0.000000000000000000, 0.000000000000000000, 1.000000000000000000 ) ) ;
#1651 = ORIENTED_EDGE ( 'NONE', *, *, #3776, .T. ) ;
#1652 = VECTOR ( 'NONE', #5575, 1000.000000000000000 ) ;
#1653 = LINE ( 'NONE', #1713, #6990 ) ;
#1654 = CARTESIAN_POINT ( 'NONE',  ( -0.1302635769361649987, -0.1049970796212819912, 0.6099999999999999867 ) ) ;
#1655 = LINE ( 'NONE', #2751, #5195 ) ;
#1656 = CARTESIAN_POINT ( 'NONE',  ( 0.1473195594799686370, 0.06488587858533610697, 0.000000000000000000 ) ) ;
#1657 = EDGE_LOOP ( 'NONE', ( #2093, #1157, #4518, #10646 ) ) ;
#1658 = VERTEX_POINT ( 'NONE', #1526 ) ;
#1659 = ORIENTED_EDGE ( 'NONE', *, *, #5878, .T. ) ;
#1660 = CARTESIAN_POINT ( 'NONE',  ( 0.04116822922987724981, 0.05490115611964570264, 0.000000000000000000 ) ) ;
#1661 = CIRCLE ( 'NONE', #12163, 0.08000000000000002942 ) ;
#1662 = DIRECTION ( 'NONE',  ( 1.000000000000000000, 0.000000000000000000, 0.000000000000000000 ) ) ;
#1663 = CARTESIAN_POINT ( 'NONE',  ( 0.3070183909477025019, 0.08786729072851130751, 0.1000000000000000056 ) ) ;
#1664 = LINE ( 'NONE', #7605, #6709 ) ;
#1665 = DIRECTION ( 'NONE',  ( 0.1214745320488928304, -0.9925945486771033943, 0.000000000000000000 ) ) ;
#1666 = DIRECTION ( 'NONE',  ( 0.000000000000000000, 0.000000000000000000, -1.000000000000000000 ) ) ;
#1667 = ORIENTED_EDGE ( 'NONE', *, *, #3158, .T. ) ;
#1668 = EDGE_CURVE ( 'NONE', #9409, #5042, #9279, .T. ) ;
#1669 = PLANE ( 'NONE',  #4698 ) ;
#1670 = VECTOR ( 'NONE', #2779, 1000.000000000000000 ) ;
#1671 = PLANE ( 'NONE',  #7039 ) ;
#1672 = ORIENTED_EDGE ( 'NONE', *, *, #6056, .T. ) ;
#1673 = ORIENTED_EDGE ( 'NONE', *, *, #6227, .F. ) ;
#1674 = VERTEX_POINT ( 'NONE', #9214 ) ;
#1675 = ORIENTED_EDGE ( 'NONE', *, *, #4787, .T. ) ;
#1676 = AXIS2_PLACEMENT_3D ( 'NONE', #5561, #9535, #690 ) ;
#1677 = DIRECTION ( 'NONE',  ( 0.0006010089539836902103, 0.9999998193941023183, 0.000000000000000000 ) ) ;
#1678 = FACE_OUTER_BOUND ( 'NONE', #2827, .T. ) ;
#1679 = EDGE_CURVE ( 'NONE', #8048, #4535, #6198, .T. ) ;
#1680 = FACE_OUTER_BOUND ( 'NONE', #12195, .T. ) ;
#1681 = CARTESIAN_POINT ( 'NONE',  ( 0.8000000000000000444, -0.7111815246139390201, 0.2834995524190850325 ) ) ;
#1682 = EDGE_LOOP ( 'NONE', ( #3063, #12056, #3157, #6457 ) ) ;
#1683 = DIRECTION ( 'NONE',  ( -0.2681308641996781872, 0.9633824991474225774, 0.000000000000000000 ) ) ;
#1684 = FACE_OUTER_BOUND ( 'NONE', #3970, .T. ) ;
#1685 = CARTESIAN_POINT ( 'NONE',  ( 0.1131615436026759958, 0.7200000000000000844, 0.3200000000000000067 ) ) ;
#1686 = EDGE_LOOP ( 'NONE', ( #9704, #6115, #8005, #9790 ) ) ;
#1687 = ORIENTED_EDGE ( 'NONE', *, *, #6213, .F. ) ;
#1688 = DIRECTION ( 'NONE',  ( 1.000000000000000000, 0.000000000000000000, 0.000000000000000000 ) ) ;
#1689 = EDGE_LOOP ( 'NONE', ( #6662, #6658, #7781, #7211 ) ) ;
#1690 = AXIS2_PLACEMENT_3D ( 'NONE', #9131, #2409, #1316 ) ;
#1691 = CARTESIAN_POINT ( 'NONE',  ( 0.3012896779263249947, 0.07228116532637619829, 0.000000000000000000 ) ) ;
#1692 = VECTOR ( 'NONE', #12459, 1000.000000000000000 ) ;
#1693 = EDGE_CURVE ( 'NONE', #5242, #2057, #4373, .T. ) ;
#1694 = CARTESIAN_POINT ( 'NONE',  ( 0.3433600727938604935, 0.03607628901961270479, 0.1000000000000000056 ) ) ;
#1695 = CARTESIAN_POINT ( 'NONE',  ( 0.2948103581690544872, 0.06967328794037221107, 0.000000000000000000 ) ) ;
#1696 = ORIENTED_EDGE ( 'NONE', *, *, #7168, .T. ) ;
#1697 = CARTESIAN_POINT ( 'NONE',  ( -0.6300000000000000044, 0.000000000000000000, 0.3999999999999999667 ) ) ;
#1698 = CARTESIAN_POINT ( 'NONE',  ( 0.8000000000000000444, 0.7112489735550608927, 0.1219992644886569999 ) ) ;
#1699 = LINE ( 'NONE', #8673, #1189 ) ;
#1700 = ORIENTED_EDGE ( 'NONE', *, *, #8557, .T. ) ;
#1701 = CARTESIAN_POINT ( 'NONE',  ( 0.03303291651098660270, 0.05545179432888040078, 0.000000000000000000 ) ) ;
#1702 = EDGE_CURVE ( 'NONE', #769, #6565, #12115, .T. ) ;
#1703 = EDGE_CURVE ( 'NONE', #10172, #11020, #11084, .T. ) ;
#1704 = ORIENTED_EDGE ( 'NONE', *, *, #1624, .F. ) ;
#1705 = DIRECTION ( 'NONE',  ( 0.000000000000000000, 0.000000000000000000, -1.000000000000000000 ) ) ;
#1706 = ADVANCED_FACE ( 'NONE', ( #2500 ), #3219, .T. ) ;
#1707 = EDGE_CURVE ( 'NONE', #5092, #10474, #12049, .T. ) ;
#1708 = DIRECTION ( 'NONE',  ( 0.000000000000000000, 0.000000000000000000, 1.000000000000000000 ) ) ;
#1709 = DIRECTION ( 'NONE',  ( 0.000000000000000000, 0.000000000000000000, 1.000000000000000000 ) ) ;
#1710 = CARTESIAN_POINT ( 'NONE',  ( -0.3081987717257729797, 0.08610178341198850005, 0.5999999999999999778 ) ) ;
#1711 = DIRECTION ( 'NONE',  ( -0.5143967251916414796, -0.8575523360775800796, 0.000000000000000000 ) ) ;
#1712 = ORIENTED_EDGE ( 'NONE', *, *, #294, .T. ) ;
#1713 = CARTESIAN_POINT ( 'NONE',  ( 0.3580498226595195121, 0.05982387625321240049, 0.000000000000000000 ) ) ;
#1714 = CARTESIAN_POINT ( 'NONE',  ( 0.1811169281948309950, 0.1003524811048151916, 0.000000000000000000 ) ) ;
#1715 = DIRECTION ( 'NONE',  ( 0.9974630208337106341, 0.07118653011131127750, 0.000000000000000000 ) ) ;
#1716 = DIRECTION ( 'NONE',  ( 0.000000000000000000, 0.000000000000000000, -1.000000000000000000 ) ) ;
#1717 = ORIENTED_EDGE ( 'NONE', *, *, #9821, .F. ) ;
#1718 = EDGE_CURVE ( 'NONE', #9325, #2616, #12177, .T. ) ;
#1719 = ORIENTED_EDGE ( 'NONE', *, *, #6053, .T. ) ;
#1720 = CARTESIAN_POINT ( 'NONE',  ( -0.5000000000000000000, 0.000000000000000000, 0.9000000000000000222 ) ) ;
#1721 = CYLINDRICAL_SURFACE ( 'NONE', #6368, 0.08000000000000002942 ) ;
#1722 = CARTESIAN_POINT ( 'NONE',  ( 0.06107009333656420597, 0.03317959062069669729, 0.000000000000000000 ) ) ;
#1723 = DIRECTION ( 'NONE',  ( 0.000000000000000000, 0.000000000000000000, 1.000000000000000000 ) ) ;
#1724 = ORIENTED_EDGE ( 'NONE', *, *, #12243, .F. ) ;
#1725 = FACE_OUTER_BOUND ( 'NONE', #3819, .T. ) ;
#1726 = CARTESIAN_POINT ( 'NONE',  ( 0.4000000000000000222, -4.898587196589413075E-17, 0.5999999999999999778 ) ) ;
#1727 = ORIENTED_EDGE ( 'NONE', *, *, #6862, .F. ) ;
#1728 = LINE ( 'NONE', #11407, #3885 ) ;
#1729 = CYLINDRICAL_SURFACE ( 'NONE', #11347, 0.0003500000000000222768 ) ;
#1730 = ORIENTED_EDGE ( 'NONE', *, *, #5336, .T. ) ;
#1731 = ORIENTED_EDGE ( 'NONE', *, *, #8574, .F. ) ;
#1732 = ORIENTED_EDGE ( 'NONE', *, *, #12131, .T. ) ;
#1733 = ORIENTED_EDGE ( 'NONE', *, *, #7911, .T. ) ;
#1734 = CARTESIAN_POINT ( 'NONE',  ( 0.2366442454162546727, -0.7123180523633572125, 0.2879035975964101546 ) ) ;
#1735 = DIRECTION ( 'NONE',  ( 1.000000000000000000, 0.000000000000000000, 0.000000000000000000 ) ) ;
#1736 = DIRECTION ( 'NONE',  ( 0.000000000000000000, 0.000000000000000000, 1.000000000000000000 ) ) ;
#1737 = LINE ( 'NONE', #839, #6328 ) ;
#1738 = ORIENTED_EDGE ( 'NONE', *, *, #10307, .T. ) ;
#1739 = DIRECTION ( 'NONE',  ( 0.000000000000000000, -1.000000000000000000, 0.000000000000000000 ) ) ;
#1740 = DIRECTION ( 'NONE',  ( 0.000000000000000000, 0.000000000000000000, 1.000000000000000000 ) ) ;
#1741 = CARTESIAN_POINT ( 'NONE',  ( 0.1054327468312544064, 0.03531536155320089826, 0.000000000000000000 ) ) ;
#1742 = ORIENTED_EDGE ( 'NONE', *, *, #3696, .F. ) ;
#1743 = ORIENTED_EDGE ( 'NONE', *, *, #9589, .T. ) ;
#1744 = CARTESIAN_POINT ( 'NONE',  ( 0.03252617467623630104, 0.03743922318909854996, 0.000000000000000000 ) ) ;
#1745 = EDGE_LOOP ( 'NONE', ( #9977, #6566, #8311, #10467, #3026 ) ) ;
#1746 = CLOSED_SHELL ( 'NONE', ( #4911, #12760, #762, #2640, #9443, #9913, #11229, #7235, #2268, #11742, #6512, #11964 ) ) ;
#1747 = EDGE_CURVE ( 'NONE', #9015, #3121, #11296, .T. ) ;
#1748 = DIRECTION ( 'NONE',  ( -0.2799041247657281795, -0.9600279584153430523, 0.000000000000000000 ) ) ;
#1749 = DIRECTION ( 'NONE',  ( -1.000000000000000000, 0.000000000000000000, 0.000000000000000000 ) ) ;
#1750 = DIRECTION ( 'NONE',  ( 0.000000000000000000, 0.000000000000000000, 1.000000000000000000 ) ) ;
#1751 = VERTEX_POINT ( 'NONE', #3287 ) ;
#1752 = DIRECTION ( 'NONE',  ( 0.000000000000000000, 0.000000000000000000, 1.000000000000000000 ) ) ;
#1753 = CARTESIAN_POINT ( 'NONE',  ( 0.2831216414384599700, 0.06709047772504089791, 0.000000000000000000 ) ) ;
#1754 = CARTESIAN_POINT ( 'NONE',  ( 0.2939863460378184801, 0.06773317779398360661, 0.000000000000000000 ) ) ;
#1755 = ORIENTED_EDGE ( 'NONE', *, *, #10983, .T. ) ;
#1756 = SHAPE_REPRESENTATION_RELATIONSHIP ( 'NONE' , 'NONE' ,  #7726, #8929 ) ;
#1757 = AXIS2_PLACEMENT_3D ( 'NONE', #11594, #4766, #2557 ) ;
#1758 = ORIENTED_EDGE ( 'NONE', *, *, #4040, .F. ) ;
#1759 = EDGE_CURVE ( 'NONE', #3097, #9325, #6447, .T. ) ;
#1760 = AXIS2_PLACEMENT_3D ( 'NONE', #5599, #9512, #663 ) ;
#1761 = PRESENTATION_LAYER_ASSIGNMENT (  '', '', ( #1554 ) ) ;
#1762 = VECTOR ( 'NONE', #9200, 1000.000000000000000 ) ;
#1763 = CARTESIAN_POINT ( 'NONE',  ( 0.1162004452984230080, 0.03314860092336230357, 0.000000000000000000 ) ) ;
#1764 = LINE ( 'NONE', #5717, #2846 ) ;
#1765 = ADVANCED_FACE ( 'NONE', ( #8307 ), #5420, .F. ) ;
#1766 = DIRECTION ( 'NONE',  ( -4.395304079399130666E-12, -1.000000000000000000, 0.000000000000000000 ) ) ;
#1767 = LINE ( 'NONE', #538, #6112 ) ;
#1768 = EDGE_CURVE ( 'NONE', #4151, #11131, #4314, .T. ) ;
#1769 = ORIENTED_EDGE ( 'NONE', *, *, #10438, .T. ) ;
#1770 = CARTESIAN_POINT ( 'NONE',  ( -0.2366831626601859639, 0.8000000000000000444, 0.2834995524190850325 ) ) ;
#1771 = DIRECTION ( 'NONE',  ( 0.000000000000000000, -1.000000000000000000, 0.000000000000000000 ) ) ;
#1772 = AXIS2_PLACEMENT_3D ( 'NONE', #11977, #7918, #10873 ) ;
#1773 = CIRCLE ( 'NONE', #10632, 0.08000000000000002942 ) ;
#1774 = CARTESIAN_POINT ( 'NONE',  ( -0.8000000000000000444, -0.8000000000000000444, 0.000000000000000000 ) ) ;
#1775 = DIRECTION ( 'NONE',  ( 0.000000000000000000, 0.000000000000000000, 1.000000000000000000 ) ) ;
#1776 = ORIENTED_EDGE ( 'NONE', *, *, #8899, .F. ) ;
#1777 = EDGE_CURVE ( 'NONE', #8259, #7554, #8248, .T. ) ;
#1778 = EDGE_CURVE ( 'NONE', #10979, #10065, #12298, .T. ) ;
#1779 = AXIS2_PLACEMENT_3D ( 'NONE', #854, #3053, #4856 ) ;
#1780 = EDGE_LOOP ( 'NONE', ( #8927, #8314, #10094, #6898, #258 ) ) ;
#1781 = EDGE_CURVE ( 'NONE', #7993, #389, #7412, .T. ) ;
#1782 = CARTESIAN_POINT ( 'NONE',  ( 0.02896442964146580049, 0.02632655732501779783, 0.000000000000000000 ) ) ;
#1783 = CARTESIAN_POINT ( 'NONE',  ( 0.2853552715473199886, 0.06389003032547301009, 0.000000000000000000 ) ) ;
#1784 = AXIS2_PLACEMENT_3D ( 'NONE', #557, #3735, #4574 ) ;
#1785 = DIRECTION ( 'NONE',  ( 0.000000000000000000, 0.000000000000000000, 1.000000000000000000 ) ) ;
#1786 = ADVANCED_FACE ( 'NONE', ( #3398 ), #4425, .T. ) ;
#1787 = DIRECTION ( 'NONE',  ( 1.000000000000000000, 0.000000000000000000, 0.000000000000000000 ) ) ;
#1788 = CARTESIAN_POINT ( 'NONE',  ( 0.3860788799391040027, -0.1046092656745439969, 0.5999999999999999778 ) ) ;
#1789 = EDGE_CURVE ( 'NONE', #4566, #1794, #11924, .T. ) ;
#1790 = AXIS2_PLACEMENT_3D ( 'NONE', #7749, #11675, #4179 ) ;
#1791 = CARTESIAN_POINT ( 'NONE',  ( 0.1854199210673869724, 0.03231188691521374307, 0.000000000000000000 ) ) ;
#1793 = DIRECTION ( 'NONE',  ( -1.000000000000000000, 0.000000000000000000, 0.000000000000000000 ) ) ;
#1792 = VECTOR ( 'NONE', #9727, 1000.000000000000000 ) ;
#1794 = VERTEX_POINT ( 'NONE', #2759 ) ;
#1795 = FACE_OUTER_BOUND ( 'NONE', #6266, .T. ) ;
#1796 = DIRECTION ( 'NONE',  ( 0.000000000000000000, 0.000000000000000000, 1.000000000000000000 ) ) ;
#1797 = ORIENTED_EDGE ( 'NONE', *, *, #6533, .F. ) ;
#1798 = ORIENTED_EDGE ( 'NONE', *, *, #4967, .T. ) ;
#1799 = EDGE_CURVE ( 'NONE', #1243, #11333, #10268, .T. ) ;
#1800 = EDGE_CURVE ( 'NONE', #338, #2311, #9585, .T. ) ;
#1801 = VERTEX_POINT ( 'NONE', #1663 ) ;
#1802 = ORIENTED_EDGE ( 'NONE', *, *, #444, .T. ) ;
#1803 = VECTOR ( 'NONE', #8043, 999.9999999999998863 ) ;
#1804 = VECTOR ( 'NONE', #67, 1000.000000000000000 ) ;
#1805 = CARTESIAN_POINT ( 'NONE',  ( -0.8000000000000000444, 0.7200000000000000844, 0.3200000000000000067 ) ) ;
#1806 = ADVANCED_FACE ( 'NONE', ( #2556 ), #4764, .T. ) ;
#1807 = CARTESIAN_POINT ( 'NONE',  ( 1.582892211534350002, -1.112059828292720098, 0.000000000000000000 ) ) ;
#1808 = CARTESIAN_POINT ( 'NONE',  ( 0.1970904046462730042, 0.06828907263315558973, 0.000000000000000000 ) ) ;
#1809 = PLANE ( 'NONE',  #8376 ) ;
#1810 = VECTOR ( 'NONE', #7849, 1000.000000000000000 ) ;
#1811 = CYLINDRICAL_SURFACE ( 'NONE', #12719, 0.04999999999999999584 ) ;
#1812 = ORIENTED_EDGE ( 'NONE', *, *, #7476, .F. ) ;
#1813 = VECTOR ( 'NONE', #10591, 1000.000000000000114 ) ;
#1814 = CARTESIAN_POINT ( 'NONE',  ( 0.1571402551370909839, 0.03597915983027454717, 0.000000000000000000 ) ) ;
#1815 = CARTESIAN_POINT ( 'NONE',  ( 0.06107009333656420597, 0.03317959062069669729, 0.000000000000000000 ) ) ;
#1816 = ORIENTED_EDGE ( 'NONE', *, *, #5501, .F. ) ;
#1817 = AXIS2_PLACEMENT_3D ( 'NONE', #6138, #7825, #9934 ) ;
#1818 = EDGE_LOOP ( 'NONE', ( #4150, #9581, #7247, #1343 ) ) ;
#1819 = FACE_OUTER_BOUND ( 'NONE', #325, .T. ) ;
#1820 = ORIENTED_EDGE ( 'NONE', *, *, #12586, .F. ) ;
#1821 = VECTOR ( 'NONE', #7155, 1000.000000000000000 ) ;
#1822 = PRODUCT_DEFINITION_CONTEXT ( 'detailed design', #229, 'design' ) ;
#1823 = AXIS2_PLACEMENT_3D ( 'NONE', #1542, #5499, #9412 ) ;
#1824 = LINE ( 'NONE', #12528, #1277 ) ;
#1825 = AXIS2_PLACEMENT_3D ( 'NONE', #7990, #3091, #7029 ) ;
#1826 = AXIS2_PLACEMENT_3D ( 'NONE', #7869, #1020, #9919 ) ;
#1827 = PLANE ( 'NONE',  #5083 ) ;
#1828 = DIRECTION ( 'NONE',  ( 0.000000000000000000, -1.000000000000000000, 3.252606517456511724E-15 ) ) ;
#1829 = ORIENTED_EDGE ( 'NONE', *, *, #8787, .T. ) ;
#1830 = DIRECTION ( 'NONE',  ( 0.000000000000000000, 0.000000000000000000, -1.000000000000000000 ) ) ;
#1831 = DIRECTION ( 'NONE',  ( -0.08511587113604764110, -0.9963710596362942429, 0.000000000000000000 ) ) ;
#1832 = CARTESIAN_POINT ( 'NONE',  ( 0.8000000000000000444, 0.7200000000000000844, 0.08000000000000000167 ) ) ;
#1833 = VERTEX_POINT ( 'NONE', #3661 ) ;
#1834 = VECTOR ( 'NONE', #3930, 999.9999999999998863 ) ;
#1835 = EDGE_CURVE ( 'NONE', #12680, #4368, #7597, .T. ) ;
#1836 = VECTOR ( 'NONE', #8880, 1000.000000000000000 ) ;
#1837 = VERTEX_POINT ( 'NONE', #6760 ) ;
#1838 = AXIS2_PLACEMENT_3D ( 'NONE', #9268, #10296, #1458 ) ;
#1839 = MECHANICAL_DESIGN_GEOMETRIC_PRESENTATION_REPRESENTATION (  '', ( #9259 ), #2450 ) ;
#1840 = DIRECTION ( 'NONE',  ( 0.003291678430375111989, 0.9999945824118804394, 0.000000000000000000 ) ) ;
#1841 = CARTESIAN_POINT ( 'NONE',  ( -0.1631615436026759847, -0.7145957609276060163, 0.4000000000000000222 ) ) ;
#1842 = CIRCLE ( 'NONE', #3486, 0.02603537894814255543 ) ;
#1843 = DIRECTION ( 'NONE',  ( 0.000000000000000000, 0.000000000000000000, 1.000000000000000000 ) ) ;
#1844 = CARTESIAN_POINT ( 'NONE',  ( 0.8000000000000000444, 0.8000000000000000444, 0.000000000000000000 ) ) ;
#1845 = ORIENTED_EDGE ( 'NONE', *, *, #11085, .T. ) ;
#1846 = DIRECTION ( 'NONE',  ( -1.000000000000000000, 0.000000000000000000, 0.000000000000000000 ) ) ;
#1847 = EDGE_CURVE ( 'NONE', #502, #9301, #11652, .T. ) ;
#1848 = LINE ( 'NONE', #4560, #3042 ) ;
#1849 = AXIS2_PLACEMENT_3D ( 'NONE', #3322, #3377, #7196 ) ;
#1850 = DIRECTION ( 'NONE',  ( 0.000000000000000000, 0.000000000000000000, 1.000000000000000000 ) ) ;
#1851 = PLANE ( 'NONE',  #4721 ) ;
#1852 = ORIENTED_EDGE ( 'NONE', *, *, #2567, .F. ) ;
#1853 = EDGE_LOOP ( 'NONE', ( #2090, #10564, #12128, #12772, #10062, #11335 ) ) ;
#1854 = AXIS2_PLACEMENT_3D ( 'NONE', #3186, #7118, #2150 ) ;
#1855 = DIRECTION ( 'NONE',  ( -3.944000862006944869E-12, -1.000000000000000000, 0.000000000000000000 ) ) ;
#1856 = DIRECTION ( 'NONE',  ( 0.1214745320488928304, -0.9925945486771033943, 0.000000000000000000 ) ) ;
#1857 = CIRCLE ( 'NONE', #7816, 0.08000000000000002942 ) ;
#1858 = PLANE ( 'NONE',  #8211 ) ;
#1859 = CARTESIAN_POINT ( 'NONE',  ( 0.2750000000000000222, -0.5162425576250000425, 0.2834995524190850325 ) ) ;
#1860 = FILL_AREA_STYLE ('',( #9661 ) ) ;
#1861 = DIRECTION ( 'NONE',  ( 0.7071067811865482389, 0.000000000000000000, -0.7071067811865466846 ) ) ;
#1862 = EDGE_CURVE ( 'NONE', #9702, #11446, #6634, .T. ) ;
#1863 = FACE_OUTER_BOUND ( 'NONE', #3695, .T. ) ;
#1864 = ORIENTED_EDGE ( 'NONE', *, *, #1768, .T. ) ;
#1865 = LINE ( 'NONE', #4771, #3662 ) ;
#1866 = PLANE ( 'NONE',  #8275 ) ;
#1867 = VERTEX_POINT ( 'NONE', #5616 ) ;
#1868 = AXIS2_PLACEMENT_3D ( 'NONE', #1276, #10173, #12175 ) ;
#1869 = ORIENTED_EDGE ( 'NONE', *, *, #9135, .T. ) ;
#1870 = ORIENTED_EDGE ( 'NONE', *, *, #10584, .T. ) ;
#1871 = AXIS2_PLACEMENT_3D ( 'NONE', #10470, #791, #3773 ) ;
#1872 = EDGE_CURVE ( 'NONE', #1930, #1301, #553, .T. ) ;
#1873 = ADVANCED_FACE ( 'NONE', ( #10425 ), #1858, .T. ) ;
#1874 = ORIENTED_EDGE ( 'NONE', *, *, #11528, .F. ) ;
#1875 = CARTESIAN_POINT ( 'NONE',  ( 0.1631615436026759847, -0.7145957609276060163, 0.4000000000000000222 ) ) ;
#1876 = EDGE_CURVE ( 'NONE', #10474, #2062, #1411, .T. ) ;
#1877 = DIRECTION ( 'NONE',  ( -1.000000000000000000, 0.000000000000000000, 0.000000000000000000 ) ) ;
#1878 = ADVANCED_FACE ( 'NONE', ( #4630 ), #683, .F. ) ;
#1879 = LINE ( 'NONE', #10637, #10666 ) ;
#1880 = CIRCLE ( 'NONE', #1055, 0.0008742527306412146895 ) ;
#1881 = DIRECTION ( 'NONE',  ( -0.008334506093388122094, -0.9999652674009129605, 0.000000000000000000 ) ) ;
#1882 = CYLINDRICAL_SURFACE ( 'NONE', #9829, 0.07999999999999998779 ) ;
#1883 = EDGE_LOOP ( 'NONE', ( #1964, #8699, #7061, #5248, #948, #2768, #12328 ) ) ;
#1884 = DIRECTION ( 'NONE',  ( 0.000000000000000000, -1.000000000000000000, 3.252606517456511724E-15 ) ) ;
#1885 = CARTESIAN_POINT ( 'NONE',  ( 0.1587122455588695080, 0.03320504595170924861, 0.000000000000000000 ) ) ;
#1886 = CARTESIAN_POINT ( 'NONE',  ( 0.1961454208483429940, 0.06954170909972071102, 0.000000000000000000 ) ) ;
#1887 = VERTEX_POINT ( 'NONE', #5552 ) ;
#1888 = ORIENTED_EDGE ( 'NONE', *, *, #9047, .T. ) ;
#1889 = CARTESIAN_POINT ( 'NONE',  ( 0.000000000000000000, 0.000000000000000000, 0.5100000000000000089 ) ) ;
#1890 = ORIENTED_EDGE ( 'NONE', *, *, #4631, .T. ) ;
#1891 = ADVANCED_FACE ( 'NONE', ( #7603 ), #1721, .T. ) ;
#1892 = AXIS2_PLACEMENT_3D ( 'NONE', #11781, #5009, #3849 ) ;
#1893 = LINE ( 'NONE', #1691, #7062 ) ;
#1894 = CYLINDRICAL_SURFACE ( 'NONE', #8572, 0.01964749915604700053 ) ;
#1895 = CARTESIAN_POINT ( 'NONE',  ( 0.8000000000000000444, -0.7046741902800299773, 0.2582836310259130075 ) ) ;
#1896 = VERTEX_POINT ( 'NONE', #5672 ) ;
#1897 = DIRECTION ( 'NONE',  ( 0.000000000000000000, 0.000000000000000000, -1.000000000000000000 ) ) ;
#1898 = LINE ( 'NONE', #10532, #6539 ) ;
#1899 = AXIS2_PLACEMENT_3D ( 'NONE', #5208, #11128, #3138 ) ;
#1900 = CARTESIAN_POINT ( 'NONE',  ( -0.8000000000000000444, -0.7200000000000000844, 0.4000000000000000222 ) ) ;
#1901 = ORIENTED_EDGE ( 'NONE', *, *, #10458, .T. ) ;
#1902 =( NAMED_UNIT ( * ) PLANE_ANGLE_UNIT ( ) SI_UNIT ( $, .RADIAN. ) );
#1903 = ORIENTED_EDGE ( 'NONE', *, *, #6002, .F. ) ;
#1904 = EDGE_LOOP ( 'NONE', ( #3423, #391, #4843, #5727, #6442, #8161, #8112, #12292, #2178, #6040 ) ) ;
#1905 = AXIS2_PLACEMENT_3D ( 'NONE', #2589, #7303, #8332 ) ;
#1906 = PLANE ( 'NONE',  #4746 ) ;
#1907 = DIRECTION ( 'NONE',  ( -0.9631211616430400690, 0.2690680731624640609, 0.000000000000000000 ) ) ;
#1908 = LINE ( 'NONE', #3253, #5697 ) ;
#1909 = CARTESIAN_POINT ( 'NONE',  ( -0.7738754645990779668, 0.1000000000000000056, 0.05585786437626905770 ) ) ;
#1910 = EDGE_LOOP ( 'NONE', ( #6976, #738, #10721, #10154 ) ) ;
#1911 = DIRECTION ( 'NONE',  ( 0.000000000000000000, 0.000000000000000000, 1.000000000000000000 ) ) ;
#1912 = CARTESIAN_POINT ( 'NONE',  ( 0.2680689967157654507, 0.05987450839667410318, 0.000000000000000000 ) ) ;
#1913 = AXIS2_PLACEMENT_3D ( 'NONE', #9040, #11030, #2201 ) ;
#1914 = CARTESIAN_POINT ( 'NONE',  ( 0.1030266751999047992, 0.06696640993696839628, 0.1000000000000000056 ) ) ;
#1915 = LINE ( 'NONE', #5925, #1836 ) ;
#1916 = EDGE_LOOP ( 'NONE', ( #5778, #5414, #10178, #359 ) ) ;
#1917 = EDGE_LOOP ( 'NONE', ( #6498, #6943, #7625, #10050 ) ) ;
#1918 = DIRECTION ( 'NONE',  ( -1.000000000000000000, 0.000000000000000000, 0.000000000000000000 ) ) ;
#1919 = ADVANCED_FACE ( 'NONE', ( #4697 ), #8626, .T. ) ;
#1920 = CARTESIAN_POINT ( 'NONE',  ( -0.2750000000000000222, -0.7046741902800299773, 0.2582836310259130075 ) ) ;
#1921 = DIRECTION ( 'NONE',  ( 1.000000000000000000, 0.000000000000000000, 0.000000000000000000 ) ) ;
#1922 = DIRECTION ( 'NONE',  ( 0.000000000000000000, 0.000000000000000000, 1.000000000000000000 ) ) ;
#1923 = DIRECTION ( 'NONE',  ( -0.9275498678626280524, -0.3736994014285030530, 0.000000000000000000 ) ) ;
#1924 = ORIENTED_EDGE ( 'NONE', *, *, #11528, .T. ) ;
#1925 = LINE ( 'NONE', #5935, #10880 ) ;
#1926 = DIRECTION ( 'NONE',  ( 1.000000000000000000, 0.000000000000000000, 0.000000000000000000 ) ) ;
#1927 = ORIENTED_EDGE ( 'NONE', *, *, #1141, .T. ) ;
#1928 = PLANE ( 'NONE',  #1605 ) ;
#1929 = CARTESIAN_POINT ( 'NONE',  ( -0.1075617986720861230, 0.09310241639405300584, 0.6099999999999999867 ) ) ;
#1930 = VERTEX_POINT ( 'NONE', #4570 ) ;
#1931 = ORIENTED_EDGE ( 'NONE', *, *, #1835, .T. ) ;
#1932 = ORIENTED_EDGE ( 'NONE', *, *, #6742, .T. ) ;
#1933 = VERTEX_POINT ( 'NONE', #8500 ) ;
#1934 = EDGE_CURVE ( 'NONE', #6722, #10383, #7665, .T. ) ;
#1935 = FACE_OUTER_BOUND ( 'NONE', #8760, .T. ) ;
#1936 = DIRECTION ( 'NONE',  ( 0.000000000000000000, 0.000000000000000000, -1.000000000000000000 ) ) ;
#1937 = CARTESIAN_POINT ( 'NONE',  ( 0.1131615436026759958, -0.7145957609276060163, 0.4000000000000000222 ) ) ;
#1938 = EDGE_CURVE ( 'NONE', #7301, #9483, #174, .T. ) ;
#1939 = LINE ( 'NONE', #9873, #11879 ) ;
#1940 = VERTEX_POINT ( 'NONE', #4891 ) ;
#1941 = EDGE_CURVE ( 'NONE', #10111, #12720, #879, .T. ) ;
#1942 = DIRECTION ( 'NONE',  ( 0.000000000000000000, 0.000000000000000000, 1.000000000000000000 ) ) ;
#1943 = CARTESIAN_POINT ( 'NONE',  ( 0.1771277703162369987, 0.02637695354424850203, 0.1000000000000000056 ) ) ;
#1944 = LINE ( 'NONE', #9804, #1670 ) ;
#1945 = ORIENTED_EDGE ( 'NONE', *, *, #11404, .F. ) ;
#1946 = ORIENTED_EDGE ( 'NONE', *, *, #7638, .F. ) ;
#1947 = FACE_OUTER_BOUND ( 'NONE', #9896, .T. ) ;
#1948 = CONTEXT_DEPENDENT_SHAPE_REPRESENTATION ( #5942, #8197 ) ;
#1949 = ORIENTED_EDGE ( 'NONE', *, *, #1214, .F. ) ;
#1950 = ADVANCED_FACE ( 'NONE', ( #5866 ), #10472, .F. ) ;
#1951 = EDGE_CURVE ( 'NONE', #3110, #262, #7982, .T. ) ;
#1952 = EDGE_CURVE ( 'NONE', #6355, #11966, #7081, .T. ) ;
#1953 = DIRECTION ( 'NONE',  ( 0.000000000000000000, 0.000000000000000000, -1.000000000000000000 ) ) ;
#1954 = EDGE_CURVE ( 'NONE', #8208, #6256, #6568, .T. ) ;
#1955 = DIRECTION ( 'NONE',  ( 0.000000000000000000, 0.000000000000000000, 1.000000000000000000 ) ) ;
#1956 = FACE_OUTER_BOUND ( 'NONE', #6075, .T. ) ;
#1957 = ORIENTED_EDGE ( 'NONE', *, *, #7717, .F. ) ;
#1958 = CARTESIAN_POINT ( 'NONE',  ( -0.05271326587692699850, 0.04683434844109950201, 0.5999999999999999778 ) ) ;
#1959 = DIRECTION ( 'NONE',  ( -0.9974630208337044168, -0.07118653011139712550, 0.000000000000000000 ) ) ;
#1960 = CARTESIAN_POINT ( 'NONE',  ( -0.2750000000000000222, 0.7046741902800309765, 0.2582836310259130075 ) ) ;
#1961 = ORIENTED_EDGE ( 'NONE', *, *, #2955, .F. ) ;
#1962 = ORIENTED_EDGE ( 'NONE', *, *, #2051, .T. ) ;
#1963 = VECTOR ( 'NONE', #2069, 1000.000000000000114 ) ;
#1964 = ORIENTED_EDGE ( 'NONE', *, *, #1244, .F. ) ;
#1965 = FACE_OUTER_BOUND ( 'NONE', #12486, .T. ) ;
#1966 = DIRECTION ( 'NONE',  ( -0.4011071806100228176, 0.9160311291998097794, 0.000000000000000000 ) ) ;
#1967 = SURFACE_STYLE_FILL_AREA ( #1061 ) ;
#1968 = DIRECTION ( 'NONE',  ( 0.000000000000000000, 0.2498780111313130825, 0.9682773257456043225 ) ) ;
#1969 = ORIENTED_EDGE ( 'NONE', *, *, #7705, .T. ) ;
#1970 = CIRCLE ( 'NONE', #3403, 0.002533531845429126770 ) ;
#1971 = CARTESIAN_POINT ( 'NONE',  ( 0.1790143979873144719, 0.1008980478479235970, 0.000000000000000000 ) ) ;
#1972 = DIRECTION ( 'NONE',  ( 0.2666073305033860863, 0.9638052351600183698, 0.000000000000000000 ) ) ;
#1973 = CARTESIAN_POINT ( 'NONE',  ( 0.3295279686815250075, 0.2267406400639910002, 0.5999999999999999778 ) ) ;
#1974 = CARTESIAN_POINT ( 'NONE',  ( 0.1131615436026759958, 0.7145957609276060163, 0.2834995524190850325 ) ) ;
#1975 = ORIENTED_EDGE ( 'NONE', *, *, #10235, .T. ) ;
#1976 = AXIS2_PLACEMENT_3D ( 'NONE', #10151, #7375, #7443 ) ;
#1977 = ORIENTED_EDGE ( 'NONE', *, *, #8954, .T. ) ;
#1978 = DIRECTION ( 'NONE',  ( 1.000000000000000000, 0.000000000000000000, 0.000000000000000000 ) ) ;
#1979 = CIRCLE ( 'NONE', #5283, 0.02999999999999997113 ) ;
#1980 = DIRECTION ( 'NONE',  ( 0.000000000000000000, 0.000000000000000000, -1.000000000000000000 ) ) ;
#1981 = DIRECTION ( 'NONE',  ( 0.000000000000000000, 0.000000000000000000, 1.000000000000000000 ) ) ;
#1982 = AXIS2_PLACEMENT_3D ( 'NONE', #8819, #4038, #11913 ) ;
#1983 = ORIENTED_EDGE ( 'NONE', *, *, #6775, .F. ) ;
#1984 = VECTOR ( 'NONE', #4330, 1000.000000000000000 ) ;
#1985 = CARTESIAN_POINT ( 'NONE',  ( 0.4000000000000000222, 0.8000000000000000444, 0.3200000000000000067 ) ) ;
#1986 = EDGE_LOOP ( 'NONE', ( #11188, #7313, #3871 ) ) ;
#1987 = AXIS2_PLACEMENT_3D ( 'NONE', #4488, #10482, #9457 ) ;
#1988 = CARTESIAN_POINT ( 'NONE',  ( 0.1836338809727350030, 0.09825163886282409220, 0.000000000000000000 ) ) ;
#1989 = FACE_OUTER_BOUND ( 'NONE', #2522, .T. ) ;
#1990 = ORIENTED_EDGE ( 'NONE', *, *, #708, .F. ) ;
#1991 = ORIENTED_EDGE ( 'NONE', *, *, #7077, .F. ) ;
#1992 = EDGE_CURVE ( 'NONE', #1224, #8273, #4825, .T. ) ;
#1993 = VERTEX_POINT ( 'NONE', #6954 ) ;
#1994 = VECTOR ( 'NONE', #6136, 1000.000000000000000 ) ;
#1995 = ORIENTED_EDGE ( 'NONE', *, *, #4328, .T. ) ;
#1996 = CIRCLE ( 'NONE', #3632, 0.04999999999999999584 ) ;
#1997 = DIRECTION ( 'NONE',  ( 0.000000000000000000, 0.000000000000000000, 1.000000000000000000 ) ) ;
#1998 = AXIS2_PLACEMENT_3D ( 'NONE', #4829, #3257, #6834 ) ;
#1999 = CARTESIAN_POINT ( 'NONE',  ( 0.1771247891859409895, 0.03514138539703020453, 0.000000000000000000 ) ) ;
#2000 = DIRECTION ( 'NONE',  ( 0.000000000000000000, 1.000000000000000000, 0.000000000000000000 ) ) ;
#2001 = DIRECTION ( 'NONE',  ( 0.9631366855605849597, -0.2690124995745944436, 0.000000000000000000 ) ) ;
#2002 = ORIENTED_EDGE ( 'NONE', *, *, #1702, .T. ) ;
#2003 = CARTESIAN_POINT ( 'NONE',  ( -0.2750000000000000222, -0.7112489735550608927, 0.2334995524190849880 ) ) ;
#2004 = LINE ( 'NONE', #5957, #11082 ) ;
#2005 = EDGE_CURVE ( 'NONE', #8934, #6064, #5135, .T. ) ;
#2006 = DIRECTION ( 'NONE',  ( 0.000000000000000000, 0.000000000000000000, -1.000000000000000000 ) ) ;
#2007 = ORIENTED_EDGE ( 'NONE', *, *, #12408, .F. ) ;
#2008 = VERTEX_POINT ( 'NONE', #3858 ) ;
#2009 = DIRECTION ( 'NONE',  ( 3.862113743573760375E-12, 1.000000000000000000, 0.000000000000000000 ) ) ;
#2010 = AXIS2_PLACEMENT_3D ( 'NONE', #4587, #3687, #9544 ) ;
#2011 = ORIENTED_EDGE ( 'NONE', *, *, #3931, .T. ) ;
#2012 = AXIS2_PLACEMENT_3D ( 'NONE', #8026, #203, #2021 ) ;
#2013 = CARTESIAN_POINT ( 'NONE',  ( 0.8000000000000000444, 0.7579941969697999715, 0.4648986639076029825 ) ) ;
#2014 = CIRCLE ( 'NONE', #4272, 0.003369696899039689199 ) ;
#2015 = VECTOR ( 'NONE', #807, 1000.000000000000114 ) ;
#2016 = AXIS2_PLACEMENT_3D ( 'NONE', #5309, #2390, #12249 ) ;
#2017 = DIRECTION ( 'NONE',  ( 0.000000000000000000, 0.000000000000000000, 1.000000000000000000 ) ) ;
#2018 = CARTESIAN_POINT ( 'NONE',  ( 0.1631615436026759847, 0.6645957609276059719, 0.4000000000000000222 ) ) ;
#2019 = ORIENTED_EDGE ( 'NONE', *, *, #2984, .F. ) ;
#2020 = DIRECTION ( 'NONE',  ( 0.000000000000000000, 0.000000000000000000, 1.000000000000000000 ) ) ;
#2021 = DIRECTION ( 'NONE',  ( 0.000000000000000000, 0.000000000000000000, -1.000000000000000000 ) ) ;
#2022 = VECTOR ( 'NONE', #3949, 1000.000000000000000 ) ;
#2023 = EDGE_CURVE ( 'NONE', #10252, #5941, #12331, .T. ) ;
#2024 = LINE ( 'NONE', #1052, #5596 ) ;
#2025 = ORIENTED_EDGE ( 'NONE', *, *, #2213, .T. ) ;
#2026 = SURFACE_STYLE_USAGE ( .BOTH. , #10661 ) ;
#2027 = VERTEX_POINT ( 'NONE', #7798 ) ;
#2028 = CIRCLE ( 'NONE', #9429, 0.001786442369628918033 ) ;
#2029 = ORIENTED_EDGE ( 'NONE', *, *, #1484, .F. ) ;
#2030 = AXIS2_PLACEMENT_3D ( 'NONE', #9402, #4191, #7160 ) ;
#2031 = EDGE_CURVE ( 'NONE', #8635, #9342, #4294, .T. ) ;
#2032 = EDGE_CURVE ( 'NONE', #3159, #11446, #9780, .T. ) ;
#2033 = AXIS2_PLACEMENT_3D ( 'NONE', #12628, #624, #4572 ) ;
#2034 = FACE_OUTER_BOUND ( 'NONE', #48, .T. ) ;
#2035 = DIRECTION ( 'NONE',  ( 0.000000000000000000, -1.000000000000000000, 0.000000000000000000 ) ) ;
#2036 = DIRECTION ( 'NONE',  ( 0.000000000000000000, 0.000000000000000000, 1.000000000000000000 ) ) ;
#2037 = VECTOR ( 'NONE', #3731, 1000.000000000000114 ) ;
#2038 = EDGE_CURVE ( 'NONE', #5525, #3454, #3149, .T. ) ;
#2039 = CARTESIAN_POINT ( 'NONE',  ( -0.2750000000000000222, 0.7046741902800309765, 0.2582836310259130075 ) ) ;
#2040 = ORIENTED_EDGE ( 'NONE', *, *, #6414, .F. ) ;
#2041 = EDGE_CURVE ( 'NONE', #1674, #11988, #10477, .T. ) ;
#2042 = CARTESIAN_POINT ( 'NONE',  ( 0.2263258372114170247, 0.06170276195080430515, 0.1000000000000000056 ) ) ;
#2043 = FACE_OUTER_BOUND ( 'NONE', #855, .T. ) ;
#2044 = CIRCLE ( 'NONE', #10887, 0.08000000000000002942 ) ;
#2045 = PLANE ( 'NONE',  #9092 ) ;
#2046 = DIRECTION ( 'NONE',  ( -1.000000000000000000, 0.000000000000000000, 0.000000000000000000 ) ) ;
#2047 = VECTOR ( 'NONE', #806, 1000.000000000000000 ) ;
#2048 = VERTEX_POINT ( 'NONE', #10808 ) ;
#2049 = AXIS2_PLACEMENT_3D ( 'NONE', #5151, #3271, #9916 ) ;
#2050 = ORIENTED_EDGE ( 'NONE', *, *, #3527, .T. ) ;
#2051 = EDGE_CURVE ( 'NONE', #1837, #11966, #5930, .T. ) ;
#2052 = CARTESIAN_POINT ( 'NONE',  ( -0.1131615436026759958, -0.7145957609276060163, 0.2967297185801399673 ) ) ;
#2053 = AXIS2_PLACEMENT_3D ( 'NONE', #6795, #8415, #12347 ) ;
#2054 = AXIS2_PLACEMENT_3D ( 'NONE', #7378, #5138, #6172 ) ;
#2055 = DIRECTION ( 'NONE',  ( 0.000000000000000000, 0.000000000000000000, -1.000000000000000000 ) ) ;
#2056 = DIRECTION ( 'NONE',  ( 1.000000000000000000, 0.000000000000000000, 0.000000000000000000 ) ) ;
#2057 = VERTEX_POINT ( 'NONE', #1015 ) ;
#2058 = CIRCLE ( 'NONE', #2049, 0.05000000000000002359 ) ;
#2059 = FACE_OUTER_BOUND ( 'NONE', #11226, .T. ) ;
#2060 = EDGE_LOOP ( 'NONE', ( #10145, #4970, #6788, #12664 ) ) ;
#2061 = DIRECTION ( 'NONE',  ( 1.000000000000000000, 0.000000000000000000, 0.000000000000000000 ) ) ;
#2062 = VERTEX_POINT ( 'NONE', #8886 ) ;
#2063 = AXIS2_PLACEMENT_3D ( 'NONE', #128, #9881, #8853 ) ;
#2064 = ORIENTED_EDGE ( 'NONE', *, *, #2501, .F. ) ;
#2065 = VERTEX_POINT ( 'NONE', #45 ) ;
#2066 = AXIS2_PLACEMENT_3D ( 'NONE', #1443, #11625, #9367 ) ;
#2067 = ORIENTED_EDGE ( 'NONE', *, *, #5589, .F. ) ;
#2068 = DIRECTION ( 'NONE',  ( -0.9338516162028061007, -0.3576606756625712036, 0.000000000000000000 ) ) ;
#2069 = DIRECTION ( 'NONE',  ( -0.2770904718831250779, -0.9608438324678922893, 0.000000000000000000 ) ) ;
#2070 = ADVANCED_FACE ( 'NONE', ( #7920 ), #11843, .F. ) ;
#2071 = CARTESIAN_POINT ( 'NONE',  ( 0.4000000000000000222, 0.7200000000000000844, 0.08000000000000000167 ) ) ;
#2072 = CARTESIAN_POINT ( 'NONE',  ( 0.8000000000000000444, 0.4000000000000000222, -0.1417497762095429881 ) ) ;
#2073 = EDGE_LOOP ( 'NONE', ( #12058, #11077, #3116, #1924 ) ) ;
#2074 = CARTESIAN_POINT ( 'NONE',  ( -0.2750000000000000222, 0.7111815246139390201, 0.2834995524190850325 ) ) ;
#2075 = AXIS2_PLACEMENT_3D ( 'NONE', #388, #12199, #7178 ) ;
#2076 = DIRECTION ( 'NONE',  ( -0.6045378097511919790, -0.7965764474180940802, 0.000000000000000000 ) ) ;
#2077 = ORIENTED_EDGE ( 'NONE', *, *, #10375, .F. ) ;
#2078 = ORIENTED_EDGE ( 'NONE', *, *, #5024, .F. ) ;
#2079 = CARTESIAN_POINT ( 'NONE',  ( 0.8000000000000000444, -0.6612489735550610703, 0.1219992644886569999 ) ) ;
#2080 = VERTEX_POINT ( 'NONE', #6003 ) ;
#2081 = EDGE_CURVE ( 'NONE', #11784, #481, #9915, .T. ) ;
#2082 = CIRCLE ( 'NONE', #10115, 0.0009827641783663469861 ) ;
#2083 = LINE ( 'NONE', #7050, #6042 ) ;
#2084 = CARTESIAN_POINT ( 'NONE',  ( 0.000000000000000000, 0.000000000000000000, 0.000000000000000000 ) ) ;
#2085 = CARTESIAN_POINT ( 'NONE',  ( -0.2750000000000000222, 0.8000000000000000444, 0.08000000000000000167 ) ) ;
#2086 = ORIENTED_EDGE ( 'NONE', *, *, #7795, .T. ) ;
#2087 = CARTESIAN_POINT ( 'NONE',  ( 0.3540429768304100278, 0.05526198454102550228, 0.000000000000000000 ) ) ;
#2088 = CYLINDRICAL_SURFACE ( 'NONE', #10241, 0.08000000000000002942 ) ;
#2089 = LINE ( 'NONE', #7902, #9903 ) ;
#2090 = ORIENTED_EDGE ( 'NONE', *, *, #6964, .F. ) ;
#2091 = ORIENTED_EDGE ( 'NONE', *, *, #596, .T. ) ;
#2092 = AXIS2_PLACEMENT_3D ( 'NONE', #7099, #11023, #6139 ) ;
#2093 = ORIENTED_EDGE ( 'NONE', *, *, #4798, .T. ) ;
#2094 = ADVANCED_FACE ( 'NONE', ( #4041 ), #6055, .T. ) ;
#2095 = LINE ( 'NONE', #11829, #8436 ) ;
#2096 = AXIS2_PLACEMENT_3D ( 'NONE', #9649, #11452, #8614 ) ;
#2097 = PLANE ( 'NONE',  #1386 ) ;
#2098 = CARTESIAN_POINT ( 'NONE',  ( 0.04116822922987724981, 0.05490115611964570264, 0.1000000000000000056 ) ) ;
#2099 = ORIENTED_EDGE ( 'NONE', *, *, #4524, .T. ) ;
#2100 = DIRECTION ( 'NONE',  ( 0.000000000000000000, 0.000000000000000000, 1.000000000000000000 ) ) ;
#2101 = LINE ( 'NONE', #10799, #6957 ) ;
#2102 = EDGE_CURVE ( 'NONE', #11966, #59, #9452, .T. ) ;
#2103 = EDGE_CURVE ( 'NONE', #8881, #12450, #11101, .T. ) ;
#2104 = DIRECTION ( 'NONE',  ( 0.4653753323071734282, 0.8851134391025751169, 0.000000000000000000 ) ) ;
#2105 = FACE_OUTER_BOUND ( 'NONE', #1446, .T. ) ;
#2106 = EDGE_LOOP ( 'NONE', ( #2818, #1584, #11009, #11540 ) ) ;
#2107 = AXIS2_PLACEMENT_3D ( 'NONE', #7797, #11723, #9779 ) ;
#2108 = EDGE_LOOP ( 'NONE', ( #11316, #4193, #5651, #12202 ) ) ;
#2109 = VECTOR ( 'NONE', #7258, 1000.000000000000000 ) ;
#2110 = EDGE_CURVE ( 'NONE', #9094, #7047, #12284, .T. ) ;
#2111 = PLANE ( 'NONE',  #6726 ) ;
#2112 = ADVANCED_FACE ( 'NONE', ( #6184 ), #8164, .T. ) ;
#2113 = DIRECTION ( 'NONE',  ( 0.000000000000000000, 0.000000000000000000, 1.000000000000000000 ) ) ;
#2114 = SHAPE_REPRESENTATION ( '5^1_Murata_Electronics_-_MM8930-2620RJ4(2)_Murata_Electronics_-_MM8930-2620RJ4', ( #10744 ), #7680 ) ;
#2115 = DIRECTION ( 'NONE',  ( 0.000000000000000000, 0.000000000000000000, -1.000000000000000000 ) ) ;
#2116 = FACE_OUTER_BOUND ( 'NONE', #4205, .T. ) ;
#2117 = ORIENTED_EDGE ( 'NONE', *, *, #44, .F. ) ;
#2118 = AXIS2_PLACEMENT_3D ( 'NONE', #9941, #4078, #195 ) ;
#2119 = CYLINDRICAL_SURFACE ( 'NONE', #4098, 0.05000000000000002359 ) ;
#2120 = DIRECTION ( 'NONE',  ( -1.000000000000000000, 0.000000000000000000, 0.000000000000000000 ) ) ;
#2121 = ADVANCED_FACE ( 'NONE', ( #6113 ), #8110, .F. ) ;
#2122 = CARTESIAN_POINT ( 'NONE',  ( 0.07421570504762169118, 0.06609180736169850690, 0.000000000000000000 ) ) ;
#2123 = EDGE_LOOP ( 'NONE', ( #10829, #3924, #11194, #5161 ) ) ;
#2124 = ORIENTED_EDGE ( 'NONE', *, *, #9413, .T. ) ;
#2125 = ORIENTED_EDGE ( 'NONE', *, *, #10918, .F. ) ;
#2126 = ORIENTED_EDGE ( 'NONE', *, *, #4001, .T. ) ;
#2127 = DIRECTION ( 'NONE',  ( 0.000000000000000000, 0.000000000000000000, 1.000000000000000000 ) ) ;
#2128 = CARTESIAN_POINT ( 'NONE',  ( 0.1841780045046839953, 0.09676871214480969874, 0.000000000000000000 ) ) ;
#2129 = CARTESIAN_POINT ( 'NONE',  ( -0.7299999999999999822, -0.1000000000000000056, 0.1451689417511649871 ) ) ;
#2130 = CARTESIAN_POINT ( 'NONE',  ( -0.2366831626601859639, 0.7765685424949239080, 0.3765685424949237747 ) ) ;
#2131 = EDGE_LOOP ( 'NONE', ( #2148, #8893, #6342, #9404 ) ) ;
#2132 = DIRECTION ( 'NONE',  ( 0.9631366855604261978, -0.2690124995751618786, 0.000000000000000000 ) ) ;
#2133 = DIRECTION ( 'NONE',  ( 0.000000000000000000, 0.000000000000000000, 1.000000000000000000 ) ) ;
#2134 = VERTEX_POINT ( 'NONE', #12037 ) ;
#2135 = ORIENTED_EDGE ( 'NONE', *, *, #10503, .F. ) ;
#2136 = CARTESIAN_POINT ( 'NONE',  ( 0.2054260905944750026, 0.08501342326454189302, 0.000000000000000000 ) ) ;
#2137 = ORIENTED_EDGE ( 'NONE', *, *, #12594, .F. ) ;
#2138 = PLANE ( 'NONE',  #1080 ) ;
#2139 = FACE_OUTER_BOUND ( 'NONE', #11666, .T. ) ;
#2140 = CARTESIAN_POINT ( 'NONE',  ( 0.3751424101058990490, 0.06408923354130251215, 0.000000000000000000 ) ) ;
#2141 = ORIENTED_EDGE ( 'NONE', *, *, #3743, .T. ) ;
#2142 = DIRECTION ( 'NONE',  ( -1.000000000000000000, 0.000000000000000000, 0.000000000000000000 ) ) ;
#2143 = DIRECTION ( 'NONE',  ( 0.000000000000000000, -0.7071067811865482389, 0.7071067811865467956 ) ) ;
#2144 = CARTESIAN_POINT ( 'NONE',  ( 0.3481238589692844942, 0.03316537007306775281, 0.000000000000000000 ) ) ;
#2145 = ORIENTED_EDGE ( 'NONE', *, *, #8972, .T. ) ;
#2146 = ORIENTED_EDGE ( 'NONE', *, *, #2501, .T. ) ;
#2147 = ADVANCED_FACE ( 'NONE', ( #7208 ), #10105, .T. ) ;
#2148 = ORIENTED_EDGE ( 'NONE', *, *, #1141, .F. ) ;
#2149 = DIRECTION ( 'NONE',  ( -0.9616124132327568130, 0.2744113093818726923, 0.000000000000000000 ) ) ;
#2150 = DIRECTION ( 'NONE',  ( -0.05317988631951154482, 0.9985849486603750602, 0.000000000000000000 ) ) ;
#2151 = CARTESIAN_POINT ( 'NONE',  ( -0.2750000000000000222, -0.6612489735550610703, 0.1219992644886569999 ) ) ;
#2152 = DIRECTION ( 'NONE',  ( 0.000000000000000000, 0.000000000000000000, 1.000000000000000000 ) ) ;
#2153 = EDGE_LOOP ( 'NONE', ( #6107, #8191, #2924, #8328 ) ) ;
#2154 = CYLINDRICAL_SURFACE ( 'NONE', #4109, 0.07999999999999998779 ) ;
#2155 = FACE_OUTER_BOUND ( 'NONE', #4833, .T. ) ;
#2156 = CARTESIAN_POINT ( 'NONE',  ( 0.2366831626601859639, -0.7145957609276060163, 0.2967297185801399673 ) ) ;
#2157 = DIRECTION ( 'NONE',  ( -1.000000000000000000, 0.000000000000000000, 0.000000000000000000 ) ) ;
#2158 = FACE_OUTER_BOUND ( 'NONE', #4811, .T. ) ;
#2159 = EDGE_CURVE ( 'NONE', #2675, #6884, #4295, .T. ) ;
#2160 = ORIENTED_EDGE ( 'NONE', *, *, #976, .F. ) ;
#2161 = ORIENTED_EDGE ( 'NONE', *, *, #1646, .T. ) ;
#2162 = CARTESIAN_POINT ( 'NONE',  ( 0.3456388340676674886, 0.06713238599784519811, 0.000000000000000000 ) ) ;
#2163 = EDGE_CURVE ( 'NONE', #1674, #5963, #11064, .T. ) ;
#2164 = CLOSED_SHELL ( 'NONE', ( #2819, #10612, #1142, #2253, #4624, #11937, #650, #3593, #6916, #9720, #7676, #9513, #3393, #9359, #283, #6615, #6264 ) ) ;
#2165 = PRODUCT_DEFINITION ( 'UNKNOWN', '', #653, #1822 ) ;
#2166 = VECTOR ( 'NONE', #3163, 1000.000000000000000 ) ;
#2167 = LINE ( 'NONE', #6301, #4695 ) ;
#2168 = SURFACE_STYLE_USAGE ( .BOTH. , #11001 ) ;
#2169 = DIRECTION ( 'NONE',  ( 0.000000000000000000, 1.000000000000000000, 0.000000000000000000 ) ) ;
#2170 = ORIENTED_EDGE ( 'NONE', *, *, #6345, .F. ) ;
#2171 = CARTESIAN_POINT ( 'NONE',  ( 0.05035693046067019757, 0.06633579457256230660, 0.000000000000000000 ) ) ;
#2172 = LINE ( 'NONE', #9612, #10856 ) ;
#2173 =( GEOMETRIC_REPRESENTATION_CONTEXT ( 3 ) GLOBAL_UNCERTAINTY_ASSIGNED_CONTEXT ( ( #5390 ) ) GLOBAL_UNIT_ASSIGNED_CONTEXT ( ( #7908, #4027, #7968 ) ) REPRESENTATION_CONTEXT ( 'NONE', 'WORKASPACE' ) );
#2174 = ADVANCED_FACE ( 'NONE', ( #473 ), #6246, .F. ) ;
#2175 = CARTESIAN_POINT ( 'NONE',  ( 0.3275735132183335008, 0.07022410117517211003, 0.000000000000000000 ) ) ;
#2176 = ADVANCED_FACE ( 'NONE', ( #6369 ), #410, .F. ) ;
#2177 = ORIENTED_EDGE ( 'NONE', *, *, #2660, .T. ) ;
#2178 = ORIENTED_EDGE ( 'NONE', *, *, #10686, .F. ) ;
#2179 = ORIENTED_EDGE ( 'NONE', *, *, #4227, .T. ) ;
#2180 = ORIENTED_EDGE ( 'NONE', *, *, #132, .F. ) ;
#2181 = EDGE_CURVE ( 'NONE', #9845, #7905, #1264, .T. ) ;
#2182 = VECTOR ( 'NONE', #11317, 1000.000000000000000 ) ;
#2183 = EDGE_CURVE ( 'NONE', #4091, #2586, #7393, .T. ) ;
#2184 = DIRECTION ( 'NONE',  ( 0.000000000000000000, -1.000000000000000000, 3.252606517456511724E-15 ) ) ;
#2185 = CARTESIAN_POINT ( 'NONE',  ( 0.3214868792987120028, 0.07228149986488210943, 0.1000000000000000056 ) ) ;
#2186 = VECTOR ( 'NONE', #1577, 1000.000000000000000 ) ;
#2187 = CARTESIAN_POINT ( 'NONE',  ( 0.2997499940147945185, 0.06482306056529039962, 0.1000000000000000056 ) ) ;
#2188 = DIRECTION ( 'NONE',  ( -0.2761942427400589928, -0.9611018365798940088, 0.000000000000000000 ) ) ;
#2189 = EDGE_CURVE ( 'NONE', #2190, #12440, #2359, .T. ) ;
#2190 = VERTEX_POINT ( 'NONE', #9137 ) ;
#2191 = EDGE_CURVE ( 'NONE', #2618, #8837, #6547, .T. ) ;
#2192 = DIRECTION ( 'NONE',  ( 0.000000000000000000, 1.000000000000000000, 0.000000000000000000 ) ) ;
#2193 = FACE_OUTER_BOUND ( 'NONE', #8465, .T. ) ;
#2194 = VERTEX_POINT ( 'NONE', #12164 ) ;
#2195 = ORIENTED_EDGE ( 'NONE', *, *, #9821, .T. ) ;
#2196 = AXIS2_PLACEMENT_3D ( 'NONE', #2373, #4429, #432 ) ;
#2197 = DIRECTION ( 'NONE',  ( 0.000000000000000000, 0.000000000000000000, 1.000000000000000000 ) ) ;
#2198 = ORIENTED_EDGE ( 'NONE', *, *, #1010, .F. ) ;
#2199 = AXIS2_PLACEMENT_3D ( 'NONE', #2987, #9889, #8920 ) ;
#2200 = EDGE_CURVE ( 'NONE', #10249, #40, #2167, .T. ) ;
#2201 = DIRECTION ( 'NONE',  ( 0.9748262773075326848, -0.2229657576192745627, 0.000000000000000000 ) ) ;
#2202 = CIRCLE ( 'NONE', #9406, 0.08000000000000002942 ) ;
#2203 = PLANE ( 'NONE',  #10414 ) ;
#2204 = CARTESIAN_POINT ( 'NONE',  ( 0.4000000000000000222, 0.8000000000000000444, 0.2834995524190850325 ) ) ;
#2205 = ORIENTED_EDGE ( 'NONE', *, *, #10530, .T. ) ;
#2206 = DIRECTION ( 'NONE',  ( 0.000000000000000000, 0.000000000000000000, 1.000000000000000000 ) ) ;
#2207 = CARTESIAN_POINT ( 'NONE',  ( -0.2366831626601860195, 0.7134565741727723065, 0.2923153697564827014 ) ) ;
#2208 = LINE ( 'NONE', #6089, #11547 ) ;
#2209 = VERTEX_POINT ( 'NONE', #3385 ) ;
#2210 = VECTOR ( 'NONE', #9761, 1000.000000000000227 ) ;
#2211 =( NAMED_UNIT ( * ) PLANE_ANGLE_UNIT ( ) SI_UNIT ( $, .RADIAN. ) );
#2212 = ORIENTED_EDGE ( 'NONE', *, *, #1219, .F. ) ;
#2213 = EDGE_CURVE ( 'NONE', #3351, #7075, #1384, .T. ) ;
#2214 = EDGE_LOOP ( 'NONE', ( #2442, #4474, #5266, #730 ) ) ;
#2215 = VECTOR ( 'NONE', #12094, 1000.000000000000114 ) ;
#2216 = AXIS2_PLACEMENT_3D ( 'NONE', #8995, #7856, #5993 ) ;
#2217 = SURFACE_SIDE_STYLE ('',( #1179 ) ) ;
#2218 = DIRECTION ( 'NONE',  ( -1.000000000000000000, 0.000000000000000000, 0.000000000000000000 ) ) ;
#2219 = CARTESIAN_POINT ( 'NONE',  ( 0.2366831626601859639, -0.7765685424949239080, 0.3765685424949237747 ) ) ;
#2220 = PLANE ( 'NONE',  #6927 ) ;
#2221 = CARTESIAN_POINT ( 'NONE',  ( 0.4699999999999999734, 5.755839955992559655E-17, 0.7205211221380689590 ) ) ;
#2222 = ORIENTED_EDGE ( 'NONE', *, *, #11633, .F. ) ;
#2223 = EDGE_CURVE ( 'NONE', #1597, #4182, #349, .T. ) ;
#2224 = CARTESIAN_POINT ( 'NONE',  ( 0.2380960773142664910, 0.03436122161578154810, 0.1000000000000000056 ) ) ;
#2225 = DIRECTION ( 'NONE',  ( 1.000000000000000000, 0.000000000000000000, 0.000000000000000000 ) ) ;
#2226 = CARTESIAN_POINT ( 'NONE',  ( -0.3081987717257729797, 0.1661017834119890013, 0.5999999999999999778 ) ) ;
#2227 = AXIS2_PLACEMENT_3D ( 'NONE', #7619, #9607, #763 ) ;
#2228 = CARTESIAN_POINT ( 'NONE',  ( 0.04083493688656870263, 0.05563979259211959683, 0.000000000000000000 ) ) ;
#2229 = FACE_OUTER_BOUND ( 'NONE', #104, .T. ) ;
#2230 = VERTEX_POINT ( 'NONE', #5535 ) ;
#2231 = AXIS2_PLACEMENT_3D ( 'NONE', #6263, #4322, #7418 ) ;
#2232 = ORIENTED_EDGE ( 'NONE', *, *, #7576, .F. ) ;
#2233 = AXIS2_PLACEMENT_3D ( 'NONE', #3541, #3291, #10176 ) ;
#2234 = DIRECTION ( 'NONE',  ( 0.000000000000000000, 0.000000000000000000, 1.000000000000000000 ) ) ;
#2235 = VECTOR ( 'NONE', #6258, 1000.000000000000114 ) ;
#2236 = ADVANCED_FACE ( 'NONE', ( #1575 ), #8680, .F. ) ;
#2237 = DIRECTION ( 'NONE',  ( 1.000000000000000000, 0.000000000000000000, 0.000000000000000000 ) ) ;
#2238 = AXIS2_PLACEMENT_3D ( 'NONE', #8687, #6686, #616 ) ;
#2239 = FACE_OUTER_BOUND ( 'NONE', #1689, .T. ) ;
#2240 = PLANE ( 'NONE',  #5895 ) ;
#2241 = EDGE_LOOP ( 'NONE', ( #3751, #7976, #8283, #3886, #5073, #7738 ) ) ;
#2242 = DIRECTION ( 'NONE',  ( -0.4472136033030539304, -0.8944271870983679928, 0.000000000000000000 ) ) ;
#2243 = VECTOR ( 'NONE', #9725, 1000.000000000000000 ) ;
#2244 = DIRECTION ( 'NONE',  ( 0.000000000000000000, 0.000000000000000000, 1.000000000000000000 ) ) ;
#2245 = AXIS2_PLACEMENT_3D ( 'NONE', #3493, #11486, #10384 ) ;
#2246 = CARTESIAN_POINT ( 'NONE',  ( 0.3296229540443940120, 0.06965718586104639731, 0.000000000000000000 ) ) ;
#2247 = ORIENTED_EDGE ( 'NONE', *, *, #2464, .T. ) ;
#2248 = EDGE_LOOP ( 'NONE', ( #12736, #12365, #5504, #8952 ) ) ;
#2249 = VECTOR ( 'NONE', #4962, 1000.000000000000000 ) ;
#2250 = ORIENTED_EDGE ( 'NONE', *, *, #3610, .T. ) ;
#2251 = CARTESIAN_POINT ( 'NONE',  ( 0.000000000000000000, 0.000000000000000000, 0.6099999999999999867 ) ) ;
#2252 = CIRCLE ( 'NONE', #9460, 0.0009676454724394081743 ) ;
#2253 = ADVANCED_FACE ( 'NONE', ( #6432 ), #4679, .T. ) ;
#2254 = DIRECTION ( 'NONE',  ( 0.000000000000000000, -1.000000000000000000, 0.000000000000000000 ) ) ;
#2255 = DIRECTION ( 'NONE',  ( 0.000000000000000000, -1.000000000000000000, 0.000000000000000000 ) ) ;
#2256 = LINE ( 'NONE', #7934, #3251 ) ;
#2257 = VECTOR ( 'NONE', #6553, 1000.000000000000000 ) ;
#2258 = CARTESIAN_POINT ( 'NONE',  ( 0.1131615436026759958, -0.7405531811372209061, 0.3973147252801209617 ) ) ;
#2259 = ORIENTED_EDGE ( 'NONE', *, *, #10937, .F. ) ;
#2260 = DIRECTION ( 'NONE',  ( -0.06320683486470653201, -0.9980004489109139953, 0.000000000000000000 ) ) ;
#2261 = CARTESIAN_POINT ( 'NONE',  ( -0.08226357805285371139, -0.1689970804587989928, 0.5999999999999999778 ) ) ;
#2262 = ORIENTED_EDGE ( 'NONE', *, *, #2571, .T. ) ;
#2263 = EDGE_CURVE ( 'NONE', #375, #4069, #11443, .T. ) ;
#2264 = VERTEX_POINT ( 'NONE', #11322 ) ;
#2265 = ADVANCED_FACE ( 'NONE', ( #9454 ), #5466, .F. ) ;
#2266 = AXIS2_PLACEMENT_3D ( 'NONE', #8863, #1830, #12730 ) ;
#2267 = ORIENTED_EDGE ( 'NONE', *, *, #1274, .F. ) ;
#2268 = ADVANCED_FACE ( 'NONE', ( #12356 ), #5602, .F. ) ;
#2269 = EDGE_CURVE ( 'NONE', #12569, #12159, #2014, .T. ) ;
#2270 = LINE ( 'NONE', #380, #6149 ) ;
#2271 = AXIS2_PLACEMENT_3D ( 'NONE', #7, #12713, #7887 ) ;
#2272 = CARTESIAN_POINT ( 'NONE',  ( 0.3122743859297760216, 0.03529323006768165377, 0.1000000000000000056 ) ) ;
#2273 = CARTESIAN_POINT ( 'NONE',  ( 0.8000000000000000444, 0.7112489735550608927, 0.06099963224433019998 ) ) ;
#2274 = EDGE_LOOP ( 'NONE', ( #4622, #1497, #3426, #6496, #2050, #4261, #6812 ) ) ;
#2275 = DIRECTION ( 'NONE',  ( 0.000000000000000000, 0.000000000000000000, 1.000000000000000000 ) ) ;
#2276 = DIRECTION ( 'NONE',  ( 0.000000000000000000, 0.000000000000000000, -1.000000000000000000 ) ) ;
#2277 = PLANE ( 'NONE',  #15 ) ;
#2278 = ORIENTED_EDGE ( 'NONE', *, *, #5164, .F. ) ;
#2279 = EDGE_CURVE ( 'NONE', #2965, #9284, #5318, .T. ) ;
#2280 = ORIENTED_EDGE ( 'NONE', *, *, #6843, .T. ) ;
#2281 = SURFACE_SIDE_STYLE ('',( #8984 ) ) ;
#2282 = VERTEX_POINT ( 'NONE', #11384 ) ;
#2283 = ORIENTED_EDGE ( 'NONE', *, *, #9987, .F. ) ;
#2284 = CIRCLE ( 'NONE', #4554, 0.08000000000000002942 ) ;
#2285 = CARTESIAN_POINT ( 'NONE',  ( -0.5999999999999999778, 0.000000000000000000, 0.4299999999999999933 ) ) ;
#2286 = DIRECTION ( 'NONE',  ( 0.0001103642292607080494, 0.9999999939098684898, 0.000000000000000000 ) ) ;
#2287 = DIRECTION ( 'NONE',  ( -0.9438323189660271506, 0.3304248078991823823, 0.000000000000000000 ) ) ;
#2288 = FACE_OUTER_BOUND ( 'NONE', #8779, .T. ) ;
#2289 = CARTESIAN_POINT ( 'NONE',  ( -0.8000000000000000444, 0.7030641998836029138, 0.2520449180296370217 ) ) ;
#2290 = ORIENTED_EDGE ( 'NONE', *, *, #7745, .T. ) ;
#2291 = DIRECTION ( 'NONE',  ( -0.9316999455807599695, 0.3632288691786609292, 0.000000000000000000 ) ) ;
#2292 = LINE ( 'NONE', #10469, #6952 ) ;
#2293 = AXIS2_PLACEMENT_3D ( 'NONE', #2521, #10451, #8462 ) ;
#2294 = DIRECTION ( 'NONE',  ( 0.000000000000000000, 0.000000000000000000, -1.000000000000000000 ) ) ;
#2295 = ORIENTED_EDGE ( 'NONE', *, *, #7481, .T. ) ;
#2296 = FACE_OUTER_BOUND ( 'NONE', #2476, .T. ) ;
#2297 = DIRECTION ( 'NONE',  ( 1.000000000000000000, 0.000000000000000000, 0.000000000000000000 ) ) ;
#2298 = ORIENTED_EDGE ( 'NONE', *, *, #4086, .F. ) ;
#2299 = ORIENTED_EDGE ( 'NONE', *, *, #8890, .F. ) ;
#2300 = DIRECTION ( 'NONE',  ( 1.000000000000000000, 0.000000000000000000, 0.000000000000000000 ) ) ;
#2301 = CIRCLE ( 'NONE', #5808, 0.08000000000000002942 ) ;
#2302 = CARTESIAN_POINT ( 'NONE',  ( 0.6518290623389679794, -0.1900000000000000022, 0.000000000000000000 ) ) ;
#2303 = CARTESIAN_POINT ( 'NONE',  ( -0.8000000000000000444, 0.7030641998836029138, 0.2520449180296370217 ) ) ;
#2304 = PLANE ( 'NONE',  #10208 ) ;
#2305 = ORIENTED_EDGE ( 'NONE', *, *, #1539, .F. ) ;
#2306 = CARTESIAN_POINT ( 'NONE',  ( 0.8000000000000000444, 0.4000000000000000222, -0.2834995524190850325 ) ) ;
#2307 = LINE ( 'NONE', #8172, #4273 ) ;
#2308 = DIRECTION ( 'NONE',  ( 0.000000000000000000, 0.000000000000000000, 1.000000000000000000 ) ) ;
#2309 = ORIENTED_EDGE ( 'NONE', *, *, #10527, .F. ) ;
#2310 = ORIENTED_EDGE ( 'NONE', *, *, #990, .F. ) ;
#2311 = VERTEX_POINT ( 'NONE', #9516 ) ;
#2312 = EDGE_CURVE ( 'NONE', #6593, #4774, #666, .T. ) ;
#2313 = PLANE ( 'NONE',  #1868 ) ;
#2314 = CIRCLE ( 'NONE', #9522, 0.04999999999999999584 ) ;
#2315 = MECHANICAL_DESIGN_GEOMETRIC_PRESENTATION_REPRESENTATION (  '', ( #1493 ), #4583 ) ;
#2316 = CARTESIAN_POINT ( 'NONE',  ( 0.04083493688656870263, 0.05563979259211959683, 0.000000000000000000 ) ) ;
#2317 = FACE_OUTER_BOUND ( 'NONE', #2838, .T. ) ;
#2318 = DIRECTION ( 'NONE',  ( 0.000000000000000000, 0.000000000000000000, 1.000000000000000000 ) ) ;
#2319 = CARTESIAN_POINT ( 'NONE',  ( 0.03913233982356719570, 0.3184124295728944509, 0.000000000000000000 ) ) ;
#2320 = ORIENTED_EDGE ( 'NONE', *, *, #876, .T. ) ;
#2321 = LINE ( 'NONE', #8256, #992 ) ;
#2322 = CARTESIAN_POINT ( 'NONE',  ( 0.1034732571207782059, 0.03624015974824445346, 0.1000000000000000056 ) ) ;
#2323 = VERTEX_POINT ( 'NONE', #9379 ) ;
#2324 = ORIENTED_EDGE ( 'NONE', *, *, #8883, .T. ) ;
#2325 = VERTEX_POINT ( 'NONE', #11514 ) ;
#2326 = EDGE_CURVE ( 'NONE', #1578, #9437, #2421, .T. ) ;
#2327 = DIRECTION ( 'NONE',  ( 1.000000000000000000, 0.000000000000000000, 0.000000000000000000 ) ) ;
#2328 = ADVANCED_FACE ( 'NONE', ( #9566 ), #536, .T. ) ;
#2329 = EDGE_CURVE ( 'NONE', #10996, #5884, #3048, .T. ) ;
#2330 = CARTESIAN_POINT ( 'NONE',  ( 0.2041295186937625017, 0.09749879633957379832, 0.000000000000000000 ) ) ;
#2331 = DIRECTION ( 'NONE',  ( 0.000000000000000000, 0.000000000000000000, -1.000000000000000000 ) ) ;
#2332 = ORIENTED_EDGE ( 'NONE', *, *, #3173, .T. ) ;
#2333 = DIRECTION ( 'NONE',  ( 0.000000000000000000, 0.000000000000000000, 1.000000000000000000 ) ) ;
#2334 = DIRECTION ( 'NONE',  ( 0.5999999860413977038, 0.8000000104689515279, 0.000000000000000000 ) ) ;
#2335 = CARTESIAN_POINT ( 'NONE',  ( 0.3730769100861965337, 0.03317366262890300566, 0.000000000000000000 ) ) ;
#2336 = ORIENTED_EDGE ( 'NONE', *, *, #9579, .F. ) ;
#2337 = ORIENTED_EDGE ( 'NONE', *, *, #826, .T. ) ;
#2338 = ADVANCED_FACE ( 'NONE', ( #6488 ), #1512, .T. ) ;
#2339 =( NAMED_UNIT ( * ) PLANE_ANGLE_UNIT ( ) SI_UNIT ( $, .RADIAN. ) );
#2340 = EDGE_CURVE ( 'NONE', #12557, #7112, #6679, .T. ) ;
#2341 = VERTEX_POINT ( 'NONE', #10597 ) ;
#2342 = EDGE_CURVE ( 'NONE', #8719, #7436, #1764, .T. ) ;
#2343 = EDGE_CURVE ( 'NONE', #10068, #9437, #4750, .T. ) ;
#2344 = EDGE_CURVE ( 'NONE', #7053, #5594, #9707, .T. ) ;
#2345 = DIRECTION ( 'NONE',  ( -0.2755504690503010057, -0.9612866060682210279, 0.000000000000000000 ) ) ;
#2346 = DIRECTION ( 'NONE',  ( 0.000000000000000000, 0.000000000000000000, -1.000000000000000000 ) ) ;
#2347 = CARTESIAN_POINT ( 'NONE',  ( -0.1131615436026759958, -0.3572978804638030081, 0.4000000000000000222 ) ) ;
#2348 = ORIENTED_EDGE ( 'NONE', *, *, #8330, .T. ) ;
#2349 = DIRECTION ( 'NONE',  ( 0.000000000000000000, 0.000000000000000000, 1.000000000000000000 ) ) ;
#2350 = DIRECTION ( 'NONE',  ( -0.9604025980786120575, 0.2786159536061277309, 0.000000000000000000 ) ) ;
#2351 = CARTESIAN_POINT ( 'NONE',  ( 0.2050745024916884873, 0.09722892405136669691, 0.1000000000000000056 ) ) ;
#2352 = ORIENTED_EDGE ( 'NONE', *, *, #208, .F. ) ;
#2353 = DIRECTION ( 'NONE',  ( 0.000000000000000000, 0.000000000000000000, 1.000000000000000000 ) ) ;
#2354 = DIRECTION ( 'NONE',  ( 0.000000000000000000, 1.000000000000000000, 0.000000000000000000 ) ) ;
#2355 = ORIENTED_EDGE ( 'NONE', *, *, #6056, .F. ) ;
#2356 = ORIENTED_EDGE ( 'NONE', *, *, #4960, .F. ) ;
#2357 = CARTESIAN_POINT ( 'NONE',  ( 0.3267278133686140063, 0.03395119461962100432, 0.000000000000000000 ) ) ;
#2358 = ADVANCED_FACE ( 'NONE', ( #2805 ), #2942, .F. ) ;
#2359 = LINE ( 'NONE', #4174, #10250 ) ;
#2360 = DIRECTION ( 'NONE',  ( 0.000000000000000000, 1.000000000000000000, 0.000000000000000000 ) ) ;
#2361 = LINE ( 'NONE', #4176, #8152 ) ;
#2362 = VERTEX_POINT ( 'NONE', #2878 ) ;
#2363 = CARTESIAN_POINT ( 'NONE',  ( 0.1631211624294935103, 0.06712819375075448902, 0.000000000000000000 ) ) ;
#2364 = FACE_OUTER_BOUND ( 'NONE', #10195, .T. ) ;
#2365 = CARTESIAN_POINT ( 'NONE',  ( 0.08147333429707080688, 0.03637841479768149505, 0.000000000000000000 ) ) ;
#2366 = ORIENTED_EDGE ( 'NONE', *, *, #605, .F. ) ;
#2367 = ORIENTED_EDGE ( 'NONE', *, *, #11647, .T. ) ;
#2368 = ORIENTED_EDGE ( 'NONE', *, *, #11003, .F. ) ;
#2369 = CARTESIAN_POINT ( 'NONE',  ( 0.1131615436026759958, 0.7200000000000000844, 0.3200000000000000067 ) ) ;
#2370 = CARTESIAN_POINT ( 'NONE',  ( 0.2366831626601859639, -0.4661129598944389607, 0.4000000000000000222 ) ) ;
#2371 = CARTESIAN_POINT ( 'NONE',  ( 0.03252617467623630104, 0.03743922318909854996, 0.000000000000000000 ) ) ;
#2372 = CARTESIAN_POINT ( 'NONE',  ( 0.4000000000000000222, 0.7405531811372209061, 0.3973147252801209617 ) ) ;
#2373 = CARTESIAN_POINT ( 'NONE',  ( 0.1692965698667100172, -0.1813925120511919731, 0.5999999999999999778 ) ) ;
#2374 = ORIENTED_EDGE ( 'NONE', *, *, #9973, .T. ) ;
#2375 = EDGE_CURVE ( 'NONE', #9526, #3990, #8192, .T. ) ;
#2376 = CYLINDRICAL_SURFACE ( 'NONE', #6969, 0.0009827641783663469861 ) ;
#2377 = DIRECTION ( 'NONE',  ( 0.000000000000000000, 0.000000000000000000, -1.000000000000000000 ) ) ;
#2378 = ORIENTED_EDGE ( 'NONE', *, *, #11133, .F. ) ;
#2379 = ORIENTED_EDGE ( 'NONE', *, *, #5024, .T. ) ;
#2380 = VERTEX_POINT ( 'NONE', #1114 ) ;
#2381 = CIRCLE ( 'NONE', #9590, 0.08000000000000002942 ) ;
#2382 = CIRCLE ( 'NONE', #12470, 0.0007514218735937515381 ) ;
#2383 = DIRECTION ( 'NONE',  ( 0.2690124995812450681, 0.9631366855587272235, 0.000000000000000000 ) ) ;
#2384 = EDGE_CURVE ( 'NONE', #11157, #12636, #5061, .T. ) ;
#2385 = LINE ( 'NONE', #2453, #5495 ) ;
#2386 = DIRECTION ( 'NONE',  ( 0.000000000000000000, 0.000000000000000000, 1.000000000000000000 ) ) ;
#2387 = ORIENTED_EDGE ( 'NONE', *, *, #6514, .F. ) ;
#2388 = AXIS2_PLACEMENT_3D ( 'NONE', #10512, #1736, #9611 ) ;
#2389 = LINE ( 'NONE', #3364, #4747 ) ;
#2390 = DIRECTION ( 'NONE',  ( -1.000000000000000000, 0.000000000000000000, 0.000000000000000000 ) ) ;
#2391 = DIRECTION ( 'NONE',  ( 0.000000000000000000, 0.000000000000000000, -1.000000000000000000 ) ) ;
#2392 = ORIENTED_EDGE ( 'NONE', *, *, #5981, .T. ) ;
#2393 = EDGE_LOOP ( 'NONE', ( #10963, #11583, #2534, #12057 ) ) ;
#2394 = VECTOR ( 'NONE', #8022, 1000.000000000000000 ) ;
#2395 = ORIENTED_EDGE ( 'NONE', *, *, #7545, .T. ) ;
#2396 = AXIS2_PLACEMENT_3D ( 'NONE', #2319, #9093, #8254 ) ;
#2397 = AXIS2_PLACEMENT_3D ( 'NONE', #3089, #4785, #6712 ) ;
#2398 = EDGE_CURVE ( 'NONE', #8353, #3755, #12669, .T. ) ;
#2399 = CARTESIAN_POINT ( 'NONE',  ( 0.1131615436026759958, 0.7405531811372209061, 0.3973147252801209617 ) ) ;
#2400 = VECTOR ( 'NONE', #10026, 1000.000000000000000 ) ;
#2401 = DIRECTION ( 'NONE',  ( 0.000000000000000000, 0.000000000000000000, 1.000000000000000000 ) ) ;
#2402 = CARTESIAN_POINT ( 'NONE',  ( 0.8000000000000000444, 0.6612489735550610703, 0.07199926448865659467 ) ) ;
#2403 = UNCERTAINTY_MEASURE_WITH_UNIT (LENGTH_MEASURE( 1.000000000000000082E-05 ), #5202, 'distance_accuracy_value', 'NONE');
#2404 = ORIENTED_EDGE ( 'NONE', *, *, #6135, .T. ) ;
#2405 = DIRECTION ( 'NONE',  ( 1.000000000000000000, 0.000000000000000000, 0.000000000000000000 ) ) ;
#2406 = CARTESIAN_POINT ( 'NONE',  ( 0.7299999999999999822, -0.1900000000000000022, 0.1000000000000000056 ) ) ;
#2407 = LINE ( 'NONE', #11054, #6548 ) ;
#2408 = EDGE_LOOP ( 'NONE', ( #3043, #4815, #8433, #33, #11171, #9238 ) ) ;
#2409 = DIRECTION ( 'NONE',  ( 0.000000000000000000, 0.000000000000000000, -1.000000000000000000 ) ) ;
#2410 = CARTESIAN_POINT ( 'NONE',  ( 0.09334158133009319569, -0.6645957609276059719, 0.2834995524190850325 ) ) ;
#2411 = EDGE_CURVE ( 'NONE', #9956, #10340, #7778, .T. ) ;
#2412 = ADVANCED_FACE ( 'NONE', ( #8739 ), #11830, .F. ) ;
#2413 = VECTOR ( 'NONE', #3786, 1000.000000000000114 ) ;
#2414 = ORIENTED_EDGE ( 'NONE', *, *, #11877, .T. ) ;
#2415 = AXIS2_PLACEMENT_3D ( 'NONE', #2458, #8390, #12325 ) ;
#2416 = LINE ( 'NONE', #12161, #2182 ) ;
#2417 = EDGE_CURVE ( 'NONE', #6293, #4659, #2622, .T. ) ;
#2418 = EDGE_CURVE ( 'NONE', #7904, #6060, #9839, .T. ) ;
#2419 = CARTESIAN_POINT ( 'NONE',  ( -0.2366831626601859639, -0.7200000000000000844, 0.3200000000000000067 ) ) ;
#2420 = DIRECTION ( 'NONE',  ( 0.2725263565186060721, 0.9621483175699543366, 0.000000000000000000 ) ) ;
#2421 = CIRCLE ( 'NONE', #12308, 0.08000000000000002942 ) ;
#2422 = LINE ( 'NONE', #5217, #725 ) ;
#2423 = ORIENTED_EDGE ( 'NONE', *, *, #255, .T. ) ;
#2424 = CARTESIAN_POINT ( 'NONE',  ( 0.1350591374782403875, 0.06620965038194619179, 0.000000000000000000 ) ) ;
#2425 = CARTESIAN_POINT ( 'NONE',  ( 0.8000000000000000444, -0.6720850402994529293, 0.1320006705979399897 ) ) ;
#2426 = AXIS2_PLACEMENT_3D ( 'NONE', #1096, #4067, #9991 ) ;
#2427 = DIRECTION ( 'NONE',  ( -1.000000000000000000, 0.000000000000000000, 0.000000000000000000 ) ) ;
#2428 = AXIS2_PLACEMENT_3D ( 'NONE', #2071, #11932, #64 ) ;
#2429 = VERTEX_POINT ( 'NONE', #5852 ) ;
#2431 = ADVANCED_FACE ( 'NONE', ( #925 ), #4874, .T. ) ;
#2430 = ORIENTED_EDGE ( 'NONE', *, *, #9600, .F. ) ;
#2432 = ORIENTED_EDGE ( 'NONE', *, *, #587, .T. ) ;
#2433 = VECTOR ( 'NONE', #10440, 1000.000000000000114 ) ;
#2434 = CARTESIAN_POINT ( 'NONE',  ( 0.1394058957968996038, 0.03730632075204060039, 0.1000000000000000056 ) ) ;
#2435 = AXIS2_PLACEMENT_3D ( 'NONE', #10299, #292, #5222 ) ;
#2436 = AXIS2_PLACEMENT_3D ( 'NONE', #5021, #2960, #5155 ) ;
#2437 = DIRECTION ( 'NONE',  ( -0.8000000104689515279, -0.5999999860413978148, 0.000000000000000000 ) ) ;
#2438 = CARTESIAN_POINT ( 'NONE',  ( 0.08147333429707080688, 0.03637841479768149505, 0.1000000000000000056 ) ) ;
#2439 = FACE_OUTER_BOUND ( 'NONE', #8832, .T. ) ;
#2440 = DIRECTION ( 'NONE',  ( -0.0001324786253722609760, -0.9999999912247068412, 0.000000000000000000 ) ) ;
#2441 = AXIS2_PLACEMENT_3D ( 'NONE', #8440, #8558, #12430 ) ;
#2442 = ORIENTED_EDGE ( 'NONE', *, *, #8093, .T. ) ;
#2443 = DIRECTION ( 'NONE',  ( 1.000000000000000000, 0.000000000000000000, 0.000000000000000000 ) ) ;
#2444 = CARTESIAN_POINT ( 'NONE',  ( 0.3266446739591120085, 0.06542160229417839923, 0.000000000000000000 ) ) ;
#2445 = EDGE_LOOP ( 'NONE', ( #846, #12069, #5369, #7475, #792, #7174, #11730, #9732, #2064, #8268, #5493 ) ) ;
#2446 = AXIS2_PLACEMENT_3D ( 'NONE', #9691, #8660, #7830 ) ;
#2447 = ORIENTED_EDGE ( 'NONE', *, *, #12354, .T. ) ;
#2448 = EDGE_LOOP ( 'NONE', ( #3830, #2250, #2077, #8449 ) ) ;
#2449 = VECTOR ( 'NONE', #10411, 1000.000000000000000 ) ;
#2450 =( GEOMETRIC_REPRESENTATION_CONTEXT ( 3 ) GLOBAL_UNCERTAINTY_ASSIGNED_CONTEXT ( ( #479 ) ) GLOBAL_UNIT_ASSIGNED_CONTEXT ( ( #11065, #1265, #609 ) ) REPRESENTATION_CONTEXT ( 'NONE', 'WORKASPACE' ) );
#2451 = DIRECTION ( 'NONE',  ( 0.000000000000000000, 0.000000000000000000, 1.000000000000000000 ) ) ;
#2452 = ORIENTED_EDGE ( 'NONE', *, *, #9634, .T. ) ;
#2453 = CARTESIAN_POINT ( 'NONE',  ( -0.2750000000000000222, -0.6148757525095489562, -0.08968532705436679797 ) ) ;
#2454 = CARTESIAN_POINT ( 'NONE',  ( 0.1391033554679229900, 0.06085058474026610459, 0.000000000000000000 ) ) ;
#2455 = ORIENTED_EDGE ( 'NONE', *, *, #587, .F. ) ;
#2456 = AXIS2_PLACEMENT_3D ( 'NONE', #20, #3964, #7901 ) ;
#2457 = DIRECTION ( 'NONE',  ( 0.000000000000000000, 0.000000000000000000, -1.000000000000000000 ) ) ;
#2458 = CARTESIAN_POINT ( 'NONE',  ( 0.3692798389144609783, 0.03536773564385485569, 0.000000000000000000 ) ) ;
#2459 = DIRECTION ( 'NONE',  ( 0.000000000000000000, 0.000000000000000000, 1.000000000000000000 ) ) ;
#2460 = VERTEX_POINT ( 'NONE', #12741 ) ;
#2461 = VERTEX_POINT ( 'NONE', #8872 ) ;
#2462 = EDGE_LOOP ( 'NONE', ( #9710, #630, #4145, #10567 ) ) ;
#2463 = AXIS2_PLACEMENT_3D ( 'NONE', #8990, #10379, #3250 ) ;
#2464 = EDGE_CURVE ( 'NONE', #8934, #6158, #11774, .T. ) ;
#2465 = CARTESIAN_POINT ( 'NONE',  ( -0.1058682591426789860, 0.1661017834119890013, 0.5999999999999999778 ) ) ;
#2466 = CYLINDRICAL_SURFACE ( 'NONE', #3057, 0.002285570146055603165 ) ;
#2467 = DIRECTION ( 'NONE',  ( 0.000000000000000000, 0.7071067811865482389, 0.7071067811865467956 ) ) ;
#2468 = DIRECTION ( 'NONE',  ( 0.000000000000000000, 0.000000000000000000, 1.000000000000000000 ) ) ;
#2469 = ORIENTED_EDGE ( 'NONE', *, *, #11221, .F. ) ;
#2470 = CARTESIAN_POINT ( 'NONE',  ( -0.004222912608168378178, -0.09744290549092955722, 0.6099999999999999867 ) ) ;
#2471 = FACE_OUTER_BOUND ( 'NONE', #2795, .T. ) ;
#2472 = DIRECTION ( 'NONE',  ( 0.000000000000000000, 0.000000000000000000, 1.000000000000000000 ) ) ;
#2473 = ORIENTED_EDGE ( 'NONE', *, *, #1219, .T. ) ;
#2474 = CYLINDRICAL_SURFACE ( 'NONE', #381, 0.08000000000000002942 ) ;
#2475 = AXIS2_PLACEMENT_3D ( 'NONE', #579, #643, #12520 ) ;
#2476 = EDGE_LOOP ( 'NONE', ( #1797, #12098, #1193, #12343 ) ) ;
#2477 = EDGE_CURVE ( 'NONE', #205, #10594, #3913, .T. ) ;
#2478 = CYLINDRICAL_SURFACE ( 'NONE', #3835, 0.003217860069563214468 ) ;
#2479 = DIRECTION ( 'NONE',  ( 0.000000000000000000, 0.000000000000000000, -1.000000000000000000 ) ) ;
#2480 = AXIS2_PLACEMENT_3D ( 'NONE', #8189, #7043, #5368 ) ;
#2481 = DIRECTION ( 'NONE',  ( -0.003291678434346405335, -0.9999945824118673388, 0.000000000000000000 ) ) ;
#2482 = ADVANCED_FACE ( 'NONE', ( #6875 ), #2097, .T. ) ;
#2483 = DIRECTION ( 'NONE',  ( -1.000000000000000000, 0.000000000000000000, 0.000000000000000000 ) ) ;
#2484 = DIRECTION ( 'NONE',  ( 0.000000000000000000, 0.000000000000000000, 1.000000000000000000 ) ) ;
#2485 = EDGE_CURVE ( 'NONE', #6293, #7001, #5917, .T. ) ;
#2486 = ORIENTED_EDGE ( 'NONE', *, *, #12425, .T. ) ;
#2487 = CARTESIAN_POINT ( 'NONE',  ( 0.7018290623389680238, 0.09500000000000000111, 0.000000000000000000 ) ) ;
#2488 = CARTESIAN_POINT ( 'NONE',  ( 0.2150259140407244918, 0.09821168822973509738, 0.000000000000000000 ) ) ;
#2489 = CARTESIAN_POINT ( 'NONE',  ( -0.7800000000000000266, -0.1225276258470749946, 0.000000000000000000 ) ) ;
#2490 = DIRECTION ( 'NONE',  ( -1.000000000000000000, 1.224646799147355672E-16, 0.000000000000000000 ) ) ;
#2491 = ORIENTED_EDGE ( 'NONE', *, *, #11633, .T. ) ;
#2492 = VERTEX_POINT ( 'NONE', #998 ) ;
#2493 = EDGE_CURVE ( 'NONE', #1644, #6613, #4944, .T. ) ;
#2494 = ADVANCED_FACE ( 'NONE', ( #7967 ), #11898, .F. ) ;
#2495 = ORIENTED_EDGE ( 'NONE', *, *, #1474, .F. ) ;
#2496 = VECTOR ( 'NONE', #7658, 1000.000000000000000 ) ;
#2497 = EDGE_CURVE ( 'NONE', #8509, #788, #4158, .T. ) ;
#2498 = DIRECTION ( 'NONE',  ( -1.000000000000000000, 0.000000000000000000, 0.000000000000000000 ) ) ;
#2499 = DIRECTION ( 'NONE',  ( 1.000000000000000000, 0.000000000000000000, 0.000000000000000000 ) ) ;
#2500 = FACE_OUTER_BOUND ( 'NONE', #3484, .T. ) ;
#2501 = EDGE_CURVE ( 'NONE', #12439, #1867, #8397, .T. ) ;
#2502 = DIRECTION ( 'NONE',  ( 1.000000000000000000, 0.000000000000000000, 0.000000000000000000 ) ) ;
#2503 = VECTOR ( 'NONE', #4033, 1000.000000000000000 ) ;
#2504 = CARTESIAN_POINT ( 'NONE',  ( 0.3454662753161740207, 0.03316537007306775281, 0.1000000000000000056 ) ) ;
#2505 = ORIENTED_EDGE ( 'NONE', *, *, #9756, .F. ) ;
#2506 = CARTESIAN_POINT ( 'NONE',  ( 0.2366831626601859639, 0.7145957609276060163, 0.4000000000000000222 ) ) ;
#2507 = CARTESIAN_POINT ( 'NONE',  ( 0.1131615436026759958, -0.8000000000000000444, 0.3200000000000000067 ) ) ;
#2508 = EDGE_LOOP ( 'NONE', ( #9495, #12652, #8764, #7596 ) ) ;
#2509 = ORIENTED_EDGE ( 'NONE', *, *, #7919, .F. ) ;
#2510 = ORIENTED_EDGE ( 'NONE', *, *, #10287, .T. ) ;
#2511 = EDGE_LOOP ( 'NONE', ( #7917, #707, #5, #2911, #11751 ) ) ;
#2512 = COLOUR_RGB ( '',0.9803921568627450567, 0.8862745098039215286, 0.6784313725490196401 ) ;
#2513 = DIRECTION ( 'NONE',  ( 0.000000000000000000, 0.000000000000000000, 1.000000000000000000 ) ) ;
#2514 = FACE_OUTER_BOUND ( 'NONE', #2241, .T. ) ;
#2515 = FACE_OUTER_BOUND ( 'NONE', #2508, .T. ) ;
#2516 = DIRECTION ( 'NONE',  ( -0.9128541174566361383, -0.4082858805328270502, 0.000000000000000000 ) ) ;
#2517 = EDGE_LOOP ( 'NONE', ( #11410, #9980, #604, #1687 ) ) ;
#2518 = VECTOR ( 'NONE', #254, 1000.000000000000000 ) ;
#2519 = DIRECTION ( 'NONE',  ( -0.9620395068935422289, 0.2729102181598012100, 0.000000000000000000 ) ) ;
#2520 = CARTESIAN_POINT ( 'NONE',  ( -0.4000000000000000222, -0.8000000000000000444, 0.2834995524190850325 ) ) ;
#2521 = CARTESIAN_POINT ( 'NONE',  ( -0.8000000000000000444, -0.7200000000000000844, 0.3200000000000000067 ) ) ;
#2522 = EDGE_LOOP ( 'NONE', ( #6985, #7814, #12091, #1095 ) ) ;
#2523 = VERTEX_POINT ( 'NONE', #2399 ) ;
#2524 = DIRECTION ( 'NONE',  ( 1.000000000000000000, 0.000000000000000000, 0.000000000000000000 ) ) ;
#2525 = VERTEX_POINT ( 'NONE', #4341 ) ;
#2526 =( NAMED_UNIT ( * ) SI_UNIT ( $, .STERADIAN. ) SOLID_ANGLE_UNIT ( ) );
#2527 = CARTESIAN_POINT ( 'NONE',  ( 0.3289749507227605063, 0.06731460588542299839, 0.000000000000000000 ) ) ;
#2528 = FACE_OUTER_BOUND ( 'NONE', #9613, .T. ) ;
#2529 = CARTESIAN_POINT ( 'NONE',  ( 0.3540429768304100278, 0.05526198454102550228, 0.1000000000000000056 ) ) ;
#2530 = EDGE_LOOP ( 'NONE', ( #5057, #12538, #3417, #8012 ) ) ;
#2531 = CARTESIAN_POINT ( 'NONE',  ( 0.3247421682507374840, 0.08681255800184049798, 0.000000000000000000 ) ) ;
#2532 = CARTESIAN_POINT ( 'NONE',  ( -0.7680176002228089605, -0.1000000000000000056, 0.000000000000000000 ) ) ;
#2533 = CARTESIAN_POINT ( 'NONE',  ( 0.09232106894536511177, 0.05600562988008439547, 0.000000000000000000 ) ) ;
#2534 = ORIENTED_EDGE ( 'NONE', *, *, #1525, .F. ) ;
#2535 = EDGE_CURVE ( 'NONE', #7722, #7166, #10444, .T. ) ;
#2536 = CYLINDRICAL_SURFACE ( 'NONE', #3966, 0.003066740010375757202 ) ;
#2537 = ORIENTED_EDGE ( 'NONE', *, *, #664, .F. ) ;
#2538 = CARTESIAN_POINT ( 'NONE',  ( 0.000000000000000000, 0.000000000000000000, 0.8699999999999999956 ) ) ;
#2539 = DIRECTION ( 'NONE',  ( 1.000000000000000000, 0.000000000000000000, 0.000000000000000000 ) ) ;
#2540 = CARTESIAN_POINT ( 'NONE',  ( -0.08226357805285371139, -0.1689970804587989928, 0.6099999999999999867 ) ) ;
#2541 = CARTESIAN_POINT ( 'NONE',  ( 0.2750000000000000222, 0.8000000000000000444, 0.08000000000000000167 ) ) ;
#2542 = CARTESIAN_POINT ( 'NONE',  ( 0.1131615436026759958, 0.7487881638449269683, 0.4292252843472340040 ) ) ;
#2543 = ORIENTED_EDGE ( 'NONE', *, *, #10072, .T. ) ;
#2544 = DIRECTION ( 'NONE',  ( 1.000000000000000000, 0.000000000000000000, 0.000000000000000000 ) ) ;
#2545 = EDGE_CURVE ( 'NONE', #4595, #2618, #11912, .T. ) ;
#2546 = PLANE ( 'NONE',  #8814 ) ;
#2547 = UNCERTAINTY_MEASURE_WITH_UNIT (LENGTH_MEASURE( 1.000000000000000082E-05 ), #227, 'distance_accuracy_value', 'NONE');
#2548 = DIRECTION ( 'NONE',  ( 1.000000000000000000, 0.000000000000000000, 0.000000000000000000 ) ) ;
#2549 = DIRECTION ( 'NONE',  ( -0.003267179206177231367, 0.9999946627557743106, 0.000000000000000000 ) ) ;
#2550 = ORIENTED_EDGE ( 'NONE', *, *, #5269, .F. ) ;
#2551 = ORIENTED_EDGE ( 'NONE', *, *, #5855, .F. ) ;
#2552 = ORIENTED_EDGE ( 'NONE', *, *, #5816, .F. ) ;
#2553 = ADVANCED_FACE ( 'NONE', ( #6097 ), #5201, .T. ) ;
#2554 = DIRECTION ( 'NONE',  ( 0.000000000000000000, 0.000000000000000000, 1.000000000000000000 ) ) ;
#2555 = FILL_AREA_STYLE_COLOUR ( '', #12689 ) ;
#2556 = FACE_OUTER_BOUND ( 'NONE', #694, .T. ) ;
#2557 = DIRECTION ( 'NONE',  ( 0.000000000000000000, 1.000000000000000000, 0.000000000000000000 ) ) ;
#2558 = DIRECTION ( 'NONE',  ( 0.000000000000000000, 0.000000000000000000, -1.000000000000000000 ) ) ;
#2559 = EDGE_CURVE ( 'NONE', #6695, #9329, #7372, .T. ) ;
#2560 = DIRECTION ( 'NONE',  ( 1.000000000000000000, 0.000000000000000000, 0.000000000000000000 ) ) ;
#2561 = ORIENTED_EDGE ( 'NONE', *, *, #8870, .F. ) ;
#2562 = DIRECTION ( 'NONE',  ( 0.000000000000000000, 0.000000000000000000, 1.000000000000000000 ) ) ;
#2563 = CARTESIAN_POINT ( 'NONE',  ( 0.3577131917521730320, 0.05991968665045279557, 0.000000000000000000 ) ) ;
#2564 = ORIENTED_EDGE ( 'NONE', *, *, #8657, .T. ) ;
#2565 = ORIENTED_EDGE ( 'NONE', *, *, #9753, .F. ) ;
#2566 = VERTEX_POINT ( 'NONE', #9246 ) ;
#2567 = EDGE_CURVE ( 'NONE', #10111, #10897, #6231, .T. ) ;
#2568 = ADVANCED_FACE ( 'NONE', ( #1306 ), #1439, .T. ) ;
#2569 = EDGE_LOOP ( 'NONE', ( #7792, #10732, #12558, #6277, #10501, #8569, #3903, #2753, #8316, #8658, #307, #10320 ) ) ;
#2570 = DIRECTION ( 'NONE',  ( 0.000000000000000000, 0.000000000000000000, -1.000000000000000000 ) ) ;
#2571 = EDGE_CURVE ( 'NONE', #6298, #6913, #8216, .T. ) ;
#2572 = CARTESIAN_POINT ( 'NONE',  ( 0.1692965698667100172, 0.2613925120511920164, 0.5999999999999999778 ) ) ;
#2573 = EDGE_CURVE ( 'NONE', #6011, #8208, #12205, .T. ) ;
#2574 = VECTOR ( 'NONE', #1031, 1000.000000000000114 ) ;
#2575 = DIRECTION ( 'NONE',  ( 1.000000000000000000, 0.000000000000000000, 0.000000000000000000 ) ) ;
#2576 = LINE ( 'NONE', #4389, #11475 ) ;
#2577 = VERTEX_POINT ( 'NONE', #3318 ) ;
#2578 = DIRECTION ( 'NONE',  ( -0.9338516162028061007, -0.3576606756625712036, 0.000000000000000000 ) ) ;
#2579 = CARTESIAN_POINT ( 'NONE',  ( 0.1030266751999047992, 0.06696640993696839628, 0.000000000000000000 ) ) ;
#2580 = CARTESIAN_POINT ( 'NONE',  ( 0.7299999999999999822, 0.1900000000000000022, 0.000000000000000000 ) ) ;
#2581 = ORIENTED_EDGE ( 'NONE', *, *, #12353, .T. ) ;
#2582 = ORIENTED_EDGE ( 'NONE', *, *, #12074, .T. ) ;
#2583 = PRESENTATION_LAYER_ASSIGNMENT (  '', '', ( #7130 ) ) ;
#2584 = AXIS2_PLACEMENT_3D ( 'NONE', #4855, #2788, #5776 ) ;
#2585 = SHAPE_REPRESENTATION_RELATIONSHIP ( 'NONE' , 'NONE' ,  #784, #1068 ) ;
#2586 = VERTEX_POINT ( 'NONE', #8036 ) ;
#2587 = EDGE_CURVE ( 'NONE', #12394, #12159, #270, .T. ) ;
#2588 = AXIS2_PLACEMENT_3D ( 'NONE', #231, #10226, #5152 ) ;
#2589 = CARTESIAN_POINT ( 'NONE',  ( 0.2372937532905824987, 0.03403797429745984704, 0.000000000000000000 ) ) ;
#2590 = CIRCLE ( 'NONE', #7337, 0.07999999999999998779 ) ;
#2591 = AXIS2_PLACEMENT_3D ( 'NONE', #10654, #8527, #4739 ) ;
#2592 = LINE ( 'NONE', #911, #945 ) ;
#2593 = DIRECTION ( 'NONE',  ( -0.4472136033030539304, -0.8944271870983679928, 0.000000000000000000 ) ) ;
#2594 = ORIENTED_EDGE ( 'NONE', *, *, #2326, .F. ) ;
#2595 = AXIS2_PLACEMENT_3D ( 'NONE', #9139, #7210, #6372 ) ;
#2596 = CARTESIAN_POINT ( 'NONE',  ( 0.8000000000000000444, 0.7405531811372209061, 0.3973147252801209617 ) ) ;
#2597 = DIRECTION ( 'NONE',  ( 0.4082858805325862428, -0.9128541174567438299, 0.000000000000000000 ) ) ;
#2598 = CARTESIAN_POINT ( 'NONE',  ( -0.3081987717257729797, 0.1661017834119890013, 0.5999999999999999778 ) ) ;
#2599 = ORIENTED_EDGE ( 'NONE', *, *, #988, .T. ) ;
#2600 = SURFACE_SIDE_STYLE ('',( #5460 ) ) ;
#2601 = AXIS2_PLACEMENT_3D ( 'NONE', #7494, #12513, #5688 ) ;
#2602 = VERTEX_POINT ( 'NONE', #2219 ) ;
#2603 = DIRECTION ( 'NONE',  ( 0.000000000000000000, 0.000000000000000000, 1.000000000000000000 ) ) ;
#2604 = AXIS2_PLACEMENT_3D ( 'NONE', #5254, #12267, #9179 ) ;
#2605 = ADVANCED_FACE ( 'NONE', ( #7250 ), #6167, .T. ) ;
#2606 = PLANE ( 'NONE',  #5364 ) ;
#2607 = DIRECTION ( 'NONE',  ( 1.000000000000000000, 0.000000000000000000, 0.000000000000000000 ) ) ;
#2608 = DIRECTION ( 'NONE',  ( -0.9638052351618044966, 0.2666073304969288627, 0.000000000000000000 ) ) ;
#2609 = DIRECTION ( 'NONE',  ( 0.000000000000000000, 0.000000000000000000, 1.000000000000000000 ) ) ;
#2610 = ORIENTED_EDGE ( 'NONE', *, *, #9258, .T. ) ;
#2611 = CARTESIAN_POINT ( 'NONE',  ( 0.000000000000000000, 0.000000000000000000, 0.9000000000000000222 ) ) ;
#2612 = FACE_OUTER_BOUND ( 'NONE', #12695, .T. ) ;
#2614 = VECTOR ( 'NONE', #5634, 1000.000000000000000 ) ;
#2613 = DIRECTION ( 'NONE',  ( 0.000000000000000000, 1.000000000000000000, 0.000000000000000000 ) ) ;
#2615 = LINE ( 'NONE', #8615, #11713 ) ;
#2616 = VERTEX_POINT ( 'NONE', #11177 ) ;
#2617 = VECTOR ( 'NONE', #12603, 1000.000000000000000 ) ;
#2618 = VERTEX_POINT ( 'NONE', #10274 ) ;
#2619 = ORIENTED_EDGE ( 'NONE', *, *, #4888, .T. ) ;
#2620 = PLANE ( 'NONE',  #9075 ) ;
#2621 = EDGE_CURVE ( 'NONE', #2311, #12636, #8094, .T. ) ;
#2622 = CIRCLE ( 'NONE', #12514, 0.05000000000000002359 ) ;
#2623 = CARTESIAN_POINT ( 'NONE',  ( 0.2595759015912019740, 0.05621637521314030300, 0.000000000000000000 ) ) ;
#2624 = AXIS2_PLACEMENT_3D ( 'NONE', #7783, #9904, #8937 ) ;
#2625 = DIRECTION ( 'NONE',  ( 0.000000000000000000, -1.000000000000000000, 0.000000000000000000 ) ) ;
#2626 = CARTESIAN_POINT ( 'NONE',  ( 0.2054260905944104987, 0.06828907263315558973, 0.1000000000000000056 ) ) ;
#2627 = CARTESIAN_POINT ( 'NONE',  ( -0.7800000000000000266, 0.1000000000000000056, 0.05000000000000000278 ) ) ;
#2628 = AXIS2_PLACEMENT_3D ( 'NONE', #4277, #3131, #2287 ) ;
#2629 = LINE ( 'NONE', #5556, #11055 ) ;
#2630 = ORIENTED_EDGE ( 'NONE', *, *, #12396, .T. ) ;
#2631 = CARTESIAN_POINT ( 'NONE',  ( 0.1132782499023349959, -0.7111815246139390201, 0.2834995524190850325 ) ) ;
#2632 = DIRECTION ( 'NONE',  ( 1.000000000000000000, 0.000000000000000000, 0.000000000000000000 ) ) ;
#2633 = VERTEX_POINT ( 'NONE', #215 ) ;
#2634 = ORIENTED_EDGE ( 'NONE', *, *, #10253, .F. ) ;
#2635 = AXIS2_PLACEMENT_3D ( 'NONE', #8513, #5819, #2842 ) ;
#2636 = VERTEX_POINT ( 'NONE', #3187 ) ;
#2637 = AXIS2_PLACEMENT_3D ( 'NONE', #4432, #1531, #8371 ) ;
#2638 = ORIENTED_EDGE ( 'NONE', *, *, #4616, .F. ) ;
#2639 = CIRCLE ( 'NONE', #7815, 0.05000000000000001665 ) ;
#2640 = ADVANCED_FACE ( 'NONE', ( #7119 ), #6284, .T. ) ;
#2641 = CARTESIAN_POINT ( 'NONE',  ( 0.1513885354341329703, -0.2613925120511920164, 0.5999999999999999778 ) ) ;
#2642 = VECTOR ( 'NONE', #164, 1000.000000000000000 ) ;
#2643 = DIRECTION ( 'NONE',  ( 0.000000000000000000, 0.000000000000000000, 1.000000000000000000 ) ) ;
#2644 = CIRCLE ( 'NONE', #7813, 0.002309002283336440784 ) ;
#2645 = EDGE_CURVE ( 'NONE', #2566, #3321, #5323, .T. ) ;
#2646 = CARTESIAN_POINT ( 'NONE',  ( 0.09900484108265759919, 0.06626468645325789275, 0.000000000000000000 ) ) ;
#2647 = CARTESIAN_POINT ( 'NONE',  ( 0.2537158391299715321, 0.03568111076796545017, 0.000000000000000000 ) ) ;
#2648 = ORIENTED_EDGE ( 'NONE', *, *, #7020, .F. ) ;
#2649 = ADVANCED_FACE ( 'NONE', ( #4399 ), #2466, .F. ) ;
#2650 = DIRECTION ( 'NONE',  ( 0.9999997812482301907, -0.0006614404672198490823, 0.000000000000000000 ) ) ;
#2651 = DIRECTION ( 'NONE',  ( 0.000000000000000000, 0.000000000000000000, 1.000000000000000000 ) ) ;
#2652 = AXIS2_PLACEMENT_3D ( 'NONE', #4754, #9711, #6492 ) ;
#2653 = PLANE ( 'NONE',  #7033 ) ;
#2654 = VERTEX_POINT ( 'NONE', #1937 ) ;
#2655 = VERTEX_POINT ( 'NONE', #8333 ) ;
#2656 = AXIS2_PLACEMENT_3D ( 'NONE', #3794, #10560, #8627 ) ;
#2657 = APPLICATION_PROTOCOL_DEFINITION ( 'draft international standard', 'automotive_design', 1998, #8382 ) ;
#2658 = EDGE_LOOP ( 'NONE', ( #11076, #9593, #2078, #6654 ) ) ;
#2659 = ADVANCED_FACE ( 'NONE', ( #9739 ), #8649, .F. ) ;
#2660 = EDGE_CURVE ( 'NONE', #129, #10004, #11607, .T. ) ;
#2661 = AXIS2_PLACEMENT_3D ( 'NONE', #5859, #10741, #3008 ) ;
#2662 = AXIS2_PLACEMENT_3D ( 'NONE', #7068, #4104, #8041 ) ;
#2663 = CARTESIAN_POINT ( 'NONE',  ( 0.1161643973624987836, 0.04105864155184475034, 0.1000000000000000056 ) ) ;
#2664 = ADVANCED_FACE ( 'NONE', ( #2917 ), #7683, .F. ) ;
#2665 = CARTESIAN_POINT ( 'NONE',  ( 0.000000000000000000, 0.000000000000000000, 0.6099999999999999867 ) ) ;
#2666 = FACE_OUTER_BOUND ( 'NONE', #10742, .T. ) ;
#2667 = EDGE_LOOP ( 'NONE', ( #6325, #844, #8375, #407, #7678 ) ) ;
#2668 = LINE ( 'NONE', #10589, #5154 ) ;
#2669 = CARTESIAN_POINT ( 'NONE',  ( 0.06182383598323769325, 0.03567202328416280155, 0.000000000000000000 ) ) ;
#2670 = CYLINDRICAL_SURFACE ( 'NONE', #11278, 0.002309002283336440784 ) ;
#2671 = ORIENTED_EDGE ( 'NONE', *, *, #8069, .T. ) ;
#2672 = AXIS2_PLACEMENT_3D ( 'NONE', #6740, #12740, #4812 ) ;
#2673 =( NAMED_UNIT ( * ) PLANE_ANGLE_UNIT ( ) SI_UNIT ( $, .RADIAN. ) );
#2674 = AXIS2_PLACEMENT_3D ( 'NONE', #4201, #1170, #4146 ) ;
#2675 = VERTEX_POINT ( 'NONE', #1808 ) ;
#2676 = DIRECTION ( 'NONE',  ( -1.000000000000000000, 0.000000000000000000, 0.000000000000000000 ) ) ;
#2677 = DIRECTION ( 'NONE',  ( -0.2761959430323168707, -0.9611013479610197585, 0.000000000000000000 ) ) ;
#2678 = DIRECTION ( 'NONE',  ( -1.000000000000000000, 0.000000000000000000, 0.000000000000000000 ) ) ;
#2679 = DIRECTION ( 'NONE',  ( 0.0003097918540415429056, 0.9999999520145024245, 0.000000000000000000 ) ) ;
#2680 = VERTEX_POINT ( 'NONE', #459 ) ;
#2681 = AXIS2_PLACEMENT_3D ( 'NONE', #1016, #5738, #3732 ) ;
#2682 = CARTESIAN_POINT ( 'NONE',  ( 0.2223753670193565068, 0.03592087229841244705, 0.000000000000000000 ) ) ;
#2683 = DIRECTION ( 'NONE',  ( -0.9608438324685008025, 0.2770904718810153211, 0.000000000000000000 ) ) ;
#2684 = FACE_OUTER_BOUND ( 'NONE', #9316, .T. ) ;
#2685 = CARTESIAN_POINT ( 'NONE',  ( 0.2831216414384599700, 0.06709047772504089791, 0.000000000000000000 ) ) ;
#2686 = EDGE_LOOP ( 'NONE', ( #7181, #2324, #8072, #8638 ) ) ;
#2687 = ORIENTED_EDGE ( 'NONE', *, *, #8334, .F. ) ;
#2688 = DIRECTION ( 'NONE',  ( 0.000000000000000000, 0.000000000000000000, -1.000000000000000000 ) ) ;
#2689 = CONICAL_SURFACE ( 'NONE', #7428, 0.4449999999999999512, 0.7853981634000002376 ) ;
#2690 = CARTESIAN_POINT ( 'NONE',  ( 0.000000000000000000, 0.000000000000000000, 0.8699999999999999956 ) ) ;
#2691 = CARTESIAN_POINT ( 'NONE',  ( 0.4000000000000000222, 0.7200000000000000844, 0.3200000000000000067 ) ) ;
#2692 = CYLINDRICAL_SURFACE ( 'NONE', #798, 0.04999999999999999584 ) ;
#2693 = LINE ( 'NONE', #4571, #12465 ) ;
#2694 = VERTEX_POINT ( 'NONE', #8711 ) ;
#2695 = DIRECTION ( 'NONE',  ( 0.000000000000000000, 0.000000000000000000, 1.000000000000000000 ) ) ;
#2696 = LINE ( 'NONE', #10500, #10641 ) ;
#2697 = ORIENTED_EDGE ( 'NONE', *, *, #7994, .T. ) ;
#2698 = CARTESIAN_POINT ( 'NONE',  ( 0.1131615436026759958, -0.7145957609276060163, 0.2967297185801399673 ) ) ;
#2699 = EDGE_CURVE ( 'NONE', #3577, #5782, #5322, .T. ) ;
#2700 = DIRECTION ( 'NONE',  ( 1.000000000000000000, 0.000000000000000000, 0.000000000000000000 ) ) ;
#2701 = ORIENTED_EDGE ( 'NONE', *, *, #4958, .T. ) ;
#2702 = ORIENTED_EDGE ( 'NONE', *, *, #10573, .T. ) ;
#2703 = VERTEX_POINT ( 'NONE', #4840 ) ;
#2704 = VERTEX_POINT ( 'NONE', #1499 ) ;
#2705 = AXIS2_PLACEMENT_3D ( 'NONE', #8547, #9576, #4561 ) ;
#2706 = DIRECTION ( 'NONE',  ( 0.4653753323071734282, -0.8851134391025751169, 0.000000000000000000 ) ) ;
#2707 = DIRECTION ( 'NONE',  ( 0.000000000000000000, 0.000000000000000000, -1.000000000000000000 ) ) ;
#2708 = CARTESIAN_POINT ( 'NONE',  ( 0.2584796253053975312, 0.03277019182142075493, 0.000000000000000000 ) ) ;
#2709 = DIRECTION ( 'NONE',  ( -0.3162277577404050133, -0.9486833008093248365, 0.000000000000000000 ) ) ;
#2710 = ORIENTED_EDGE ( 'NONE', *, *, #12545, .F. ) ;
#2711 = CARTESIAN_POINT ( 'NONE',  ( 0.1132004608466073842, 0.7123180523633572125, 0.2879035975964101546 ) ) ;
#2712 = LINE ( 'NONE', #6656, #12726 ) ;
#2713 = EDGE_CURVE ( 'NONE', #10237, #7034, #3432, .T. ) ;
#2714 = CARTESIAN_POINT ( 'NONE',  ( 0.1131615436026759958, 0.7200000000000000844, 0.4000000000000000222 ) ) ;
#2715 = VERTEX_POINT ( 'NONE', #9682 ) ;
#2716 = ORIENTED_EDGE ( 'NONE', *, *, #3833, .F. ) ;
#2717 = PLANE ( 'NONE',  #9656 ) ;
#2718 = AXIS2_PLACEMENT_3D ( 'NONE', #8750, #5249, #1856 ) ;
#2719 = PRODUCT_CONTEXT ( 'NONE', #12345, 'mechanical' ) ;
#2720 = EDGE_LOOP ( 'NONE', ( #3341, #11213, #5710, #3719 ) ) ;
#2721 = AXIS2_PLACEMENT_3D ( 'NONE', #5924, #1850, #4954 ) ;
#2722 = EDGE_CURVE ( 'NONE', #9133, #4972, #10710, .T. ) ;
#2723 = EDGE_CURVE ( 'NONE', #10514, #476, #3877, .T. ) ;
#2724 = CARTESIAN_POINT ( 'NONE',  ( 0.4000000000000000222, -4.898587196589413075E-17, 0.5100000000000000089 ) ) ;
#2725 = CIRCLE ( 'NONE', #252, 0.08000000000000002942 ) ;
#2726 = COLOUR_RGB ( '',0.2862745098039215508, 0.2862745098039215508, 0.2862745098039215508 ) ;
#2727 = CARTESIAN_POINT ( 'NONE',  ( 0.8000000000000000444, -0.7112489735550608927, 0.2334995524190849880 ) ) ;
#2728 = ADVANCED_FACE ( 'NONE', ( #4782 ), #12640, .T. ) ;
#2729 = LINE ( 'NONE', #10587, #6318 ) ;
#2730 = ORIENTED_EDGE ( 'NONE', *, *, #4395, .F. ) ;
#2731 = EDGE_CURVE ( 'NONE', #10759, #10506, #1879, .T. ) ;
#2732 = CARTESIAN_POINT ( 'NONE',  ( 0.2366831626601859639, -0.8000000000000000444, 0.2000000000000000111 ) ) ;
#2733 = CARTESIAN_POINT ( 'NONE',  ( 0.5000000000000000000, 6.123233995736766036E-17, 0.7205211221380689590 ) ) ;
#2734 = EDGE_CURVE ( 'NONE', #5961, #1578, #8402, .T. ) ;
#2735 = DIRECTION ( 'NONE',  ( 0.000000000000000000, 0.7071067811865482389, -0.7071067811865467956 ) ) ;
#2736 = VERTEX_POINT ( 'NONE', #10391 ) ;
#2737 = DIRECTION ( 'NONE',  ( -0.08511587113604764110, -0.9963710596362942429, 0.000000000000000000 ) ) ;
#2738 = ORIENTED_EDGE ( 'NONE', *, *, #4552, .F. ) ;
#2739 = EDGE_CURVE ( 'NONE', #12090, #11433, #5759, .T. ) ;
#2740 = EDGE_CURVE ( 'NONE', #59, #9310, #4496, .T. ) ;
#2741 = DIRECTION ( 'NONE',  ( -0.8578616638656794136, 0.5138806920576098891, 0.000000000000000000 ) ) ;
#2742 = DIRECTION ( 'NONE',  ( 1.000000000000000000, 0.000000000000000000, 0.000000000000000000 ) ) ;
#2743 = DIRECTION ( 'NONE',  ( -0.002558394512691781683, 0.9999967273034034987, 0.000000000000000000 ) ) ;
#2744 = DIRECTION ( 'NONE',  ( -0.6045378097511919790, 0.7965764474180940802, 0.000000000000000000 ) ) ;
#2745 = EDGE_CURVE ( 'NONE', #8677, #563, #6767, .T. ) ;
#2746 = DIRECTION ( 'NONE',  ( -1.000000000000000000, 0.000000000000000000, 0.000000000000000000 ) ) ;
#2747 = VERTEX_POINT ( 'NONE', #2527 ) ;
#2748 = EDGE_CURVE ( 'NONE', #9731, #1600, #11672, .T. ) ;
#2749 = CARTESIAN_POINT ( 'NONE',  ( 0.2558220416522875018, 0.03277019182142075493, 0.1000000000000000056 ) ) ;
#2750 = DIRECTION ( 'NONE',  ( -0.9625001767075089809, 0.2712810532234311012, 0.000000000000000000 ) ) ;
#2751 = CARTESIAN_POINT ( 'NONE',  ( 0.3724934832593844725, 0.02632653573052175233, 0.1000000000000000056 ) ) ;
#2752 = CARTESIAN_POINT ( 'NONE',  ( -0.3852484646572160165, 0.1076272292649859824, 0.5999999999999999778 ) ) ;
#2753 = ORIENTED_EDGE ( 'NONE', *, *, #11249, .F. ) ;
#2754 = PRODUCT_DEFINITION_SHAPE ( 'NONE', 'NONE',  #2796 ) ;
#2755 = ORIENTED_EDGE ( 'NONE', *, *, #3421, .F. ) ;
#2756 = EDGE_CURVE ( 'NONE', #9861, #10751, #7820, .T. ) ;
#2757 = CARTESIAN_POINT ( 'NONE',  ( 0.3259544815329459833, 0.03764021005716109564, 0.1000000000000000056 ) ) ;
#2758 = FACE_OUTER_BOUND ( 'NONE', #9366, .T. ) ;
#2759 = CARTESIAN_POINT ( 'NONE',  ( 0.2750000000000000222, 0.7046741902800309765, 0.2582836310259130075 ) ) ;
#2760 = CARTESIAN_POINT ( 'NONE',  ( -0.2750000000000000222, -0.8000000000000000444, 0.08000000000000000167 ) ) ;
#2761 = DIRECTION ( 'NONE',  ( -0.9999999421525317400, -0.0003401395789664259529, 0.000000000000000000 ) ) ;
#2762 = CARTESIAN_POINT ( 'NONE',  ( 0.1131615436026759958, 0.7765685424949239080, 0.3765685424949237747 ) ) ;
#2763 = ORIENTED_EDGE ( 'NONE', *, *, #10071, .T. ) ;
#2764 = DIRECTION ( 'NONE',  ( -1.000000000000000000, 0.000000000000000000, 0.000000000000000000 ) ) ;
#2765 = DIRECTION ( 'NONE',  ( -1.000000000000000000, 0.000000000000000000, 0.000000000000000000 ) ) ;
#2766 = ORIENTED_EDGE ( 'NONE', *, *, #12303, .T. ) ;
#2767 = ORIENTED_EDGE ( 'NONE', *, *, #5985, .T. ) ;
#2768 = ORIENTED_EDGE ( 'NONE', *, *, #1778, .F. ) ;
#2769 = VERTEX_POINT ( 'NONE', #10827 ) ;
#2770 = CARTESIAN_POINT ( 'NONE',  ( 0.1131615436026759958, 0.7200000000000000844, 0.3200000000000000067 ) ) ;
#2771 = DIRECTION ( 'NONE',  ( 0.000000000000000000, 0.000000000000000000, 1.000000000000000000 ) ) ;
#2772 = EDGE_CURVE ( 'NONE', #3671, #2654, #960, .T. ) ;
#2773 = CARTESIAN_POINT ( 'NONE',  ( 0.3455579054176204368, 0.03544910272314959893, 0.000000000000000000 ) ) ;
#2774 = LINE ( 'NONE', #10638, #5506 ) ;
#2775 = FACE_OUTER_BOUND ( 'NONE', #6186, .T. ) ;
#2776 = ORIENTED_EDGE ( 'NONE', *, *, #6386, .F. ) ;
#2777 = DIRECTION ( 'NONE',  ( -1.000000000000000000, 0.000000000000000000, 0.000000000000000000 ) ) ;
#2778 = DIRECTION ( 'NONE',  ( 0.7682212795973758501, -0.6401843996644799306, 0.000000000000000000 ) ) ;
#2779 = DIRECTION ( 'NONE',  ( 0.000000000000000000, -1.000000000000000000, 0.000000000000000000 ) ) ;
#2780 = EDGE_LOOP ( 'NONE', ( #8143, #12330, #3478, #5751 ) ) ;
#2781 = ORIENTED_EDGE ( 'NONE', *, *, #6286, .T. ) ;
#2782 = DIRECTION ( 'NONE',  ( 0.000000000000000000, 0.000000000000000000, 1.000000000000000000 ) ) ;
#2783 = ORIENTED_EDGE ( 'NONE', *, *, #1954, .F. ) ;
#2784 = CIRCLE ( 'NONE', #12242, 0.05000000000000002359 ) ;
#2785 = AXIS2_PLACEMENT_3D ( 'NONE', #6448, #9149, #4374 ) ;
#2786 = EDGE_CURVE ( 'NONE', #2048, #11333, #2256, .T. ) ;
#2787 = DIRECTION ( 'NONE',  ( -0.3505229007137160568, 0.9365541607804871438, 0.000000000000000000 ) ) ;
#2788 = DIRECTION ( 'NONE',  ( 0.000000000000000000, 1.000000000000000000, 0.000000000000000000 ) ) ;
#2789 = CARTESIAN_POINT ( 'NONE',  ( -0.8000000000000000444, 0.06937551322246980623, 0.07199926448865659467 ) ) ;
#2790 = ORIENTED_EDGE ( 'NONE', *, *, #2081, .T. ) ;
#2791 = COLOUR_RGB ( '',0.7490196078431372584, 0.7490196078431372584, 0.7490196078431372584 ) ;
#2792 = DIRECTION ( 'NONE',  ( 0.4082858805325862428, -0.9128541174567438299, 0.000000000000000000 ) ) ;
#2793 = LINE ( 'NONE', #7704, #5521 ) ;
#2794 = PLANE ( 'NONE',  #770 ) ;
#2795 = EDGE_LOOP ( 'NONE', ( #9924, #1733, #1043, #8670 ) ) ;
#2796 = PRODUCT_DEFINITION ( 'UNKNOWN', '', #11792, #5316 ) ;
#2797 = SHAPE_REPRESENTATION_RELATIONSHIP ( 'NONE' , 'NONE' ,  #3847, #5860 ) ;
#2798 = CIRCLE ( 'NONE', #8348, 0.004114330729707376365 ) ;
#2799 = ORIENTED_EDGE ( 'NONE', *, *, #8029, .F. ) ;
#2800 = CIRCLE ( 'NONE', #519, 0.5000000000000000000 ) ;
#2801 = CIRCLE ( 'NONE', #734, 0.4000000000000000222 ) ;
#2802 = ADVANCED_FACE ( 'NONE', ( #8002 ), #7038, .F. ) ;
#2803 = VECTOR ( 'NONE', #4752, 1000.000000000000000 ) ;
#2804 = PLANE ( 'NONE',  #2672 ) ;
#2805 = FACE_OUTER_BOUND ( 'NONE', #8426, .T. ) ;
#2806 = SURFACE_STYLE_USAGE ( .BOTH. , #5603 ) ;
#2807 = DIRECTION ( 'NONE',  ( 0.000000000000000000, 0.000000000000000000, -1.000000000000000000 ) ) ;
#2808 = ORIENTED_EDGE ( 'NONE', *, *, #3680, .T. ) ;
#2809 = LINE ( 'NONE', #8611, #8020 ) ;
#2810 = PLANE ( 'NONE',  #7578 ) ;
#2811 = ADVANCED_FACE ( 'NONE', ( #8123 ), #3034, .T. ) ;
#2812 = EDGE_CURVE ( 'NONE', #1341, #6080, #4912, .T. ) ;
#2813 = CIRCLE ( 'NONE', #6326, 0.0005462788761887365585 ) ;
#2814 = CARTESIAN_POINT ( 'NONE',  ( -0.2366831626601859639, -0.7145957609276060163, 0.2967297185801399673 ) ) ;
#2815 = CARTESIAN_POINT ( 'NONE',  ( -0.2131049635573146195, -0.1619964474767344731, 0.5999999999999999778 ) ) ;
#2816 = ORIENTED_EDGE ( 'NONE', *, *, #1147, .F. ) ;
#2817 = CIRCLE ( 'NONE', #8173, 0.002629191094686765713 ) ;
#2818 = ORIENTED_EDGE ( 'NONE', *, *, #176, .T. ) ;
#2819 = ADVANCED_FACE ( 'NONE', ( #2971 ), #8906, .T. ) ;
#2820 = DIRECTION ( 'NONE',  ( 0.000000000000000000, 0.000000000000000000, -1.000000000000000000 ) ) ;
#2821 = EDGE_CURVE ( 'NONE', #308, #4116, #9639, .T. ) ;
#2822 = CARTESIAN_POINT ( 'NONE',  ( 0.2209186676388404935, 0.1061601682706413974, 0.000000000000000000 ) ) ;
#2823 = VECTOR ( 'NONE', #638, 1000.000000000000000 ) ;
#2824 = DIRECTION ( 'NONE',  ( 0.000000000000000000, 0.000000000000000000, -1.000000000000000000 ) ) ;
#2825 = PLANE ( 'NONE',  #1631 ) ;
#2826 = DIRECTION ( 'NONE',  ( 0.000000000000000000, 1.000000000000000000, -8.131516293641279311E-16 ) ) ;
#2827 = EDGE_LOOP ( 'NONE', ( #529, #9629, #11255, #7928 ) ) ;
#2828 = AXIS2_PLACEMENT_3D ( 'NONE', #10297, #6306, #3339 ) ;
#2829 = DIRECTION ( 'NONE',  ( -1.000000000000000000, 0.000000000000000000, 0.000000000000000000 ) ) ;
#2831 = DIRECTION ( 'NONE',  ( 0.000000000000000000, 0.000000000000000000, 1.000000000000000000 ) ) ;
#2830 = CIRCLE ( 'NONE', #1174, 0.08000000000000002942 ) ;
#2832 = ADVANCED_FACE ( 'NONE', ( #9798 ), #10961, .F. ) ;
#2833 = ORIENTED_EDGE ( 'NONE', *, *, #1285, .F. ) ;
#2834 = CARTESIAN_POINT ( 'NONE',  ( 0.3122731045469514521, 0.03316117763381255107, 0.000000000000000000 ) ) ;
#2835 = CARTESIAN_POINT ( 'NONE',  ( 0.8000000000000000444, 0.6612489735550610703, 0.1219992644886569999 ) ) ;
#2836 = ORIENTED_EDGE ( 'NONE', *, *, #9056, .T. ) ;
#2837 = EDGE_LOOP ( 'NONE', ( #8304, #6137, #6086, #4327 ) ) ;
#2838 = EDGE_LOOP ( 'NONE', ( #419, #5926, #7503, #8448 ) ) ;
#2839 = ORIENTED_EDGE ( 'NONE', *, *, #10527, .T. ) ;
#2840 = AXIS2_PLACEMENT_3D ( 'NONE', #6174, #7380, #1314 ) ;
#2841 = VECTOR ( 'NONE', #11679, 1000.000000000000114 ) ;
#2842 = DIRECTION ( 'NONE',  ( -0.06320683486470653201, -0.9980004489109139953, 0.000000000000000000 ) ) ;
#2843 = CARTESIAN_POINT ( 'NONE',  ( -0.1075617986720861230, 0.09310241639405297809, 0.5999999999999999778 ) ) ;
#2844 = DIRECTION ( 'NONE',  ( 0.000000000000000000, 0.000000000000000000, 1.000000000000000000 ) ) ;
#2845 = CARTESIAN_POINT ( 'NONE',  ( 0.2750000000000000222, -0.8468670444025300226, 0.07199926448865659467 ) ) ;
#2846 = VECTOR ( 'NONE', #800, 1000.000000000000227 ) ;
#2847 = CARTESIAN_POINT ( 'NONE',  ( 0.3008524015297938670, 0.2522015871793990005, 0.5999999999999999778 ) ) ;
#2848 = ORIENTED_EDGE ( 'NONE', *, *, #8263, .T. ) ;
#2849 = CARTESIAN_POINT ( 'NONE',  ( 0.1131615436026759958, 0.7145957609276060163, 0.2967297185801399673 ) ) ;
#2850 = DIRECTION ( 'NONE',  ( -0.9338516162028061007, -0.3576606756625712036, 0.000000000000000000 ) ) ;
#2851 = DIRECTION ( 'NONE',  ( 0.9588045026312279617, -0.2840667628112864551, 0.000000000000000000 ) ) ;
#2852 = ORIENTED_EDGE ( 'NONE', *, *, #2905, .T. ) ;
#2853 = CIRCLE ( 'NONE', #11499, 0.08000000000000002942 ) ;
#2854 = ORIENTED_EDGE ( 'NONE', *, *, #2983, .F. ) ;
#2855 = CARTESIAN_POINT ( 'NONE',  ( 0.03913233982356719570, 0.3184124295728944509, 0.000000000000000000 ) ) ;
#2856 = ORIENTED_EDGE ( 'NONE', *, *, #7157, .F. ) ;
#2857 = VECTOR ( 'NONE', #4188, 1000.000000000000000 ) ;
#2858 = AXIS2_PLACEMENT_3D ( 'NONE', #10510, #7681, #6649 ) ;
#2859 = DIRECTION ( 'NONE',  ( 1.000000000000000000, 0.000000000000000000, 0.000000000000000000 ) ) ;
#2860 = CIRCLE ( 'NONE', #8613, 0.02000000000000000736 ) ;
#2861 = CIRCLE ( 'NONE', #1618, 0.5300000000000000266 ) ;
#2862 = CARTESIAN_POINT ( 'NONE',  ( 0.8000000000000000444, -0.4000000000000000222, 0.2834995524190850325 ) ) ;
#2863 = DIRECTION ( 'NONE',  ( 0.000000000000000000, 1.000000000000000000, 0.000000000000000000 ) ) ;
#2864 = ORIENTED_EDGE ( 'NONE', *, *, #4321, .F. ) ;
#2865 = CARTESIAN_POINT ( 'NONE',  ( 0.4000000000000000222, 0.7200000000000000844, 0.3200000000000000067 ) ) ;
#2866 = DIRECTION ( 'NONE',  ( 0.000000000000000000, 0.000000000000000000, -1.000000000000000000 ) ) ;
#2867 = CARTESIAN_POINT ( 'NONE',  ( 0.3724937799023524954, 0.02856571172655755081, 0.1000000000000000056 ) ) ;
#2868 = ORIENTED_EDGE ( 'NONE', *, *, #8657, .F. ) ;
#2869 = VECTOR ( 'NONE', #1128, 1000.000000000000000 ) ;
#2870 = EDGE_LOOP ( 'NONE', ( #11668, #9028, #1874, #1372 ) ) ;
#2871 = EDGE_CURVE ( 'NONE', #4708, #5511, #11281, .T. ) ;
#2872 = VECTOR ( 'NONE', #2354, 1000.000000000000000 ) ;
#2873 = EDGE_CURVE ( 'NONE', #8617, #467, #9985, .T. ) ;
#2874 = EDGE_LOOP ( 'NONE', ( #6645, #1208, #1357, #10059 ) ) ;
#2875 = VECTOR ( 'NONE', #4816, 1000.000000000000114 ) ;
#2876 = AXIS2_PLACEMENT_3D ( 'NONE', #12038, #7024, #6955 ) ;
#2877 = DIRECTION ( 'NONE',  ( 0.000000000000000000, -0.7071067811865482389, 0.7071067811865467956 ) ) ;
#2878 = CARTESIAN_POINT ( 'NONE',  ( 0.06021424604468440800, 0.06308506178807390952, 0.1000000000000000056 ) ) ;
#2879 = VECTOR ( 'NONE', #10859, 1000.000000000000000 ) ;
#2880 = DIRECTION ( 'NONE',  ( -0.9043406472741157831, 0.4268114263791837337, 0.000000000000000000 ) ) ;
#2881 = DIRECTION ( 'NONE',  ( 0.000000000000000000, 0.000000000000000000, 1.000000000000000000 ) ) ;
#2882 = VERTEX_POINT ( 'NONE', #9024 ) ;
#2883 = DIRECTION ( 'NONE',  ( 0.000000000000000000, 0.000000000000000000, -1.000000000000000000 ) ) ;
#2884 = LINE ( 'NONE', #91, #6144 ) ;
#2885 = VECTOR ( 'NONE', #4541, 1000.000000000000000 ) ;
#2886 = LINE ( 'NONE', #8101, #858 ) ;
#2887 = CARTESIAN_POINT ( 'NONE',  ( 0.2229590568833294817, 0.09070175649229740567, 0.1000000000000000056 ) ) ;
#2888 = ADVANCED_FACE ( 'NONE', ( #11017 ), #9871, .T. ) ;
#2889 = ORIENTED_EDGE ( 'NONE', *, *, #861, .F. ) ;
#2890 = ORIENTED_EDGE ( 'NONE', *, *, #2223, .T. ) ;
#2891 = AXIS2_PLACEMENT_3D ( 'NONE', #4523, #3128, #7493 ) ;
#2892 = CARTESIAN_POINT ( 'NONE',  ( 0.1866831626601859750, -0.7145957609276060163, 0.4000000000000000222 ) ) ;
#2893 = ADVANCED_FACE ( 'NONE', ( #6134 ), #183, .T. ) ;
#2894 = FILL_AREA_STYLE ('',( #10017 ) ) ;
#2895 = EDGE_CURVE ( 'NONE', #1261, #8208, #1093, .T. ) ;
#2896 = VECTOR ( 'NONE', #7628, 1000.000000000000000 ) ;
#2897 = DIRECTION ( 'NONE',  ( 0.000000000000000000, -1.000000000000000000, 0.000000000000000000 ) ) ;
#2898 = CARTESIAN_POINT ( 'NONE',  ( 0.1497302240989293876, 0.06471120942728779413, 0.000000000000000000 ) ) ;
#2899 = DIRECTION ( 'NONE',  ( 0.000000000000000000, 0.000000000000000000, -1.000000000000000000 ) ) ;
#2900 = ORIENTED_EDGE ( 'NONE', *, *, #6926, .F. ) ;
#2901 = LINE ( 'NONE', #3935, #10069 ) ;
#2902 = LINE ( 'NONE', #3136, #2400 ) ;
#2903 = EDGE_CURVE ( 'NONE', #6355, #2057, #10056, .T. ) ;
#2904 = ORIENTED_EDGE ( 'NONE', *, *, #826, .F. ) ;
#2905 = EDGE_CURVE ( 'NONE', #3673, #868, #11861, .T. ) ;
#2906 = DIRECTION ( 'NONE',  ( 1.000000000000000000, 0.000000000000000000, 0.000000000000000000 ) ) ;
#2907 = EDGE_CURVE ( 'NONE', #7111, #4007, #10893, .T. ) ;
#2908 = DIRECTION ( 'NONE',  ( 0.0001324786294379726647, 0.9999999912247063971, 0.000000000000000000 ) ) ;
#2909 = ORIENTED_EDGE ( 'NONE', *, *, #1119, .T. ) ;
#2910 = ORIENTED_EDGE ( 'NONE', *, *, #8574, .T. ) ;
#2911 = ORIENTED_EDGE ( 'NONE', *, *, #1087, .F. ) ;
#2912 = VECTOR ( 'NONE', #8392, 1000.000000000000114 ) ;
#2913 = ORIENTED_EDGE ( 'NONE', *, *, #2163, .T. ) ;
#2914 = EDGE_CURVE ( 'NONE', #7034, #1597, #10119, .T. ) ;
#2915 = CARTESIAN_POINT ( 'NONE',  ( -0.2750000000000000222, 0.6612489735550610703, 0.2334995524190849880 ) ) ;
#2916 = DIRECTION ( 'NONE',  ( -1.000000000000000000, 0.000000000000000000, 0.000000000000000000 ) ) ;
#2917 = FACE_OUTER_BOUND ( 'NONE', #5381, .T. ) ;
#2918 = VECTOR ( 'NONE', #4323, 1000.000000000000000 ) ;
#2919 = LINE ( 'NONE', #10769, #744 ) ;
#2920 = VERTEX_POINT ( 'NONE', #5229 ) ;
#2921 = DIRECTION ( 'NONE',  ( 0.2758097329667140718, 0.9612122508586903313, 0.000000000000000000 ) ) ;
#2922 = FACE_OUTER_BOUND ( 'NONE', #11853, .T. ) ;
#2923 = DIRECTION ( 'NONE',  ( 0.000000000000000000, 0.000000000000000000, 1.000000000000000000 ) ) ;
#2924 = ORIENTED_EDGE ( 'NONE', *, *, #4101, .F. ) ;
#2925 = EDGE_LOOP ( 'NONE', ( #12307, #2320, #11050, #6123 ) ) ;
#2926 = LINE ( 'NONE', #2855, #11103 ) ;
#2927 = ITEM_DEFINED_TRANSFORMATION ( 'NONE', 'NONE', #11169,  #10744 ) ;
#2928 = ORIENTED_EDGE ( 'NONE', *, *, #4288, .T. ) ;
#2929 = VECTOR ( 'NONE', #8879, 1000.000000000000114 ) ;
#2930 = FACE_OUTER_BOUND ( 'NONE', #514, .T. ) ;
#2931 = DIRECTION ( 'NONE',  ( 0.000000000000000000, 0.000000000000000000, 1.000000000000000000 ) ) ;
#2932 = CARTESIAN_POINT ( 'NONE',  ( 0.3753695148212495281, 0.03034647427004994943, 0.1000000000000000056 ) ) ;
#2933 = ORIENTED_EDGE ( 'NONE', *, *, #12707, .F. ) ;
#2934 = CARTESIAN_POINT ( 'NONE',  ( 0.1341589116541080096, 0.03332770763521999968, 0.000000000000000000 ) ) ;
#2935 = CARTESIAN_POINT ( 'NONE',  ( 0.1353083968147044125, 0.03847779929167929880, 0.1000000000000000056 ) ) ;
#2936 = CARTESIAN_POINT ( 'NONE',  ( 0.2366831626601859639, 0.7145957609276060163, 0.4000000000000000222 ) ) ;
#2937 = ORIENTED_EDGE ( 'NONE', *, *, #3371, .T. ) ;
#2938 = EDGE_LOOP ( 'NONE', ( #2367, #3507, #11352 ) ) ;
#2939 = ORIENTED_EDGE ( 'NONE', *, *, #8372, .F. ) ;
#2940 = VECTOR ( 'NONE', #10782, 1000.000000000000114 ) ;
#2941 = CARTESIAN_POINT ( 'NONE',  ( -0.8499999999999999778, 0.1000000000000000056, 0.000000000000000000 ) ) ;
#2942 = PLANE ( 'NONE',  #10038 ) ;
#2943 = FACE_OUTER_BOUND ( 'NONE', #11349, .T. ) ;
#2944 = CARTESIAN_POINT ( 'NONE',  ( 0.000000000000000000, 0.000000000000000000, 0.6701071754309090300 ) ) ;
#2945 = EDGE_LOOP ( 'NONE', ( #9572, #3355, #8529, #11455 ) ) ;
#2946 = EDGE_CURVE ( 'NONE', #11113, #705, #7803, .T. ) ;
#2947 = CARTESIAN_POINT ( 'NONE',  ( -0.7680176002228089605, 0.1000000000000000056, 0.03629223543779110106 ) ) ;
#2948 = CARTESIAN_POINT ( 'NONE',  ( 0.8000000000000000444, -0.7405531811372209061, 0.3973147252801209617 ) ) ;
#2949 = CARTESIAN_POINT ( 'NONE',  ( 0.2680689967157654507, 0.05987450839667410318, 0.000000000000000000 ) ) ;
#2950 = DIRECTION ( 'NONE',  ( 0.000000000000000000, 0.000000000000000000, -1.000000000000000000 ) ) ;
#2951 = ORIENTED_EDGE ( 'NONE', *, *, #6125, .F. ) ;
#2952 = ORIENTED_EDGE ( 'NONE', *, *, #1374, .T. ) ;
#2953 = DIRECTION ( 'NONE',  ( 0.000000000000000000, 0.7071067811865482389, 0.7071067811865467956 ) ) ;
#2954 = DIRECTION ( 'NONE',  ( 1.000000000000000000, 0.000000000000000000, 0.000000000000000000 ) ) ;
#2955 = EDGE_CURVE ( 'NONE', #12440, #7501, #1335, .T. ) ;
#2956 = CARTESIAN_POINT ( 'NONE',  ( -0.1131615436026759958, -0.7200000000000000844, 0.3200000000000000067 ) ) ;
#2957 = CARTESIAN_POINT ( 'NONE',  ( 0.8000000000000000444, 0.4000000000000000222, 0.2834995524190850325 ) ) ;
#2958 = PLANE ( 'NONE',  #12259 ) ;
#2959 = ORIENTED_EDGE ( 'NONE', *, *, #5077, .T. ) ;
#2960 = DIRECTION ( 'NONE',  ( 0.000000000000000000, 0.000000000000000000, -1.000000000000000000 ) ) ;
#2961 = ORIENTED_EDGE ( 'NONE', *, *, #9004, .T. ) ;
#2962 = FACE_OUTER_BOUND ( 'NONE', #9007, .T. ) ;
#2963 = DIRECTION ( 'NONE',  ( 0.000000000000000000, 0.7071067811865482389, 0.7071067811865467956 ) ) ;
#2964 = VERTEX_POINT ( 'NONE', #11150 ) ;
#2965 = VERTEX_POINT ( 'NONE', #7278 ) ;
#2966 = VERTEX_POINT ( 'NONE', #7224 ) ;
#2967 = VERTEX_POINT ( 'NONE', #1281 ) ;
#2968 = ADVANCED_FACE ( 'NONE', ( #9150 ), #8368, .T. ) ;
#2969 = CARTESIAN_POINT ( 'NONE',  ( -0.2750000000000000222, -0.4000000000000000222, 0.1417497762095429881 ) ) ;
#2970 = DIRECTION ( 'NONE',  ( -0.6045378097511919790, 0.7965764474180940802, 0.000000000000000000 ) ) ;
#2971 = FACE_OUTER_BOUND ( 'NONE', #1209, .T. ) ;
#2972 = CARTESIAN_POINT ( 'NONE',  ( 0.06021424604468440800, 0.06308506178807390952, 0.000000000000000000 ) ) ;
#2973 = VERTEX_POINT ( 'NONE', #7342 ) ;
#2974 = LINE ( 'NONE', #9745, #3096 ) ;
#2975 = DIRECTION ( 'NONE',  ( 0.000000000000000000, 0.000000000000000000, -1.000000000000000000 ) ) ;
#2976 = DIRECTION ( 'NONE',  ( 0.000000000000000000, 0.000000000000000000, -1.000000000000000000 ) ) ;
#2977 = ORIENTED_EDGE ( 'NONE', *, *, #312, .T. ) ;
#2978 = EDGE_CURVE ( 'NONE', #4521, #10762, #7483, .T. ) ;
#2979 = ORIENTED_EDGE ( 'NONE', *, *, #11336, .F. ) ;
#2980 = EDGE_CURVE ( 'NONE', #10751, #11768, #6449, .T. ) ;
#2981 = LINE ( 'NONE', #5107, #8647 ) ;
#2982 = VERTEX_POINT ( 'NONE', #8185 ) ;
#2983 = EDGE_CURVE ( 'NONE', #3963, #8881, #11205, .T. ) ;
#2984 = EDGE_CURVE ( 'NONE', #4770, #9936, #10308, .T. ) ;
#2985 = PLANE ( 'NONE',  #3559 ) ;
#2986 = CARTESIAN_POINT ( 'NONE',  ( -0.2384031841765470172, 0.08610178341198850005, 0.6099999999999999867 ) ) ;
#2987 = CARTESIAN_POINT ( 'NONE',  ( 0.06385052550886249900, 0.05242807410686710357, 0.000000000000000000 ) ) ;
#2988 = ORIENTED_EDGE ( 'NONE', *, *, #7207, .T. ) ;
#2989 = CARTESIAN_POINT ( 'NONE',  ( 0.8499999999999999778, 0.09000000000000001055, 0.000000000000000000 ) ) ;
#2990 = CARTESIAN_POINT ( 'NONE',  ( -0.2365664563605270054, 0.7111815246139390201, 0.2834995524190850325 ) ) ;
#2991 = FACE_OUTER_BOUND ( 'NONE', #11185, .T. ) ;
#2992 = ORIENTED_EDGE ( 'NONE', *, *, #193, .T. ) ;
#2993 = EDGE_CURVE ( 'NONE', #12458, #11094, #8252, .T. ) ;
#2994 = CARTESIAN_POINT ( 'NONE',  ( 0.000000000000000000, 0.000000000000000000, 0.000000000000000000 ) ) ;
#2995 = VERTEX_POINT ( 'NONE', #3349 ) ;
#2996 = CLOSED_SHELL ( 'NONE', ( #9334, #4999, #2328, #10936, #9195, #4319, #8276, #8926, #9736, #2147, #12598, #1540 ) ) ;
#2997 = AXIS2_PLACEMENT_3D ( 'NONE', #8366, #2255, #1407 ) ;
#2998 = VERTEX_POINT ( 'NONE', #12373 ) ;
#2999 = DIRECTION ( 'NONE',  ( 1.000000000000000000, 0.000000000000000000, 0.000000000000000000 ) ) ;
#3000 = CARTESIAN_POINT ( 'NONE',  ( 0.2399517306208744927, 0.07504457791794939825, 0.000000000000000000 ) ) ;
#3001 = SURFACE_SIDE_STYLE ('',( #1967 ) ) ;
#3002 = FACE_OUTER_BOUND ( 'NONE', #3564, .T. ) ;
#3003 = VERTEX_POINT ( 'NONE', #8442 ) ;
#3004 = MECHANICAL_DESIGN_GEOMETRIC_PRESENTATION_REPRESENTATION (  '', ( #8554 ), #1556 ) ;
#3005 = DIRECTION ( 'NONE',  ( 0.4653753323071734282, -0.8851134391025751169, 0.000000000000000000 ) ) ;
#3006 = DIRECTION ( 'NONE',  ( 0.9631366855587272235, -0.2690124995812451236, 0.000000000000000000 ) ) ;
#3007 = DIRECTION ( 'NONE',  ( 0.000000000000000000, 1.000000000000000000, 0.000000000000000000 ) ) ;
#3008 = DIRECTION ( 'NONE',  ( 0.000000000000000000, 0.000000000000000000, -1.000000000000000000 ) ) ;
#3009 = ORIENTED_EDGE ( 'NONE', *, *, #344, .T. ) ;
#3010 = VERTEX_POINT ( 'NONE', #6319 ) ;
#3011 = EDGE_CURVE ( 'NONE', #9748, #2492, #10243, .T. ) ;
#3012 = DIRECTION ( 'NONE',  ( 0.000000000000000000, 0.000000000000000000, 1.000000000000000000 ) ) ;
#3013 = CARTESIAN_POINT ( 'NONE',  ( 0.08397959836714730120, 0.03567202328416280155, 0.000000000000000000 ) ) ;
#3014 =( BOUNDED_CURVE ( )  B_SPLINE_CURVE ( 3, ( #9380, #537, #8424, #3522 ),
 .UNSPECIFIED., .F., .F. ) 
 B_SPLINE_CURVE_WITH_KNOTS ( ( 4, 4 ),
 ( 1.570796326794896558, 1.639134231106093020 ),
 .UNSPECIFIED. ) 
 CURVE ( )  GEOMETRIC_REPRESENTATION_ITEM ( )  RATIONAL_B_SPLINE_CURVE ( ( 1.000000000000000000, 0.9996108654318511810, 0.9996108654318511810, 1.000000000000000000 ) ) 
 REPRESENTATION_ITEM ( '' )  );
#3015 = LINE ( 'NONE', #2303, #9462 ) ;
#3016 = VECTOR ( 'NONE', #5074, 1000.000000000000000 ) ;
#3017 = DIRECTION ( 'NONE',  ( -1.000000000000000000, 0.000000000000000000, 0.000000000000000000 ) ) ;
#3018 = EDGE_LOOP ( 'NONE', ( #6897, #3705, #6373, #4284 ) ) ;
#3019 = AXIS2_PLACEMENT_3D ( 'NONE', #8591, #9500, #1749 ) ;
#3020 = CARTESIAN_POINT ( 'NONE',  ( -0.2365664563605270054, -0.7111815246139390201, 0.2834995524190850325 ) ) ;
#3021 = ORIENTED_EDGE ( 'NONE', *, *, #5438, .F. ) ;
#3022 = VECTOR ( 'NONE', #3630, 1000.000000000000000 ) ;
#3023 = DIRECTION ( 'NONE',  ( 0.000000000000000000, 0.000000000000000000, 1.000000000000000000 ) ) ;
#3024 = ORIENTED_EDGE ( 'NONE', *, *, #6066, .T. ) ;
#3025 = ORIENTED_EDGE ( 'NONE', *, *, #9135, .F. ) ;
#3026 = ORIENTED_EDGE ( 'NONE', *, *, #5269, .T. ) ;
#3027 = ADVANCED_FACE ( 'NONE', ( #4428 ), #5363, .T. ) ;
#3028 = AXIS2_PLACEMENT_3D ( 'NONE', #2646, #8578, #6591 ) ;
#3029 = ORIENTED_EDGE ( 'NONE', *, *, #4888, .F. ) ;
#3030 = VECTOR ( 'NONE', #8772, 1000.000000000000000 ) ;
#3031 = DIRECTION ( 'NONE',  ( 0.000000000000000000, -1.000000000000000000, 0.000000000000000000 ) ) ;
#3032 = AXIS2_PLACEMENT_3D ( 'NONE', #5591, #8410, #2597 ) ;
#3033 = CYLINDRICAL_SURFACE ( 'NONE', #7938, 0.003081184845696518289 ) ;
#3034 = CYLINDRICAL_SURFACE ( 'NONE', #6552, 0.003534023892934039495 ) ;
#3035 = LINE ( 'NONE', #6974, #12076 ) ;
#3036 = ORIENTED_EDGE ( 'NONE', *, *, #8610, .T. ) ;
#3037 = LINE ( 'NONE', #11866, #10653 ) ;
#3038 = CARTESIAN_POINT ( 'NONE',  ( 0.02716305715891570091, 0.03179428010923664866, 0.000000000000000000 ) ) ;
#3039 = ORIENTED_EDGE ( 'NONE', *, *, #8034, .T. ) ;
#3040 = ORIENTED_EDGE ( 'NONE', *, *, #11015, .T. ) ;
#3041 = CARTESIAN_POINT ( 'NONE',  ( 0.1054327468312629967, 0.03314860092336230357, 0.1000000000000000056 ) ) ;
#3042 = VECTOR ( 'NONE', #9575, 1000.000000000000000 ) ;
#3043 = ORIENTED_EDGE ( 'NONE', *, *, #6289, .F. ) ;
#3044 = EDGE_CURVE ( 'NONE', #10594, #7993, #429, .T. ) ;
#3045 = VECTOR ( 'NONE', #2651, 1000.000000000000000 ) ;
#3046 = CARTESIAN_POINT ( 'NONE',  ( 0.8000000000000000444, 0.7112489735550608927, 0.2334995524190849880 ) ) ;
#3047 = EDGE_CURVE ( 'NONE', #9156, #11624, #4928, .T. ) ;
#3048 = CIRCLE ( 'NONE', #4479, 0.002629191094686765713 ) ;
#3049 = ADVANCED_FACE ( 'NONE', ( #2439 ), #6390, .T. ) ;
#3050 = CIRCLE ( 'NONE', #5115, 0.002416984323466713977 ) ;
#3051 = AXIS2_PLACEMENT_3D ( 'NONE', #1284, #4378, #11154 ) ;
#3052 = CARTESIAN_POINT ( 'NONE',  ( -0.2366831626601859639, -0.7145957609276060163, 0.4000000000000000222 ) ) ;
#3053 = DIRECTION ( 'NONE',  ( -1.000000000000000000, 0.000000000000000000, 0.000000000000000000 ) ) ;
#3054 = ORIENTED_EDGE ( 'NONE', *, *, #828, .F. ) ;
#3055 = FACE_OUTER_BOUND ( 'NONE', #12368, .T. ) ;
#3056 = CARTESIAN_POINT ( 'NONE',  ( 0.4000000000000000222, 0.7200000000000000844, 0.08000000000000000167 ) ) ;
#3057 = AXIS2_PLACEMENT_3D ( 'NONE', #2773, #2844, #6475 ) ;
#3058 = DIRECTION ( 'NONE',  ( 0.9620395068917533266, -0.2729102181661070547, 0.000000000000000000 ) ) ;
#3059 = ORIENTED_EDGE ( 'NONE', *, *, #2493, .T. ) ;
#3060 = EDGE_CURVE ( 'NONE', #3511, #3351, #12326, .T. ) ;
#3061 = SURFACE_STYLE_USAGE ( .BOTH. , #862 ) ;
#3062 = ADVANCED_FACE ( 'NONE', ( #5485 ), #9399, .T. ) ;
#3063 = ORIENTED_EDGE ( 'NONE', *, *, #6053, .F. ) ;
#3064 = CIRCLE ( 'NONE', #564, 0.07999999999999998779 ) ;
#3065 = ORIENTED_EDGE ( 'NONE', *, *, #8014, .F. ) ;
#3066 = VECTOR ( 'NONE', #12364, 1000.000000000000000 ) ;
#3067 = AXIS2_PLACEMENT_3D ( 'NONE', #488, #9281, #12231 ) ;
#3068 = EDGE_CURVE ( 'NONE', #5355, #2655, #5335, .T. ) ;
#3069 = PLANE ( 'NONE',  #6798 ) ;
#3070 = CARTESIAN_POINT ( 'NONE',  ( 0.08673703654456119128, 0.05260312050078429225, 0.000000000000000000 ) ) ;
#3071 = AXIS2_PLACEMENT_3D ( 'NONE', #3470, #5482, #8121 ) ;
#3072 = LINE ( 'NONE', #3133, #10826 ) ;
#3073 = ORIENTED_EDGE ( 'NONE', *, *, #2621, .F. ) ;
#3074 = DIRECTION ( 'NONE',  ( 0.000000000000000000, 0.000000000000000000, 1.000000000000000000 ) ) ;
#3075 = DIRECTION ( 'NONE',  ( -1.000000000000000000, 0.000000000000000000, 0.000000000000000000 ) ) ;
#3076 = VECTOR ( 'NONE', #1376, 1000.000000000000000 ) ;
#3077 = CARTESIAN_POINT ( 'NONE',  ( -0.8000000000000000444, -0.7112489735550608927, 0.1219992644886569999 ) ) ;
#3078 = PLANE ( 'NONE',  #2661 ) ;
#3079 = VECTOR ( 'NONE', #3456, 1000.000000000000000 ) ;
#3080 = ORIENTED_EDGE ( 'NONE', *, *, #4762, .T. ) ;
#3081 = AXIS2_PLACEMENT_3D ( 'NONE', #411, #11253, #6371 ) ;
#3082 = ORIENTED_EDGE ( 'NONE', *, *, #10130, .F. ) ;
#3083 = FACE_OUTER_BOUND ( 'NONE', #8925, .T. ) ;
#3084 = DIRECTION ( 'NONE',  ( 0.000000000000000000, 0.000000000000000000, -1.000000000000000000 ) ) ;
#3085 = SURFACE_STYLE_USAGE ( .BOTH. , #47 ) ;
#3086 = EDGE_LOOP ( 'NONE', ( #640, #1864, #4533, #662 ) ) ;
#3087 = VECTOR ( 'NONE', #11697, 1000.000000000000000 ) ;
#3088 = LINE ( 'NONE', #9855, #12530 ) ;
#3089 = CARTESIAN_POINT ( 'NONE',  ( 0.8000000000000000444, 0.7200000000000000844, 0.3200000000000000067 ) ) ;
#3090 = ORIENTED_EDGE ( 'NONE', *, *, #9278, .F. ) ;
#3091 = DIRECTION ( 'NONE',  ( 1.000000000000000000, 0.000000000000000000, 0.000000000000000000 ) ) ;
#3092 = ORIENTED_EDGE ( 'NONE', *, *, #4627, .T. ) ;
#3093 = VECTOR ( 'NONE', #11941, 1000.000000000000000 ) ;
#3094 = ORIENTED_EDGE ( 'NONE', *, *, #9187, .F. ) ;
#3095 = ORIENTED_EDGE ( 'NONE', *, *, #4565, .T. ) ;
#3096 = VECTOR ( 'NONE', #1037, 1000.000000000000000 ) ;
#3097 = VERTEX_POINT ( 'NONE', #4768 ) ;
#3098 = DIRECTION ( 'NONE',  ( 0.9999976080009519430, 0.002187233955109309583, 0.000000000000000000 ) ) ;
#3099 = DIRECTION ( 'NONE',  ( 0.000000000000000000, 0.000000000000000000, 1.000000000000000000 ) ) ;
#3100 = DIRECTION ( 'NONE',  ( 0.9999904319232301164, 0.004374478482263930400, 0.000000000000000000 ) ) ;
#3101 = DIRECTION ( 'NONE',  ( 0.000000000000000000, 0.000000000000000000, 1.000000000000000000 ) ) ;
#3102 = ORIENTED_EDGE ( 'NONE', *, *, #6614, .F. ) ;
#3103 = EDGE_CURVE ( 'NONE', #2577, #12233, #6564, .T. ) ;
#3104 = CARTESIAN_POINT ( 'NONE',  ( 0.3184490626700725024, 0.06484347110378320400, 0.000000000000000000 ) ) ;
#3105 = CIRCLE ( 'NONE', #3516, 0.002239176015685415914 ) ;
#3106 = DIRECTION ( 'NONE',  ( -0.9999945824118804394, 0.003291678430375111555, 0.000000000000000000 ) ) ;
#3107 = ORIENTED_EDGE ( 'NONE', *, *, #3934, .F. ) ;
#3108 = ORIENTED_EDGE ( 'NONE', *, *, #6104, .T. ) ;
#3109 = LINE ( 'NONE', #8011, #3093 ) ;
#3110 = VERTEX_POINT ( 'NONE', #9531 ) ;
#3111 = AXIS2_PLACEMENT_3D ( 'NONE', #12390, #4531, #9548 ) ;
#3112 = DIRECTION ( 'NONE',  ( 0.000000000000000000, 0.000000000000000000, -1.000000000000000000 ) ) ;
#3113 = EDGE_CURVE ( 'NONE', #7542, #11656, #11535, .T. ) ;
#3114 = LINE ( 'NONE', #11819, #12279 ) ;
#3115 = DIRECTION ( 'NONE',  ( 0.000000000000000000, 2.489282864717550295E-15, -1.000000000000000000 ) ) ;
#3116 = ORIENTED_EDGE ( 'NONE', *, *, #10937, .T. ) ;
#3117 = FACE_OUTER_BOUND ( 'NONE', #2780, .T. ) ;
#3118 = DIRECTION ( 'NONE',  ( 0.000000000000000000, 0.000000000000000000, 1.000000000000000000 ) ) ;
#3119 = ORIENTED_EDGE ( 'NONE', *, *, #9920, .F. ) ;
#3120 =( NAMED_UNIT ( * ) PLANE_ANGLE_UNIT ( ) SI_UNIT ( $, .RADIAN. ) );
#3121 = VERTEX_POINT ( 'NONE', #5618 ) ;
#3122 = AXIS2_PLACEMENT_3D ( 'NONE', #2949, #7016, #9959 ) ;
#3123 = EDGE_CURVE ( 'NONE', #12720, #5020, #6637, .T. ) ;
#3124 = EDGE_CURVE ( 'NONE', #7660, #8235, #6576, .T. ) ;
#3125 = ORIENTED_EDGE ( 'NONE', *, *, #7549, .T. ) ;
#3126 = EDGE_CURVE ( 'NONE', #4848, #4849, #6363, .T. ) ;
#3127 = EDGE_CURVE ( 'NONE', #4972, #467, #8013, .T. ) ;
#3128 = DIRECTION ( 'NONE',  ( -0.000000000000000000, 0.9682773257456045446, 0.2498780111313128882 ) ) ;
#3129 = AXIS2_PLACEMENT_3D ( 'NONE', #4219, #11244, #2157 ) ;
#3130 = EDGE_CURVE ( 'NONE', #8773, #3744, #2639, .T. ) ;
#3131 = DIRECTION ( 'NONE',  ( 0.000000000000000000, 0.000000000000000000, -1.000000000000000000 ) ) ;
#3132 =( NAMED_UNIT ( * ) PLANE_ANGLE_UNIT ( ) SI_UNIT ( $, .RADIAN. ) );
#3133 = CARTESIAN_POINT ( 'NONE',  ( -0.2366831626601859639, 0.7555824708144319724, 0.4555532247407950153 ) ) ;
#3134 = ORIENTED_EDGE ( 'NONE', *, *, #10539, .F. ) ;
#3135 = DIRECTION ( 'NONE',  ( -1.000000000000000000, 0.000000000000000000, 0.000000000000000000 ) ) ;
#3136 = CARTESIAN_POINT ( 'NONE',  ( 0.8000000000000000444, 0.7111815246139390201, 0.2834995524190850325 ) ) ;
#3137 = DIRECTION ( 'NONE',  ( 0.000000000000000000, 0.000000000000000000, 1.000000000000000000 ) ) ;
#3138 = DIRECTION ( 'NONE',  ( 0.6467730502742551346, -0.7626825168042964398, 0.000000000000000000 ) ) ;
#3139 = DIRECTION ( 'NONE',  ( 0.000000000000000000, 0.000000000000000000, 1.000000000000000000 ) ) ;
#3140 = ORIENTED_EDGE ( 'NONE', *, *, #1010, .T. ) ;
#3141 = ADVANCED_FACE ( 'NONE', ( #1725 ), #9591, .F. ) ;
#3142 = EDGE_CURVE ( 'NONE', #9936, #3908, #8502, .T. ) ;
#3143 = AXIS2_PLACEMENT_3D ( 'NONE', #6283, #8399, #7370 ) ;
#3144 = ORIENTED_EDGE ( 'NONE', *, *, #2535, .F. ) ;
#3145 = PRESENTATION_LAYER_ASSIGNMENT (  '', '', ( #11992 ) ) ;
#3146 = CARTESIAN_POINT ( 'NONE',  ( 0.1087864740490435966, 0.06351143518956620104, 0.1000000000000000056 ) ) ;
#3147 = ADVANCED_FACE ( 'NONE', ( #5675 ), #685, .T. ) ;
#3148 = EDGE_CURVE ( 'NONE', #4207, #6797, #9663, .T. ) ;
#3149 = LINE ( 'NONE', #941, #4936 ) ;
#3150 = FILL_AREA_STYLE ('',( #3202 ) ) ;
#3151 = CARTESIAN_POINT ( 'NONE',  ( 0.3672011682404744959, 0.03609545426964839987, 0.1000000000000000056 ) ) ;
#3152 = ORIENTED_EDGE ( 'NONE', *, *, #11953, .T. ) ;
#3153 = AXIS2_PLACEMENT_3D ( 'NONE', #4926, #5181, #3231 ) ;
#3154 = LINE ( 'NONE', #7085, #1205 ) ;
#3155 = CARTESIAN_POINT ( 'NONE',  ( 0.2380960773142664910, 0.03436122161578154810, 0.000000000000000000 ) ) ;
#3156 = DIRECTION ( 'NONE',  ( 0.000000000000000000, -1.000000000000000000, 0.000000000000000000 ) ) ;
#3157 = ORIENTED_EDGE ( 'NONE', *, *, #1476, .F. ) ;
#3159 = VERTEX_POINT ( 'NONE', #12567 ) ;
#3158 = EDGE_CURVE ( 'NONE', #4849, #4132, #7732, .T. ) ;
#3160 = EDGE_LOOP ( 'NONE', ( #11158, #1743, #10505, #6413, #9401, #5012, #3205, #12392 ) ) ;
#3161 = ORIENTED_EDGE ( 'NONE', *, *, #5711, .T. ) ;
#3162 = DIRECTION ( 'NONE',  ( 0.000000000000000000, 0.000000000000000000, 1.000000000000000000 ) ) ;
#3163 = DIRECTION ( 'NONE',  ( 0.000000000000000000, 0.000000000000000000, 1.000000000000000000 ) ) ;
#3164 = DIRECTION ( 'NONE',  ( 0.9078647904370810151, -0.4192630704994596558, 0.000000000000000000 ) ) ;
#3165 = CARTESIAN_POINT ( 'NONE',  ( 0.1335194816024656839, 0.2529466870190614225, 0.5999999999999999778 ) ) ;
#3166 = ORIENTED_EDGE ( 'NONE', *, *, #3823, .F. ) ;
#3167 = CARTESIAN_POINT ( 'NONE',  ( -0.8000000000000000444, 0.7112489735550608927, 0.1219992644886569999 ) ) ;
#3168 = CARTESIAN_POINT ( 'NONE',  ( -0.3565617965058683336, 0.1498278992054360159, 0.5999999999999999778 ) ) ;
#3169 = EDGE_LOOP ( 'NONE', ( #2366, #6068, #1903, #3197 ) ) ;
#3170 = ORIENTED_EDGE ( 'NONE', *, *, #5700, .F. ) ;
#3171 = DIRECTION ( 'NONE',  ( 1.000000000000000000, 0.000000000000000000, 0.000000000000000000 ) ) ;
#3172 = ORIENTED_EDGE ( 'NONE', *, *, #8391, .F. ) ;
#3173 = EDGE_CURVE ( 'NONE', #4563, #129, #3734, .T. ) ;
#3174 = LINE ( 'NONE', #3046, #7479 ) ;
#3175 = DIRECTION ( 'NONE',  ( 0.9638023865686958791, -0.2666176281577909424, 0.000000000000000000 ) ) ;
#3176 = CARTESIAN_POINT ( 'NONE',  ( 0.1473195594799686370, 0.06488587858533610697, 0.1000000000000000056 ) ) ;
#3177 = ORIENTED_EDGE ( 'NONE', *, *, #6210, .F. ) ;
#3178 = FACE_OUTER_BOUND ( 'NONE', #1088, .T. ) ;
#3179 = CARTESIAN_POINT ( 'NONE',  ( -0.2117365182853579719, 0.1661017834119890013, 0.6099999999999999867 ) ) ;
#3180 = LINE ( 'NONE', #321, #11760 ) ;
#3181 = ORIENTED_EDGE ( 'NONE', *, *, #3173, .F. ) ;
#3182 = ORIENTED_EDGE ( 'NONE', *, *, #910, .F. ) ;
#3183 = EDGE_LOOP ( 'NONE', ( #8866, #5911, #2710, #7742 ) ) ;
#3184 = EDGE_CURVE ( 'NONE', #7047, #11, #11098, .T. ) ;
#3185 = LINE ( 'NONE', #8467, #11576 ) ;
#3186 = CARTESIAN_POINT ( 'NONE',  ( 0.1932796393766944842, 0.05697613247385209523, 0.000000000000000000 ) ) ;
#3187 = CARTESIAN_POINT ( 'NONE',  ( -0.004222912608168378178, 0.09744290549092955722, 0.6099999999999999867 ) ) ;
#3188 = CARTESIAN_POINT ( 'NONE',  ( 0.2371676411332589995, 0.03318222410519704874, 0.000000000000000000 ) ) ;
#3189 = FACE_OUTER_BOUND ( 'NONE', #1272, .T. ) ;
#3190 = EDGE_LOOP ( 'NONE', ( #4805, #7528, #4867, #10624 ) ) ;
#3191 = CARTESIAN_POINT ( 'NONE',  ( 0.1798890280879854864, 0.1042687375577332071, 0.000000000000000000 ) ) ;
#3192 = CARTESIAN_POINT ( 'NONE',  ( 0.1341589116541015980, 0.03511415000484884724, 0.000000000000000000 ) ) ;
#3193 = LINE ( 'NONE', #7125, #4906 ) ;
#3194 = CYLINDRICAL_SURFACE ( 'NONE', #7048, 0.002239176015685415914 ) ;
#3195 = CARTESIAN_POINT ( 'NONE',  ( 0.8000000000000000444, -0.8000000000000000444, 0.4000000000000000222 ) ) ;
#3196 = ORIENTED_EDGE ( 'NONE', *, *, #4066, .T. ) ;
#3197 = ORIENTED_EDGE ( 'NONE', *, *, #5268, .F. ) ;
#3198 = EDGE_CURVE ( 'NONE', #9845, #3889, #820, .T. ) ;
#3199 = STYLED_ITEM ( 'NONE', ( #8250 ), #9101 ) ;
#3200 = CARTESIAN_POINT ( 'NONE',  ( 0.2030612219375029781, 0.06828907263315558973, 0.000000000000000000 ) ) ;
#3201 = EDGE_CURVE ( 'NONE', #1867, #9140, #6766, .T. ) ;
#3202 = FILL_AREA_STYLE_COLOUR ( '', #8430 ) ;
#3203 = CARTESIAN_POINT ( 'NONE',  ( -0.2366831626601859639, -0.7145957609276060163, 0.2967297185801399673 ) ) ;
#3204 = EDGE_CURVE ( 'NONE', #9526, #10315, #883, .T. ) ;
#3205 = ORIENTED_EDGE ( 'NONE', *, *, #8104, .F. ) ;
#3206 = PLANE ( 'NONE',  #9866 ) ;
#3207 = LINE ( 'NONE', #4723, #9000 ) ;
#3208 =( GEOMETRIC_REPRESENTATION_CONTEXT ( 3 ) GLOBAL_UNCERTAINTY_ASSIGNED_CONTEXT ( ( #7466 ) ) GLOBAL_UNIT_ASSIGNED_CONTEXT ( ( #8541, #12473, #6815 ) ) REPRESENTATION_CONTEXT ( 'NONE', 'WORKASPACE' ) );
#3209 = DIRECTION ( 'NONE',  ( 0.000000000000000000, 0.000000000000000000, 1.000000000000000000 ) ) ;
#3210 = ORIENTED_EDGE ( 'NONE', *, *, #4967, .F. ) ;
#3211 = VERTEX_POINT ( 'NONE', #4178 ) ;
#3212 = EDGE_CURVE ( 'NONE', #4786, #7716, #1925, .T. ) ;
#3213 = EDGE_CURVE ( 'NONE', #2325, #9219, #12129, .T. ) ;
#3214 = AXIS2_PLACEMENT_3D ( 'NONE', #8053, #2899, #11981 ) ;
#3215 = ORIENTED_EDGE ( 'NONE', *, *, #8183, .F. ) ;
#3216 = CARTESIAN_POINT ( 'NONE',  ( -0.8000000000000000444, 0.6612489735550610703, 0.2334995524190849880 ) ) ;
#3217 = AXIS2_PLACEMENT_3D ( 'NONE', #42, #3267, #10103 ) ;
#3218 = AXIS2_PLACEMENT_3D ( 'NONE', #2084, #4990, #8078 ) ;
#3219 = CYLINDRICAL_SURFACE ( 'NONE', #3071, 0.07999999999999998779 ) ;
#3220 = EDGE_CURVE ( 'NONE', #6949, #11275, #1204, .T. ) ;
#3221 = AXIS2_PLACEMENT_3D ( 'NONE', #1001, #2881, #5853 ) ;
#3222 = CARTESIAN_POINT ( 'NONE',  ( 0.8000000000000000444, -0.8000000000000000444, 0.000000000000000000 ) ) ;
#3223 = CARTESIAN_POINT ( 'NONE',  ( 0.4000000000000000222, 0.8000000000000000444, 0.08000000000000000167 ) ) ;
#3224 = ORIENTED_EDGE ( 'NONE', *, *, #12005, .T. ) ;
#3225 = CARTESIAN_POINT ( 'NONE',  ( 0.2244975015936664930, 0.03316117662571935187, 0.000000000000000000 ) ) ;
#3226 = DIRECTION ( 'NONE',  ( 0.000000000000000000, 0.000000000000000000, -1.000000000000000000 ) ) ;
#3227 = ORIENTED_EDGE ( 'NONE', *, *, #9062, .T. ) ;
#3228 = ORIENTED_EDGE ( 'NONE', *, *, #4208, .F. ) ;
#3229 = CIRCLE ( 'NONE', #7555, 0.002170133933704518521 ) ;
#3230 = VERTEX_POINT ( 'NONE', #5870 ) ;
#3231 = DIRECTION ( 'NONE',  ( 0.000000000000000000, 0.000000000000000000, -1.000000000000000000 ) ) ;
#3232 = DIRECTION ( 'NONE',  ( 0.8739805238859088554, 0.4859609489126796578, 0.000000000000000000 ) ) ;
#3233 = DIRECTION ( 'NONE',  ( 0.000000000000000000, 0.000000000000000000, -1.000000000000000000 ) ) ;
#3234 = ORIENTED_EDGE ( 'NONE', *, *, #12243, .T. ) ;
#3235 = AXIS2_PLACEMENT_3D ( 'NONE', #639, #4649, #8458 ) ;
#3236 = DIRECTION ( 'NONE',  ( 0.000000000000000000, 0.000000000000000000, 1.000000000000000000 ) ) ;
#3237 = LINE ( 'NONE', #3179, #12299 ) ;
#3238 = DIRECTION ( 'NONE',  ( 0.000000000000000000, 1.000000000000000000, 2.489282864717550295E-15 ) ) ;
#3239 = ORIENTED_EDGE ( 'NONE', *, *, #10738, .T. ) ;
#3240 = VECTOR ( 'NONE', #3772, 1000.000000000000000 ) ;
#3241 = VERTEX_POINT ( 'NONE', #11847 ) ;
#3242 = SHAPE_REPRESENTATION_RELATIONSHIP ( 'NONE' , 'NONE' ,  #2114, #1229 ) ;
#3243 = ORIENTED_EDGE ( 'NONE', *, *, #5179, .T. ) ;
#3244 = PRODUCT_DEFINITION_CONTEXT ( 'detailed design', #3782, 'design' ) ;
#3245 = VERTEX_POINT ( 'NONE', #6893 ) ;
#3246 = VECTOR ( 'NONE', #4612, 1000.000000000000114 ) ;
#3247 = VECTOR ( 'NONE', #6048, 1000.000000000000000 ) ;
#3248 = DIRECTION ( 'NONE',  ( -0.000000000000000000, 0.9682773257456045446, 0.2498780111313128882 ) ) ;
#3249 = AXIS2_PLACEMENT_3D ( 'NONE', #1354, #9299, #8325 ) ;
#3250 = DIRECTION ( 'NONE',  ( -1.000000000000000000, 0.000000000000000000, 0.000000000000000000 ) ) ;
#3251 = VECTOR ( 'NONE', #1032, 1000.000000000000000 ) ;
#3252 = DIRECTION ( 'NONE',  ( 0.000000000000000000, -1.000000000000000000, 0.000000000000000000 ) ) ;
#3253 = CARTESIAN_POINT ( 'NONE',  ( -0.5999999999999999778, 0.000000000000000000, 0.4000000000000000222 ) ) ;
#3254 = DIRECTION ( 'NONE',  ( -1.224646799147353207E-16, 1.000000000000000000, 0.000000000000000000 ) ) ;
#3255 = EDGE_LOOP ( 'NONE', ( #6014, #3770, #2280, #9952 ) ) ;
#3256 = DIRECTION ( 'NONE',  ( -0.7071067811865482389, 0.000000000000000000, -0.7071067811865466846 ) ) ;
#3257 = DIRECTION ( 'NONE',  ( -0.000000000000000000, 1.000000000000000000, 0.000000000000000000 ) ) ;
#3258 = EDGE_CURVE ( 'NONE', #8509, #11275, #10947, .T. ) ;
#3259 = PLANE ( 'NONE',  #6759 ) ;
#3260 = AXIS2_PLACEMENT_3D ( 'NONE', #6330, #6402, #9294 ) ;
#3261 = DIRECTION ( 'NONE',  ( 0.000000000000000000, 0.000000000000000000, 1.000000000000000000 ) ) ;
#3262 = CARTESIAN_POINT ( 'NONE',  ( -0.08226357805285371139, -0.1689970804587989928, 0.5999999999999999778 ) ) ;
#3263 = VERTEX_POINT ( 'NONE', #4895 ) ;
#3264 = AXIS2_PLACEMENT_3D ( 'NONE', #305, #12123, #373 ) ;
#3265 = VERTEX_POINT ( 'NONE', #7924 ) ;
#3266 = AXIS2_PLACEMENT_3D ( 'NONE', #11302, #3504, #765 ) ;
#3267 = DIRECTION ( 'NONE',  ( 0.000000000000000000, -0.9682773257456045446, 0.2498780111313128882 ) ) ;
#3268 = VECTOR ( 'NONE', #10615, 1000.000000000000000 ) ;
#3269 = DIRECTION ( 'NONE',  ( -0.2799041247657281795, -0.9600279584153430523, 0.000000000000000000 ) ) ;
#3270 = CIRCLE ( 'NONE', #4711, 0.008091146606939892891 ) ;
#3271 = DIRECTION ( 'NONE',  ( 0.000000000000000000, 0.000000000000000000, -1.000000000000000000 ) ) ;
#3272 = CARTESIAN_POINT ( 'NONE',  ( -0.6284232971287809777, 8.218079145154210792E-17, 0.000000000000000000 ) ) ;
#3273 = ORIENTED_EDGE ( 'NONE', *, *, #6133, .F. ) ;
#3274 = CARTESIAN_POINT ( 'NONE',  ( 0.03387712131695944789, 0.05876456305842749778, 0.1000000000000000056 ) ) ;
#3275 = VECTOR ( 'NONE', #3988, 1000.000000000000000 ) ;
#3276 = EDGE_CURVE ( 'NONE', #7511, #3230, #3088, .T. ) ;
#3277 = FACE_OUTER_BOUND ( 'NONE', #4665, .T. ) ;
#3278 = VECTOR ( 'NONE', #4892, 1000.000000000000000 ) ;
#3279 = DIRECTION ( 'NONE',  ( 0.000000000000000000, 0.7071067811865482389, -0.7071067811865467956 ) ) ;
#3280 = ORIENTED_EDGE ( 'NONE', *, *, #4460, .F. ) ;
#3281 = EDGE_LOOP ( 'NONE', ( #10701, #3092, #2816 ) ) ;
#3282 = ORIENTED_EDGE ( 'NONE', *, *, #1393, .F. ) ;
#3283 = ADVANCED_FACE ( 'NONE', ( #9784 ), #2119, .F. ) ;
#3284 = EDGE_CURVE ( 'NONE', #295, #12484, #8826, .T. ) ;
#3285 = DIRECTION ( 'NONE',  ( 0.000000000000000000, 0.000000000000000000, 1.000000000000000000 ) ) ;
#3286 = CIRCLE ( 'NONE', #3483, 0.05000000000000000971 ) ;
#3287 = CARTESIAN_POINT ( 'NONE',  ( -0.5999999999999999778, 0.000000000000000000, 0.8699999999999999956 ) ) ;
#3288 = EDGE_CURVE ( 'NONE', #389, #8570, #5551, .T. ) ;
#3289 = CYLINDRICAL_SURFACE ( 'NONE', #9573, 0.08000000000000002942 ) ;
#3290 = EDGE_CURVE ( 'NONE', #8261, #2230, #2901, .T. ) ;
#3291 = DIRECTION ( 'NONE',  ( 0.000000000000000000, 0.000000000000000000, -1.000000000000000000 ) ) ;
#3292 = EDGE_CURVE ( 'NONE', #3870, #5326, #4047, .T. ) ;
#3293 = CIRCLE ( 'NONE', #12344, 0.003120585666877702738 ) ;
#3294 = DIRECTION ( 'NONE',  ( 0.000000000000000000, -0.7071067811865482389, 0.7071067811865467956 ) ) ;
#3295 =( REPRESENTATION_RELATIONSHIP ('NONE','NONE', #1612, #2114 ) REPRESENTATION_RELATIONSHIP_WITH_TRANSFORMATION ( #12651 )SHAPE_REPRESENTATION_RELATIONSHIP( ) );
#3296 = VERTEX_POINT ( 'NONE', #6958 ) ;
#3297 = CARTESIAN_POINT ( 'NONE',  ( 0.1932401869698620045, 0.05771694977110350400, 0.000000000000000000 ) ) ;
#3298 = DIRECTION ( 'NONE',  ( -1.000000000000000000, 0.000000000000000000, 0.000000000000000000 ) ) ;
#3299 = ORIENTED_EDGE ( 'NONE', *, *, #12545, .T. ) ;
#3300 = ORIENTED_EDGE ( 'NONE', *, *, #11571, .T. ) ;
#3301 = CIRCLE ( 'NONE', #8641, 0.002198610222765590844 ) ;
#3302 = ORIENTED_EDGE ( 'NONE', *, *, #4876, .F. ) ;
#3303 = ADVANCED_FACE ( 'NONE', ( #2059 ), #6006, .F. ) ;
#3304 = CARTESIAN_POINT ( 'NONE',  ( -0.7299999999999999822, -0.1000000000000000056, 0.1451689417511649871 ) ) ;
#3305 = CIRCLE ( 'NONE', #582, 0.002389116095951372438 ) ;
#3306 = DIRECTION ( 'NONE',  ( 0.000000000000000000, 0.2498780111313128605, -0.9682773257456044336 ) ) ;
#3307 = FACE_OUTER_BOUND ( 'NONE', #10327, .T. ) ;
#3308 = ORIENTED_EDGE ( 'NONE', *, *, #10222, .T. ) ;
#3309 = LINE ( 'NONE', #386, #9675 ) ;
#3310 = FACE_OUTER_BOUND ( 'NONE', #4360, .T. ) ;
#3311 = CARTESIAN_POINT ( 'NONE',  ( -0.7738754645990779668, -0.05000000000000000278, 0.05585786437626905077 ) ) ;
#3312 = VERTEX_POINT ( 'NONE', #3020 ) ;
#3313 = ORIENTED_EDGE ( 'NONE', *, *, #3528, .F. ) ;
#3314 = ORIENTED_EDGE ( 'NONE', *, *, #9158, .T. ) ;
#3315 = VECTOR ( 'NONE', #2820, 1000.000000000000000 ) ;
#3316 = AXIS2_PLACEMENT_3D ( 'NONE', #8731, #3058, #7058 ) ;
#3317 =( LENGTH_UNIT ( ) NAMED_UNIT ( * ) SI_UNIT ( .MILLI., .METRE. ) );
#3318 = CARTESIAN_POINT ( 'NONE',  ( -0.1302635769361649987, 0.1049970796212819912, 0.6099999999999999867 ) ) ;
#3319 = DIRECTION ( 'NONE',  ( 0.000000000000000000, 0.000000000000000000, 1.000000000000000000 ) ) ;
#3320 = DIRECTION ( 'NONE',  ( 1.000000000000000000, 0.000000000000000000, 0.000000000000000000 ) ) ;
#3321 = VERTEX_POINT ( 'NONE', #2171 ) ;
#3322 = CARTESIAN_POINT ( 'NONE',  ( 0.1631615436026759847, 0.7145957609276060163, 0.4000000000000000222 ) ) ;
#3323 = DIRECTION ( 'NONE',  ( 0.000000000000000000, 0.000000000000000000, 1.000000000000000000 ) ) ;
#3324 = AXIS2_PLACEMENT_3D ( 'NONE', #11938, #8071, #7161 ) ;
#3325 = DIRECTION ( 'NONE',  ( -0.4187623895422995512, 0.9080958435676397267, 0.000000000000000000 ) ) ;
#3326 = EDGE_LOOP ( 'NONE', ( #1995, #4162, #9112, #240 ) ) ;
#3327 = CARTESIAN_POINT ( 'NONE',  ( 0.3724937799023524954, 0.02856571172655755081, 0.000000000000000000 ) ) ;
#3328 = CARTESIAN_POINT ( 'NONE',  ( -0.1131615436026760096, -0.7134565741727723065, 0.2923153697564827014 ) ) ;
#3329 = ORIENTED_EDGE ( 'NONE', *, *, #12113, .F. ) ;
#3330 = VERTEX_POINT ( 'NONE', #9971 ) ;
#3331 = DIRECTION ( 'NONE',  ( 0.000000000000000000, 0.000000000000000000, 1.000000000000000000 ) ) ;
#3332 = AXIS2_PLACEMENT_3D ( 'NONE', #9668, #6700, #10700 ) ;
#3333 = ADVANCED_FACE ( 'NONE', ( #5084 ), #10753, .T. ) ;
#3334 = DIRECTION ( 'NONE',  ( 0.5999999860413970376, 0.8000000104689519720, 0.000000000000000000 ) ) ;
#3335 = CARTESIAN_POINT ( 'NONE',  ( -0.7880176002228089782, -0.05000000000000000278, 0.06999999999999999278 ) ) ;
#3336 = DIRECTION ( 'NONE',  ( 0.000000000000000000, 0.000000000000000000, 1.000000000000000000 ) ) ;
#3337 = VERTEX_POINT ( 'NONE', #9009 ) ;
#3338 = DIRECTION ( 'NONE',  ( 0.000000000000000000, 0.000000000000000000, 1.000000000000000000 ) ) ;
#3339 = DIRECTION ( 'NONE',  ( 0.000000000000000000, 0.000000000000000000, -1.000000000000000000 ) ) ;
#3340 = CARTESIAN_POINT ( 'NONE',  ( -0.04000000087241269847, 0.1689970804587989928, 0.6099999999999999867 ) ) ;
#3341 = ORIENTED_EDGE ( 'NONE', *, *, #9553, .T. ) ;
#3342 = EDGE_LOOP ( 'NONE', ( #2702, #10763, #10568, #8023 ) ) ;
#3343 = VERTEX_POINT ( 'NONE', #7986 ) ;
#3344 = PLANE ( 'NONE',  #3820 ) ;
#3345 = ADVANCED_FACE ( 'NONE', ( #50 ), #169, .T. ) ;
#3346 = EDGE_LOOP ( 'NONE', ( #8928, #11664, #2505, #2125 ) ) ;
#3347 = DIRECTION ( 'NONE',  ( -0.000000000000000000, 1.000000000000000000, 0.000000000000000000 ) ) ;
#3348 = DIRECTION ( 'NONE',  ( 0.000000000000000000, 0.000000000000000000, 1.000000000000000000 ) ) ;
#3349 = CARTESIAN_POINT ( 'NONE',  ( 0.06107009333656420597, 0.03317959062069669729, 0.1000000000000000056 ) ) ;
#3350 = CARTESIAN_POINT ( 'NONE',  ( 0.1925666295662490091, 0.05718103188946949827, 0.000000000000000000 ) ) ;
#3351 = VERTEX_POINT ( 'NONE', #11983 ) ;
#3352 = DIRECTION ( 'NONE',  ( 0.000000000000000000, 0.000000000000000000, -1.000000000000000000 ) ) ;
#3353 = CYLINDRICAL_SURFACE ( 'NONE', #2092, 0.05000000000000002359 ) ;
#3354 = ORIENTED_EDGE ( 'NONE', *, *, #144, .T. ) ;
#3355 = ORIENTED_EDGE ( 'NONE', *, *, #5251, .T. ) ;
#3356 = EDGE_LOOP ( 'NONE', ( #146, #5487, #2582, #12257, #2671, #8031, #5299, #11395, #10107, #5447, #7336, #6513, #11602, #3234, #7608, #7526, #3756, #10196, #10492, #6038, #7996, #1719, #678, #2332, #9034, #10770, #5538, #1555, #4759, #1018, #12142, #3994, #10529, #11248, #11873, #6682, #9331, #1675, #8790, #893, #1137, #9014, #3826, #1161, #8413, #4980, #7260, #4644, #12001, #7833, #6810, #2086, #9759, #11756, #9099, #11922, #11130, #11424, #5476, #6380, #226, #1712, #10345, #6852, #2295, #5470, #7879, #10033, #8533, #12391, #5430, #7877, #4777, #6321, #8609, #9618, #8209, #12294, #2808, #10212, #831, #12699, #12181, #7754, #7103, #4420, #1417, #677, #10102, #1318, #8732, #10713, #7349, #341, #296, #10718, #8360, #3709, #6582, #5597, #2011, #4974, #4183, #9152, #9046, #9168, #4181, #11181, #10630, #6965, #8580, #904, #6527, #7268, #2701, #1267, #12225, #1732, #1530, #1738 ) ) ;
#3357 = EDGE_CURVE ( 'NONE', #1140, #8058, #3154, .T. ) ;
#3358 = CARTESIAN_POINT ( 'NONE',  ( 0.2355732365017234875, 0.04062310122641939886, 0.000000000000000000 ) ) ;
#3359 = EDGE_CURVE ( 'NONE', #11624, #9901, #2861, .T. ) ;
#3360 = CYLINDRICAL_SURFACE ( 'NONE', #5287, 0.02649696840498844477 ) ;
#3361 = CYLINDRICAL_SURFACE ( 'NONE', #12493, 0.002603910244099755678 ) ;
#3362 = VERTEX_POINT ( 'NONE', #7213 ) ;
#3363 = EDGE_CURVE ( 'NONE', #9157, #295, #10352, .T. ) ;
#3364 = CARTESIAN_POINT ( 'NONE',  ( 0.2643992958824054607, 0.05987491340036499993, 0.000000000000000000 ) ) ;
#3365 = DIRECTION ( 'NONE',  ( 0.8238199217038110200, -0.5668516001599771537, 0.000000000000000000 ) ) ;
#3366 = PLANE ( 'NONE',  #4546 ) ;
#3367 = ORIENTED_EDGE ( 'NONE', *, *, #1539, .T. ) ;
#3368 = ORIENTED_EDGE ( 'NONE', *, *, #9833, .T. ) ;
#3369 = EDGE_LOOP ( 'NONE', ( #8897, #7032, #11454, #8728 ) ) ;
#3370 = EDGE_CURVE ( 'NONE', #59, #9921, #10108, .T. ) ;
#3371 = EDGE_CURVE ( 'NONE', #10009, #811, #10475, .T. ) ;
#3372 = CARTESIAN_POINT ( 'NONE',  ( 0.03387712131695944789, 0.05876456305842749778, 0.000000000000000000 ) ) ;
#3373 = ADVANCED_FACE ( 'NONE', ( #4361 ), #10229, .T. ) ;
#3374 = DIRECTION ( 'NONE',  ( 1.000000000000000000, 0.000000000000000000, 0.000000000000000000 ) ) ;
#3375 = CARTESIAN_POINT ( 'NONE',  ( -0.8000000000000000444, 0.5999999999999999778, 0.2834995524190850325 ) ) ;
#3376 = ORIENTED_EDGE ( 'NONE', *, *, #7549, .F. ) ;
#3377 = DIRECTION ( 'NONE',  ( 0.000000000000000000, 0.000000000000000000, -1.000000000000000000 ) ) ;
#3378 = CARTESIAN_POINT ( 'NONE',  ( 0.3247421682507374840, 0.08681255800184049798, 0.000000000000000000 ) ) ;
#3379 = FACE_OUTER_BOUND ( 'NONE', #10134, .T. ) ;
#3380 = VERTEX_POINT ( 'NONE', #9326 ) ;
#3381 = FACE_OUTER_BOUND ( 'NONE', #4436, .T. ) ;
#3382 = CARTESIAN_POINT ( 'NONE',  ( 0.000000000000000000, 0.000000000000000000, 0.6913203788665051031 ) ) ;
#3383 = EDGE_LOOP ( 'NONE', ( #3442, #2977, #10161, #10456 ) ) ;
#3384 = FACE_OUTER_BOUND ( 'NONE', #2445, .T. ) ;
#3385 = CARTESIAN_POINT ( 'NONE',  ( -0.3565617965058683336, -0.1498278992054360437, 0.5999999999999999778 ) ) ;
#3386 = CYLINDRICAL_SURFACE ( 'NONE', #2595, 0.08000000000000001554 ) ;
#3387 = ORIENTED_EDGE ( 'NONE', *, *, #9998, .F. ) ;
#3388 = CARTESIAN_POINT ( 'NONE',  ( 0.1692965698667100172, -0.1813925120511919731, 0.6099999999999999867 ) ) ;
#3389 = DIRECTION ( 'NONE',  ( -0.9438323189660271506, 0.3304248078991823823, 0.000000000000000000 ) ) ;
#3390 = CARTESIAN_POINT ( 'NONE',  ( 0.8000000000000000444, -0.6612489735550610703, 0.07199926448865659467 ) ) ;
#3391 = ORIENTED_EDGE ( 'NONE', *, *, #415, .T. ) ;
#3392 = ORIENTED_EDGE ( 'NONE', *, *, #11397, .T. ) ;
#3393 = ADVANCED_FACE ( 'NONE', ( #4233 ), #3206, .F. ) ;
#3394 = ORIENTED_EDGE ( 'NONE', *, *, #6460, .T. ) ;
#3395 = AXIS2_PLACEMENT_3D ( 'NONE', #8180, #11146, #8305 ) ;
#3396 = EDGE_LOOP ( 'NONE', ( #2716, #7296, #2283, #9525 ) ) ;
#3397 = CIRCLE ( 'NONE', #98, 0.04999999999999999584 ) ;
#3398 = FACE_OUTER_BOUND ( 'NONE', #3668, .T. ) ;
#3399 =( NAMED_UNIT ( * ) PLANE_ANGLE_UNIT ( ) SI_UNIT ( $, .RADIAN. ) );
#3400 = DIRECTION ( 'NONE',  ( 0.000000000000000000, 0.000000000000000000, 1.000000000000000000 ) ) ;
#3401 = DIRECTION ( 'NONE',  ( -0.4187623895423636666, 0.9080958435676104168, 0.000000000000000000 ) ) ;
#3402 = EDGE_LOOP ( 'NONE', ( #2290, #2781, #12075, #8917 ) ) ;
#3403 = AXIS2_PLACEMENT_3D ( 'NONE', #10877, #7025, #9969 ) ;
#3404 = CARTESIAN_POINT ( 'NONE',  ( 0.2750000000000000222, -0.7046741902800299773, 0.2582836310259130075 ) ) ;
#3405 = EDGE_CURVE ( 'NONE', #10726, #11604, #6188, .T. ) ;
#3406 = LINE ( 'NONE', #5622, #11568 ) ;
#3407 = VERTEX_POINT ( 'NONE', #8299 ) ;
#3408 = ORIENTED_EDGE ( 'NONE', *, *, #193, .F. ) ;
#3409 = ORIENTED_EDGE ( 'NONE', *, *, #10463, .F. ) ;
#3410 = AXIS2_PLACEMENT_3D ( 'NONE', #3518, #10346, #1510 ) ;
#3411 = VECTOR ( 'NONE', #3629, 1000.000000000000000 ) ;
#3412 = AXIS2_PLACEMENT_3D ( 'NONE', #2944, #12672, #11709 ) ;
#3413 = LINE ( 'NONE', #5303, #11283 ) ;
#3414 = LINE ( 'NONE', #2330, #1984 ) ;
#3415 = DIRECTION ( 'NONE',  ( 0.000000000000000000, 0.000000000000000000, -1.000000000000000000 ) ) ;
#3416 = VECTOR ( 'NONE', #9717, 1000.000000000000114 ) ;
#3417 = ORIENTED_EDGE ( 'NONE', *, *, #8144, .F. ) ;
#3418 = CIRCLE ( 'NONE', #2388, 0.0009827641783686945007 ) ;
#3419 = CARTESIAN_POINT ( 'NONE',  ( -0.8000000000000000444, 0.7046741902800309765, 0.2582836310259130075 ) ) ;
#3420 = PLANE ( 'NONE',  #12508 ) ;
#3421 = EDGE_CURVE ( 'NONE', #9301, #10929, #1389, .T. ) ;
#3422 = CARTESIAN_POINT ( 'NONE',  ( -0.5300000000000000266, 0.000000000000000000, 0.9000000000000000222 ) ) ;
#3423 = ORIENTED_EDGE ( 'NONE', *, *, #2279, .F. ) ;
#3424 = ORIENTED_EDGE ( 'NONE', *, *, #5179, .F. ) ;
#3425 = AXIS2_PLACEMENT_3D ( 'NONE', #6350, #1309, #333 ) ;
#3426 = ORIENTED_EDGE ( 'NONE', *, *, #9920, .T. ) ;
#3427 = EDGE_CURVE ( 'NONE', #1012, #10330, #4727, .T. ) ;
#3428 = EDGE_CURVE ( 'NONE', #3990, #980, #1326, .T. ) ;
#3429 = AXIS2_PLACEMENT_3D ( 'NONE', #5486, #7484, #8444 ) ;
#3430 = DIRECTION ( 'NONE',  ( 0.000000000000000000, 1.000000000000000000, 0.000000000000000000 ) ) ;
#3431 = VECTOR ( 'NONE', #11196, 1000.000000000000000 ) ;
#3432 = LINE ( 'NONE', #8769, #7999 ) ;
#3433 = VECTOR ( 'NONE', #6422, 1000.000000000000114 ) ;
#3434 = DIRECTION ( 'NONE',  ( 0.000000000000000000, 0.000000000000000000, 1.000000000000000000 ) ) ;
#3435 = EDGE_CURVE ( 'NONE', #2602, #810, #6435, .T. ) ;
#3436 = LINE ( 'NONE', #6477, #11876 ) ;
#3437 = ORIENTED_EDGE ( 'NONE', *, *, #11571, .F. ) ;
#3438 = EDGE_CURVE ( 'NONE', #8139, #6382, #6305, .T. ) ;
#3439 = DIRECTION ( 'NONE',  ( 0.3162277577404048468, -0.9486833008093248365, 0.000000000000000000 ) ) ;
#3440 = DIRECTION ( 'NONE',  ( 0.000000000000000000, 0.000000000000000000, 1.000000000000000000 ) ) ;
#3441 = CARTESIAN_POINT ( 'NONE',  ( 0.1587122455588695080, 0.03320504595170924861, 0.1000000000000000056 ) ) ;
#3442 = ORIENTED_EDGE ( 'NONE', *, *, #10909, .F. ) ;
#3443 = CARTESIAN_POINT ( 'NONE',  ( -0.2366831626601859639, 0.9322259197888769222, 0.4000000000000000222 ) ) ;
#3444 = DIRECTION ( 'NONE',  ( 0.000000000000000000, 0.000000000000000000, 1.000000000000000000 ) ) ;
#3445 = TOROIDAL_SURFACE ( 'NONE', #11485, 0.5300000000000000266, 0.03000000000000000236 ) ;
#3446 = EDGE_LOOP ( 'NONE', ( #6532, #10521, #11474, #5854 ) ) ;
#3447 = AXIS2_PLACEMENT_3D ( 'NONE', #9421, #6790, #10578 ) ;
#3448 = EDGE_CURVE ( 'NONE', #3851, #12523, #5968, .T. ) ;
#3449 = SURFACE_STYLE_USAGE ( .BOTH. , #9136 ) ;
#3450 = CYLINDRICAL_SURFACE ( 'NONE', #1434, 0.04999999999999999584 ) ;
#3451 = DIRECTION ( 'NONE',  ( 0.000000000000000000, 0.000000000000000000, 1.000000000000000000 ) ) ;
#3452 = LINE ( 'NONE', #7324, #1420 ) ;
#3453 = DIRECTION ( 'NONE',  ( -0.0003097918584271994570, -0.9999999520145010923, 0.000000000000000000 ) ) ;
#3454 = VERTEX_POINT ( 'NONE', #3274 ) ;
#3455 = CIRCLE ( 'NONE', #4696, 0.08000000000000002942 ) ;
#3456 = DIRECTION ( 'NONE',  ( 0.000000000000000000, 0.000000000000000000, -1.000000000000000000 ) ) ;
#3457 = PLANE ( 'NONE',  #5946 ) ;
#3458 = CIRCLE ( 'NONE', #8400, 0.01964749915604700053 ) ;
#3459 = CARTESIAN_POINT ( 'NONE',  ( -0.2131049635573146195, 0.1619964474767344731, 0.6099999999999999867 ) ) ;
#3460 = CARTESIAN_POINT ( 'NONE',  ( 0.3246440447011150199, 0.04509549365880329702, 0.1000000000000000056 ) ) ;
#3461 = VECTOR ( 'NONE', #12148, 1000.000000000000000 ) ;
#3462 = EDGE_LOOP ( 'NONE', ( #2565, #83, #7417, #4640 ) ) ;
#3463 = ORIENTED_EDGE ( 'NONE', *, *, #280, .T. ) ;
#3464 = VERTEX_POINT ( 'NONE', #7269 ) ;
#3465 = VECTOR ( 'NONE', #10571, 1000.000000000000000 ) ;
#3466 = DIRECTION ( 'NONE',  ( 0.000000000000000000, 0.000000000000000000, 1.000000000000000000 ) ) ;
#3467 = AXIS2_PLACEMENT_3D ( 'NONE', #1270, #2308, #12291 ) ;
#3468 = DIRECTION ( 'NONE',  ( 0.000000000000000000, 0.000000000000000000, 1.000000000000000000 ) ) ;
#3469 = AXIS2_PLACEMENT_3D ( 'NONE', #233, #6832, #6061 ) ;
#3470 = CARTESIAN_POINT ( 'NONE',  ( -0.3081987717257729797, -0.08610178341198850005, 0.5999999999999999778 ) ) ;
#3471 = CARTESIAN_POINT ( 'NONE',  ( 0.08600628789277209307, 0.05242807410686710357, 0.000000000000000000 ) ) ;
#3472 = CARTESIAN_POINT ( 'NONE',  ( -0.5300000000000000266, 0.000000000000000000, 0.8699999999999999956 ) ) ;
#3473 = CARTESIAN_POINT ( 'NONE',  ( 0.1692965698667100172, 0.1813925120511919731, 0.5999999999999999778 ) ) ;
#3474 = VECTOR ( 'NONE', #8182, 1000.000000000000000 ) ;
#3475 = ORIENTED_EDGE ( 'NONE', *, *, #10253, .T. ) ;
#3476 = FACE_OUTER_BOUND ( 'NONE', #11305, .T. ) ;
#3477 = FACE_OUTER_BOUND ( 'NONE', #4830, .T. ) ;
#3478 = ORIENTED_EDGE ( 'NONE', *, *, #6614, .T. ) ;
#3479 = AXIS2_PLACEMENT_3D ( 'NONE', #6360, #11058, #2297 ) ;
#3480 = ORIENTED_EDGE ( 'NONE', *, *, #3288, .T. ) ;
#3481 = VERTEX_POINT ( 'NONE', #11195 ) ;
#3482 = VECTOR ( 'NONE', #10990, 1000.000000000000000 ) ;
#3483 = AXIS2_PLACEMENT_3D ( 'NONE', #9769, #802, #3645 ) ;
#3484 = EDGE_LOOP ( 'NONE', ( #1026, #1927, #6092, #3971 ) ) ;
#3485 = DIRECTION ( 'NONE',  ( -1.224646799147353207E-16, 1.000000000000000000, 0.000000000000000000 ) ) ;
#3486 = AXIS2_PLACEMENT_3D ( 'NONE', #11897, #865, #12668 ) ;
#3487 = CYLINDRICAL_SURFACE ( 'NONE', #10289, 0.04999999999999999584 ) ;
#3488 = EDGE_CURVE ( 'NONE', #2065, #9748, #6374, .T. ) ;
#3489 = LINE ( 'NONE', #5761, #6316 ) ;
#3490 = LINE ( 'NONE', #7430, #4894 ) ;
#3491 = ORIENTED_EDGE ( 'NONE', *, *, #1646, .F. ) ;
#3492 = CIRCLE ( 'NONE', #4528, 0.0005462788761887365585 ) ;
#3493 = CARTESIAN_POINT ( 'NONE',  ( 0.1163789207230492007, 0.03401339338833930109, 0.1000000000000000056 ) ) ;
#3494 = CARTESIAN_POINT ( 'NONE',  ( 0.3454662753161740207, 0.03316537007306775281, 0.000000000000000000 ) ) ;
#3495 = DIRECTION ( 'NONE',  ( 0.000000000000000000, 0.7071067811865482389, 0.7071067811865467956 ) ) ;
#3496 = EDGE_LOOP ( 'NONE', ( #7900, #9537, #7941 ) ) ;
#3497 = VERTEX_POINT ( 'NONE', #2363 ) ;
#3498 = ORIENTED_EDGE ( 'NONE', *, *, #196, .T. ) ;
#3499 = VECTOR ( 'NONE', #8648, 1000.000000000000000 ) ;
#3500 = UNCERTAINTY_MEASURE_WITH_UNIT (LENGTH_MEASURE( 1.000000000000000082E-05 ), #5314, 'distance_accuracy_value', 'NONE');
#3501 = CIRCLE ( 'NONE', #6195, 0.05000000000000002359 ) ;
#3502 = ADVANCED_FACE ( 'NONE', ( #5346 ), #11257, .T. ) ;
#3503 = LINE ( 'NONE', #3568, #6648 ) ;
#3504 = DIRECTION ( 'NONE',  ( 1.000000000000000000, 0.000000000000000000, 0.000000000000000000 ) ) ;
#3505 = CARTESIAN_POINT ( 'NONE',  ( 0.3860788799391040027, 0.1046092656745439969, 0.5100000000000000089 ) ) ;
#3506 = CARTESIAN_POINT ( 'NONE',  ( -0.1131615436026759958, 0.7145957609276060163, 0.2967297185801399673 ) ) ;
#3507 = ORIENTED_EDGE ( 'NONE', *, *, #5955, .F. ) ;
#3508 = CARTESIAN_POINT ( 'NONE',  ( -0.2366831626601859639, 0.7145957609276060163, 0.2834995524190850325 ) ) ;
#3509 = DIRECTION ( 'NONE',  ( 0.7071067811883520182, -8.659560562377033289E-17, 0.7071067811847431273 ) ) ;
#3510 = DIRECTION ( 'NONE',  ( 0.000000000000000000, 0.000000000000000000, 1.000000000000000000 ) ) ;
#3511 = VERTEX_POINT ( 'NONE', #5407 ) ;
#3512 = EDGE_CURVE ( 'NONE', #10430, #9605, #477, .T. ) ;
#3513 = CIRCLE ( 'NONE', #10722, 0.04999999999999999584 ) ;
#3514 = PRODUCT_DEFINITION ( 'UNKNOWN', '', #7263, #1436 ) ;
#3515 = PLANE ( 'NONE',  #7206 ) ;
#3516 = AXIS2_PLACEMENT_3D ( 'NONE', #2867, #10729, #6869 ) ;
#3517 = ORIENTED_EDGE ( 'NONE', *, *, #1320, .T. ) ;
#3518 = CARTESIAN_POINT ( 'NONE',  ( 0.2090320392287324802, 0.05098741971305619652, 0.1000000000000000056 ) ) ;
#3519 = EDGE_CURVE ( 'NONE', #3774, #4770, #7398, .T. ) ;
#3520 = DIRECTION ( 'NONE',  ( -1.000000000000000000, 0.000000000000000000, 0.000000000000000000 ) ) ;
#3521 = DIRECTION ( 'NONE',  ( 0.000000000000000000, 0.000000000000000000, -1.000000000000000000 ) ) ;
#3522 = CARTESIAN_POINT ( 'NONE',  ( -0.2365664563605270054, -0.7111815246139390201, 0.2834995524190850325 ) ) ;
#3523 = DIRECTION ( 'NONE',  ( -1.000000000000000000, 0.000000000000000000, 0.000000000000000000 ) ) ;
#3524 = ORIENTED_EDGE ( 'NONE', *, *, #11598, .T. ) ;
#3525 = CARTESIAN_POINT ( 'NONE',  ( 0.1866831626601859750, 0.7145957609276060163, 0.2834995524190850325 ) ) ;
#3526 = DIRECTION ( 'NONE',  ( -1.000000000000000000, 0.000000000000000000, 0.000000000000000000 ) ) ;
#3527 = EDGE_CURVE ( 'NONE', #4406, #9731, #10548, .T. ) ;
#3528 = EDGE_CURVE ( 'NONE', #11261, #4535, #12333, .T. ) ;
#3529 = CARTESIAN_POINT ( 'NONE',  ( -0.8499999999999999778, 0.1000000000000000056, 0.000000000000000000 ) ) ;
#3530 = DIRECTION ( 'NONE',  ( -0.2729743743840098991, -0.9620213048210826123, 0.000000000000000000 ) ) ;
#3531 = VERTEX_POINT ( 'NONE', #1770 ) ;
#3532 = ORIENTED_EDGE ( 'NONE', *, *, #7286, .T. ) ;
#3533 = ORIENTED_EDGE ( 'NONE', *, *, #12089, .F. ) ;
#3534 = CIRCLE ( 'NONE', #11366, 0.07999999999999998779 ) ;
#3535 =( REPRESENTATION_RELATIONSHIP ('NONE','NONE', #1612, #7726 ) REPRESENTATION_RELATIONSHIP_WITH_TRANSFORMATION ( #4733 )SHAPE_REPRESENTATION_RELATIONSHIP( ) );
#3536 = EDGE_CURVE ( 'NONE', #5620, #10310, #12134, .T. ) ;
#3537 = FACE_OUTER_BOUND ( 'NONE', #7431, .T. ) ;
#3538 = EDGE_CURVE ( 'NONE', #4919, #1341, #2809, .T. ) ;
#3539 = DIRECTION ( 'NONE',  ( 0.9679447249515873430, -0.2511633122858428768, 0.000000000000000000 ) ) ;
#3540 = CARTESIAN_POINT ( 'NONE',  ( 0.8000000000000000444, 0.7200000000000000844, 0.000000000000000000 ) ) ;
#3541 = CARTESIAN_POINT ( 'NONE',  ( 0.000000000000000000, 0.000000000000000000, 0.4299999999999999933 ) ) ;
#3542 = CIRCLE ( 'NONE', #7456, 0.1973113365833469302 ) ;
#3543 = DIRECTION ( 'NONE',  ( 0.000000000000000000, 1.000000000000000000, 0.000000000000000000 ) ) ;
#3544 = ADVANCED_FACE ( 'NONE', ( #8545 ), #11642, .F. ) ;
#3545 = VERTEX_POINT ( 'NONE', #10673 ) ;
#3546 = DIRECTION ( 'NONE',  ( 1.000000000000000000, 0.000000000000000000, 0.000000000000000000 ) ) ;
#3547 = LINE ( 'NONE', #1478, #221 ) ;
#3548 = ORIENTED_EDGE ( 'NONE', *, *, #4208, .T. ) ;
#3549 = ORIENTED_EDGE ( 'NONE', *, *, #721, .T. ) ;
#3550 = EDGE_LOOP ( 'NONE', ( #5810, #4915, #6051, #4289 ) ) ;
#3551 = ORIENTED_EDGE ( 'NONE', *, *, #9571, .F. ) ;
#3552 = VECTOR ( 'NONE', #9306, 1000.000000000000114 ) ;
#3553 = AXIS2_PLACEMENT_3D ( 'NONE', #2994, #6932, #11225 ) ;
#3554 = LINE ( 'NONE', #1347, #5419 ) ;
#3555 = CARTESIAN_POINT ( 'NONE',  ( 0.1790143979873144719, 0.1008980478479235970, 0.000000000000000000 ) ) ;
#3556 = CARTESIAN_POINT ( 'NONE',  ( -0.4000000000000000222, -0.7200000000000000844, 0.3200000000000000067 ) ) ;
#3557 = DIRECTION ( 'NONE',  ( 0.000000000000000000, 0.000000000000000000, -1.000000000000000000 ) ) ;
#3558 = EDGE_LOOP ( 'NONE', ( #3631, #11797, #7132, #9253 ) ) ;
#3559 = AXIS2_PLACEMENT_3D ( 'NONE', #2013, #10908, #6083 ) ;
#3560 = DIRECTION ( 'NONE',  ( 0.000000000000000000, 1.000000000000000000, -8.131516293641279311E-16 ) ) ;
#3561 = DIRECTION ( 'NONE',  ( 0.9338516162026595513, 0.3576606756629538975, 0.000000000000000000 ) ) ;
#3562 = DIRECTION ( 'NONE',  ( 0.000000000000000000, 0.000000000000000000, 1.000000000000000000 ) ) ;
#3563 = ORIENTED_EDGE ( 'NONE', *, *, #8804, .T. ) ;
#3564 = EDGE_LOOP ( 'NONE', ( #558, #3463, #9086, #3300, #11868, #2179 ) ) ;
#3565 = DIRECTION ( 'NONE',  ( 0.000000000000000000, 0.000000000000000000, 1.000000000000000000 ) ) ;
#3566 = VERTEX_POINT ( 'NONE', #7588 ) ;
#3567 = EDGE_CURVE ( 'NONE', #7677, #11851, #8428, .T. ) ;
#3568 = CARTESIAN_POINT ( 'NONE',  ( 0.2750000000000000222, -0.8468670444025300226, 0.07199926448865659467 ) ) ;
#3569 = CARTESIAN_POINT ( 'NONE',  ( 0.000000000000000000, 0.000000000000000000, 0.6913203788665051031 ) ) ;
#3570 = FACE_OUTER_BOUND ( 'NONE', #9497, .T. ) ;
#3571 = ORIENTED_EDGE ( 'NONE', *, *, #4077, .F. ) ;
#3572 = DIRECTION ( 'NONE',  ( -0.2697802829423360804, -0.9629219069766524752, 0.000000000000000000 ) ) ;
#3573 = DIRECTION ( 'NONE',  ( 1.000000000000000000, 0.000000000000000000, 0.000000000000000000 ) ) ;
#3574 = DIRECTION ( 'NONE',  ( -1.000000000000000000, 0.000000000000000000, 0.000000000000000000 ) ) ;
#3575 = VERTEX_POINT ( 'NONE', #2749 ) ;
#3576 = ADVANCED_FACE ( 'NONE', ( #7718 ), #4490, .F. ) ;
#3577 = VERTEX_POINT ( 'NONE', #7656 ) ;
#3578 = DIRECTION ( 'NONE',  ( 0.000000000000000000, 0.000000000000000000, -1.000000000000000000 ) ) ;
#3579 = DIRECTION ( 'NONE',  ( 0.000000000000000000, 0.000000000000000000, 1.000000000000000000 ) ) ;
#3580 = CARTESIAN_POINT ( 'NONE',  ( -0.8000000000000000444, 0.8000000000000000444, 0.000000000000000000 ) ) ;
#3581 = CARTESIAN_POINT ( 'NONE',  ( -0.3638821204007650079, -0.1661017834119890013, 0.6099999999999999867 ) ) ;
#3582 = CARTESIAN_POINT ( 'NONE',  ( 0.1300706431758625881, 0.06687207007524129110, 0.000000000000000000 ) ) ;
#3583 = VERTEX_POINT ( 'NONE', #11518 ) ;
#3584 = CARTESIAN_POINT ( 'NONE',  ( 0.2254866931837574973, 0.06122091647642889656, 0.000000000000000000 ) ) ;
#3585 = LINE ( 'NONE', #7523, #10652 ) ;
#3586 = FACE_OUTER_BOUND ( 'NONE', #595, .T. ) ;
#3587 = DIRECTION ( 'NONE',  ( 0.9616396752540823378, -0.2743157577996992447, 0.000000000000000000 ) ) ;
#3588 = EDGE_CURVE ( 'NONE', #10836, #9342, #10687, .T. ) ;
#3589 = VERTEX_POINT ( 'NONE', #4559 ) ;
#3590 = ORIENTED_EDGE ( 'NONE', *, *, #1147, .T. ) ;
#3591 = ORIENTED_EDGE ( 'NONE', *, *, #3765, .F. ) ;
#3592 = DIRECTION ( 'NONE',  ( 1.000000000000000000, 0.000000000000000000, 0.000000000000000000 ) ) ;
#3593 = ADVANCED_FACE ( 'NONE', ( #12615 ), #3785, .F. ) ;
#3594 = LINE ( 'NONE', #7531, #7533 ) ;
#3595 = EDGE_CURVE ( 'NONE', #2027, #6141, #10484, .T. ) ;
#3596 = DIRECTION ( 'NONE',  ( 0.000000000000000000, 0.000000000000000000, -1.000000000000000000 ) ) ;
#3597 = DIRECTION ( 'NONE',  ( 0.000000000000000000, 0.000000000000000000, 1.000000000000000000 ) ) ;
#3598 = DIRECTION ( 'NONE',  ( -0.001086474172257098809, 0.9999994097867622722, 0.000000000000000000 ) ) ;
#3599 = DIRECTION ( 'NONE',  ( 0.000000000000000000, 0.000000000000000000, 1.000000000000000000 ) ) ;
#3600 = EDGE_CURVE ( 'NONE', #7707, #2966, #8427, .T. ) ;
#3601 = ORIENTED_EDGE ( 'NONE', *, *, #12653, .T. ) ;
#3602 = EDGE_CURVE ( 'NONE', #1547, #6482, #12361, .T. ) ;
#3603 = CARTESIAN_POINT ( 'NONE',  ( 0.2366831626601859639, 0.7145957609276060163, 0.2967297185801399673 ) ) ;
#3604 = DIRECTION ( 'NONE',  ( 0.9618025924173457808, -0.2737439921153946298, 0.000000000000000000 ) ) ;
#3605 = EDGE_LOOP ( 'NONE', ( #3636, #72, #4606, #804 ) ) ;
#3606 = ORIENTED_EDGE ( 'NONE', *, *, #10374, .T. ) ;
#3607 = AXIS2_PLACEMENT_3D ( 'NONE', #10636, #9485, #696 ) ;
#3608 = ORIENTED_EDGE ( 'NONE', *, *, #4386, .T. ) ;
#3609 = VERTEX_POINT ( 'NONE', #12417 ) ;
#3610 = EDGE_CURVE ( 'NONE', #10236, #12658, #12476, .T. ) ;
#3611 = CARTESIAN_POINT ( 'NONE',  ( 0.1648850750808970034, 0.06332207658154428986, 0.000000000000000000 ) ) ;
#3612 = DIRECTION ( 'NONE',  ( 1.000000000000000000, 0.000000000000000000, 0.000000000000000000 ) ) ;
#3613 = STYLED_ITEM ( 'NONE', ( #3733 ), #9293 ) ;
#3614 = LINE ( 'NONE', #4648, #4674 ) ;
#3615 = CARTESIAN_POINT ( 'NONE',  ( -0.08226357805285371139, 0.1689970804587989928, 0.5999999999999999778 ) ) ;
#3616 = ORIENTED_EDGE ( 'NONE', *, *, #11175, .F. ) ;
#3617 = CARTESIAN_POINT ( 'NONE',  ( 0.1827437197538560043, 0.1061854187315302012, 0.000000000000000000 ) ) ;
#3618 = DIRECTION ( 'NONE',  ( 0.000000000000000000, 0.000000000000000000, 1.000000000000000000 ) ) ;
#3619 = CARTESIAN_POINT ( 'NONE',  ( 0.2750000000000000222, -0.6793431117318050605, 0.1601256983455609795 ) ) ;
#3620 = ORIENTED_EDGE ( 'NONE', *, *, #1078, .F. ) ;
#3621 = ORIENTED_EDGE ( 'NONE', *, *, #7599, .T. ) ;
#3622 = VECTOR ( 'NONE', #11250, 1000.000000000000000 ) ;
#3623 = CIRCLE ( 'NONE', #5278, 0.4813203788665049720 ) ;
#3624 = SHAPE_DEFINITION_REPRESENTATION ( #12424, #1612 ) ;
#3625 = VERTEX_POINT ( 'NONE', #3584 ) ;
#3626 = AXIS2_PLACEMENT_3D ( 'NONE', #5537, #6490, #1711 ) ;
#3627 = CARTESIAN_POINT ( 'NONE',  ( 0.7299999999999999822, 0.1900000000000000022, 0.05000000000000000278 ) ) ;
#3628 = AXIS2_PLACEMENT_3D ( 'NONE', #8884, #8942, #11840 ) ;
#3629 = DIRECTION ( 'NONE',  ( 0.000000000000000000, 0.000000000000000000, 1.000000000000000000 ) ) ;
#3630 = DIRECTION ( 'NONE',  ( -1.000000000000000000, 0.000000000000000000, 0.000000000000000000 ) ) ;
#3631 = ORIENTED_EDGE ( 'NONE', *, *, #9258, .F. ) ;
#3632 = AXIS2_PLACEMENT_3D ( 'NONE', #7838, #4991, #3825 ) ;
#3633 = CARTESIAN_POINT ( 'NONE',  ( 0.3246440447011150199, 0.04509549365880329702, 0.000000000000000000 ) ) ;
#3634 = LINE ( 'NONE', #2935, #11062 ) ;
#3635 = PLANE ( 'NONE',  #4080 ) ;
#3636 = ORIENTED_EDGE ( 'NONE', *, *, #8334, .T. ) ;
#3637 = CIRCLE ( 'NONE', #11667, 0.007521220305133644382 ) ;
#3638 = VERTEX_POINT ( 'NONE', #2682 ) ;
#3639 = DIRECTION ( 'NONE',  ( -0.9867925049222903144, 0.1619893583825552652, 0.000000000000000000 ) ) ;
#3640 = VECTOR ( 'NONE', #6541, 1000.000000000000114 ) ;
#3641 = AXIS2_PLACEMENT_3D ( 'NONE', #3192, #6101, #5805 ) ;
#3642 = LINE ( 'NONE', #10543, #8857 ) ;
#3643 = EDGE_CURVE ( 'NONE', #7047, #3407, #1653, .T. ) ;
#3644 = DIRECTION ( 'NONE',  ( 0.000000000000000000, -0.7071067811865482389, 0.7071067811865467956 ) ) ;
#3645 = DIRECTION ( 'NONE',  ( 0.000000000000000000, 6.505213034913025026E-15, 1.000000000000000000 ) ) ;
#3646 = DIRECTION ( 'NONE',  ( 0.3162277577404048468, 0.9486833008093248365, 0.000000000000000000 ) ) ;
#3647 = VERTEX_POINT ( 'NONE', #6625 ) ;
#3648 = DIRECTION ( 'NONE',  ( 0.000000000000000000, 0.000000000000000000, -1.000000000000000000 ) ) ;
#3649 = CARTESIAN_POINT ( 'NONE',  ( 0.2254866931837574973, 0.06122091647642889656, 0.000000000000000000 ) ) ;
#3650 = DIRECTION ( 'NONE',  ( -1.000000000000000000, 0.000000000000000000, 0.000000000000000000 ) ) ;
#3651 = DIRECTION ( 'NONE',  ( -0.8189443781963320346, -0.5738729000576895389, 0.000000000000000000 ) ) ;
#3652 = ORIENTED_EDGE ( 'NONE', *, *, #7384, .T. ) ;
#3653 = CIRCLE ( 'NONE', #4482, 0.08000000000000002942 ) ;
#3654 = ORIENTED_EDGE ( 'NONE', *, *, #8398, .T. ) ;
#3655 = EDGE_LOOP ( 'NONE', ( #4549, #1415, #6803, #4367 ) ) ;
#3656 = CYLINDRICAL_SURFACE ( 'NONE', #5286, 0.0009827641783686945007 ) ;
#3657 = VECTOR ( 'NONE', #5788, 1000.000000000000000 ) ;
#3658 = DIRECTION ( 'NONE',  ( -0.8494611925640621619, -0.5276510990490222985, 0.000000000000000000 ) ) ;
#3659 = CIRCLE ( 'NONE', #12725, 0.008091146606939892891 ) ;
#3660 = EDGE_CURVE ( 'NONE', #1993, #40, #5661, .T. ) ;
#3661 = CARTESIAN_POINT ( 'NONE',  ( 0.03026751967273264704, 0.03316953316205449587, 0.1000000000000000056 ) ) ;
#3662 = VECTOR ( 'NONE', #12631, 1000.000000000000000 ) ;
#3663 = FACE_OUTER_BOUND ( 'NONE', #4124, .T. ) ;
#3664 = DIRECTION ( 'NONE',  ( 0.000000000000000000, 0.000000000000000000, 1.000000000000000000 ) ) ;
#3665 = DIRECTION ( 'NONE',  ( 0.000000000000000000, 0.000000000000000000, 1.000000000000000000 ) ) ;
#3666 = AXIS2_PLACEMENT_3D ( 'NONE', #3807, #7442, #7747 ) ;
#3667 = CARTESIAN_POINT ( 'NONE',  ( -0.7299999999999999822, 0.1000000000000000056, 0.1451689417511649871 ) ) ;
#3668 = EDGE_LOOP ( 'NONE', ( #6267, #2414, #2198, #11096 ) ) ;
#3669 = CARTESIAN_POINT ( 'NONE',  ( 0.2750000000000000222, -0.4000000000000000222, 0.000000000000000000 ) ) ;
#3670 = DIRECTION ( 'NONE',  ( -0.9080958435672259466, -0.4187623895431969445, 0.000000000000000000 ) ) ;
#3671 = VERTEX_POINT ( 'NONE', #4684 ) ;
#3672 = EDGE_CURVE ( 'NONE', #4956, #7511, #11298, .T. ) ;
#3673 = VERTEX_POINT ( 'NONE', #5921 ) ;
#3674 = VECTOR ( 'NONE', #2383, 1000.000000000000000 ) ;
#3675 = EDGE_CURVE ( 'NONE', #3312, #3241, #10798, .T. ) ;
#3676 = ORIENTED_EDGE ( 'NONE', *, *, #11800, .T. ) ;
#3677 = CIRCLE ( 'NONE', #7371, 0.0005462788761883903728 ) ;
#3678 = ORIENTED_EDGE ( 'NONE', *, *, #10919, .F. ) ;
#3679 = VECTOR ( 'NONE', #3862, 1000.000000000000000 ) ;
#3680 = EDGE_CURVE ( 'NONE', #2704, #4848, #8810, .T. ) ;
#3681 = EDGE_CURVE ( 'NONE', #9219, #1551, #8624, .T. ) ;
#3682 = EDGE_CURVE ( 'NONE', #9901, #11624, #10271, .T. ) ;
#3683 = LINE ( 'NONE', #635, #12527 ) ;
#3684 = AXIS2_PLACEMENT_3D ( 'NONE', #745, #7480, #1593 ) ;
#3685 = FACE_OUTER_BOUND ( 'NONE', #12045, .T. ) ;
#3686 = CARTESIAN_POINT ( 'NONE',  ( 0.02399999996510350161, -0.1209970815754869838, 0.5999999999999999778 ) ) ;
#3687 = DIRECTION ( 'NONE',  ( 1.000000000000000000, 0.000000000000000000, 0.000000000000000000 ) ) ;
#3688 = EDGE_LOOP ( 'NONE', ( #12585, #8564, #2336, #10581 ) ) ;
#3689 = CARTESIAN_POINT ( 'NONE',  ( 0.000000000000000000, 0.000000000000000000, 0.6099999999999999867 ) ) ;
#3690 = LINE ( 'NONE', #11613, #11268 ) ;
#3691 = VECTOR ( 'NONE', #8354, 1000.000000000000000 ) ;
#3692 = CARTESIAN_POINT ( 'NONE',  ( 0.1292965689942969787, 0.2613925120511920164, 0.5999999999999999778 ) ) ;
#3693 = ORIENTED_EDGE ( 'NONE', *, *, #8317, .T. ) ;
#3694 = ADVANCED_FACE ( 'NONE', ( #9772 ), #2154, .T. ) ;
#3695 = EDGE_LOOP ( 'NONE', ( #4291, #4394, #2909, #1463 ) ) ;
#3696 = EDGE_CURVE ( 'NONE', #12090, #10996, #930, .T. ) ;
#3697 = VERTEX_POINT ( 'NONE', #11834 ) ;
#3698 = EDGE_CURVE ( 'NONE', #2525, #10383, #6944, .T. ) ;
#3699 = EDGE_CURVE ( 'NONE', #705, #11113, #179, .T. ) ;
#3700 = CIRCLE ( 'NONE', #2054, 0.08000000000000002942 ) ;
#3701 = CARTESIAN_POINT ( 'NONE',  ( -0.2131049635573146195, 0.1619964474767345008, 0.5999999999999999778 ) ) ;
#3702 = AXIS2_PLACEMENT_3D ( 'NONE', #4806, #2020, #6034 ) ;
#3703 = DIRECTION ( 'NONE',  ( 1.000000000000000000, 0.000000000000000000, 0.000000000000000000 ) ) ;
#3704 = CARTESIAN_POINT ( 'NONE',  ( 0.1131615436026759958, -0.7145957609276060163, 0.2834995524190850325 ) ) ;
#3705 = ORIENTED_EDGE ( 'NONE', *, *, #5632, .T. ) ;
#3706 = DIRECTION ( 'NONE',  ( 0.000000000000000000, 6.505213034913025026E-15, 1.000000000000000000 ) ) ;
#3707 = FACE_OUTER_BOUND ( 'NONE', #8028, .T. ) ;
#3708 = FACE_OUTER_BOUND ( 'NONE', #7963, .T. ) ;
#3709 = ORIENTED_EDGE ( 'NONE', *, *, #6776, .T. ) ;
#3710 = EDGE_CURVE ( 'NONE', #6090, #8846, #10930, .T. ) ;
#3711 = SURFACE_STYLE_USAGE ( .BOTH. , #2600 ) ;
#3712 = VECTOR ( 'NONE', #12340, 1000.000000000000114 ) ;
#3713 = ORIENTED_EDGE ( 'NONE', *, *, #9043, .F. ) ;
#3714 = CARTESIAN_POINT ( 'NONE',  ( 0.03026751967273264704, 0.03316953316205449587, 0.000000000000000000 ) ) ;
#3715 = CARTESIAN_POINT ( 'NONE',  ( 0.2080850253259239890, 0.05493035291598479669, 0.000000000000000000 ) ) ;
#3716 = DIRECTION ( 'NONE',  ( 1.000000000000000000, 0.000000000000000000, 0.000000000000000000 ) ) ;
#3717 = DIRECTION ( 'NONE',  ( 0.000000000000000000, 0.000000000000000000, 1.000000000000000000 ) ) ;
#3718 = CARTESIAN_POINT ( 'NONE',  ( -0.1631615436026759847, -0.7145957609276060163, 0.2834995524190850325 ) ) ;
#3719 = ORIENTED_EDGE ( 'NONE', *, *, #2103, .F. ) ;
#3720 = CARTESIAN_POINT ( 'NONE',  ( 0.2031609623636604911, 0.03785049341395980288, 0.000000000000000000 ) ) ;
#3721 = VECTOR ( 'NONE', #4934, 1000.000000000000000 ) ;
#3722 = CARTESIAN_POINT ( 'NONE',  ( 0.2366442454162546727, -0.7123180523633572125, 0.2879035975964101546 ) ) ;
#3723 = PLANE ( 'NONE',  #10533 ) ;
#3724 = DIRECTION ( 'NONE',  ( 0.000000000000000000, 0.7071067811865482389, -0.7071067811865467956 ) ) ;
#3725 = EDGE_LOOP ( 'NONE', ( #6327, #470, #2309, #8374 ) ) ;
#3726 = ORIENTED_EDGE ( 'NONE', *, *, #5015, .F. ) ;
#3727 = EDGE_CURVE ( 'NONE', #913, #483, #4519, .T. ) ;
#3728 = CARTESIAN_POINT ( 'NONE',  ( -0.3081987717257729797, 0.1661017834119890013, 0.6099999999999999867 ) ) ;
#3729 = CIRCLE ( 'NONE', #2293, 0.08000000000000002942 ) ;
#3730 = CARTESIAN_POINT ( 'NONE',  ( 0.08465898458357559719, 0.03328186957122985373, 0.000000000000000000 ) ) ;
#3731 = DIRECTION ( 'NONE',  ( 0.9999652674009416042, -0.008334506089943625670, 0.000000000000000000 ) ) ;
#3732 = DIRECTION ( 'NONE',  ( -0.9043406472741157831, 0.4268114263791837337, 0.000000000000000000 ) ) ;
#3733 = PRESENTATION_STYLE_ASSIGNMENT (( #5674 ) ) ;
#3734 = LINE ( 'NONE', #11595, #12114 ) ;
#3735 = DIRECTION ( 'NONE',  ( 0.000000000000000000, 0.000000000000000000, 1.000000000000000000 ) ) ;
#3736 = ORIENTED_EDGE ( 'NONE', *, *, #1086, .F. ) ;
#3737 = DIRECTION ( 'NONE',  ( 0.000000000000000000, 0.000000000000000000, 1.000000000000000000 ) ) ;
#3738 = VECTOR ( 'NONE', #1715, 999.9999999999998863 ) ;
#3739 = PLANE ( 'NONE',  #3332 ) ;
#3740 = EDGE_LOOP ( 'NONE', ( #3654, #159, #4241, #5901 ) ) ;
#3741 = ORIENTED_EDGE ( 'NONE', *, *, #1800, .T. ) ;
#3742 = ORIENTED_EDGE ( 'NONE', *, *, #3536, .F. ) ;
#3743 = EDGE_CURVE ( 'NONE', #769, #1099, #11903, .T. ) ;
#3744 = VERTEX_POINT ( 'NONE', #11778 ) ;
#3745 = CIRCLE ( 'NONE', #10951, 0.08000000000000002942 ) ;
#3746 = DIRECTION ( 'NONE',  ( -1.000000000000000000, 0.000000000000000000, 0.000000000000000000 ) ) ;
#3747 = DIRECTION ( 'NONE',  ( -0.9608438324685008025, 0.2770904718810153211, 0.000000000000000000 ) ) ;
#3748 = DIRECTION ( 'NONE',  ( 0.000000000000000000, -0.7071067811865482389, 0.7071067811865467956 ) ) ;
#3749 = CARTESIAN_POINT ( 'NONE',  ( -0.1132004608466073842, 0.7123180523633572125, 0.2879035975964102101 ) ) ;
#3750 = DIRECTION ( 'NONE',  ( -0.9660320202528649425, 0.2584223981124092462, 0.000000000000000000 ) ) ;
#3751 = ORIENTED_EDGE ( 'NONE', *, *, #8030, .F. ) ;
#3752 = PLANE ( 'NONE',  #2271 ) ;
#3753 = CARTESIAN_POINT ( 'NONE',  ( 0.06189057156060299991, 0.06177419333460469619, 0.000000000000000000 ) ) ;
#3754 = CARTESIAN_POINT ( 'NONE',  ( 0.1131615436026759958, -0.8000000000000000444, 0.2000000000000000111 ) ) ;
#3755 = VERTEX_POINT ( 'NONE', #11711 ) ;
#3756 = ORIENTED_EDGE ( 'NONE', *, *, #12239, .T. ) ;
#3757 = CARTESIAN_POINT ( 'NONE',  ( 0.1166751506721412091, 0.05486015205045460114, 0.000000000000000000 ) ) ;
#3758 = CIRCLE ( 'NONE', #9724, 0.08000000000000002942 ) ;
#3759 = CONTEXT_DEPENDENT_SHAPE_REPRESENTATION ( #3535, #461 ) ;
#3760 = EDGE_LOOP ( 'NONE', ( #10547, #9146, #7283, #1041 ) ) ;
#3761 = VECTOR ( 'NONE', #10283, 1000.000000000000000 ) ;
#3762 = EDGE_CURVE ( 'NONE', #4419, #1578, #3845, .T. ) ;
#3763 = DIRECTION ( 'NONE',  ( 0.000000000000000000, 0.000000000000000000, 1.000000000000000000 ) ) ;
#3764 = EDGE_CURVE ( 'NONE', #8587, #12318, #9902, .T. ) ;
#3765 = EDGE_CURVE ( 'NONE', #3337, #3296, #2252, .T. ) ;
#3766 = AXIS2_PLACEMENT_3D ( 'NONE', #11102, #4522, #7238 ) ;
#3767 =( GEOMETRIC_REPRESENTATION_CONTEXT ( 3 ) GLOBAL_UNCERTAINTY_ASSIGNED_CONTEXT ( ( #5157 ) ) GLOBAL_UNIT_ASSIGNED_CONTEXT ( ( #919, #8796, #9824 ) ) REPRESENTATION_CONTEXT ( 'NONE', 'WORKASPACE' ) );
#3768 = CARTESIAN_POINT ( 'NONE',  ( 0.2080850253259239890, 0.05493035291598479669, 0.000000000000000000 ) ) ;
#3769 = FACE_OUTER_BOUND ( 'NONE', #57, .T. ) ;
#3770 = ORIENTED_EDGE ( 'NONE', *, *, #1303, .T. ) ;
#3771 = DIRECTION ( 'NONE',  ( 0.000000000000000000, 0.000000000000000000, -1.000000000000000000 ) ) ;
#3772 = DIRECTION ( 'NONE',  ( 0.000000000000000000, 0.000000000000000000, 1.000000000000000000 ) ) ;
#3773 = DIRECTION ( 'NONE',  ( 0.000000000000000000, -0.7071067811865482389, 0.7071067811865467956 ) ) ;
#3774 = VERTEX_POINT ( 'NONE', #4031 ) ;
#3775 = EDGE_CURVE ( 'NONE', #6735, #251, #3909, .T. ) ;
#3776 = EDGE_CURVE ( 'NONE', #3774, #3908, #869, .T. ) ;
#3777 = ORIENTED_EDGE ( 'NONE', *, *, #2200, .T. ) ;
#3778 = ADVANCED_FACE ( 'NONE', ( #8994 ), #153, .F. ) ;
#3779 = CARTESIAN_POINT ( 'NONE',  ( 0.08642236932522069648, 0.05328548358096039939, 0.000000000000000000 ) ) ;
#3780 = CARTESIAN_POINT ( 'NONE',  ( -0.2750000000000000222, 0.5162425576250000425, 0.2834995524190850325 ) ) ;
#3781 = DIRECTION ( 'NONE',  ( 0.000000000000000000, 0.000000000000000000, 1.000000000000000000 ) ) ;
#3782 = APPLICATION_CONTEXT ( 'automotive_design' ) ;
#3783 = FACE_BOUND ( 'NONE', #7886, .T. ) ;
#3784 = VERTEX_POINT ( 'NONE', #11968 ) ;
#3785 = PLANE ( 'NONE',  #379 ) ;
#3786 = DIRECTION ( 'NONE',  ( 0.4979566257530240181, -0.8672019366149170683, 0.000000000000000000 ) ) ;
#3787 = CYLINDRICAL_SURFACE ( 'NONE', #1892, 0.08000000000000002942 ) ;
#3788 = DIRECTION ( 'NONE',  ( 0.000000000000000000, 0.000000000000000000, -1.000000000000000000 ) ) ;
#3789 = ORIENTED_EDGE ( 'NONE', *, *, #6688, .T. ) ;
#3790 = VERTEX_POINT ( 'NONE', #2470 ) ;
#3791 = DIRECTION ( 'NONE',  ( 0.000000000000000000, 0.000000000000000000, 1.000000000000000000 ) ) ;
#3792 = DIRECTION ( 'NONE',  ( 0.4472136033030539304, 0.8944271870983677708, 0.000000000000000000 ) ) ;
#3793 = DIRECTION ( 'NONE',  ( -1.000000000000000000, 0.000000000000000000, 0.000000000000000000 ) ) ;
#3794 = CARTESIAN_POINT ( 'NONE',  ( 0.1322382268728281851, 0.06408085066565021026, 0.1000000000000000056 ) ) ;
#3795 = CARTESIAN_POINT ( 'NONE',  ( 0.2750000000000000222, -0.6612489735550610703, 0.1219992644886569999 ) ) ;
#3796 = DIRECTION ( 'NONE',  ( 0.9611018365798941199, -0.2761942427400590483, 0.000000000000000000 ) ) ;
#3797 = CARTESIAN_POINT ( 'NONE',  ( 0.2366831626601859639, -0.7405531811372209061, 0.3973147252801209617 ) ) ;
#3798 = EDGE_LOOP ( 'NONE', ( #10731, #6587, #12601, #5529 ) ) ;
#3799 = DIRECTION ( 'NONE',  ( -0.9999974363490425899, -0.002264353184131700971, 0.000000000000000000 ) ) ;
#3800 = CARTESIAN_POINT ( 'NONE',  ( 0.2750000000000000222, 0.7765685424949239080, 0.02343145750507626135 ) ) ;
#3801 = ORIENTED_EDGE ( 'NONE', *, *, #4422, .T. ) ;
#3802 = ORIENTED_EDGE ( 'NONE', *, *, #9510, .F. ) ;
#3803 = VERTEX_POINT ( 'NONE', #1369 ) ;
#3804 = ORIENTED_EDGE ( 'NONE', *, *, #3044, .T. ) ;
#3805 = CARTESIAN_POINT ( 'NONE',  ( 0.1341589116541015980, 0.03511415000484884724, 0.1000000000000000056 ) ) ;
#3806 = CARTESIAN_POINT ( 'NONE',  ( 0.2399517306208744927, 0.07504457791794939825, 0.000000000000000000 ) ) ;
#3807 = CARTESIAN_POINT ( 'NONE',  ( 0.2584796253054099657, 0.03589060334112015305, 0.000000000000000000 ) ) ;
#3808 = ADVANCED_FACE ( 'NONE', ( #12153 ), #8338, .F. ) ;
#3809 = DIRECTION ( 'NONE',  ( -1.000000000000000000, 0.000000000000000000, 0.000000000000000000 ) ) ;
#3810 = CARTESIAN_POINT ( 'NONE',  ( 0.1866831626601859750, 0.7145957609276060163, 0.4000000000000000222 ) ) ;
#3811 = VERTEX_POINT ( 'NONE', #10209 ) ;
#3812 = EDGE_CURVE ( 'NONE', #2736, #2602, #3700, .T. ) ;
#3813 = DIRECTION ( 'NONE',  ( 1.000000000000000000, 0.000000000000000000, 0.000000000000000000 ) ) ;
#3814 = DIRECTION ( 'NONE',  ( -1.000000000000000000, -4.429083366548880944E-12, 0.000000000000000000 ) ) ;
#3815 = DIRECTION ( 'NONE',  ( 0.000000000000000000, 0.000000000000000000, -1.000000000000000000 ) ) ;
#3816 = ORIENTED_EDGE ( 'NONE', *, *, #4311, .F. ) ;
#3817 = ORIENTED_EDGE ( 'NONE', *, *, #8735, .T. ) ;
#3818 = CYLINDRICAL_SURFACE ( 'NONE', #2053, 0.07999999999999998779 ) ;
#3819 = EDGE_LOOP ( 'NONE', ( #3590, #6239, #10645, #1154 ) ) ;
#3820 = AXIS2_PLACEMENT_3D ( 'NONE', #5358, #10361, #3466 ) ;
#3821 = COLOUR_RGB ( '',0.8313725490196077761, 0.8313725490196077761, 0.8313725490196077761 ) ;
#3822 = CARTESIAN_POINT ( 'NONE',  ( 0.2380960773142664910, 0.03436122161578154810, 0.1000000000000000056 ) ) ;
#3823 = EDGE_CURVE ( 'NONE', #2703, #8934, #9877, .T. ) ;
#3824 = CARTESIAN_POINT ( 'NONE',  ( -0.1866831626601859750, 0.7145957609276060163, 0.2834995524190850325 ) ) ;
#3825 = DIRECTION ( 'NONE',  ( 0.000000000000000000, 0.000000000000000000, -1.000000000000000000 ) ) ;
#3826 = ORIENTED_EDGE ( 'NONE', *, *, #593, .T. ) ;
#3827 = AXIS2_PLACEMENT_3D ( 'NONE', #8468, #3434, #1561 ) ;
#3828 = DIRECTION ( 'NONE',  ( 0.2737439921154189437, 0.9618025924173386754, 0.000000000000000000 ) ) ;
#3829 = DIRECTION ( 'NONE',  ( -1.000000000000000000, 0.000000000000000000, 0.000000000000000000 ) ) ;
#3830 = ORIENTED_EDGE ( 'NONE', *, *, #6569, .F. ) ;
#3831 = AXIS2_PLACEMENT_3D ( 'NONE', #3933, #5081, #12690 ) ;
#3832 = EDGE_CURVE ( 'NONE', #3983, #4151, #11519, .T. ) ;
#3833 = EDGE_CURVE ( 'NONE', #2747, #8298, #9257, .T. ) ;
#3834 = ORIENTED_EDGE ( 'NONE', *, *, #4095, .F. ) ;
#3835 = AXIS2_PLACEMENT_3D ( 'NONE', #5148, #10163, #1381 ) ;
#3836 = AXIS2_PLACEMENT_3D ( 'NONE', #2665, #10526, #654 ) ;
#3837 = EDGE_CURVE ( 'NONE', #251, #899, #12209, .T. ) ;
#3838 = EDGE_CURVE ( 'NONE', #4848, #5092, #12270, .T. ) ;
#3839 = AXIS2_PLACEMENT_3D ( 'NONE', #4028, #11776, #9834 ) ;
#3840 = CARTESIAN_POINT ( 'NONE',  ( -0.7680176002228089605, 0.1000000000000000056, 0.06999999999999999278 ) ) ;
#3841 = ADVANCED_FACE ( 'NONE', ( #6290 ), #12024, .F. ) ;
#3842 = DIRECTION ( 'NONE',  ( 0.000000000000000000, 0.000000000000000000, 1.000000000000000000 ) ) ;
#3843 = CARTESIAN_POINT ( 'NONE',  ( 0.1771247891859409895, 0.03514138539703020453, 0.000000000000000000 ) ) ;
#3844 = VERTEX_POINT ( 'NONE', #219 ) ;
#3845 = LINE ( 'NONE', #8876, #589 ) ;
#3846 = DIRECTION ( 'NONE',  ( -0.9110822214566228761, -0.4122246787198279305, 0.000000000000000000 ) ) ;
#3847 = SHAPE_REPRESENTATION ( '1-0^1_Murata_Electronics_-_MM8930-2620RJ4(2)_Murata_Electronics_-_MM8930-2620RJ4', ( #10744 ), #4573 ) ;
#3848 = AXIS2_PLACEMENT_3D ( 'NONE', #11018, #12118, #6392 ) ;
#3849 = DIRECTION ( 'NONE',  ( 0.000000000000000000, -0.7071067811865482389, 0.7071067811865467956 ) ) ;
#3850 = CARTESIAN_POINT ( 'NONE',  ( 0.8000000000000000444, -0.6612489735550610703, 0.07199926448865659467 ) ) ;
#3851 = VERTEX_POINT ( 'NONE', #4164 ) ;
#3852 = ADVANCED_FACE ( 'NONE', ( #6352 ), #6236, .T. ) ;
#3853 = AXIS2_PLACEMENT_3D ( 'NONE', #76, #4014, #7700 ) ;
#3854 = ORIENTED_EDGE ( 'NONE', *, *, #4484, .F. ) ;
#3855 = FACE_OUTER_BOUND ( 'NONE', #1203, .T. ) ;
#3856 = PLANE ( 'NONE',  #2107 ) ;
#3857 = AXIS2_PLACEMENT_3D ( 'NONE', #4703, #12434, #3543 ) ;
#3858 = CARTESIAN_POINT ( 'NONE',  ( 0.2750000000000000222, 0.4000000000000000222, 0.000000000000000000 ) ) ;
#3859 = PLANE ( 'NONE',  #6575 ) ;
#3860 =( LENGTH_UNIT ( ) NAMED_UNIT ( * ) SI_UNIT ( .MILLI., .METRE. ) );
#3861 = AXIS2_PLACEMENT_3D ( 'NONE', #7240, #2331, #6271 ) ;
#3862 = DIRECTION ( 'NONE',  ( 0.000000000000000000, 0.000000000000000000, 1.000000000000000000 ) ) ;
#3863 = UNCERTAINTY_MEASURE_WITH_UNIT (LENGTH_MEASURE( 1.000000000000000082E-05 ), #3860, 'distance_accuracy_value', 'NONE');
#3865 = DIRECTION ( 'NONE',  ( 1.000000000000000000, 0.000000000000000000, 0.000000000000000000 ) ) ;
#3864 = CIRCLE ( 'NONE', #4267, 0.002603910244099755678 ) ;
#3866 = VERTEX_POINT ( 'NONE', #1254 ) ;
#3867 = DIRECTION ( 'NONE',  ( -1.000000000000000000, 0.000000000000000000, 0.000000000000000000 ) ) ;
#3868 = LINE ( 'NONE', #3938, #7249 ) ;
#3869 = VERTEX_POINT ( 'NONE', #5205 ) ;
#3870 = VERTEX_POINT ( 'NONE', #9312 ) ;
#3871 = ORIENTED_EDGE ( 'NONE', *, *, #8262, .F. ) ;
#3872 = AXIS2_PLACEMENT_3D ( 'NONE', #2419, #1454, #3644 ) ;
#3873 = ORIENTED_EDGE ( 'NONE', *, *, #9197, .T. ) ;
#3874 = VECTOR ( 'NONE', #11449, 1000.000000000000000 ) ;
#3875 = CARTESIAN_POINT ( 'NONE',  ( 0.3263718206001665623, 0.03315270417769449612, 0.000000000000000000 ) ) ;
#3876 = DIRECTION ( 'NONE',  ( 0.000000000000000000, 0.000000000000000000, -1.000000000000000000 ) ) ;
#3877 = LINE ( 'NONE', #4466, #12313 ) ;
#3878 = CARTESIAN_POINT ( 'NONE',  ( 0.1131615436026759958, 0.7145957609276060163, 0.4000000000000000222 ) ) ;
#3879 = AXIS2_PLACEMENT_3D ( 'NONE', #1215, #1997, #5094 ) ;
#3880 = VERTEX_POINT ( 'NONE', #12084 ) ;
#3881 = CARTESIAN_POINT ( 'NONE',  ( 0.4000000000000000222, 0.7405531811372209061, 0.3973147252801209617 ) ) ;
#3882 = CARTESIAN_POINT ( 'NONE',  ( 0.1841780045046839953, 0.09676871214480969874, 0.000000000000000000 ) ) ;
#3883 = FACE_OUTER_BOUND ( 'NONE', #2870, .T. ) ;
#3884 = ORIENTED_EDGE ( 'NONE', *, *, #6762, .F. ) ;
#3885 = VECTOR ( 'NONE', #2562, 1000.000000000000000 ) ;
#3886 = ORIENTED_EDGE ( 'NONE', *, *, #6460, .F. ) ;
#3887 = DIRECTION ( 'NONE',  ( 0.000000000000000000, 0.000000000000000000, 1.000000000000000000 ) ) ;
#3888 = ITEM_DEFINED_TRANSFORMATION ( 'NONE', 'NONE', #5629,  #10744 ) ;
#3889 = VERTEX_POINT ( 'NONE', #273 ) ;
#3890 = VECTOR ( 'NONE', #9217, 1000.000000000000000 ) ;
#3891 = VECTOR ( 'NONE', #2625, 1000.000000000000000 ) ;
#3892 = EDGE_CURVE ( 'NONE', #11153, #6695, #8284, .T. ) ;
#3893 = DIRECTION ( 'NONE',  ( 1.000000000000000000, 0.000000000000000000, 0.000000000000000000 ) ) ;
#3894 = VECTOR ( 'NONE', #4899, 1000.000000000000000 ) ;
#3895 = VECTOR ( 'NONE', #8630, 1000.000000000000000 ) ;
#3896 = DIRECTION ( 'NONE',  ( 0.000000000000000000, 0.000000000000000000, 1.000000000000000000 ) ) ;
#3897 = CONICAL_SURFACE ( 'NONE', #10714, 0.4449999999999999512, 0.7853981634000002376 ) ;
#3898 = LINE ( 'NONE', #912, #4666 ) ;
#3899 = VERTEX_POINT ( 'NONE', #8153 ) ;
#3900 = CARTESIAN_POINT ( 'NONE',  ( 0.1827437197538560043, 0.1061854187315302012, 0.1000000000000000056 ) ) ;
#3901 = DIRECTION ( 'NONE',  ( 0.000000000000000000, 2.489282864717550295E-15, -1.000000000000000000 ) ) ;
#3902 = LINE ( 'NONE', #2936, #10104 ) ;
#3903 = ORIENTED_EDGE ( 'NONE', *, *, #5354, .T. ) ;
#3904 = AXIS2_PLACEMENT_3D ( 'NONE', #9967, #5078, #9005 ) ;
#3905 =( NAMED_UNIT ( * ) SI_UNIT ( $, .STERADIAN. ) SOLID_ANGLE_UNIT ( ) );
#3906 = ORIENTED_EDGE ( 'NONE', *, *, #12739, .T. ) ;
#3907 = VECTOR ( 'NONE', #7201, 1000.000000000000000 ) ;
#3908 = VERTEX_POINT ( 'NONE', #4346 ) ;
#3909 = CIRCLE ( 'NONE', #4940, 0.02023294601800594908 ) ;
#3910 = ADVANCED_FACE ( 'NONE', ( #11123 ), #11182, .T. ) ;
#3911 = CIRCLE ( 'NONE', #11929, 0.1055314931606540219 ) ;
#3912 = CARTESIAN_POINT ( 'NONE',  ( 0.05931757191316119893, 0.03637841479768149505, 0.000000000000000000 ) ) ;
#3913 = LINE ( 'NONE', #85, #1810 ) ;
#3914 = AXIS2_PLACEMENT_3D ( 'NONE', #84, #4873, #1058 ) ;
#3915 = ADVANCED_FACE ( 'NONE', ( #9182 ), #335, .F. ) ;
#3916 = CARTESIAN_POINT ( 'NONE',  ( 0.6705416480940689095, -2.172818170248479951E-16, 0.000000000000000000 ) ) ;
#3917 = CARTESIAN_POINT ( 'NONE',  ( 0.06107009333656420597, 0.03317959062069669729, 0.000000000000000000 ) ) ;
#3918 = ORIENTED_EDGE ( 'NONE', *, *, #4548, .F. ) ;
#3919 = CARTESIAN_POINT ( 'NONE',  ( 0.2643987431665235088, 0.05486680628937880277, 0.000000000000000000 ) ) ;
#3920 = LINE ( 'NONE', #6880, #1592 ) ;
#3921 = AXIS2_PLACEMENT_3D ( 'NONE', #1050, #1897, #5844 ) ;
#3922 = CARTESIAN_POINT ( 'NONE',  ( 0.8000000000000000444, -0.4000000000000000222, 0.07199926448865659467 ) ) ;
#3923 = CARTESIAN_POINT ( 'NONE',  ( -0.8000000000000000444, -0.6612489735550610703, 0.1219992644886569999 ) ) ;
#3924 = ORIENTED_EDGE ( 'NONE', *, *, #5104, .T. ) ;
#3925 = ORIENTED_EDGE ( 'NONE', *, *, #909, .T. ) ;
#3926 = ADVANCED_FACE ( 'NONE', ( #398 ), #7310, .T. ) ;
#3927 = CARTESIAN_POINT ( 'NONE',  ( 0.8000000000000000444, 0.6612489735550610703, 0.1219992644886569999 ) ) ;
#3928 = CARTESIAN_POINT ( 'NONE',  ( -0.1089302439440419934, 0.08899708045879850538, 0.6099999999999999867 ) ) ;
#3929 = AXIS2_PLACEMENT_3D ( 'NONE', #8518, #7432, #8460 ) ;
#3930 = DIRECTION ( 'NONE',  ( -0.9999999912247069522, 0.0001324786253722610031, 0.000000000000000000 ) ) ;
#3931 = EDGE_CURVE ( 'NONE', #8941, #8689, #1426, .T. ) ;
#3932 = CARTESIAN_POINT ( 'NONE',  ( 0.1854199210673869724, 0.03231188691521374307, 0.000000000000000000 ) ) ;
#3933 = CARTESIAN_POINT ( 'NONE',  ( 0.1325464046206454027, 0.03927457950855609697, 0.000000000000000000 ) ) ;
#3934 = EDGE_CURVE ( 'NONE', #5023, #12440, #526, .T. ) ;
#3935 = CARTESIAN_POINT ( 'NONE',  ( 0.1341589116541080096, 0.03332770763521999968, 0.1000000000000000056 ) ) ;
#3936 = ORIENTED_EDGE ( 'NONE', *, *, #5677, .F. ) ;
#3937 = CARTESIAN_POINT ( 'NONE',  ( -0.8000000000000000444, 0.7765685424949239080, 0.02343145750507626135 ) ) ;
#3938 = CARTESIAN_POINT ( 'NONE',  ( 0.3753695148212495281, 0.03034647427004994943, 0.000000000000000000 ) ) ;
#3939 = ORIENTED_EDGE ( 'NONE', *, *, #2110, .F. ) ;
#3940 = ORIENTED_EDGE ( 'NONE', *, *, #7724, .F. ) ;
#3941 = EDGE_CURVE ( 'NONE', #11272, #4007, #11744, .T. ) ;
#3942 = EDGE_CURVE ( 'NONE', #928, #4595, #11374, .T. ) ;
#3943 = VERTEX_POINT ( 'NONE', #1697 ) ;
#3944 = AXIS2_PLACEMENT_3D ( 'NONE', #9762, #9701, #22 ) ;
#3945 = ORIENTED_EDGE ( 'NONE', *, *, #1448, .F. ) ;
#3946 = LINE ( 'NONE', #2969, #10670 ) ;
#3947 = EDGE_CURVE ( 'NONE', #1940, #7003, #8439, .T. ) ;
#3948 = FACE_OUTER_BOUND ( 'NONE', #6000, .T. ) ;
#3949 = DIRECTION ( 'NONE',  ( 0.000000000000000000, 0.000000000000000000, 1.000000000000000000 ) ) ;
#3950 = PLANE ( 'NONE',  #4450 ) ;
#3951 = VERTEX_POINT ( 'NONE', #8671 ) ;
#3952 = CARTESIAN_POINT ( 'NONE',  ( -0.1904031852932349667, 0.1501017842495049881, 0.5999999999999999778 ) ) ;
#3953 = CARTESIAN_POINT ( 'NONE',  ( 0.2941845782070834914, 0.06542169217347129639, 0.000000000000000000 ) ) ;
#3954 = DIRECTION ( 'NONE',  ( -1.000000000000000000, 0.000000000000000000, 0.000000000000000000 ) ) ;
#3955 = VERTEX_POINT ( 'NONE', #715 ) ;
#3956 = EDGE_LOOP ( 'NONE', ( #323, #9390, #56, #2868 ) ) ;
#3957 = DIRECTION ( 'NONE',  ( 0.000000000000000000, 1.000000000000000000, -8.131516293641279311E-16 ) ) ;
#3958 = ORIENTED_EDGE ( 'NONE', *, *, #1693, .F. ) ;
#3959 = AXIS2_PLACEMENT_3D ( 'NONE', #9341, #492, #8373 ) ;
#3960 = CARTESIAN_POINT ( 'NONE',  ( 0.08441910755381830389, 0.03664301761943969393, 0.000000000000000000 ) ) ;
#3961 = LINE ( 'NONE', #7898, #10005 ) ;
#3962 = DIRECTION ( 'NONE',  ( 1.000000000000000000, 0.000000000000000000, 0.000000000000000000 ) ) ;
#3963 = VERTEX_POINT ( 'NONE', #2596 ) ;
#3964 = DIRECTION ( 'NONE',  ( -1.000000000000000000, 0.000000000000000000, 0.000000000000000000 ) ) ;
#3965 = CARTESIAN_POINT ( 'NONE',  ( 0.3481238589692994823, 0.03628578159276790033, 0.1000000000000000056 ) ) ;
#3966 = AXIS2_PLACEMENT_3D ( 'NONE', #12346, #11378, #2737 ) ;
#3967 = DIRECTION ( 'NONE',  ( 1.000000000000000000, 0.000000000000000000, 0.000000000000000000 ) ) ;
#3968 = ORIENTED_EDGE ( 'NONE', *, *, #284, .T. ) ;
#3969 = EDGE_CURVE ( 'NONE', #5782, #11013, #10395, .T. ) ;
#3970 = EDGE_LOOP ( 'NONE', ( #5100, #6872, #1620, #917 ) ) ;
#3971 = ORIENTED_EDGE ( 'NONE', *, *, #6755, .T. ) ;
#3972 = CIRCLE ( 'NONE', #11166, 0.001194625730631837957 ) ;
#3973 = DIRECTION ( 'NONE',  ( 1.000000000000000000, 0.000000000000000000, 0.000000000000000000 ) ) ;
#3974 = CARTESIAN_POINT ( 'NONE',  ( -0.8000000000000000444, -0.8000000000000000444, 0.000000000000000000 ) ) ;
#3975 = CARTESIAN_POINT ( 'NONE',  ( -0.1131615436026759958, 0.7200000000000000844, 0.3200000000000000067 ) ) ;
#3976 = DIRECTION ( 'NONE',  ( 0.000000000000000000, 0.000000000000000000, -1.000000000000000000 ) ) ;
#3977 = EDGE_LOOP ( 'NONE', ( #7631, #11525, #9909, #6598 ) ) ;
#3978 = DIRECTION ( 'NONE',  ( 0.000000000000000000, 0.000000000000000000, -1.000000000000000000 ) ) ;
#3979 = ADVANCED_FACE ( 'NONE', ( #6610 ), #6479, .F. ) ;
#3980 = DIRECTION ( 'NONE',  ( 0.000000000000000000, 0.000000000000000000, 1.000000000000000000 ) ) ;
#3981 = FACE_OUTER_BOUND ( 'NONE', #10433, .T. ) ;
#3982 = CARTESIAN_POINT ( 'NONE',  ( 0.1631615436026759847, -0.7145957609276060163, 0.4000000000000000222 ) ) ;
#3983 = VERTEX_POINT ( 'NONE', #12402 ) ;
#3984 = ORIENTED_EDGE ( 'NONE', *, *, #11238, .T. ) ;
#3985 = CARTESIAN_POINT ( 'NONE',  ( -0.2750000000000000222, 0.8000000000000000444, 0.000000000000000000 ) ) ;
#3986 = CARTESIAN_POINT ( 'NONE',  ( 0.000000000000000000, 0.000000000000000000, 0.7205211221380689590 ) ) ;
#3987 = EDGE_LOOP ( 'NONE', ( #6162, #1769, #11554, #10785 ) ) ;
#3988 = DIRECTION ( 'NONE',  ( 0.000000000000000000, 0.000000000000000000, 1.000000000000000000 ) ) ;
#3989 = EDGE_CURVE ( 'NONE', #3784, #5941, #7571, .T. ) ;
#3990 = VERTEX_POINT ( 'NONE', #8530 ) ;
#3991 = CARTESIAN_POINT ( 'NONE',  ( -0.8000000000000000444, -0.7765685424949239080, 0.02343145750507626135 ) ) ;
#3992 = ORIENTED_EDGE ( 'NONE', *, *, #3060, .T. ) ;
#3993 = ORIENTED_EDGE ( 'NONE', *, *, #12646, .T. ) ;
#3994 = ORIENTED_EDGE ( 'NONE', *, *, #1759, .T. ) ;
#3995 = EDGE_CURVE ( 'NONE', #1442, #8587, #4667, .T. ) ;
#3996 = EDGE_CURVE ( 'NONE', #8139, #7309, #6543, .T. ) ;
#3997 = ORIENTED_EDGE ( 'NONE', *, *, #1759, .F. ) ;
#3998 = DIRECTION ( 'NONE',  ( -0.7071067811865482389, 0.000000000000000000, -0.7071067811865466846 ) ) ;
#3999 = EDGE_CURVE ( 'NONE', #9310, #7407, #5456, .T. ) ;
#4000 = FACE_OUTER_BOUND ( 'NONE', #676, .T. ) ;
#4001 = EDGE_CURVE ( 'NONE', #4683, #7053, #5775, .T. ) ;
#4002 = DIRECTION ( 'NONE',  ( 0.000000000000000000, 0.000000000000000000, 1.000000000000000000 ) ) ;
#4003 = DIRECTION ( 'NONE',  ( 0.000000000000000000, 0.000000000000000000, -1.000000000000000000 ) ) ;
#4004 = ORIENTED_EDGE ( 'NONE', *, *, #1308, .F. ) ;
#4005 = LINE ( 'NONE', #1943, #1804 ) ;
#4006 = DIRECTION ( 'NONE',  ( 0.000000000000000000, 0.000000000000000000, 1.000000000000000000 ) ) ;
#4007 = VERTEX_POINT ( 'NONE', #11566 ) ;
#4008 = EDGE_LOOP ( 'NONE', ( #5147, #12691, #495, #322 ) ) ;
#4009 = LINE ( 'NONE', #4071, #9262 ) ;
#4010 = ORIENTED_EDGE ( 'NONE', *, *, #3538, .T. ) ;
#4011 = EDGE_CURVE ( 'NONE', #11276, #8617, #8409, .T. ) ;
#4012 = DIRECTION ( 'NONE',  ( 0.000000000000000000, -0.7071067811865482389, 0.7071067811865467956 ) ) ;
#4013 = CARTESIAN_POINT ( 'NONE',  ( 0.4862667911510505370, 0.000000000000000000, 0.6953141487844890500 ) ) ;
#4014 = DIRECTION ( 'NONE',  ( 0.000000000000000000, 0.000000000000000000, 1.000000000000000000 ) ) ;
#4015 = VERTEX_POINT ( 'NONE', #3508 ) ;
#4016 = CARTESIAN_POINT ( 'NONE',  ( 0.2616437242071565361, 0.03567081008274109594, 0.000000000000000000 ) ) ;
#4017 = LINE ( 'NONE', #9946, #10453 ) ;
#4018 = CARTESIAN_POINT ( 'NONE',  ( 0.1692965698667100172, 0.2613925120511920164, 0.6099999999999999867 ) ) ;
#4019 = ORIENTED_EDGE ( 'NONE', *, *, #8108, .T. ) ;
#4020 = FILL_AREA_STYLE_COLOUR ( '', #10138 ) ;
#4021 = ORIENTED_EDGE ( 'NONE', *, *, #10422, .T. ) ;
#4022 =( REPRESENTATION_RELATIONSHIP ('NONE','NONE', #1612, #784 ) REPRESENTATION_RELATIONSHIP_WITH_TRANSFORMATION ( #7832 )SHAPE_REPRESENTATION_RELATIONSHIP( ) );
#4023 = VECTOR ( 'NONE', #9796, 1000.000000000000227 ) ;
#4024 = ORIENTED_EDGE ( 'NONE', *, *, #4547, .T. ) ;
#4025 = DIRECTION ( 'NONE',  ( 0.000000000000000000, -0.7071067811865482389, -0.7071067811865467956 ) ) ;
#4026 = CARTESIAN_POINT ( 'NONE',  ( 0.3027721760888564817, 0.07309795328946680493, 0.000000000000000000 ) ) ;
#4027 =( NAMED_UNIT ( * ) PLANE_ANGLE_UNIT ( ) SI_UNIT ( $, .RADIAN. ) );
#4028 = CARTESIAN_POINT ( 'NONE',  ( 0.7299999999999999822, -0.1900000000000000022, 0.000000000000000000 ) ) ;
#4029 = ORIENTED_EDGE ( 'NONE', *, *, #4077, .T. ) ;
#4030 = VECTOR ( 'NONE', #3017, 1000.000000000000000 ) ;
#4031 = CARTESIAN_POINT ( 'NONE',  ( 0.08473363365101149736, 0.06271715177701281396, 0.000000000000000000 ) ) ;
#4032 = CARTESIAN_POINT ( 'NONE',  ( 0.2060042911389665110, 0.05771694977110350400, 0.000000000000000000 ) ) ;
#4033 = DIRECTION ( 'NONE',  ( 0.000000000000000000, 0.000000000000000000, 1.000000000000000000 ) ) ;
#4034 = DIRECTION ( 'NONE',  ( 0.000000000000000000, 0.000000000000000000, 1.000000000000000000 ) ) ;
#4035 = ORIENTED_EDGE ( 'NONE', *, *, #2312, .T. ) ;
#4036 = CIRCLE ( 'NONE', #11654, 0.002192982819316755504 ) ;
#4037 = ORIENTED_EDGE ( 'NONE', *, *, #920, .F. ) ;
#4038 = DIRECTION ( 'NONE',  ( -1.000000000000000000, 0.000000000000000000, 0.000000000000000000 ) ) ;
#4039 = CIRCLE ( 'NONE', #9594, 0.08000000000000002942 ) ;
#4040 = EDGE_CURVE ( 'NONE', #810, #11611, #9058, .T. ) ;
#4041 = FACE_OUTER_BOUND ( 'NONE', #5681, .T. ) ;
#4042 =( NAMED_UNIT ( * ) PLANE_ANGLE_UNIT ( ) SI_UNIT ( $, .RADIAN. ) );
#4043 = CIRCLE ( 'NONE', #12278, 0.005722022522296680083 ) ;
#4044 = DIRECTION ( 'NONE',  ( 0.000000000000000000, -0.2498780111313128605, -0.9682773257456044336 ) ) ;
#4045 = ORIENTED_EDGE ( 'NONE', *, *, #9408, .T. ) ;
#4046 = AXIS2_PLACEMENT_3D ( 'NONE', #6404, #10321, #1486 ) ;
#4047 = LINE ( 'NONE', #1132, #993 ) ;
#4048 = DIRECTION ( 'NONE',  ( 0.000000000000000000, 7.779008952242338508E-17, 1.000000000000000000 ) ) ;
#4049 = ORIENTED_EDGE ( 'NONE', *, *, #1274, .T. ) ;
#4050 = VECTOR ( 'NONE', #1167, 1000.000000000000000 ) ;
#4051 = DIRECTION ( 'NONE',  ( -1.000000000000000000, 0.000000000000000000, 0.000000000000000000 ) ) ;
#4052 = VERTEX_POINT ( 'NONE', #3633 ) ;
#4053 = EDGE_LOOP ( 'NONE', ( #4836, #8757, #6434, #9789 ) ) ;
#4054 = EDGE_LOOP ( 'NONE', ( #11743, #7507, #8946, #10336, #3021, #1253 ) ) ;
#4055 = CIRCLE ( 'NONE', #5712, 0.0007514218735937012311 ) ;
#4056 = ORIENTED_EDGE ( 'NONE', *, *, #10556, .F. ) ;
#4057 = EDGE_CURVE ( 'NONE', #5242, #4299, #7508, .T. ) ;
#4058 = CIRCLE ( 'NONE', #7151, 0.0006537464457750876042 ) ;
#4059 = DIRECTION ( 'NONE',  ( 0.000000000000000000, 0.000000000000000000, 1.000000000000000000 ) ) ;
#4060 = VECTOR ( 'NONE', #1566, 1000.000000000000000 ) ;
#4061 = CARTESIAN_POINT ( 'NONE',  ( 0.1292965689942969787, -0.2613925120511920164, 0.6099999999999999867 ) ) ;
#4062 = CARTESIAN_POINT ( 'NONE',  ( 0.08642236932522069648, 0.05328548358096039939, 0.000000000000000000 ) ) ;
#4063 = EDGE_CURVE ( 'NONE', #1644, #9156, #10087, .T. ) ;
#4064 = CARTESIAN_POINT ( 'NONE',  ( 0.2750000000000000222, 0.7112489735550608927, 0.2334995524190849880 ) ) ;
#4065 = ORIENTED_EDGE ( 'NONE', *, *, #5421, .F. ) ;
#4066 = EDGE_CURVE ( 'NONE', #6884, #9297, #2668, .T. ) ;
#4067 = DIRECTION ( 'NONE',  ( -1.000000000000000000, 0.000000000000000000, 0.000000000000000000 ) ) ;
#4068 = LINE ( 'NONE', #3168, #837 ) ;
#4069 = VERTEX_POINT ( 'NONE', #5707 ) ;
#4070 = ORIENTED_EDGE ( 'NONE', *, *, #6414, .T. ) ;
#4071 = CARTESIAN_POINT ( 'NONE',  ( 0.05035693046067019757, 0.06633579457256230660, 0.000000000000000000 ) ) ;
#4072 = VECTOR ( 'NONE', #7589, 999.9999999999998863 ) ;
#4073 = ORIENTED_EDGE ( 'NONE', *, *, #472, .T. ) ;
#4074 = VECTOR ( 'NONE', #8519, 1000.000000000000000 ) ;
#4075 = EDGE_CURVE ( 'NONE', #6883, #11276, #3492, .T. ) ;
#4076 = EDGE_CURVE ( 'NONE', #7166, #3844, #5779, .T. ) ;
#4077 = EDGE_CURVE ( 'NONE', #10975, #4956, #9699, .T. ) ;
#4078 = DIRECTION ( 'NONE',  ( 0.000000000000000000, 0.000000000000000000, 1.000000000000000000 ) ) ;
#4079 = AXIS2_PLACEMENT_3D ( 'NONE', #8605, #10479, #7458 ) ;
#4080 = AXIS2_PLACEMENT_3D ( 'NONE', #7706, #528, #11506 ) ;
#4081 = CIRCLE ( 'NONE', #1192, 0.01552466259165699407 ) ;
#4082 = EDGE_CURVE ( 'NONE', #6534, #3245, #9945, .T. ) ;
#4083 = CARTESIAN_POINT ( 'NONE',  ( 0.05782852511279509139, -0.1661017834119890013, 0.6099999999999999867 ) ) ;
#4084 = LINE ( 'NONE', #5185, #2394 ) ;
#4085 = ORIENTED_EDGE ( 'NONE', *, *, #312, .F. ) ;
#4086 = EDGE_CURVE ( 'NONE', #563, #5109, #78, .T. ) ;
#4087 = DIRECTION ( 'NONE',  ( 0.000000000000000000, 0.000000000000000000, -1.000000000000000000 ) ) ;
#4088 = DIRECTION ( 'NONE',  ( 0.9999959119683022868, 0.002859378723318251308, 0.000000000000000000 ) ) ;
#4089 = AXIS2_PLACEMENT_3D ( 'NONE', #6850, #11370, #12580 ) ;
#4090 = LINE ( 'NONE', #5781, #4339 ) ;
#4091 = VERTEX_POINT ( 'NONE', #10913 ) ;
#4092 =( NAMED_UNIT ( * ) PLANE_ANGLE_UNIT ( ) SI_UNIT ( $, .RADIAN. ) );
#4093 = EDGE_LOOP ( 'NONE', ( #4741, #11334, #5768, #10162 ) ) ;
#4094 = CIRCLE ( 'NONE', #12735, 0.05000000000000002359 ) ;
#4095 = EDGE_CURVE ( 'NONE', #10340, #7273, #392, .T. ) ;
#4096 = ADVANCED_FACE ( 'NONE', ( #6995 ), #6732, .F. ) ;
#4097 = ORIENTED_EDGE ( 'NONE', *, *, #10131, .T. ) ;
#4098 = AXIS2_PLACEMENT_3D ( 'NONE', #1081, #946, #7027 ) ;
#4099 = DIRECTION ( 'NONE',  ( 0.000000000000000000, 0.000000000000000000, 1.000000000000000000 ) ) ;
#4100 = DIRECTION ( 'NONE',  ( 0.000000000000000000, 0.000000000000000000, -1.000000000000000000 ) ) ;
#4101 = EDGE_CURVE ( 'NONE', #5442, #10759, #7212, .T. ) ;
#4102 = AXIS2_PLACEMENT_3D ( 'NONE', #4127, #3162, #5227 ) ;
#4103 = ORIENTED_EDGE ( 'NONE', *, *, #7582, .F. ) ;
#4104 = DIRECTION ( 'NONE',  ( 0.000000000000000000, 0.000000000000000000, 1.000000000000000000 ) ) ;
#4105 = LINE ( 'NONE', #12767, #5715 ) ;
#4106 = CARTESIAN_POINT ( 'NONE',  ( 0.03361611892037240368, 0.05440292908894019813, 0.000000000000000000 ) ) ;
#4107 = CARTESIAN_POINT ( 'NONE',  ( 0.2616437242071565361, 0.03567081008274109594, 0.1000000000000000056 ) ) ;
#4108 = DIRECTION ( 'NONE',  ( 1.000000000000000000, 0.000000000000000000, 0.000000000000000000 ) ) ;
#4109 = AXIS2_PLACEMENT_3D ( 'NONE', #7013, #9837, #1003 ) ;
#4110 = ORIENTED_EDGE ( 'NONE', *, *, #10852, .T. ) ;
#4111 = ORIENTED_EDGE ( 'NONE', *, *, #8735, .F. ) ;
#4112 = CARTESIAN_POINT ( 'NONE',  ( 0.2997486099693485451, 0.06543429113880830372, 0.1000000000000000056 ) ) ;
#4113 = CARTESIAN_POINT ( 'NONE',  ( -0.8000000000000000444, -0.6612489735550610703, 0.2334995524190849880 ) ) ;
#4114 = CARTESIAN_POINT ( 'NONE',  ( -0.2384031841765470172, 0.1661017834119890013, 0.6099999999999999867 ) ) ;
#4115 = DIRECTION ( 'NONE',  ( -0.7071067811865482389, 0.000000000000000000, -0.7071067811865466846 ) ) ;
#4116 = VERTEX_POINT ( 'NONE', #6804 ) ;
#4117 = VECTOR ( 'NONE', #319, 1000.000000000000000 ) ;
#4118 = CARTESIAN_POINT ( 'NONE',  ( 0.4000000000000000222, 0.7200000000000000844, 0.3200000000000000067 ) ) ;
#4119 = CARTESIAN_POINT ( 'NONE',  ( 0.1131615436026759958, 0.3572978804638030081, 0.2834995524190850325 ) ) ;
#4120 = PLANE ( 'NONE',  #7171 ) ;
#4121 = ORIENTED_EDGE ( 'NONE', *, *, #3220, .F. ) ;
#4122 = ORIENTED_EDGE ( 'NONE', *, *, #12431, .T. ) ;
#4123 = ADVANCED_FACE ( 'NONE', ( #3055 ), #4932, .T. ) ;
#4124 = EDGE_LOOP ( 'NONE', ( #2117, #6381, #10656, #11199, #10802 ) ) ;
#4125 = AXIS2_PLACEMENT_3D ( 'NONE', #11167, #2333, #6273 ) ;
#4126 = ORIENTED_EDGE ( 'NONE', *, *, #9393, .T. ) ;
#4127 = CARTESIAN_POINT ( 'NONE',  ( -0.04000000087241269847, -0.1689970804587989928, 0.5999999999999999778 ) ) ;
#4128 = CARTESIAN_POINT ( 'NONE',  ( 0.06902478761451290301, 0.07074839047870740139, 0.1000000000000000056 ) ) ;
#4129 = CARTESIAN_POINT ( 'NONE',  ( 0.2366831626601859639, 0.8000000000000000444, 0.2000000000000000111 ) ) ;
#4130 = CARTESIAN_POINT ( 'NONE',  ( 0.2750000000000000222, -0.5162425576250000425, 0.2834995524190850325 ) ) ;
#4131 = AXIS2_PLACEMENT_3D ( 'NONE', #2251, #3285, #4309 ) ;
#4132 = VERTEX_POINT ( 'NONE', #3900 ) ;
#4133 = DIRECTION ( 'NONE',  ( 0.000000000000000000, 0.000000000000000000, 1.000000000000000000 ) ) ;
#4134 = EDGE_CURVE ( 'NONE', #10434, #2566, #3301, .T. ) ;
#4135 = VECTOR ( 'NONE', #3829, 1000.000000000000000 ) ;
#4136 = LINE ( 'NONE', #4252, #4141 ) ;
#4137 = ORIENTED_EDGE ( 'NONE', *, *, #3682, .T. ) ;
#4138 = ORIENTED_EDGE ( 'NONE', *, *, #3142, .T. ) ;
#4139 = CYLINDRICAL_SURFACE ( 'NONE', #6383, 0.05000000000000002359 ) ;
#4140 = ORIENTED_EDGE ( 'NONE', *, *, #2914, .T. ) ;
#4141 = VECTOR ( 'NONE', #1340, 1000.000000000000000 ) ;
#4142 = CYLINDRICAL_SURFACE ( 'NONE', #9735, 0.006656444322163188564 ) ;
#4143 = DIRECTION ( 'NONE',  ( 0.000000000000000000, 0.000000000000000000, -1.000000000000000000 ) ) ;
#4144 = CARTESIAN_POINT ( 'NONE',  ( 0.1052965690291930018, 0.2293925109345039959, 0.6099999999999999867 ) ) ;
#4145 = ORIENTED_EDGE ( 'NONE', *, *, #7150, .T. ) ;
#4146 = DIRECTION ( 'NONE',  ( -0.6045378097511919790, 0.7965764474180940802, 0.000000000000000000 ) ) ;
#4147 = CARTESIAN_POINT ( 'NONE',  ( -0.2366831626601859639, 0.7145957609276060163, 0.2967297185801399673 ) ) ;
#4148 = EDGE_CURVE ( 'NONE', #669, #2323, #10657, .T. ) ;
#4149 = DIRECTION ( 'NONE',  ( 0.000000000000000000, 0.000000000000000000, 1.000000000000000000 ) ) ;
#4150 = ORIENTED_EDGE ( 'NONE', *, *, #6606, .F. ) ;
#4151 = VERTEX_POINT ( 'NONE', #139 ) ;
#4152 = ORIENTED_EDGE ( 'NONE', *, *, #7406, .T. ) ;
#4153 = EDGE_CURVE ( 'NONE', #9210, #4430, #5973, .T. ) ;
#4154 = EDGE_CURVE ( 'NONE', #9993, #10726, #4738, .T. ) ;
#4155 =( NAMED_UNIT ( * ) PLANE_ANGLE_UNIT ( ) SI_UNIT ( $, .RADIAN. ) );
#4156 = DIRECTION ( 'NONE',  ( 1.000000000000000000, 0.000000000000000000, 0.000000000000000000 ) ) ;
#4157 =( GEOMETRIC_REPRESENTATION_CONTEXT ( 3 ) GLOBAL_UNCERTAINTY_ASSIGNED_CONTEXT ( ( #6526 ) ) GLOBAL_UNIT_ASSIGNED_CONTEXT ( ( #4476, #2673, #9764 ) ) REPRESENTATION_CONTEXT ( 'NONE', 'WORKASPACE' ) );
#4158 = LINE ( 'NONE', #5387, #8812 ) ;
#4159 = CARTESIAN_POINT ( 'NONE',  ( 0.2684055889956325491, 0.05942869800156520138, 0.000000000000000000 ) ) ;
#4160 = ADVANCED_FACE ( 'NONE', ( #9891 ), #12660, .T. ) ;
#4161 = CARTESIAN_POINT ( 'NONE',  ( 0.08534271677865480632, 0.06112683642546569429, 0.1000000000000000056 ) ) ;
#4162 = ORIENTED_EDGE ( 'NONE', *, *, #7865, .T. ) ;
#4163 = EDGE_CURVE ( 'NONE', #10317, #1243, #9471, .T. ) ;
#4164 = CARTESIAN_POINT ( 'NONE',  ( 0.1692965698667100172, -0.2613925120511920164, 0.6099999999999999867 ) ) ;
#4165 = LINE ( 'NONE', #8099, #143 ) ;
#4166 = CYLINDRICAL_SURFACE ( 'NONE', #9008, 0.0008649928715214048229 ) ;
#4167 = LINE ( 'NONE', #4107, #5402 ) ;
#4168 = PLANE ( 'NONE',  #3479 ) ;
#4169 = VERTEX_POINT ( 'NONE', #2934 ) ;
#4170 = PRESENTATION_LAYER_ASSIGNMENT (  '', '', ( #10957 ) ) ;
#4171 = EDGE_LOOP ( 'NONE', ( #11813, #9637, #12329, #1961, #8477, #3215 ) ) ;
#4172 = MECHANICAL_DESIGN_GEOMETRIC_PRESENTATION_REPRESENTATION (  '', ( #11992 ), #10553 ) ;
#4173 = EDGE_CURVE ( 'NONE', #4595, #5620, #6867, .T. ) ;
#4174 = CARTESIAN_POINT ( 'NONE',  ( -0.1131615436026759958, -0.3572978804638030081, 0.2834995524190850325 ) ) ;
#4175 =( NAMED_UNIT ( * ) SI_UNIT ( $, .STERADIAN. ) SOLID_ANGLE_UNIT ( ) );
#4176 = CARTESIAN_POINT ( 'NONE',  ( -0.8000000000000000444, 0.8000000000000000444, 0.000000000000000000 ) ) ;
#4177 = VERTEX_POINT ( 'NONE', #9819 ) ;
#4178 = CARTESIAN_POINT ( 'NONE',  ( 0.1131615436026759958, -0.7145957609276060163, 0.2967297185801399673 ) ) ;
#4179 = DIRECTION ( 'NONE',  ( 0.4653753323071734282, 0.8851134391025751169, 0.000000000000000000 ) ) ;
#4180 = CARTESIAN_POINT ( 'NONE',  ( 0.1132782499023349959, -0.7111815246139390201, 0.2834995524190850325 ) ) ;
#4181 = ORIENTED_EDGE ( 'NONE', *, *, #976, .T. ) ;
#4182 = VERTEX_POINT ( 'NONE', #981 ) ;
#4183 = ORIENTED_EDGE ( 'NONE', *, *, #5980, .T. ) ;
#4184 =( BOUNDED_CURVE ( )  B_SPLINE_CURVE ( 3, ( #11545, #1734, #11605, #7548 ),
 .UNSPECIFIED., .F., .F. ) 
 B_SPLINE_CURVE_WITH_KNOTS ( ( 4, 4 ),
 ( 4.644051076073493434, 4.712388980384689674 ),
 .UNSPECIFIED. ) 
 CURVE ( )  GEOMETRIC_REPRESENTATION_ITEM ( )  RATIONAL_B_SPLINE_CURVE ( ( 1.000000000000000000, 0.9996108654318511810, 0.9996108654318511810, 1.000000000000000000 ) ) 
 REPRESENTATION_ITEM ( '' )  );
#4185 = ORIENTED_EDGE ( 'NONE', *, *, #2051, .F. ) ;
#4186 = LINE ( 'NONE', #9148, #6169 ) ;
#4187 = DIRECTION ( 'NONE',  ( -0.9365541607805349944, -0.3505229007135877151, 0.000000000000000000 ) ) ;
#4188 = DIRECTION ( 'NONE',  ( 0.000000000000000000, 1.000000000000000000, 0.000000000000000000 ) ) ;
#4189 = CARTESIAN_POINT ( 'NONE',  ( 0.1132004608466073842, 0.7123180523633572125, 0.2879035975964101546 ) ) ;
#4190 = EDGE_LOOP ( 'NONE', ( #4256, #4253, #4650, #11917, #12524, #496, #3367, #584, #6963, #6951, #10387, #3080, #8761, #10664, #11112, #8875, #11814, #11418, #6646, #168, #5475, #3676, #4344, #796, #1131, #1502, #4707, #7790, #4704, #5315, #9910, #1869, #8983, #10696, #4593, #6599, #10878, #2423, #2619, #1931, #4724, #9619, #5798, #5282, #2766, #1603, #5763, #397, #758, #11735, #12483, #2348, #11156, #691, #3777, #7437, #7661, #147, #3498, #7594, #3601, #7734, #12247, #4070, #5159, #11891, #5588, #7381, #12160, #4775, #3801, #9728, #1890, #2486, #11989, #7472, #3036, #9552, #4152, #4138, #4901, #5954, #5280, #3140, #1101, #891, #1563, #7463, #6817, #11409, #718, #10570, #9622, #11719, #10219, #9549, #6674, #1496, #6730, #10245, #1418, #3009, #10774, #3532, #2379, #1457, #2581, #6020, #5166, #6313, #11764, #704, #6857, #12251, #1273, #7129, #8242, #11377, #12643, #5861 ) ) ;
#4191 = DIRECTION ( 'NONE',  ( 0.000000000000000000, 0.000000000000000000, 1.000000000000000000 ) ) ;
#4192 = CARTESIAN_POINT ( 'NONE',  ( 0.8000000000000000444, 0.7111815246139390201, 0.2834995524190850325 ) ) ;
#4193 = ORIENTED_EDGE ( 'NONE', *, *, #8177, .F. ) ;
#4194 = ORIENTED_EDGE ( 'NONE', *, *, #1642, .T. ) ;
#4195 = ORIENTED_EDGE ( 'NONE', *, *, #8725, .T. ) ;
#4196 = EDGE_CURVE ( 'NONE', #9921, #6355, #1643, .T. ) ;
#4197 = LINE ( 'NONE', #12006, #5840 ) ;
#4198 = LINE ( 'NONE', #11286, #6109 ) ;
#4199 = FACE_OUTER_BOUND ( 'NONE', #611, .T. ) ;
#4200 = VERTEX_POINT ( 'NONE', #11822 ) ;
#4201 = CARTESIAN_POINT ( 'NONE',  ( -0.3081987717257729797, 0.08610178341198850005, 0.6099999999999999867 ) ) ;
#4202 = DIRECTION ( 'NONE',  ( 0.5527788306970817800, -0.8333280052495338763, 0.000000000000000000 ) ) ;
#4203 = DIRECTION ( 'NONE',  ( 0.000000000000000000, 0.000000000000000000, -1.000000000000000000 ) ) ;
#4204 = ORIENTED_EDGE ( 'NONE', *, *, #7775, .F. ) ;
#4205 = EDGE_LOOP ( 'NONE', ( #7044, #11777, #4753, #1949 ) ) ;
#4206 = ORIENTED_EDGE ( 'NONE', *, *, #8817, .F. ) ;
#4207 = VERTEX_POINT ( 'NONE', #2989 ) ;
#4208 = EDGE_CURVE ( 'NONE', #10883, #5682, #3309, .T. ) ;
#4209 = CARTESIAN_POINT ( 'NONE',  ( 0.1034732571207782059, 0.03624015974824445346, 0.000000000000000000 ) ) ;
#4210 = CARTESIAN_POINT ( 'NONE',  ( 0.2263258372114170247, 0.06170276195080430515, 0.000000000000000000 ) ) ;
#4211 = CARTESIAN_POINT ( 'NONE',  ( 0.3724934832593844725, 0.02632653573052175233, 0.000000000000000000 ) ) ;
#4212 = CARTESIAN_POINT ( 'NONE',  ( -0.2384031841765470172, -0.08610178341198850005, 0.6099999999999999867 ) ) ;
#4213 = EDGE_LOOP ( 'NONE', ( #3224, #10902, #9883, #4455 ) ) ;
#4214 = DIRECTION ( 'NONE',  ( -0.9999976080009519430, -0.002187233955109309583, 0.000000000000000000 ) ) ;
#4215 = CARTESIAN_POINT ( 'NONE',  ( 0.2750000000000000222, 0.7112489735550608927, 0.06099963224433049835 ) ) ;
#4216 = CARTESIAN_POINT ( 'NONE',  ( 0.03665650912911475046, 0.03625527285768950780, 0.000000000000000000 ) ) ;
#4217 = ADVANCED_FACE ( 'NONE', ( #3117 ), #10260, .T. ) ;
#4218 = EDGE_CURVE ( 'NONE', #5297, #263, #8236, .T. ) ;
#4219 = CARTESIAN_POINT ( 'NONE',  ( 0.000000000000000000, 0.000000000000000000, 0.5999999999999999778 ) ) ;
#4220 =( GEOMETRIC_REPRESENTATION_CONTEXT ( 3 ) GLOBAL_UNCERTAINTY_ASSIGNED_CONTEXT ( ( #4601 ) ) GLOBAL_UNIT_ASSIGNED_CONTEXT ( ( #11341, #3399, #12230 ) ) REPRESENTATION_CONTEXT ( 'NONE', 'WORKASPACE' ) );
#4221 = DIRECTION ( 'NONE',  ( 0.000000000000000000, 0.000000000000000000, -1.000000000000000000 ) ) ;
#4222 = ORIENTED_EDGE ( 'NONE', *, *, #10953, .F. ) ;
#4223 = ORIENTED_EDGE ( 'NONE', *, *, #3812, .T. ) ;
#4224 = EDGE_CURVE ( 'NONE', #3589, #5212, #450, .T. ) ;
#4225 = DIRECTION ( 'NONE',  ( -1.000000000000000000, 0.000000000000000000, 0.000000000000000000 ) ) ;
#4226 = ADVANCED_FACE ( 'NONE', ( #10976 ), #12011, .F. ) ;
#4227 = EDGE_CURVE ( 'NONE', #954, #3531, #5120, .T. ) ;
#4228 = AXIS2_PLACEMENT_3D ( 'NONE', #1999, #5949, #9869 ) ;
#4229 = DIRECTION ( 'NONE',  ( -0.9612866060682210279, 0.2755504690503010057, 0.000000000000000000 ) ) ;
#4230 = CARTESIAN_POINT ( 'NONE',  ( 0.4000000000000000222, 0.000000000000000000, 0.5100000000000000089 ) ) ;
#4231 = CARTESIAN_POINT ( 'NONE',  ( 0.2254866931837574973, 0.06122091647642889656, 0.000000000000000000 ) ) ;
#4232 = ORIENTED_EDGE ( 'NONE', *, *, #9951, .F. ) ;
#4233 = FACE_OUTER_BOUND ( 'NONE', #2060, .T. ) ;
#4234 = CARTESIAN_POINT ( 'NONE',  ( 0.1131615436026759958, -0.3572978804638030081, 0.2834995524190850325 ) ) ;
#4235 = ADVANCED_FACE ( 'NONE', ( #3178 ), #3897, .F. ) ;
#4236 =( GEOMETRIC_REPRESENTATION_CONTEXT ( 3 ) GLOBAL_UNCERTAINTY_ASSIGNED_CONTEXT ( ( #4363 ) ) GLOBAL_UNIT_ASSIGNED_CONTEXT ( ( #8438, #9657, #552 ) ) REPRESENTATION_CONTEXT ( 'NONE', 'WORKASPACE' ) );
#4237 = CARTESIAN_POINT ( 'NONE',  ( 0.3295279686815250075, -0.2267406400639910002, 0.5999999999999999778 ) ) ;
#4238 = EDGE_LOOP ( 'NONE', ( #9053, #9826, #12745, #9083, #7234, #5920, #8135, #7731 ) ) ;
#4239 = ORIENTED_EDGE ( 'NONE', *, *, #12152, .T. ) ;
#4240 = AXIS2_PLACEMENT_3D ( 'NONE', #8352, #10165, #7267 ) ;
#4241 = ORIENTED_EDGE ( 'NONE', *, *, #10179, .F. ) ;
#4242 = DIRECTION ( 'NONE',  ( 1.000000000000000000, 0.000000000000000000, 0.000000000000000000 ) ) ;
#4243 = AXIS2_PLACEMENT_3D ( 'NONE', #2892, #3012, #9912 ) ;
#4244 = AXIS2_PLACEMENT_3D ( 'NONE', #2272, #8320, #12321 ) ;
#4245 = DIRECTION ( 'NONE',  ( 0.000000000000000000, 0.000000000000000000, -1.000000000000000000 ) ) ;
#4246 = DIRECTION ( 'NONE',  ( -1.000000000000000000, 0.000000000000000000, 0.000000000000000000 ) ) ;
#4247 = CIRCLE ( 'NONE', #4441, 0.003217860069563214468 ) ;
#4248 = DIRECTION ( 'NONE',  ( 0.000000000000000000, 0.000000000000000000, 1.000000000000000000 ) ) ;
#4249 = LINE ( 'NONE', #5425, #1994 ) ;
#4250 = ORIENTED_EDGE ( 'NONE', *, *, #12425, .F. ) ;
#4251 = FACE_OUTER_BOUND ( 'NONE', #693, .T. ) ;
#4252 = CARTESIAN_POINT ( 'NONE',  ( -0.2750000000000000222, 0.5162425576250000425, 0.000000000000000000 ) ) ;
#4253 = ORIENTED_EDGE ( 'NONE', *, *, #12667, .T. ) ;
#4254 = VERTEX_POINT ( 'NONE', #6154 ) ;
#4255 = VECTOR ( 'NONE', #11750, 1000.000000000000000 ) ;
#4256 = ORIENTED_EDGE ( 'NONE', *, *, #5592, .T. ) ;
#4257 = CIRCLE ( 'NONE', #7562, 0.002383970417192252545 ) ;
#4258 = DIRECTION ( 'NONE',  ( -1.000000000000000000, 0.000000000000000000, 0.000000000000000000 ) ) ;
#4259 = DIRECTION ( 'NONE',  ( 0.9128541174566361383, 0.4082858805328270502, 0.000000000000000000 ) ) ;
#4260 = CARTESIAN_POINT ( 'NONE',  ( -0.2750000000000000222, -0.8000000000000000444, 0.2834995524190850325 ) ) ;
#4261 = ORIENTED_EDGE ( 'NONE', *, *, #2748, .T. ) ;
#4262 = VECTOR ( 'NONE', #6787, 1000.000000000000000 ) ;
#4263 = CARTESIAN_POINT ( 'NONE',  ( -0.2366831626601859639, 0.8000000000000000444, 0.2000000000000000111 ) ) ;
#4264 = CARTESIAN_POINT ( 'NONE',  ( 0.2939863460378184801, 0.06773317779398360661, 0.1000000000000000056 ) ) ;
#4265 = DIRECTION ( 'NONE',  ( 0.000000000000000000, -0.7071067811865482389, 0.7071067811865467956 ) ) ;
#4266 = ORIENTED_EDGE ( 'NONE', *, *, #12635, .F. ) ;
#4267 = AXIS2_PLACEMENT_3D ( 'NONE', #2669, #10590, #11626 ) ;
#4268 = ORIENTED_EDGE ( 'NONE', *, *, #426, .F. ) ;
#4269 =( NAMED_UNIT ( * ) SI_UNIT ( $, .STERADIAN. ) SOLID_ANGLE_UNIT ( ) );
#4270 = EDGE_LOOP ( 'NONE', ( #2029, #6772, #6825, #6094 ) ) ;
#4271 = EDGE_CURVE ( 'NONE', #2982, #12569, #7175, .T. ) ;
#4272 = AXIS2_PLACEMENT_3D ( 'NONE', #608, #3521, #6621 ) ;
#4273 = VECTOR ( 'NONE', #5348, 1000.000000000000000 ) ;
#4274 = FACE_OUTER_BOUND ( 'NONE', #7245, .T. ) ;
#4275 = VECTOR ( 'NONE', #7042, 1000.000000000000000 ) ;
#4276 = AXIS2_PLACEMENT_3D ( 'NONE', #9177, #10985, #11119 ) ;
#4277 = CARTESIAN_POINT ( 'NONE',  ( 0.3692798389144609783, 0.03536773564385485569, 0.1000000000000000056 ) ) ;
#4278 = CARTESIAN_POINT ( 'NONE',  ( 0.8000000000000000444, 0.7200000000000000844, 0.3200000000000000067 ) ) ;
#4279 = DIRECTION ( 'NONE',  ( 0.000000000000000000, -1.000000000000000000, 0.000000000000000000 ) ) ;
#4280 = ORIENTED_EDGE ( 'NONE', *, *, #12191, .F. ) ;
#4281 = CARTESIAN_POINT ( 'NONE',  ( 0.07016530656145550382, 0.05600562988008439547, 0.000000000000000000 ) ) ;
#4282 = DIRECTION ( 'NONE',  ( 0.000000000000000000, -0.9682773257456045446, 0.2498780111313128882 ) ) ;
#4283 = DIRECTION ( 'NONE',  ( 0.000000000000000000, 0.000000000000000000, 1.000000000000000000 ) ) ;
#4284 = ORIENTED_EDGE ( 'NONE', *, *, #2081, .F. ) ;
#4285 = VECTOR ( 'NONE', #5568, 1000.000000000000000 ) ;
#4286 = DIRECTION ( 'NONE',  ( 1.000000000000000000, 0.000000000000000000, 0.000000000000000000 ) ) ;
#4287 = CARTESIAN_POINT ( 'NONE',  ( 0.09232106894536511177, 0.05600562988008439547, 0.000000000000000000 ) ) ;
#4288 = EDGE_CURVE ( 'NONE', #482, #12703, #1857, .T. ) ;
#4289 = ORIENTED_EDGE ( 'NONE', *, *, #4345, .F. ) ;
#4290 = VECTOR ( 'NONE', #9667, 1000.000000000000000 ) ;
#4291 = ORIENTED_EDGE ( 'NONE', *, *, #3527, .F. ) ;
#4292 = VECTOR ( 'NONE', #3400, 1000.000000000000000 ) ;
#4293 = DIRECTION ( 'NONE',  ( 0.000000000000000000, 0.000000000000000000, 1.000000000000000000 ) ) ;
#4294 = CIRCLE ( 'NONE', #8420, 0.02999999999999997113 ) ;
#4295 = LINE ( 'NONE', #3200, #5114 ) ;
#4296 = AXIS2_PLACEMENT_3D ( 'NONE', #5279, #7215, #5158 ) ;
#4297 = CYLINDRICAL_SURFACE ( 'NONE', #8854, 0.02000000000000000736 ) ;
#4298 = DIRECTION ( 'NONE',  ( 0.000000000000000000, -1.000000000000000000, 0.000000000000000000 ) ) ;
#4299 = VERTEX_POINT ( 'NONE', #5187 ) ;
#4300 = DIRECTION ( 'NONE',  ( -0.4472136033030539304, -0.8944271870983679928, 0.000000000000000000 ) ) ;
#4301 = AXIS2_PLACEMENT_3D ( 'NONE', #2611, #9459, #1846 ) ;
#4302 = LINE ( 'NONE', #12101, #10648 ) ;
#4303 = CYLINDRICAL_SURFACE ( 'NONE', #10063, 0.05000000000000002359 ) ;
#4304 = EDGE_CURVE ( 'NONE', #11411, #6145, #4333, .T. ) ;
#4305 = VERTEX_POINT ( 'NONE', #8204 ) ;
#4306 = ORIENTED_EDGE ( 'NONE', *, *, #5998, .F. ) ;
#4307 = ORIENTED_EDGE ( 'NONE', *, *, #5039, .F. ) ;
#4308 = CIRCLE ( 'NONE', #6175, 0.4813203788665049720 ) ;
#4309 = DIRECTION ( 'NONE',  ( 0.9097053010019128250, -0.4152544585299708380, 0.000000000000000000 ) ) ;
#4310 = AXIS2_PLACEMENT_3D ( 'NONE', #10025, #1185, #5392 ) ;
#4311 = EDGE_CURVE ( 'NONE', #4984, #1089, #202, .T. ) ;
#4312 = EDGE_CURVE ( 'NONE', #9239, #5713, #5553, .T. ) ;
#4313 = CIRCLE ( 'NONE', #6308, 0.07999999999999998779 ) ;
#4314 = LINE ( 'NONE', #11267, #12119 ) ;
#4315 = DIRECTION ( 'NONE',  ( 0.000000000000000000, 0.000000000000000000, -1.000000000000000000 ) ) ;
#4316 = DIRECTION ( 'NONE',  ( 1.000000000000000000, 0.000000000000000000, 0.000000000000000000 ) ) ;
#4317 = AXIS2_PLACEMENT_3D ( 'NONE', #8604, #4553, #2676 ) ;
#4318 = CARTESIAN_POINT ( 'NONE',  ( 0.1131615436026759958, 0.7145957609276060163, 0.2967297185801399673 ) ) ;
#4319 = ADVANCED_FACE ( 'NONE', ( #12139 ), #11109, .T. ) ;
#4320 = ORIENTED_EDGE ( 'NONE', *, *, #9277, .F. ) ;
#4321 = EDGE_CURVE ( 'NONE', #7387, #2523, #5243, .T. ) ;
#4322 = DIRECTION ( 'NONE',  ( 0.000000000000000000, 0.000000000000000000, 1.000000000000000000 ) ) ;
#4323 = DIRECTION ( 'NONE',  ( 1.000000000000000000, 0.000000000000000000, 0.000000000000000000 ) ) ;
#4324 = ORIENTED_EDGE ( 'NONE', *, *, #10114, .F. ) ;
#4325 = VERTEX_POINT ( 'NONE', #7242 ) ;
#4326 = VECTOR ( 'NONE', #6668, 1000.000000000000000 ) ;
#4327 = ORIENTED_EDGE ( 'NONE', *, *, #11543, .T. ) ;
#4328 = EDGE_CURVE ( 'NONE', #8635, #1751, #12755, .T. ) ;
#4329 = CARTESIAN_POINT ( 'NONE',  ( 0.1692965698667100172, -0.2613925120511920164, 0.5999999999999999778 ) ) ;
#4330 = DIRECTION ( 'NONE',  ( 0.000000000000000000, 0.000000000000000000, 1.000000000000000000 ) ) ;
#4331 = CARTESIAN_POINT ( 'NONE',  ( 0.1390179589796421977, 0.05801304451646480120, 0.000000000000000000 ) ) ;
#4332 = ORIENTED_EDGE ( 'NONE', *, *, #6926, .T. ) ;
#4333 = LINE ( 'NONE', #9049, #11100 ) ;
#4334 = DIRECTION ( 'NONE',  ( 1.000000000000000000, 0.000000000000000000, 0.000000000000000000 ) ) ;
#4335 = CYLINDRICAL_SURFACE ( 'NONE', #7228, 0.002198610222765590844 ) ;
#4336 = ORIENTED_EDGE ( 'NONE', *, *, #9124, .T. ) ;
#4337 = ORIENTED_EDGE ( 'NONE', *, *, #1552, .T. ) ;
#4338 = VERTEX_POINT ( 'NONE', #10192 ) ;
#4339 = VECTOR ( 'NONE', #8982, 1000.000000000000000 ) ;
#4340 = FACE_OUTER_BOUND ( 'NONE', #3740, .T. ) ;
#4341 = CARTESIAN_POINT ( 'NONE',  ( -0.2750000000000000222, 0.4000000000000000222, 0.07199926448865659467 ) ) ;
#4342 = DIRECTION ( 'NONE',  ( 0.000000000000000000, -1.000000000000000000, 0.000000000000000000 ) ) ;
#4343 = CARTESIAN_POINT ( 'NONE',  ( 0.5300000000000000266, 6.490628035480972417E-17, 0.9000000000000000222 ) ) ;
#4344 = ORIENTED_EDGE ( 'NONE', *, *, #4101, .T. ) ;
#4345 = EDGE_CURVE ( 'NONE', #6534, #7100, #9234, .T. ) ;
#4346 = CARTESIAN_POINT ( 'NONE',  ( 0.08473363365101149736, 0.06271715177701281396, 0.1000000000000000056 ) ) ;
#4347 = CARTESIAN_POINT ( 'NONE',  ( 0.2750000000000000222, 0.8000000000000000444, 0.2834995524190850325 ) ) ;
#4348 = AXIS2_PLACEMENT_3D ( 'NONE', #510, #11361, #1550 ) ;
#4349 = CARTESIAN_POINT ( 'NONE',  ( 0.3456388340676674886, 0.06713238599784519811, 0.1000000000000000056 ) ) ;
#4350 = ORIENTED_EDGE ( 'NONE', *, *, #4271, .T. ) ;
#4351 = FACE_OUTER_BOUND ( 'NONE', #4054, .T. ) ;
#4352 = DIRECTION ( 'NONE',  ( 0.000000000000000000, 0.000000000000000000, 1.000000000000000000 ) ) ;
#4353 = ORIENTED_EDGE ( 'NONE', *, *, #3536, .T. ) ;
#4354 = DIRECTION ( 'NONE',  ( 0.000000000000000000, -0.7071067811865482389, -0.7071067811865467956 ) ) ;
#4355 = VECTOR ( 'NONE', #2613, 1000.000000000000000 ) ;
#4356 = EDGE_CURVE ( 'NONE', #4956, #11851, #2389, .T. ) ;
#4357 = CARTESIAN_POINT ( 'NONE',  ( -0.1131615436026759958, 0.7487881638449269683, 0.4292252843472340040 ) ) ;
#4358 = DIRECTION ( 'NONE',  ( 0.000000000000000000, 0.000000000000000000, 1.000000000000000000 ) ) ;
#4359 = DIRECTION ( 'NONE',  ( 0.000000000000000000, 0.000000000000000000, -1.000000000000000000 ) ) ;
#4360 = EDGE_LOOP ( 'NONE', ( #12306, #8255, #88, #1283 ) ) ;
#4361 = FACE_OUTER_BOUND ( 'NONE', #8651, .T. ) ;
#4362 = CARTESIAN_POINT ( 'NONE',  ( 0.3692798389144609783, 0.03536773564385485569, 0.000000000000000000 ) ) ;
#4363 = UNCERTAINTY_MEASURE_WITH_UNIT (LENGTH_MEASURE( 1.000000000000000082E-05 ), #8438, 'distance_accuracy_value', 'NONE');
#4364 = MECHANICAL_DESIGN_GEOMETRIC_PRESENTATION_REPRESENTATION (  '', ( #11991 ), #5833 ) ;
#4365 = CARTESIAN_POINT ( 'NONE',  ( 0.1132004608466073842, -0.7123180523633572125, 0.2879035975964102101 ) ) ;
#4366 = VECTOR ( 'NONE', #7073, 1000.000000000000000 ) ;
#4367 = ORIENTED_EDGE ( 'NONE', *, *, #3610, .F. ) ;
#4368 = VERTEX_POINT ( 'NONE', #11219 ) ;
#4369 = ORIENTED_EDGE ( 'NONE', *, *, #6358, .F. ) ;
#4370 = CARTESIAN_POINT ( 'NONE',  ( 0.4000000000000000222, 0.7405531811372209061, 0.3973147252801209617 ) ) ;
#4371 = VECTOR ( 'NONE', #2451, 1000.000000000000000 ) ;
#4372 = EDGE_CURVE ( 'NONE', #11094, #6567, #3501, .T. ) ;
#4373 = LINE ( 'NONE', #10174, #3474 ) ;
#4374 = DIRECTION ( 'NONE',  ( 1.000000000000000000, 0.000000000000000000, 0.000000000000000000 ) ) ;
#4375 = CARTESIAN_POINT ( 'NONE',  ( 0.3271418792962970112, 0.07230623777738301450, 0.000000000000000000 ) ) ;
#4376 = DIRECTION ( 'NONE',  ( 0.000000000000000000, 0.000000000000000000, 1.000000000000000000 ) ) ;
#4377 = ORIENTED_EDGE ( 'NONE', *, *, #5336, .F. ) ;
#4378 = DIRECTION ( 'NONE',  ( -0.5999999860413977038, 0.8000000104689515279, 0.000000000000000000 ) ) ;
#4379 = CARTESIAN_POINT ( 'NONE',  ( 0.3751424101058990490, 0.06408923354130251215, 0.1000000000000000056 ) ) ;
#4380 = ORIENTED_EDGE ( 'NONE', *, *, #3838, .T. ) ;
#4381 = EDGE_CURVE ( 'NONE', #4325, #8585, #3305, .T. ) ;
#4382 = ORIENTED_EDGE ( 'NONE', *, *, #7795, .F. ) ;
#4383 = EDGE_CURVE ( 'NONE', #5089, #10170, #12360, .T. ) ;
#4384 = ORIENTED_EDGE ( 'NONE', *, *, #6762, .T. ) ;
#4385 = EDGE_CURVE ( 'NONE', #2616, #9536, #9355, .T. ) ;
#4386 = EDGE_CURVE ( 'NONE', #1896, #201, #576, .T. ) ;
#4387 = CARTESIAN_POINT ( 'NONE',  ( 0.1335194816024656839, 0.2529466870190614225, 0.6099999999999999867 ) ) ;
#4388 = FACE_OUTER_BOUND ( 'NONE', #5235, .T. ) ;
#4389 = CARTESIAN_POINT ( 'NONE',  ( 0.1497302240989401845, 0.06712819375075448902, 0.1000000000000000056 ) ) ;
#4390 = ORIENTED_EDGE ( 'NONE', *, *, #8733, .T. ) ;
#4391 = DIRECTION ( 'NONE',  ( -1.000000000000000000, 0.000000000000000000, 0.000000000000000000 ) ) ;
#4392 = CARTESIAN_POINT ( 'NONE',  ( 0.2054260905944104987, 0.06828907263315558973, 0.000000000000000000 ) ) ;
#4393 = CARTESIAN_POINT ( 'NONE',  ( 0.1198319356003372110, 0.05391554160110449689, 0.000000000000000000 ) ) ;
#4394 = ORIENTED_EDGE ( 'NONE', *, *, #206, .F. ) ;
#4395 = EDGE_CURVE ( 'NONE', #7489, #3774, #8450, .T. ) ;
#4396 = ORIENTED_EDGE ( 'NONE', *, *, #2497, .T. ) ;
#4397 = SHAPE_DEFINITION_REPRESENTATION ( #5435, #2114 ) ;
#4398 = ORIENTED_EDGE ( 'NONE', *, *, #3600, .T. ) ;
#4399 = FACE_OUTER_BOUND ( 'NONE', #10301, .T. ) ;
#4400 = CARTESIAN_POINT ( 'NONE',  ( 0.2150259140407244918, 0.09821168822973509738, 0.000000000000000000 ) ) ;
#4401 = CARTESIAN_POINT ( 'NONE',  ( 0.4000000000000000222, 0.7405531811372209061, 0.3973147252801209617 ) ) ;
#4402 = VERTEX_POINT ( 'NONE', #7360 ) ;
#4403 = CARTESIAN_POINT ( 'NONE',  ( 0.3266420838368244706, 0.06780557130431970336, 0.000000000000000000 ) ) ;
#4404 = LINE ( 'NONE', #8339, #9002 ) ;
#4405 = FACE_OUTER_BOUND ( 'NONE', #3346, .T. ) ;
#4406 = VERTEX_POINT ( 'NONE', #3419 ) ;
#4407 = DIRECTION ( 'NONE',  ( 0.000000000000000000, 0.000000000000000000, 1.000000000000000000 ) ) ;
#4408 = CARTESIAN_POINT ( 'NONE',  ( 0.3692846560191499483, 0.03316536806220055089, 0.000000000000000000 ) ) ;
#4409 = ORIENTED_EDGE ( 'NONE', *, *, #6724, .T. ) ;
#4410 = CARTESIAN_POINT ( 'NONE',  ( -0.8000000000000000444, -0.7200000000000000844, 0.08000000000000000167 ) ) ;
#4411 = DIRECTION ( 'NONE',  ( 0.000000000000000000, -0.7071067811865482389, -0.7071067811865467956 ) ) ;
#4412 = CARTESIAN_POINT ( 'NONE',  ( 0.1144197825251181966, 0.05987201902689900240, 0.1000000000000000056 ) ) ;
#4413 = DIRECTION ( 'NONE',  ( 0.000000000000000000, 0.000000000000000000, 1.000000000000000000 ) ) ;
#4414 = VERTEX_POINT ( 'NONE', #11289 ) ;
#4415 = CARTESIAN_POINT ( 'NONE',  ( 0.1391033554679229900, 0.06085058474026610459, 0.000000000000000000 ) ) ;
#4416 = CARTESIAN_POINT ( 'NONE',  ( 0.3003486576435535071, 0.06494637556512269927, 0.000000000000000000 ) ) ;
#4417 = CARTESIAN_POINT ( 'NONE',  ( 0.1131615436026759958, -0.7145957609276060163, 0.2967297185801399673 ) ) ;
#4418 = ORIENTED_EDGE ( 'NONE', *, *, #1629, .F. ) ;
#4419 = VERTEX_POINT ( 'NONE', #8389 ) ;
#4420 = ORIENTED_EDGE ( 'NONE', *, *, #10923, .T. ) ;
#4421 = CLOSED_SHELL ( 'NONE', ( #3345, #362, #400, #3926, #12412, #9350, #2412, #4712, #7459, #12176, #11558, #2265, #5424, #6753, #6446, #11747, #3027 ) ) ;
#4422 = EDGE_CURVE ( 'NONE', #6508, #8187, #10507, .T. ) ;
#4423 = LINE ( 'NONE', #8363, #7850 ) ;
#4424 = CIRCLE ( 'NONE', #5909, 0.05000000000000002359 ) ;
#4425 = PLANE ( 'NONE',  #793 ) ;
#4426 = CARTESIAN_POINT ( 'NONE',  ( -0.4000000000000000222, -0.7200000000000000844, 0.000000000000000000 ) ) ;
#4427 = CIRCLE ( 'NONE', #9376, 0.08000000000000002942 ) ;
#4428 = FACE_OUTER_BOUND ( 'NONE', #7019, .T. ) ;
#4429 = DIRECTION ( 'NONE',  ( 0.000000000000000000, 0.000000000000000000, 1.000000000000000000 ) ) ;
#4430 = VERTEX_POINT ( 'NONE', #9615 ) ;
#4431 = CIRCLE ( 'NONE', #304, 0.02999999999999997113 ) ;
#4432 = CARTESIAN_POINT ( 'NONE',  ( -0.7800000000000000266, 0.1000000000000000056, 0.05000000000000000278 ) ) ;
#4433 = FACE_BOUND ( 'NONE', #4238, .T. ) ;
#4434 = ORIENTED_EDGE ( 'NONE', *, *, #12036, .F. ) ;
#4435 = ORIENTED_EDGE ( 'NONE', *, *, #3198, .T. ) ;
#4436 = EDGE_LOOP ( 'NONE', ( #7092, #4332, #1299, #10085 ) ) ;
#4437 = EDGE_CURVE ( 'NONE', #95, #10514, #6407, .T. ) ;
#4438 = VECTOR ( 'NONE', #10614, 1000.000000000000000 ) ;
#4439 = VECTOR ( 'NONE', #12008, 1000.000000000000000 ) ;
#4440 = ORIENTED_EDGE ( 'NONE', *, *, #5037, .F. ) ;
#4441 = AXIS2_PLACEMENT_3D ( 'NONE', #8741, #10862, #10928 ) ;
#4442 = DIRECTION ( 'NONE',  ( -1.000000000000000000, -1.224646799147355672E-16, 0.000000000000000000 ) ) ;
#4443 = EDGE_CURVE ( 'NONE', #7595, #8570, #10449, .T. ) ;
#4444 = PRODUCT_RELATED_PRODUCT_CATEGORY ( 'part', '', ( #9540 ) ) ;
#4445 = DIRECTION ( 'NONE',  ( 1.000000000000000000, 0.000000000000000000, 0.000000000000000000 ) ) ;
#4446 = ORIENTED_EDGE ( 'NONE', *, *, #5999, .T. ) ;
#4447 = CARTESIAN_POINT ( 'NONE',  ( 0.06236340267104529406, 0.06072916124237999480, 0.000000000000000000 ) ) ;
#4448 = DIRECTION ( 'NONE',  ( 0.9160311292006952932, 0.4011071806080004909, 0.000000000000000000 ) ) ;
#4449 = ORIENTED_EDGE ( 'NONE', *, *, #737, .T. ) ;
#4450 = AXIS2_PLACEMENT_3D ( 'NONE', #6851, #11996, #1094 ) ;
#4451 = CARTESIAN_POINT ( 'NONE',  ( 0.8000000000000000444, 0.7405531811372209061, 0.3973147252801209617 ) ) ;
#4452 = LINE ( 'NONE', #10193, #7988 ) ;
#4453 = CARTESIAN_POINT ( 'NONE',  ( -0.1631615436026759847, 0.7145957609276060163, 0.4000000000000000222 ) ) ;
#4454 = ORIENTED_EDGE ( 'NONE', *, *, #4457, .T. ) ;
#4455 = ORIENTED_EDGE ( 'NONE', *, *, #8817, .T. ) ;
#4456 = APPLICATION_PROTOCOL_DEFINITION ( 'draft international standard', 'automotive_design', 1998, #4681 ) ;
#4457 = EDGE_CURVE ( 'NONE', #3380, #4091, #6529, .T. ) ;
#4458 = VECTOR ( 'NONE', #6666, 1000.000000000000000 ) ;
#4459 = ORIENTED_EDGE ( 'NONE', *, *, #7947, .F. ) ;
#4460 = EDGE_CURVE ( 'NONE', #9447, #5225, #6399, .T. ) ;
#4461 = VECTOR ( 'NONE', #6507, 1000.000000000000000 ) ;
#4462 = CARTESIAN_POINT ( 'NONE',  ( -0.7800000000000000266, -0.1000000000000000056, 0.05000000000000000278 ) ) ;
#4463 = EDGE_CURVE ( 'NONE', #10975, #6249, #641, .T. ) ;
#4464 = EDGE_CURVE ( 'NONE', #10490, #1012, #12388, .T. ) ;
#4465 = VECTOR ( 'NONE', #11106, 1000.000000000000000 ) ;
#4466 = CARTESIAN_POINT ( 'NONE',  ( -0.4000000000000000222, -0.7200000000000000844, 0.000000000000000000 ) ) ;
#4467 = VECTOR ( 'NONE', #3509, 999.9999999999998863 ) ;
#4468 = DIRECTION ( 'NONE',  ( 0.000000000000000000, 0.000000000000000000, 1.000000000000000000 ) ) ;
#4469 = DIRECTION ( 'NONE',  ( 0.000000000000000000, 0.000000000000000000, 1.000000000000000000 ) ) ;
#4470 = EDGE_LOOP ( 'NONE', ( #453, #8524, #4306, #5943 ) ) ;
#4471 = CARTESIAN_POINT ( 'NONE',  ( -0.8000000000000000444, 0.6612489735550610703, 0.1219992644886569999 ) ) ;
#4472 = CARTESIAN_POINT ( 'NONE',  ( 0.2750000000000000222, 0.7200000000000000844, 0.08000000000000000167 ) ) ;
#4473 = CARTESIAN_POINT ( 'NONE',  ( -0.2384031841765470172, -0.08610178341198850005, 0.5999999999999999778 ) ) ;
#4474 = ORIENTED_EDGE ( 'NONE', *, *, #1938, .T. ) ;
#4475 = EDGE_CURVE ( 'NONE', #4849, #7537, #5443, .T. ) ;
#4476 =( LENGTH_UNIT ( ) NAMED_UNIT ( * ) SI_UNIT ( .MILLI., .METRE. ) );
#4477 = EDGE_CURVE ( 'NONE', #6192, #11034, #1616, .T. ) ;
#4478 = CARTESIAN_POINT ( 'NONE',  ( -0.2384031841765470172, -0.08610178341198850005, 0.5999999999999999778 ) ) ;
#4479 = AXIS2_PLACEMENT_3D ( 'NONE', #10348, #4486, #2481 ) ;
#4480 = AXIS2_PLACEMENT_3D ( 'NONE', #10354, #7270, #8300 ) ;
#4481 = ORIENTED_EDGE ( 'NONE', *, *, #38, .F. ) ;
#4482 = AXIS2_PLACEMENT_3D ( 'NONE', #5188, #9107, #2143 ) ;
#4483 = CARTESIAN_POINT ( 'NONE',  ( 0.1129548487986483940, 0.05730061016898909537, 0.1000000000000000056 ) ) ;
#4484 = EDGE_CURVE ( 'NONE', #7111, #10554, #10098, .T. ) ;
#4485 = FACE_OUTER_BOUND ( 'NONE', #580, .T. ) ;
#4486 = DIRECTION ( 'NONE',  ( 0.000000000000000000, 0.000000000000000000, 1.000000000000000000 ) ) ;
#4487 = VECTOR ( 'NONE', #8295, 1000.000000000000000 ) ;
#4488 = CARTESIAN_POINT ( 'NONE',  ( 0.1197092269237471918, 0.05491822061047470227, 0.1000000000000000056 ) ) ;
#4489 = ORIENTED_EDGE ( 'NONE', *, *, #3363, .T. ) ;
#4490 = CYLINDRICAL_SURFACE ( 'NONE', #6573, 0.002272417239729635982 ) ;
#4491 = LINE ( 'NONE', #6251, #7985 ) ;
#4492 = UNCERTAINTY_MEASURE_WITH_UNIT (LENGTH_MEASURE( 1.000000000000000082E-05 ), #3317, 'distance_accuracy_value', 'NONE');
#4493 = CIRCLE ( 'NONE', #8200, 0.08000000000000002942 ) ;
#4494 = CARTESIAN_POINT ( 'NONE',  ( -0.7680176002228089605, 0.1000000000000000056, 0.1451689417511649871 ) ) ;
#4495 = CYLINDRICAL_SURFACE ( 'NONE', #5563, 0.006351713868063179648 ) ;
#4496 = CIRCLE ( 'NONE', #3266, 0.08000000000000002942 ) ;
#4497 = EDGE_LOOP ( 'NONE', ( #8891, #12046, #9766, #5429 ) ) ;
#4498 = VERTEX_POINT ( 'NONE', #4451 ) ;
#4499 = ORIENTED_EDGE ( 'NONE', *, *, #8555, .T. ) ;
#4500 = AXIS2_PLACEMENT_3D ( 'NONE', #5880, #62, #6129 ) ;
#4501 = DIRECTION ( 'NONE',  ( -0.9616124132327621421, 0.2744113093818539295, 0.000000000000000000 ) ) ;
#4502 = CIRCLE ( 'NONE', #165, 0.05000000000000002359 ) ;
#4503 = CARTESIAN_POINT ( 'NONE',  ( -0.2750000000000000222, 0.7765685424949239080, 0.02343145750507626135 ) ) ;
#4504 = VECTOR ( 'NONE', #11139, 1000.000000000000000 ) ;
#4505 = CARTESIAN_POINT ( 'NONE',  ( 0.3070183909477025019, 0.08786729072851130751, 0.000000000000000000 ) ) ;
#4506 = AXIS2_PLACEMENT_3D ( 'NONE', #6763, #12688, #12565 ) ;
#4507 = DIRECTION ( 'NONE',  ( 1.000000000000000000, 0.000000000000000000, 0.000000000000000000 ) ) ;
#4508 = CARTESIAN_POINT ( 'NONE',  ( 0.6518290623389679794, -0.1900000000000000022, 0.000000000000000000 ) ) ;
#4509 = LINE ( 'NONE', #751, #7772 ) ;
#4510 = AXIS2_PLACEMENT_3D ( 'NONE', #10306, #6388, #7339 ) ;
#4511 = VERTEX_POINT ( 'NONE', #11359 ) ;
#4512 = EDGE_CURVE ( 'NONE', #563, #9689, #5636, .T. ) ;
#4513 = FACE_OUTER_BOUND ( 'NONE', #1986, .T. ) ;
#4514 = CARTESIAN_POINT ( 'NONE',  ( 1.582892211534350002, 0.3184124295728944509, 0.000000000000000000 ) ) ;
#4515 = EDGE_LOOP ( 'NONE', ( #9065, #11466, #6253 ) ) ;
#4516 = AXIS2_PLACEMENT_3D ( 'NONE', #5143, #3139, #9132 ) ;
#4517 = ORIENTED_EDGE ( 'NONE', *, *, #7775, .T. ) ;
#4518 = ORIENTED_EDGE ( 'NONE', *, *, #1435, .F. ) ;
#4519 = CIRCLE ( 'NONE', #11724, 0.4000000000000001332 ) ;
#4520 = CIRCLE ( 'NONE', #2876, 0.0008649928715214048229 ) ;
#4521 = VERTEX_POINT ( 'NONE', #4651 ) ;
#4522 = DIRECTION ( 'NONE',  ( 0.000000000000000000, 0.000000000000000000, -1.000000000000000000 ) ) ;
#4523 = CARTESIAN_POINT ( 'NONE',  ( 0.8000000000000000444, -0.6960358778014988923, 0.2248101690442100009 ) ) ;
#4524 = EDGE_CURVE ( 'NONE', #3869, #7387, #6079, .T. ) ;
#4525 = FACE_OUTER_BOUND ( 'NONE', #9467, .T. ) ;
#4526 = DIRECTION ( 'NONE',  ( -1.000000000000000000, 0.000000000000000000, 0.000000000000000000 ) ) ;
#4527 = EDGE_LOOP ( 'NONE', ( #10704, #4398, #5255, #5028 ) ) ;
#4528 = AXIS2_PLACEMENT_3D ( 'NONE', #9630, #4742, #8922 ) ;
#4529 = CARTESIAN_POINT ( 'NONE',  ( 0.07812067172237710522, 0.06018441917743400094, 0.000000000000000000 ) ) ;
#4530 = CYLINDRICAL_SURFACE ( 'NONE', #554, 0.05000000000000002359 ) ;
#4531 = DIRECTION ( 'NONE',  ( 0.000000000000000000, 0.000000000000000000, -1.000000000000000000 ) ) ;
#4532 = EDGE_LOOP ( 'NONE', ( #934, #4350, #11676, #617 ) ) ;
#4533 = ORIENTED_EDGE ( 'NONE', *, *, #5265, .T. ) ;
#4534 = APPLICATION_PROTOCOL_DEFINITION ( 'draft international standard', 'automotive_design', 1998, #3782 ) ;
#4535 = VERTEX_POINT ( 'NONE', #12518 ) ;
#4536 = VECTOR ( 'NONE', #9686, 1000.000000000000114 ) ;
#4537 = EDGE_CURVE ( 'NONE', #7424, #5660, #12644, .T. ) ;
#4538 = CARTESIAN_POINT ( 'NONE',  ( -0.8499999999999999778, 0.1000000000000000056, 0.05000000000000000278 ) ) ;
#4539 = FACE_OUTER_BOUND ( 'NONE', #2214, .T. ) ;
#4540 = ORIENTED_EDGE ( 'NONE', *, *, #3448, .F. ) ;
#4541 = DIRECTION ( 'NONE',  ( 0.000000000000000000, 1.000000000000000000, 0.000000000000000000 ) ) ;
#4542 = FACE_OUTER_BOUND ( 'NONE', #3798, .T. ) ;
#4543 = LINE ( 'NONE', #4744, #5735 ) ;
#4544 = VERTEX_POINT ( 'NONE', #2003 ) ;
#4545 = DIRECTION ( 'NONE',  ( 0.000000000000000000, 0.000000000000000000, 1.000000000000000000 ) ) ;
#4546 = AXIS2_PLACEMENT_3D ( 'NONE', #2335, #261, #9300 ) ;
#4547 = EDGE_CURVE ( 'NONE', #4774, #2715, #2974, .T. ) ;
#4548 = EDGE_CURVE ( 'NONE', #12439, #12451, #4844, .T. ) ;
#4549 = ORIENTED_EDGE ( 'NONE', *, *, #9608, .F. ) ;
#4550 = CARTESIAN_POINT ( 'NONE',  ( 0.3860788799391040027, -0.1046092656745439969, 0.5100000000000000089 ) ) ;
#4551 = EDGE_CURVE ( 'NONE', #2715, #4498, #4916, .T. ) ;
#4552 = EDGE_CURVE ( 'NONE', #4200, #9193, #11752, .T. ) ;
#4553 = DIRECTION ( 'NONE',  ( 0.000000000000000000, 0.000000000000000000, 1.000000000000000000 ) ) ;
#4554 = AXIS2_PLACEMENT_3D ( 'NONE', #1685, #773, #3495 ) ;
#4555 = DIRECTION ( 'NONE',  ( 0.000000000000000000, 0.000000000000000000, 1.000000000000000000 ) ) ;
#4556 = CARTESIAN_POINT ( 'NONE',  ( 0.08600628789277209307, 0.05242807410686710357, 0.000000000000000000 ) ) ;
#4557 = CARTESIAN_POINT ( 'NONE',  ( -0.2366831626601859639, -0.7145957609276060163, 0.4000000000000000222 ) ) ;
#4558 = VERTEX_POINT ( 'NONE', #2849 ) ;
#4559 = CARTESIAN_POINT ( 'NONE',  ( 0.2041409101118285274, 0.03233636505946335671, 0.000000000000000000 ) ) ;
#4560 = CARTESIAN_POINT ( 'NONE',  ( 0.1335194816024656839, -0.2529466870190614225, 0.5999999999999999778 ) ) ;
#4561 = DIRECTION ( 'NONE',  ( -1.000000000000000000, 0.000000000000000000, 0.000000000000000000 ) ) ;
#4562 = CARTESIAN_POINT ( 'NONE',  ( 0.1239451649580298048, 0.03883911253889365395, 0.000000000000000000 ) ) ;
#4563 = VERTEX_POINT ( 'NONE', #8653 ) ;
#4565 = EDGE_CURVE ( 'NONE', #1586, #10981, #8847, .T. ) ;
#4564 = VERTEX_POINT ( 'NONE', #5956 ) ;
#4566 = VERTEX_POINT ( 'NONE', #9801 ) ;
#4567 = TOROIDAL_SURFACE ( 'NONE', #2705, 0.6300000000000000044, 0.03000000000000000236 ) ;
#4568 = DIRECTION ( 'NONE',  ( 0.000000000000000000, 0.000000000000000000, 1.000000000000000000 ) ) ;
#4569 = DIRECTION ( 'NONE',  ( 0.000000000000000000, 0.000000000000000000, 1.000000000000000000 ) ) ;
#4570 = CARTESIAN_POINT ( 'NONE',  ( 0.3092272891719090033, 0.08952350075660280015, 0.000000000000000000 ) ) ;
#4571 = CARTESIAN_POINT ( 'NONE',  ( -0.2366831626601859639, 0.4661129598944389607, 0.4000000000000000222 ) ) ;
#4572 = DIRECTION ( 'NONE',  ( -0.1319143664508181102, 0.9912611159144089079, 0.000000000000000000 ) ) ;
#4573 =( GEOMETRIC_REPRESENTATION_CONTEXT ( 3 ) GLOBAL_UNCERTAINTY_ASSIGNED_CONTEXT ( ( #11985 ) ) GLOBAL_UNIT_ASSIGNED_CONTEXT ( ( #12464, #7575, #12540 ) ) REPRESENTATION_CONTEXT ( 'NONE', 'WORKASPACE' ) );
#4574 = DIRECTION ( 'NONE',  ( -0.3162277577404050133, 0.9486833008093248365, 0.000000000000000000 ) ) ;
#4575 = ORIENTED_EDGE ( 'NONE', *, *, #5677, .T. ) ;
#4576 = CARTESIAN_POINT ( 'NONE',  ( 0.2636223749452199505, 0.2613925120511920164, 0.5999999999999999778 ) ) ;
#4577 = DIRECTION ( 'NONE',  ( -0.2729102181661069992, -0.9620395068917533266, 0.000000000000000000 ) ) ;
#4578 = VERTEX_POINT ( 'NONE', #6789 ) ;
#4579 = ORIENTED_EDGE ( 'NONE', *, *, #1303, .F. ) ;
#4580 = ORIENTED_EDGE ( 'NONE', *, *, #9038, .F. ) ;
#4581 = ORIENTED_EDGE ( 'NONE', *, *, #1789, .T. ) ;
#4582 = VECTOR ( 'NONE', #7637, 1000.000000000000000 ) ;
#4583 =( GEOMETRIC_REPRESENTATION_CONTEXT ( 3 ) GLOBAL_UNCERTAINTY_ASSIGNED_CONTEXT ( ( #7367 ) ) GLOBAL_UNIT_ASSIGNED_CONTEXT ( ( #1358, #2339, #6279 ) ) REPRESENTATION_CONTEXT ( 'NONE', 'WORKASPACE' ) );
#4584 = DIRECTION ( 'NONE',  ( -1.000000000000000000, 0.000000000000000000, 0.000000000000000000 ) ) ;
#4585 = DIRECTION ( 'NONE',  ( 1.000000000000000000, 0.000000000000000000, 0.000000000000000000 ) ) ;
#4586 = FACE_OUTER_BOUND ( 'NONE', #11412, .T. ) ;
#4587 = CARTESIAN_POINT ( 'NONE',  ( 0.2750000000000000222, 0.7200000000000000844, 0.08000000000000000167 ) ) ;
#4588 = ORIENTED_EDGE ( 'NONE', *, *, #10459, .F. ) ;
#4589 = DIRECTION ( 'NONE',  ( 0.000000000000000000, 0.000000000000000000, 1.000000000000000000 ) ) ;
#4590 = CYLINDRICAL_SURFACE ( 'NONE', #11073, 0.007081384037780936828 ) ;
#4591 = DIRECTION ( 'NONE',  ( 0.000000000000000000, 0.000000000000000000, 1.000000000000000000 ) ) ;
#4592 = ORIENTED_EDGE ( 'NONE', *, *, #4075, .F. ) ;
#4593 = ORIENTED_EDGE ( 'NONE', *, *, #9172, .T. ) ;
#4594 = SHAPE_DEFINITION_REPRESENTATION ( #1398, #784 ) ;
#4595 = VERTEX_POINT ( 'NONE', #3952 ) ;
#4596 = ADVANCED_FACE ( 'NONE', ( #8909 ), #10715, .F. ) ;
#4597 = DIRECTION ( 'NONE',  ( 0.9608438324678922893, -0.2770904718831251334, 0.000000000000000000 ) ) ;
#4598 = DIRECTION ( 'NONE',  ( 0.000000000000000000, 0.000000000000000000, 1.000000000000000000 ) ) ;
#4599 = PRODUCT_DEFINITION_SHAPE ( 'NONE', 'NONE',  #12777 ) ;
#4600 = DIRECTION ( 'NONE',  ( 0.000000000000000000, 0.000000000000000000, 1.000000000000000000 ) ) ;
#4601 = UNCERTAINTY_MEASURE_WITH_UNIT (LENGTH_MEASURE( 1.000000000000000082E-05 ), #11341, 'distance_accuracy_value', 'NONE');
#4602 = VERTEX_POINT ( 'NONE', #1814 ) ;
#4603 = DIRECTION ( 'NONE',  ( 0.000000000000000000, 0.000000000000000000, 1.000000000000000000 ) ) ;
#4604 = PLANE ( 'NONE',  #6329 ) ;
#4605 = CARTESIAN_POINT ( 'NONE',  ( 0.3184490626700725024, 0.06484347110378320400, 0.1000000000000000056 ) ) ;
#4606 = ORIENTED_EDGE ( 'NONE', *, *, #8803, .T. ) ;
#4607 = CARTESIAN_POINT ( 'NONE',  ( 0.4000000000000000222, 0.000000000000000000, 0.6099999999999999867 ) ) ;
#4608 = ORIENTED_EDGE ( 'NONE', *, *, #7576, .T. ) ;
#4609 = ADVANCED_FACE ( 'NONE', ( #8775 ), #3752, .T. ) ;
#4610 = DIRECTION ( 'NONE',  ( 0.000000000000000000, 0.000000000000000000, 1.000000000000000000 ) ) ;
#4611 = CARTESIAN_POINT ( 'NONE',  ( -0.1131615436026759958, 0.8000000000000000444, 0.2834995524190850325 ) ) ;
#4612 = DIRECTION ( 'NONE',  ( 0.000000000000000000, -0.2498780111313128605, -0.9682773257456044336 ) ) ;
#4613 = EDGE_CURVE ( 'NONE', #7332, #2973, #841, .T. ) ;
#4614 = CARTESIAN_POINT ( 'NONE',  ( -0.1131615436026759958, -0.8000000000000000444, 0.3200000000000000067 ) ) ;
#4615 = PLANE ( 'NONE',  #8163 ) ;
#4616 = EDGE_CURVE ( 'NONE', #1138, #1293, #10642, .T. ) ;
#4617 = ORIENTED_EDGE ( 'NONE', *, *, #3595, .F. ) ;
#4618 = DIRECTION ( 'NONE',  ( -0.3162277577404050133, -0.9486833008093248365, 0.000000000000000000 ) ) ;
#4619 = DIRECTION ( 'NONE',  ( 0.000000000000000000, -0.2498780111313130825, -0.9682773257456043225 ) ) ;
#4620 = DIRECTION ( 'NONE',  ( 0.9999999912247069522, -0.0001324786253722610031, 0.000000000000000000 ) ) ;
#4621 = CARTESIAN_POINT ( 'NONE',  ( 0.1866831626601859750, -0.7145957609276060163, 0.4000000000000000222 ) ) ;
#4622 = ORIENTED_EDGE ( 'NONE', *, *, #12349, .T. ) ;
#4623 = ORIENTED_EDGE ( 'NONE', *, *, #2955, .T. ) ;
#4624 = ADVANCED_FACE ( 'NONE', ( #11810 ), #6909, .T. ) ;
#4625 = EDGE_CURVE ( 'NONE', #1993, #6967, #11753, .T. ) ;
#4626 = ORIENTED_EDGE ( 'NONE', *, *, #4383, .T. ) ;
#4627 = EDGE_CURVE ( 'NONE', #3566, #9223, #12156, .T. ) ;
#4628 = DIRECTION ( 'NONE',  ( 1.000000000000000000, 0.000000000000000000, 0.000000000000000000 ) ) ;
#4629 = FACE_OUTER_BOUND ( 'NONE', #8210, .T. ) ;
#4630 = FACE_OUTER_BOUND ( 'NONE', #11223, .T. ) ;
#4631 = EDGE_CURVE ( 'NONE', #10762, #11974, #8246, .T. ) ;
#4632 = CARTESIAN_POINT ( 'NONE',  ( 0.1932401869698620045, 0.05771694977110350400, 0.1000000000000000056 ) ) ;
#4633 = EDGE_CURVE ( 'NONE', #2460, #9358, #10070, .T. ) ;
#4634 = CARTESIAN_POINT ( 'NONE',  ( 0.1827437197538560043, 0.1061854187315302012, 0.000000000000000000 ) ) ;
#4635 = LINE ( 'NONE', #7607, #7147 ) ;
#4636 = VERTEX_POINT ( 'NONE', #9660 ) ;
#4637 = LINE ( 'NONE', #1598, #11280 ) ;
#4638 = DIRECTION ( 'NONE',  ( 0.000000000000000000, 0.000000000000000000, -1.000000000000000000 ) ) ;
#4639 = ORIENTED_EDGE ( 'NONE', *, *, #12043, .T. ) ;
#4640 = ORIENTED_EDGE ( 'NONE', *, *, #9393, .F. ) ;
#4641 = CLOSED_SHELL ( 'NONE', ( #8466, #2176, #9674, #11399, #11080, #637, #8408, #6651, #12666, #279, #4778, #4217, #2728, #9828, #6183, #1891, #4160, #10188, #53, #12241, #10534, #3049, #12017, #10127, #9981, #7462, #12750, #8496, #11078, #892, #9803, #9961, #1511, #1245, #3841, #10775, #2236, #10837, #6809, #361, #4596, #5193, #11893, #8724, #3283, #4226, #8690, #12505, #5743, #10971, #197, #6427, #8722, #2664, #9599, #12276, #6619, #672, #8774, #8675, #4235, #11165, #4852, #1950, #7305, #3141 ) ) ;
#4642 = CIRCLE ( 'NONE', #8544, 0.004296673257286007588 ) ;
#4643 = VERTEX_POINT ( 'NONE', #1722 ) ;
#4644 = ORIENTED_EDGE ( 'NONE', *, *, #2263, .T. ) ;
#4645 = LINE ( 'NONE', #7492, #7796 ) ;
#4646 = EDGE_CURVE ( 'NONE', #11, #5683, #8694, .T. ) ;
#4647 = DIRECTION ( 'NONE',  ( 1.000000000000000000, 0.000000000000000000, 0.000000000000000000 ) ) ;
#4648 = CARTESIAN_POINT ( 'NONE',  ( 0.1587122455588695080, 0.03320504595170924861, 0.000000000000000000 ) ) ;
#4649 = DIRECTION ( 'NONE',  ( 0.9604025980778629901, -0.2786159536087100541, 0.000000000000000000 ) ) ;
#4650 = ORIENTED_EDGE ( 'NONE', *, *, #3941, .T. ) ;
#4651 = CARTESIAN_POINT ( 'NONE',  ( 0.1054327468312629967, 0.03314860092336230357, 0.000000000000000000 ) ) ;
#4652 = DIRECTION ( 'NONE',  ( 0.000000000000000000, 0.000000000000000000, 1.000000000000000000 ) ) ;
#4653 = CYLINDRICAL_SURFACE ( 'NONE', #3111, 0.3999999999999999667 ) ;
#4654 = EDGE_LOOP ( 'NONE', ( #2864, #1659, #6209, #1480, #4481, #12137 ) ) ;
#4655 = ORIENTED_EDGE ( 'NONE', *, *, #1403, .T. ) ;
#4656 = AXIS2_PLACEMENT_3D ( 'NONE', #5654, #3578, #6618 ) ;
#4657 = AXIS2_PLACEMENT_3D ( 'NONE', #10275, #11303, #2401 ) ;
#4658 =( NAMED_UNIT ( * ) PLANE_ANGLE_UNIT ( ) SI_UNIT ( $, .RADIAN. ) );
#4659 = VERTEX_POINT ( 'NONE', #4699 ) ;
#4660 = CARTESIAN_POINT ( 'NONE',  ( 0.2548514224881954782, 0.04676505935380469853, 0.000000000000000000 ) ) ;
#4661 = AXIS2_PLACEMENT_3D ( 'NONE', #620, #4568, #4501 ) ;
#4662 = AXIS2_PLACEMENT_3D ( 'NONE', #9103, #11216, #6332 ) ;
#4663 = FACE_OUTER_BOUND ( 'NONE', #7377, .T. ) ;
#4664 = DIRECTION ( 'NONE',  ( -0.001086474172257098809, 0.9999994097867622722, 0.000000000000000000 ) ) ;
#4665 = EDGE_LOOP ( 'NONE', ( #3939, #11700, #1105, #10779 ) ) ;
#4666 = VECTOR ( 'NONE', #6729, 1000.000000000000000 ) ;
#4667 = LINE ( 'NONE', #9503, #11117 ) ;
#4668 = CARTESIAN_POINT ( 'NONE',  ( 0.2750000000000000222, 0.7111815246139390201, 0.2834995524190850325 ) ) ;
#4669 = CARTESIAN_POINT ( 'NONE',  ( 0.03721262874606354881, 0.05400531120201500918, 0.000000000000000000 ) ) ;
#4670 = ORIENTED_EDGE ( 'NONE', *, *, #2329, .F. ) ;
#4671 = ADVANCED_FACE ( 'NONE', ( #11533 ), #5867, .T. ) ;
#4672 = CARTESIAN_POINT ( 'NONE',  ( 0.3433600727938604935, 0.03607628901961270479, 0.000000000000000000 ) ) ;
#4673 =( BOUNDED_CURVE ( )  B_SPLINE_CURVE ( 3, ( #2814, #6049, #1121, #11906 ),
 .UNSPECIFIED., .F., .F. ) 
 B_SPLINE_CURVE_WITH_KNOTS ( ( 4, 4 ),
 ( 1.570796326794896558, 1.639134231106093020 ),
 .UNSPECIFIED. ) 
 CURVE ( )  GEOMETRIC_REPRESENTATION_ITEM ( )  RATIONAL_B_SPLINE_CURVE ( ( 1.000000000000000000, 0.9996108654318511810, 0.9996108654318511810, 1.000000000000000000 ) ) 
 REPRESENTATION_ITEM ( '' )  );
#4674 = VECTOR ( 'NONE', #11482, 1000.000000000000000 ) ;
#4675 = ORIENTED_EDGE ( 'NONE', *, *, #2032, .T. ) ;
#4676 = CARTESIAN_POINT ( 'NONE',  ( 0.1981737295114300024, 0.07664402715006890521, 0.1000000000000000056 ) ) ;
#4677 = AXIS2_PLACEMENT_3D ( 'NONE', #11431, #465, #5328 ) ;
#4678 = CARTESIAN_POINT ( 'NONE',  ( -0.04000000087241269847, 0.08899708045879850538, 0.6099999999999999867 ) ) ;
#4679 = PLANE ( 'NONE',  #11690 ) ;
#4680 = CARTESIAN_POINT ( 'NONE',  ( 0.2092641071274254916, 0.03609097840854754574, 0.1000000000000000056 ) ) ;
#4681 = APPLICATION_CONTEXT ( 'automotive_design' ) ;
#4682 = DIRECTION ( 'NONE',  ( 0.9999999939098688229, -0.0001103642250404199900, 0.000000000000000000 ) ) ;
#4683 = VERTEX_POINT ( 'NONE', #942 ) ;
#4684 = CARTESIAN_POINT ( 'NONE',  ( 0.1131615436026759958, -0.7200000000000000844, 0.4000000000000000222 ) ) ;
#4685 = ADVANCED_FACE ( 'NONE', ( #6635 ), #6830, .T. ) ;
#4686 = DIRECTION ( 'NONE',  ( 0.000000000000000000, 0.000000000000000000, 1.000000000000000000 ) ) ;
#4688 = CIRCLE ( 'NONE', #5108, 0.0009827641783686945007 ) ;
#4687 = LINE ( 'NONE', #3529, #1263 ) ;
#4689 = DIRECTION ( 'NONE',  ( 0.000000000000000000, 0.000000000000000000, 1.000000000000000000 ) ) ;
#4690 = EDGE_LOOP ( 'NONE', ( #3936, #6745, #8783, #9863 ) ) ;
#4691 = VECTOR ( 'NONE', #11360, 1000.000000000000000 ) ;
#4692 = ORIENTED_EDGE ( 'NONE', *, *, #9673, .F. ) ;
#4693 = PRODUCT_DEFINITION ( 'UNKNOWN', '', #6244, #3244 ) ;
#4694 = DIRECTION ( 'NONE',  ( 0.9078647904370810151, -0.4192630704994596558, 0.000000000000000000 ) ) ;
#4695 = VECTOR ( 'NONE', #10224, 1000.000000000000114 ) ;
#4696 = AXIS2_PLACEMENT_3D ( 'NONE', #4473, #9560, #12342 ) ;
#4697 = FACE_OUTER_BOUND ( 'NONE', #11909, .T. ) ;
#4698 = AXIS2_PLACEMENT_3D ( 'NONE', #8700, #12376, #5679 ) ;
#4699 = CARTESIAN_POINT ( 'NONE',  ( -0.1131615436026759958, -0.7145957609276060163, 0.4000000000000000222 ) ) ;
#4700 = DIRECTION ( 'NONE',  ( 0.000000000000000000, 0.000000000000000000, 1.000000000000000000 ) ) ;
#4701 = VECTOR ( 'NONE', #11233, 999.9999999999998863 ) ;
#4702 = EDGE_CURVE ( 'NONE', #5562, #6861, #10809, .T. ) ;
#4703 = CARTESIAN_POINT ( 'NONE',  ( -0.2366831626601859639, -0.9322259197888769222, 0.4000000000000000222 ) ) ;
#4704 = ORIENTED_EDGE ( 'NONE', *, *, #3775, .T. ) ;
#4705 = DIRECTION ( 'NONE',  ( -1.000000000000000000, 0.000000000000000000, 0.000000000000000000 ) ) ;
#4706 = CARTESIAN_POINT ( 'NONE',  ( 0.05931757191316119893, 0.03637841479768149505, 0.1000000000000000056 ) ) ;
#4707 = ORIENTED_EDGE ( 'NONE', *, *, #997, .T. ) ;
#4708 = VERTEX_POINT ( 'NONE', #7666 ) ;
#4709 = CIRCLE ( 'NONE', #9849, 0.05000000000000002359 ) ;
#4710 = ORIENTED_EDGE ( 'NONE', *, *, #10013, .T. ) ;
#4711 = AXIS2_PLACEMENT_3D ( 'NONE', #4562, #9650, #3587 ) ;
#4712 = ADVANCED_FACE ( 'NONE', ( #3663 ), #3859, .F. ) ;
#4713 = EDGE_CURVE ( 'NONE', #8640, #9511, #11727, .T. ) ;
#4714 = VERTEX_POINT ( 'NONE', #2760 ) ;
#4715 = AXIS2_PLACEMENT_3D ( 'NONE', #10692, #9474, #12693 ) ;
#4716 = DIRECTION ( 'NONE',  ( -0.8057941271948427797, 0.5921957654174010433, 0.000000000000000000 ) ) ;
#4717 = EDGE_CURVE ( 'NONE', #6549, #4566, #4826, .T. ) ;
#4718 = CYLINDRICAL_SURFACE ( 'NONE', #8142, 0.005722022522296680083 ) ;
#4719 = EDGE_CURVE ( 'NONE', #980, #10315, #1011, .T. ) ;
#4720 = DIRECTION ( 'NONE',  ( 0.000000000000000000, 0.2498780111313128605, 0.9682773257456044336 ) ) ;
#4721 = AXIS2_PLACEMENT_3D ( 'NONE', #8998, #6948, #4108 ) ;
#4722 = PLANE ( 'NONE',  #3028 ) ;
#4723 = CARTESIAN_POINT ( 'NONE',  ( 0.8000000000000000444, -0.7112489735550608927, 0.1167497762095430075 ) ) ;
#4724 = ORIENTED_EDGE ( 'NONE', *, *, #7948, .T. ) ;
#4725 = DIRECTION ( 'NONE',  ( -1.000000000000000000, 0.000000000000000000, 0.000000000000000000 ) ) ;
#4726 = CARTESIAN_POINT ( 'NONE',  ( 0.1473195594799686370, 0.06488587858533610697, 0.000000000000000000 ) ) ;
#4727 = CIRCLE ( 'NONE', #1627, 0.08000000000000001554 ) ;
#4728 = DIRECTION ( 'NONE',  ( -0.9616396752530739223, 0.2743157578032339172, 0.000000000000000000 ) ) ;
#4729 = ORIENTED_EDGE ( 'NONE', *, *, #12027, .F. ) ;
#4730 = ORIENTED_EDGE ( 'NONE', *, *, #1707, .F. ) ;
#4732 =( GEOMETRIC_REPRESENTATION_CONTEXT ( 3 ) GLOBAL_UNCERTAINTY_ASSIGNED_CONTEXT ( ( #10298 ) ) GLOBAL_UNIT_ASSIGNED_CONTEXT ( ( #9138, #4042, #4175 ) ) REPRESENTATION_CONTEXT ( 'NONE', 'WORKASPACE' ) );
#4731 = CARTESIAN_POINT ( 'NONE',  ( 0.2584796253054099657, 0.03589060334112015305, 0.000000000000000000 ) ) ;
#4733 = ITEM_DEFINED_TRANSFORMATION ( 'NONE', 'NONE', #4796,  #10744 ) ;
#4734 = ORIENTED_EDGE ( 'NONE', *, *, #11338, .T. ) ;
#4735 = EDGE_CURVE ( 'NONE', #3531, #532, #9781, .T. ) ;
#4736 = CIRCLE ( 'NONE', #10282, 0.4000000000000000777 ) ;
#4737 = CARTESIAN_POINT ( 'NONE',  ( -0.8000000000000000444, -0.7200000000000000844, 0.3200000000000000067 ) ) ;
#4738 = CIRCLE ( 'NONE', #2266, 0.05000000000000002359 ) ;
#4739 = DIRECTION ( 'NONE',  ( -0.9862184610392528139, 0.1654483215550035247, 0.000000000000000000 ) ) ;
#4740 = CARTESIAN_POINT ( 'NONE',  ( 0.2750000000000000222, 0.8000000000000000444, 0.000000000000000000 ) ) ;
#4741 = ORIENTED_EDGE ( 'NONE', *, *, #3931, .F. ) ;
#4742 = DIRECTION ( 'NONE',  ( 0.000000000000000000, 0.000000000000000000, 1.000000000000000000 ) ) ;
#4743 = CARTESIAN_POINT ( 'NONE',  ( -0.7680176002228089605, -0.1000000000000000056, 0.000000000000000000 ) ) ;
#4744 = CARTESIAN_POINT ( 'NONE',  ( -0.004222912608168371239, 0.09744290549092954334, 0.5999999999999999778 ) ) ;
#4745 = ORIENTED_EDGE ( 'NONE', *, *, #2740, .T. ) ;
#4746 = AXIS2_PLACEMENT_3D ( 'NONE', #9767, #9898, #8930 ) ;
#4747 = VECTOR ( 'NONE', #7293, 1000.000000000000000 ) ;
#4748 = ORIENTED_EDGE ( 'NONE', *, *, #9333, .T. ) ;
#4749 = CARTESIAN_POINT ( 'NONE',  ( 0.1587122455588695080, 0.03320504595170924861, 0.000000000000000000 ) ) ;
#4750 = LINE ( 'NONE', #12611, #3657 ) ;
#4751 = FACE_OUTER_BOUND ( 'NONE', #10817, .T. ) ;
#4752 = DIRECTION ( 'NONE',  ( 0.000000000000000000, 0.000000000000000000, -1.000000000000000000 ) ) ;
#4753 = ORIENTED_EDGE ( 'NONE', *, *, #3837, .F. ) ;
#4754 = CARTESIAN_POINT ( 'NONE',  ( 0.2643987431665235088, 0.05486680628937880277, 0.1000000000000000056 ) ) ;
#4755 = AXIS2_PLACEMENT_3D ( 'NONE', #1741, #7434, #6469 ) ;
#4756 = DIRECTION ( 'NONE',  ( 0.9616396752540823378, -0.2743157577996992447, 0.000000000000000000 ) ) ;
#4757 = DIRECTION ( 'NONE',  ( 0.000000000000000000, -1.000000000000000000, 0.000000000000000000 ) ) ;
#4758 = CARTESIAN_POINT ( 'NONE',  ( 0.8000000000000000444, 0.7200000000000000844, 0.08000000000000000167 ) ) ;
#4759 = ORIENTED_EDGE ( 'NONE', *, *, #9118, .T. ) ;
#4760 = VERTEX_POINT ( 'NONE', #11593 ) ;
#4761 = FACE_OUTER_BOUND ( 'NONE', #4690, .T. ) ;
#4762 = EDGE_CURVE ( 'NONE', #293, #1301, #5802, .T. ) ;
#4763 = DIRECTION ( 'NONE',  ( 0.000000000000000000, 0.000000000000000000, 1.000000000000000000 ) ) ;
#4764 = CYLINDRICAL_SURFACE ( 'NONE', #11090, 0.08000000000000002942 ) ;
#4765 = CARTESIAN_POINT ( 'NONE',  ( 0.3728439860350399870, 0.06474124773625750118, 0.000000000000000000 ) ) ;
#4766 = DIRECTION ( 'NONE',  ( 0.000000000000000000, 0.000000000000000000, -1.000000000000000000 ) ) ;
#4767 = ORIENTED_EDGE ( 'NONE', *, *, #4385, .F. ) ;
#4768 = CARTESIAN_POINT ( 'NONE',  ( 0.04083493688656870263, 0.05563979259211959683, 0.000000000000000000 ) ) ;
#4769 = LINE ( 'NONE', #6577, #12712 ) ;
#4770 = VERTEX_POINT ( 'NONE', #9587 ) ;
#4771 = CARTESIAN_POINT ( 'NONE',  ( -0.2750000000000000222, 0.5162425576250000425, 0.2834995524190850325 ) ) ;
#4772 = VECTOR ( 'NONE', #932, 1000.000000000000000 ) ;
#4773 = CARTESIAN_POINT ( 'NONE',  ( -0.2366831626601859639, -0.7246033112302809887, 0.3355089773090989547 ) ) ;
#4774 = VERTEX_POINT ( 'NONE', #8824 ) ;
#4775 = ORIENTED_EDGE ( 'NONE', *, *, #10919, .T. ) ;
#4776 = EDGE_LOOP ( 'NONE', ( #1520, #12238, #289, #455 ) ) ;
#4777 = ORIENTED_EDGE ( 'NONE', *, *, #5745, .T. ) ;
#4778 = ADVANCED_FACE ( 'NONE', ( #5931 ), #2692, .F. ) ;
#4779 = VECTOR ( 'NONE', #12406, 1000.000000000000000 ) ;
#4780 = CARTESIAN_POINT ( 'NONE',  ( -0.8000000000000000444, -0.6221338239419009764, -0.06156029930674630085 ) ) ;
#4781 = LINE ( 'NONE', #1807, #3499 ) ;
#4782 = FACE_OUTER_BOUND ( 'NONE', #2106, .T. ) ;
#4783 = ADVANCED_FACE ( 'NONE', ( #11653 ), #2825, .F. ) ;
#4784 = LINE ( 'NONE', #3686, #2823 ) ;
#4785 = DIRECTION ( 'NONE',  ( -1.000000000000000000, 0.000000000000000000, 0.000000000000000000 ) ) ;
#4786 = VERTEX_POINT ( 'NONE', #3932 ) ;
#4787 = EDGE_CURVE ( 'NONE', #5875, #5573, #7867, .T. ) ;
#4788 = DIRECTION ( 'NONE',  ( 0.000000000000000000, 0.7071067811865482389, 0.7071067811865467956 ) ) ;
#4789 = CARTESIAN_POINT ( 'NONE',  ( 0.2365664563605270054, 0.7111815246139390201, 0.2834995524190850325 ) ) ;
#4790 = DIRECTION ( 'NONE',  ( 0.000000000000000000, 1.000000000000000000, 0.000000000000000000 ) ) ;
#4791 = VERTEX_POINT ( 'NONE', #4114 ) ;
#4792 = VERTEX_POINT ( 'NONE', #1201 ) ;
#4793 = LINE ( 'NONE', #11314, #4938 ) ;
#4794 = VECTOR ( 'NONE', #6758, 1000.000000000000114 ) ;
#4795 = ORIENTED_EDGE ( 'NONE', *, *, #3130, .T. ) ;
#4796 = AXIS2_PLACEMENT_3D ( 'NONE', #8523, #10455, #9426 ) ;
#4797 = EDGE_CURVE ( 'NONE', #7527, #454, #12334, .T. ) ;
#4798 = EDGE_CURVE ( 'NONE', #4544, #12439, #46, .T. ) ;
#4799 = EDGE_CURVE ( 'NONE', #483, #5224, #3911, .T. ) ;
#4800 = FACE_OUTER_BOUND ( 'NONE', #4171, .T. ) ;
#4801 = CIRCLE ( 'NONE', #8090, 0.002172159373688738269 ) ;
#4802 = EDGE_CURVE ( 'NONE', #9810, #9465, #2058, .T. ) ;
#4803 = CARTESIAN_POINT ( 'NONE',  ( -0.8000000000000000444, -0.7046741902800299773, 0.2582836310259130075 ) ) ;
#4804 = CARTESIAN_POINT ( 'NONE',  ( 0.06385052550886249900, 0.05242807410686710357, 0.1000000000000000056 ) ) ;
#4805 = ORIENTED_EDGE ( 'NONE', *, *, #2756, .F. ) ;
#4806 = CARTESIAN_POINT ( 'NONE',  ( 0.3226415531721334995, 0.08740108395201229285, 0.000000000000000000 ) ) ;
#4807 = FACE_OUTER_BOUND ( 'NONE', #10227, .T. ) ;
#4808 = CARTESIAN_POINT ( 'NONE',  ( 0.3540435295462950327, 0.06027009165201199781, 0.000000000000000000 ) ) ;
#4809 = ORIENTED_EDGE ( 'NONE', *, *, #1244, .T. ) ;
#4810 = FILL_AREA_STYLE ('',( #7000 ) ) ;
#4811 = EDGE_LOOP ( 'NONE', ( #6400, #1489, #7089, #4834 ) ) ;
#4812 = DIRECTION ( 'NONE',  ( 0.000000000000000000, 1.000000000000000000, 0.000000000000000000 ) ) ;
#4813 = CARTESIAN_POINT ( 'NONE',  ( 0.000000000000000000, 0.000000000000000000, 0.5999999999999999778 ) ) ;
#4814 = LINE ( 'NONE', #5062, #10625 ) ;
#4815 = ORIENTED_EDGE ( 'NONE', *, *, #9206, .F. ) ;
#4816 = DIRECTION ( 'NONE',  ( 0.2511633122926570927, 0.9679447249498193129, 0.000000000000000000 ) ) ;
#4817 = DIRECTION ( 'NONE',  ( 0.000000000000000000, 1.000000000000000000, 0.000000000000000000 ) ) ;
#4818 = DIRECTION ( 'NONE',  ( 0.2761959430323168707, 0.9611013479610197585, 0.000000000000000000 ) ) ;
#4819 = DIRECTION ( 'NONE',  ( 0.000000000000000000, 0.000000000000000000, 1.000000000000000000 ) ) ;
#4820 = ORIENTED_EDGE ( 'NONE', *, *, #5432, .F. ) ;
#4821 = ORIENTED_EDGE ( 'NONE', *, *, #9827, .T. ) ;
#4822 = CARTESIAN_POINT ( 'NONE',  ( 0.2060042911389665110, 0.05771694977110350400, 0.1000000000000000056 ) ) ;
#4823 = MANIFOLD_SOLID_BREP ( 'Imported1', #10186 ) ;
#4824 = CARTESIAN_POINT ( 'NONE',  ( -0.7880176002228089782, -0.1000000000000000056, 0.06999999999999999278 ) ) ;
#4825 = LINE ( 'NONE', #6829, #10681 ) ;
#4826 = LINE ( 'NONE', #1859, #8839 ) ;
#4827 =( NAMED_UNIT ( * ) SI_UNIT ( $, .STERADIAN. ) SOLID_ANGLE_UNIT ( ) );
#4828 = DIRECTION ( 'NONE',  ( 0.000000000000000000, 0.000000000000000000, -1.000000000000000000 ) ) ;
#4829 = CARTESIAN_POINT ( 'NONE',  ( -0.2117365182853579719, -0.1661017834119890013, 0.5999999999999999778 ) ) ;
#4830 = EDGE_LOOP ( 'NONE', ( #12648, #5345, #10946, #5426 ) ) ;
#4831 = DIRECTION ( 'NONE',  ( 0.000000000000000000, 0.000000000000000000, 1.000000000000000000 ) ) ;
#4832 = DIRECTION ( 'NONE',  ( 0.9608658214993432978, -0.2770142109610840286, 0.000000000000000000 ) ) ;
#4833 = EDGE_LOOP ( 'NONE', ( #5748, #1538, #656, #7435 ) ) ;
#4834 = ORIENTED_EDGE ( 'NONE', *, *, #6502, .F. ) ;
#4835 = EDGE_CURVE ( 'NONE', #3899, #8494, #3015, .T. ) ;
#4836 = ORIENTED_EDGE ( 'NONE', *, *, #6286, .F. ) ;
#4837 = ORIENTED_EDGE ( 'NONE', *, *, #2722, .T. ) ;
#4838 = LINE ( 'NONE', #4780, #2433 ) ;
#4839 = LINE ( 'NONE', #12443, #9373 ) ;
#4840 = CARTESIAN_POINT ( 'NONE',  ( 0.2407593021428414970, 0.09188740274345869041, 0.000000000000000000 ) ) ;
#4841 = CARTESIAN_POINT ( 'NONE',  ( -0.2365664563605270054, 0.7111815246139390201, 0.2834995524190850325 ) ) ;
#4842 = DIRECTION ( 'NONE',  ( 0.000000000000000000, 0.000000000000000000, 1.000000000000000000 ) ) ;
#4843 = ORIENTED_EDGE ( 'NONE', *, *, #3538, .F. ) ;
#4844 = LINE ( 'NONE', #11678, #815 ) ;
#4845 = LINE ( 'NONE', #3882, #6959 ) ;
#4846 = EDGE_CURVE ( 'NONE', #899, #11759, #4520, .T. ) ;
#4847 = DIRECTION ( 'NONE',  ( 0.000000000000000000, 0.000000000000000000, -1.000000000000000000 ) ) ;
#4848 = VERTEX_POINT ( 'NONE', #5018 ) ;
#4849 = VERTEX_POINT ( 'NONE', #287 ) ;
#4850 = FACE_OUTER_BOUND ( 'NONE', #7514, .T. ) ;
#4851 = ORIENTED_EDGE ( 'NONE', *, *, #3370, .T. ) ;
#4852 = ADVANCED_FACE ( 'NONE', ( #2239 ), #11916, .F. ) ;
#4853 = VECTOR ( 'NONE', #12116, 1000.000000000000000 ) ;
#4854 = CARTESIAN_POINT ( 'NONE',  ( -0.8000000000000000444, -0.6612489735550610703, 0.2334995524190849880 ) ) ;
#4855 = CARTESIAN_POINT ( 'NONE',  ( 0.7018290623389680238, -0.1900000000000000022, 0.05000000000000000278 ) ) ;
#4856 = DIRECTION ( 'NONE',  ( 0.000000000000000000, -1.000000000000000000, 3.252606517456511724E-15 ) ) ;
#4857 = EDGE_LOOP ( 'NONE', ( #372, #5627, #7146, #11025 ) ) ;
#4858 = AXIS2_PLACEMENT_3D ( 'NONE', #9435, #2346, #7191 ) ;
#4859 = DIRECTION ( 'NONE',  ( -0.06320683486470653201, -0.9980004489109139953, 0.000000000000000000 ) ) ;
#4860 = CARTESIAN_POINT ( 'NONE',  ( 0.08714640885898909672, 0.06059912315654360226, 0.000000000000000000 ) ) ;
#4861 = ADVANCED_FACE ( 'NONE', ( #11136 ), #6057, .T. ) ;
#4862 = DIRECTION ( 'NONE',  ( 0.000000000000000000, 0.000000000000000000, 1.000000000000000000 ) ) ;
#4863 = ORIENTED_EDGE ( 'NONE', *, *, #6071, .T. ) ;
#4864 = CIRCLE ( 'NONE', #2588, 0.0003500000000000222768 ) ;
#4865 = MANIFOLD_SOLID_BREP ( 'Imported1', #6294 ) ;
#4866 = ORIENTED_EDGE ( 'NONE', *, *, #5560, .F. ) ;
#4867 = ORIENTED_EDGE ( 'NONE', *, *, #8958, .F. ) ;
#4868 = EDGE_CURVE ( 'NONE', #8837, #4791, #11980, .T. ) ;
#4869 = MECHANICAL_DESIGN_GEOMETRIC_PRESENTATION_REPRESENTATION (  '', ( #7130 ), #4236 ) ;
#4870 = ADVANCED_FACE ( 'NONE', ( #8483 ), #12285, .T. ) ;
#4871 = CIRCLE ( 'NONE', #2591, 0.002132052818930381573 ) ;
#4872 = CIRCLE ( 'NONE', #6933, 0.08000000000000002942 ) ;
#4873 = DIRECTION ( 'NONE',  ( 0.8000000104689519720, 0.5999999860413971486, 0.000000000000000000 ) ) ;
#4874 = PLANE ( 'NONE',  #1590 ) ;
#4875 = SURFACE_STYLE_FILL_AREA ( #11638 ) ;
#4876 = EDGE_CURVE ( 'NONE', #5850, #1243, #1455, .T. ) ;
#4877 = FACE_OUTER_BOUND ( 'NONE', #11864, .T. ) ;
#4878 = ORIENTED_EDGE ( 'NONE', *, *, #5848, .T. ) ;
#4879 = EDGE_CURVE ( 'NONE', #9094, #4760, #9199, .T. ) ;
#4880 = CARTESIAN_POINT ( 'NONE',  ( 0.8000000000000000444, 0.4000000000000000222, 0.07199926448865659467 ) ) ;
#4881 = CARTESIAN_POINT ( 'NONE',  ( 0.07016530656145550382, 0.05600562988008439547, 0.1000000000000000056 ) ) ;
#4882 = AXIS2_PLACEMENT_3D ( 'NONE', #5952, #3101, #12709 ) ;
#4883 = DIRECTION ( 'NONE',  ( 0.000000000000000000, 0.000000000000000000, -1.000000000000000000 ) ) ;
#4884 = CARTESIAN_POINT ( 'NONE',  ( 0.1841780045046839953, 0.09676871214480969874, 0.000000000000000000 ) ) ;
#4885 = EDGE_LOOP ( 'NONE', ( #1213, #4320, #8047, #12295 ) ) ;
#4886 = VECTOR ( 'NONE', #12728, 1000.000000000000000 ) ;
#4887 = VERTEX_POINT ( 'NONE', #7460 ) ;
#4888 = EDGE_CURVE ( 'NONE', #6158, #12680, #6994, .T. ) ;
#4889 = CARTESIAN_POINT ( 'NONE',  ( 0.3223082145454339575, 0.08955696703382430568, 0.1000000000000000056 ) ) ;
#4890 = CARTESIAN_POINT ( 'NONE',  ( 0.2833731479247755258, 0.06027789113395250198, 0.1000000000000000056 ) ) ;
#4891 = CARTESIAN_POINT ( 'NONE',  ( 0.2636223749452199505, -0.2613925120511920164, 0.5999999999999999778 ) ) ;
#4892 = DIRECTION ( 'NONE',  ( -1.000000000000000000, 0.000000000000000000, 0.000000000000000000 ) ) ;
#4893 = FILL_AREA_STYLE_COLOUR ( '', #313 ) ;
#4894 = VECTOR ( 'NONE', #2516, 1000.000000000000227 ) ;
#4895 = CARTESIAN_POINT ( 'NONE',  ( 0.3492201352550940441, 0.05661155346480119949, 0.000000000000000000 ) ) ;
#4897 = CARTESIAN_POINT ( 'NONE',  ( 0.2680689967157654507, 0.05987450839667410318, 0.1000000000000000056 ) ) ;
#4896 = AXIS2_PLACEMENT_3D ( 'NONE', #11567, #12460, #1831 ) ;
#4898 = ORIENTED_EDGE ( 'NONE', *, *, #12653, .F. ) ;
#4899 = DIRECTION ( 'NONE',  ( 0.000000000000000000, 0.000000000000000000, 1.000000000000000000 ) ) ;
#4900 = CYLINDRICAL_SURFACE ( 'NONE', #12382, 0.05000000000000000971 ) ;
#4901 = ORIENTED_EDGE ( 'NONE', *, *, #1534, .T. ) ;
#4902 = ORIENTED_EDGE ( 'NONE', *, *, #7195, .T. ) ;
#4903 = ORIENTED_EDGE ( 'NONE', *, *, #2980, .T. ) ;
#4904 = AXIS2_PLACEMENT_3D ( 'NONE', #7584, #6554, #12411 ) ;
#4905 = VERTEX_POINT ( 'NONE', #4412 ) ;
#4906 = VECTOR ( 'NONE', #222, 1000.000000000000000 ) ;
#4907 = AXIS2_PLACEMENT_3D ( 'NONE', #7294, #6274, #3365 ) ;
#4908 = VECTOR ( 'NONE', #9610, 1000.000000000000000 ) ;
#4909 = DIRECTION ( 'NONE',  ( 0.000000000000000000, 0.000000000000000000, 1.000000000000000000 ) ) ;
#4910 = DIRECTION ( 'NONE',  ( 0.000000000000000000, 0.000000000000000000, -1.000000000000000000 ) ) ;
#4911 = ADVANCED_FACE ( 'NONE', ( #8296 ), #4297, .F. ) ;
#4912 = LINE ( 'NONE', #2129, #2857 ) ;
#4913 = DIRECTION ( 'NONE',  ( 0.000000000000000000, -1.000000000000000000, 0.000000000000000000 ) ) ;
#4914 = AXIS2_PLACEMENT_3D ( 'NONE', #5167, #2127, #7882 ) ;
#4915 = ORIENTED_EDGE ( 'NONE', *, *, #2984, .T. ) ;
#4916 = LINE ( 'NONE', #5764, #4536 ) ;
#4917 = CARTESIAN_POINT ( 'NONE',  ( 0.08714640885898909672, 0.06059912315654360226, 0.1000000000000000056 ) ) ;
#4918 = CYLINDRICAL_SURFACE ( 'NONE', #11145, 0.002503466509374327638 ) ;
#4919 = VERTEX_POINT ( 'NONE', #9264 ) ;
#4920 = ORIENTED_EDGE ( 'NONE', *, *, #11461, .T. ) ;
#4921 = DIRECTION ( 'NONE',  ( 0.000000000000000000, 0.000000000000000000, -1.000000000000000000 ) ) ;
#4922 = VERTEX_POINT ( 'NONE', #11192 ) ;
#4923 = VECTOR ( 'NONE', #1408, 1000.000000000000000 ) ;
#4924 = AXIS2_PLACEMENT_3D ( 'NONE', #10943, #8751, #12687 ) ;
#4925 = EDGE_CURVE ( 'NONE', #7034, #5372, #3452, .T. ) ;
#4926 = CARTESIAN_POINT ( 'NONE',  ( 0.02896442964146580049, 0.02632655732501779783, 0.000000000000000000 ) ) ;
#4927 = VECTOR ( 'NONE', #9577, 1000.000000000000000 ) ;
#4928 = CIRCLE ( 'NONE', #785, 0.02999999999999997113 ) ;
#4929 = DIRECTION ( 'NONE',  ( 0.000000000000000000, -0.2498780111313130825, 0.9682773257456043225 ) ) ;
#4930 = LINE ( 'NONE', #6031, #12078 ) ;
#4931 = ORIENTED_EDGE ( 'NONE', *, *, #11209, .T. ) ;
#4932 = CYLINDRICAL_SURFACE ( 'NONE', #3702, 0.002181500974671546009 ) ;
#4933 = LINE ( 'NONE', #4994, #6752 ) ;
#4934 = DIRECTION ( 'NONE',  ( 0.000000000000000000, 0.000000000000000000, 1.000000000000000000 ) ) ;
#4935 = EDGE_LOOP ( 'NONE', ( #12607, #4734, #6362, #9988 ) ) ;
#4936 = VECTOR ( 'NONE', #7866, 999.9999999999998863 ) ;
#4937 = ORIENTED_EDGE ( 'NONE', *, *, #3123, .F. ) ;
#4938 = VECTOR ( 'NONE', #9620, 1000.000000000000114 ) ;
#4939 = ORIENTED_EDGE ( 'NONE', *, *, #4227, .F. ) ;
#4940 = AXIS2_PLACEMENT_3D ( 'NONE', #7971, #2100, #6047 ) ;
#4941 = AXIS2_PLACEMENT_3D ( 'NONE', #11515, #9569, #2880 ) ;
#4942 = EDGE_CURVE ( 'NONE', #9144, #4972, #6302, .T. ) ;
#4943 = DIRECTION ( 'NONE',  ( 0.000000000000000000, 0.000000000000000000, 1.000000000000000000 ) ) ;
#4944 = LINE ( 'NONE', #1060, #8598 ) ;
#4945 = AXIS2_PLACEMENT_3D ( 'NONE', #10793, #11635, #2877 ) ;
#4946 = CARTESIAN_POINT ( 'NONE',  ( 0.09314442535600500617, 0.05540032510077769895, 0.000000000000000000 ) ) ;
#4947 = CARTESIAN_POINT ( 'NONE',  ( 0.2684055889956325491, 0.05942869800156520138, 0.1000000000000000056 ) ) ;
#4948 = ORIENTED_EDGE ( 'NONE', *, *, #7717, .T. ) ;
#4949 = CARTESIAN_POINT ( 'NONE',  ( 0.000000000000000000, 0.000000000000000000, 0.4299999999999999933 ) ) ;
#4950 = CARTESIAN_POINT ( 'NONE',  ( -0.1904031852932349667, -0.1501017842495049881, 0.5999999999999999778 ) ) ;
#4951 = ADVANCED_FACE ( 'NONE', ( #1385 ), #6489, .T. ) ;
#4952 = EDGE_CURVE ( 'NONE', #9193, #6340, #8351, .T. ) ;
#4953 = AXIS2_PLACEMENT_3D ( 'NONE', #1503, #1635, #1565 ) ;
#4954 = DIRECTION ( 'NONE',  ( 0.4472136033030539304, 0.8944271870983677708, 0.000000000000000000 ) ) ;
#4955 = LINE ( 'NONE', #1122, #5979 ) ;
#4956 = VERTEX_POINT ( 'NONE', #12413 ) ;
#4957 = ORIENTED_EDGE ( 'NONE', *, *, #113, .T. ) ;
#4958 = EDGE_CURVE ( 'NONE', #10751, #9480, #180, .T. ) ;
#4959 = FACE_OUTER_BOUND ( 'NONE', #6667, .T. ) ;
#4960 = EDGE_CURVE ( 'NONE', #6298, #5326, #7395, .T. ) ;
#4961 = AXIS2_PLACEMENT_3D ( 'NONE', #10830, #2777, #4788 ) ;
#4962 = DIRECTION ( 'NONE',  ( 0.000000000000000000, 0.000000000000000000, -1.000000000000000000 ) ) ;
#4963 = DIRECTION ( 'NONE',  ( -4.407263316210243349E-12, -1.000000000000000000, 0.000000000000000000 ) ) ;
#4964 = CARTESIAN_POINT ( 'NONE',  ( 0.2750000000000000222, 0.6458549120936990517, 0.03035892037732969978 ) ) ;
#4965 = VERTEX_POINT ( 'NONE', #12357 ) ;
#4966 = DIRECTION ( 'NONE',  ( 0.000000000000000000, 0.000000000000000000, 1.000000000000000000 ) ) ;
#4967 = EDGE_CURVE ( 'NONE', #9502, #3312, #3014, .T. ) ;
#4968 = EDGE_LOOP ( 'NONE', ( #1945, #12375, #12015, #4692 ) ) ;
#4969 = CARTESIAN_POINT ( 'NONE',  ( -0.2750000000000000222, 0.4000000000000000222, -0.1417497762095429881 ) ) ;
#4970 = ORIENTED_EDGE ( 'NONE', *, *, #3698, .T. ) ;
#4971 = VECTOR ( 'NONE', #4628, 1000.000000000000000 ) ;
#4972 = VERTEX_POINT ( 'NONE', #5468 ) ;
#4973 = VERTEX_POINT ( 'NONE', #11385 ) ;
#4974 = ORIENTED_EDGE ( 'NONE', *, *, #7386, .T. ) ;
#4975 = CARTESIAN_POINT ( 'NONE',  ( 0.1497302240989401845, 0.06712819375075448902, 0.000000000000000000 ) ) ;
#4976 = CARTESIAN_POINT ( 'NONE',  ( 0.3511977805307100464, 0.03574914923577444947, 0.000000000000000000 ) ) ;
#4977 = DIRECTION ( 'NONE',  ( 0.9638052351600183698, -0.2666073305033860863, 0.000000000000000000 ) ) ;
#4978 = AXIS2_PLACEMENT_3D ( 'NONE', #6323, #5102, #10247 ) ;
#4979 = CARTESIAN_POINT ( 'NONE',  ( 0.1981737295114300024, 0.07664402715006890521, 0.000000000000000000 ) ) ;
#4980 = ORIENTED_EDGE ( 'NONE', *, *, #6978, .T. ) ;
#4981 = CARTESIAN_POINT ( 'NONE',  ( 0.07016530656145550382, 0.05600562988008439547, 0.000000000000000000 ) ) ;
#4982 = PLANE ( 'NONE',  #2426 ) ;
#4983 = DIRECTION ( 'NONE',  ( 0.01291696439477111116, -0.9999165725353411638, 0.000000000000000000 ) ) ;
#4984 = VERTEX_POINT ( 'NONE', #2541 ) ;
#4985 = EDGE_LOOP ( 'NONE', ( #5311, #10869, #7348, #11848 ) ) ;
#4986 = DIRECTION ( 'NONE',  ( 1.000000000000000000, 0.000000000000000000, 0.000000000000000000 ) ) ;
#4987 = VERTEX_POINT ( 'NONE', #10408 ) ;
#4988 = VECTOR ( 'NONE', #5664, 1000.000000000000000 ) ;
#4989 = CARTESIAN_POINT ( 'NONE',  ( -0.3565617965058683336, -0.1498278992054360159, 0.5999999999999999778 ) ) ;
#4990 = DIRECTION ( 'NONE',  ( 0.000000000000000000, 0.000000000000000000, 1.000000000000000000 ) ) ;
#4991 = DIRECTION ( 'NONE',  ( 1.000000000000000000, 0.000000000000000000, 0.000000000000000000 ) ) ;
#4992 = ORIENTED_EDGE ( 'NONE', *, *, #2786, .T. ) ;
#4993 = CARTESIAN_POINT ( 'NONE',  ( 0.2385510087401155055, 0.05987776612656150327, 0.000000000000000000 ) ) ;
#4994 = CARTESIAN_POINT ( 'NONE',  ( -0.3852484646572160165, -0.1076272292649859824, 0.5999999999999999778 ) ) ;
#4995 = CIRCLE ( 'NONE', #11577, 0.0005462788761883903728 ) ;
#4996 = CARTESIAN_POINT ( 'NONE',  ( 0.3481238589692844942, 0.03316537007306775281, 0.1000000000000000056 ) ) ;
#4997 = VERTEX_POINT ( 'NONE', #1576 ) ;
#4998 = ORIENTED_EDGE ( 'NONE', *, *, #2023, .F. ) ;
#4999 = ADVANCED_FACE ( 'NONE', ( #9456 ), #12742, .F. ) ;
#5000 = ORIENTED_EDGE ( 'NONE', *, *, #7149, .F. ) ;
#5001 = MECHANICAL_DESIGN_GEOMETRIC_PRESENTATION_REPRESENTATION (  '', ( #7057 ), #10754 ) ;
#5002 = LINE ( 'NONE', #9831, #6589 ) ;
#5003 = DIRECTION ( 'NONE',  ( 0.000000000000000000, 0.000000000000000000, -1.000000000000000000 ) ) ;
#5004 =( NAMED_UNIT ( * ) SI_UNIT ( $, .STERADIAN. ) SOLID_ANGLE_UNIT ( ) );
#5005 = CARTESIAN_POINT ( 'NONE',  ( 0.1631211624294935103, 0.06712819375075448902, 0.000000000000000000 ) ) ;
#5006 = ORIENTED_EDGE ( 'NONE', *, *, #503, .F. ) ;
#5007 = DIRECTION ( 'NONE',  ( 0.000000000000000000, 0.000000000000000000, -1.000000000000000000 ) ) ;
#5008 = DIRECTION ( 'NONE',  ( -4.407263316210243349E-12, -1.000000000000000000, 0.000000000000000000 ) ) ;
#5009 = DIRECTION ( 'NONE',  ( 1.000000000000000000, 0.000000000000000000, 0.000000000000000000 ) ) ;
#5010 = CARTESIAN_POINT ( 'NONE',  ( 0.8000000000000000444, 0.4000000000000000222, 0.07199926448865659467 ) ) ;
#5011 = EDGE_CURVE ( 'NONE', #6141, #3889, #3286, .T. ) ;
#5012 = ORIENTED_EDGE ( 'NONE', *, *, #5016, .F. ) ;
#5013 = ORIENTED_EDGE ( 'NONE', *, *, #10852, .F. ) ;
#5014 = LINE ( 'NONE', #2162, #3016 ) ;
#5015 = EDGE_CURVE ( 'NONE', #5511, #9239, #7851, .T. ) ;
#5016 = EDGE_CURVE ( 'NONE', #4887, #3963, #5146, .T. ) ;
#5017 = CARTESIAN_POINT ( 'NONE',  ( 0.2366831626601859639, 0.7200000000000000844, 0.3200000000000000067 ) ) ;
#5018 = CARTESIAN_POINT ( 'NONE',  ( 0.1798890280879854864, 0.1042687375577332071, 0.000000000000000000 ) ) ;
#5019 = FILL_AREA_STYLE ('',( #4893 ) ) ;
#5020 = VERTEX_POINT ( 'NONE', #5789 ) ;
#5021 = CARTESIAN_POINT ( 'NONE',  ( 0.000000000000000000, 0.000000000000000000, 0.6099999999999999867 ) ) ;
#5022 = ADVANCED_FACE ( 'NONE', ( #4751 ), #6622, .F. ) ;
#5023 = VERTEX_POINT ( 'NONE', #4614 ) ;
#5024 = EDGE_CURVE ( 'NONE', #2966, #5212, #10487, .T. ) ;
#5025 = DIRECTION ( 'NONE',  ( -0.6045378097511919790, -0.7965764474180940802, 0.000000000000000000 ) ) ;
#5026 = EDGE_CURVE ( 'NONE', #6956, #4558, #667, .T. ) ;
#5027 = ORIENTED_EDGE ( 'NONE', *, *, #7626, .F. ) ;
#5028 = ORIENTED_EDGE ( 'NONE', *, *, #8418, .F. ) ;
#5029 = ORIENTED_EDGE ( 'NONE', *, *, #4011, .T. ) ;
#5030 = ORIENTED_EDGE ( 'NONE', *, *, #131, .T. ) ;
#5031 = EDGE_CURVE ( 'NONE', #825, #3337, #8681, .T. ) ;
#5032 = ADVANCED_FACE ( 'NONE', ( #2943 ), #6876, .F. ) ;
#5033 = CARTESIAN_POINT ( 'NONE',  ( -0.08226357805285371139, -0.08899708045879850538, 0.6099999999999999867 ) ) ;
#5034 = LINE ( 'NONE', #10825, #7740 ) ;
#5035 = DIRECTION ( 'NONE',  ( 1.000000000000000000, 0.000000000000000000, 0.000000000000000000 ) ) ;
#5036 = LINE ( 'NONE', #8962, #5298 ) ;
#5037 = EDGE_CURVE ( 'NONE', #6873, #3673, #926, .T. ) ;
#5038 = EDGE_LOOP ( 'NONE', ( #172, #2767, #4675, #12716 ) ) ;
#5039 = EDGE_CURVE ( 'NONE', #8370, #6060, #4313, .T. ) ;
#5040 = DIRECTION ( 'NONE',  ( -0.9621778292990132986, -0.2724221444843262785, 0.000000000000000000 ) ) ;
#5041 = FACE_OUTER_BOUND ( 'NONE', #4008, .T. ) ;
#5042 = VERTEX_POINT ( 'NONE', #12670 ) ;
#5043 = ORIENTED_EDGE ( 'NONE', *, *, #2895, .F. ) ;
#5044 = LINE ( 'NONE', #7945, #1025 ) ;
#5045 = ORIENTED_EDGE ( 'NONE', *, *, #8955, .F. ) ;
#5046 = ADVANCED_FACE ( 'NONE', ( #6680 ), #10598, .F. ) ;
#5047 = LINE ( 'NONE', #4989, #9119 ) ;
#5048 = DIRECTION ( 'NONE',  ( -0.9611013479620761357, 0.2761959430286408668, 0.000000000000000000 ) ) ;
#5049 = DIRECTION ( 'NONE',  ( 0.000000000000000000, 1.000000000000000000, 0.000000000000000000 ) ) ;
#5050 = ORIENTED_EDGE ( 'NONE', *, *, #7149, .T. ) ;
#5051 = CARTESIAN_POINT ( 'NONE',  ( 0.03479498413630530834, 0.05676671052219979530, 0.000000000000000000 ) ) ;
#5052 = DIRECTION ( 'NONE',  ( 0.4265879867313682183, -0.9044460678097273609, 0.000000000000000000 ) ) ;
#5053 = DIRECTION ( 'NONE',  ( 0.000000000000000000, 0.000000000000000000, 1.000000000000000000 ) ) ;
#5054 = ORIENTED_EDGE ( 'NONE', *, *, #12227, .F. ) ;
#5055 = FILL_AREA_STYLE ('',( #145 ) ) ;
#5056 = MANIFOLD_SOLID_BREP ( 'Imported5', #2164 ) ;
#5057 = ORIENTED_EDGE ( 'NONE', *, *, #6664, .F. ) ;
#5058 = CLOSED_SHELL ( 'NONE', ( #515, #12104, #9897, #7316, #7009, #8858, #3062, #2893, #7473, #9432, #9906, #485, #4123, #2338, #11284, #1873, #2121, #8639, #10053, #8238, #11318, #7159, #11741, #6393, #1373, #12258, #3576, #5516, #11629, #7859, #995, #9343, #11071, #5111, #10610, #10390, #6440, #2568, #8799, #5586, #5643, #5341, #8665, #9096, #5344, #10853, #7881, #12577, #7980, #12768, #8109, #507, #11884, #439, #4861, #4671, #3910, #9348, #9055, #6819, #994, #8904, #5726, #2811, #2605, #11806, #2482, #10780, #2888, #743, #11688, #8222, #1878, #10353, #5022, #5522, #5183, #4951, #8131, #5755, #3544, #6905, #6917, #9582, #7012, #1786, #1073, #11804, #11491, #123, #12263, #11200, #2802, #2112, #8245, #6281, #10366, #11793, #850, #1091, #9085, #3147, #8770, #5731, #6232, #5397, #7870, #11447, #5969, #12659, #2094, #8498, #11478, #6908, #11413, #4685, #9567, #9451, #1919, #4870, #403, #1383, #5046, #2494, #6901, #2070, #2358, #1110, #1162, #5125, #11174, #10203, #10293, #11855, #3303, #10941, #5655, #3915, #12162, #12463, #5577, #9514, #3778, #1382, #8178, #4783, #10760, #12033, #423, #4096, #8488, #2649, #7793, #5032, #10699, #8306, #7551, #3979, #7004, #10695, #247, #55, #7231 ) ) ;
#5059 = ORIENTED_EDGE ( 'NONE', *, *, #8117, .F. ) ;
#5060 = CARTESIAN_POINT ( 'NONE',  ( 0.2997486099693485451, 0.06543429113880830372, 0.000000000000000000 ) ) ;
#5061 = LINE ( 'NONE', #10860, #7368 ) ;
#5062 = CARTESIAN_POINT ( 'NONE',  ( 0.1131615436026759958, 0.3572978804638030081, 0.4000000000000000222 ) ) ;
#5063 = ORIENTED_EDGE ( 'NONE', *, *, #9756, .T. ) ;
#5064 = EDGE_CURVE ( 'NONE', #705, #1751, #1908, .T. ) ;
#5065 = AXIS2_PLACEMENT_3D ( 'NONE', #1202, #1923, #8825 ) ;
#5066 = DIRECTION ( 'NONE',  ( -1.000000000000000000, 0.000000000000000000, 0.000000000000000000 ) ) ;
#5067 = PLANE ( 'NONE',  #6749 ) ;
#5068 = CARTESIAN_POINT ( 'NONE',  ( 0.1098009430318816065, 0.05825911988164559491, 0.1000000000000000056 ) ) ;
#5069 = DIRECTION ( 'NONE',  ( 0.000000000000000000, 0.000000000000000000, 1.000000000000000000 ) ) ;
#5070 = VERTEX_POINT ( 'NONE', #5134 ) ;
#5071 = AXIS2_PLACEMENT_3D ( 'NONE', #11439, #2603, #2741 ) ;
#5072 = PRESENTATION_LAYER_ASSIGNMENT (  '', '', ( #8146 ) ) ;
#5073 = ORIENTED_EDGE ( 'NONE', *, *, #7474, .F. ) ;
#5074 = DIRECTION ( 'NONE',  ( 0.000000000000000000, 0.000000000000000000, 1.000000000000000000 ) ) ;
#5075 = VECTOR ( 'NONE', #9770, 1000.000000000000000 ) ;
#5076 = MANIFOLD_SOLID_BREP ( 'Imported8', #1746 ) ;
#5077 = EDGE_CURVE ( 'NONE', #6883, #2998, #999, .T. ) ;
#5078 = DIRECTION ( 'NONE',  ( 0.9560498506222639969, -0.2932041662820410455, 0.000000000000000000 ) ) ;
#5079 = CARTESIAN_POINT ( 'NONE',  ( 0.1631211624294935103, 0.06712819375075448902, 0.000000000000000000 ) ) ;
#5080 = AXIS2_PLACEMENT_3D ( 'NONE', #5730, #11591, #813 ) ;
#5081 = DIRECTION ( 'NONE',  ( 0.000000000000000000, 0.000000000000000000, 1.000000000000000000 ) ) ;
#5082 = ORIENTED_EDGE ( 'NONE', *, *, #10841, .T. ) ;
#5083 = AXIS2_PLACEMENT_3D ( 'NONE', #2862, #10724, #11501 ) ;
#5084 = FACE_OUTER_BOUND ( 'NONE', #2517, .T. ) ;
#5085 = DIRECTION ( 'NONE',  ( 0.000000000000000000, 0.000000000000000000, -1.000000000000000000 ) ) ;
#5086 = CARTESIAN_POINT ( 'NONE',  ( 0.2595759015912019740, 0.05621637521314030300, 0.000000000000000000 ) ) ;
#5087 = VERTEX_POINT ( 'NONE', #6941 ) ;
#5088 = ORIENTED_EDGE ( 'NONE', *, *, #6742, .F. ) ;
#5089 = VERTEX_POINT ( 'NONE', #10861 ) ;
#5090 = SHAPE_REPRESENTATION ( '3^1_Murata_Electronics_-_MM8930-2620RJ4(2)_Murata_Electronics_-_MM8930-2620RJ4', ( #10744 ), #7896 ) ;
#5091 = VECTOR ( 'NONE', #6261, 1000.000000000000000 ) ;
#5092 = VERTEX_POINT ( 'NONE', #12021 ) ;
#5093 = ADVANCED_FACE ( 'NONE', ( #11831 ), #11963, .F. ) ;
#5094 = DIRECTION ( 'NONE',  ( -0.9638052351618044966, 0.2666073304969288627, 0.000000000000000000 ) ) ;
#5095 = AXIS2_PLACEMENT_3D ( 'NONE', #9785, #2225, #1186 ) ;
#5096 = DIRECTION ( 'NONE',  ( 0.000000000000000000, 0.000000000000000000, 1.000000000000000000 ) ) ;
#5097 = MANIFOLD_SOLID_BREP ( 'Imported1', #5058 ) ;
#5098 = DIRECTION ( 'NONE',  ( 0.000000000000000000, 0.000000000000000000, -1.000000000000000000 ) ) ;
#5099 = DIRECTION ( 'NONE',  ( 0.9588045026312279617, -0.2840667628112864551, 0.000000000000000000 ) ) ;
#5100 = ORIENTED_EDGE ( 'NONE', *, *, #7784, .F. ) ;
#5101 = DIRECTION ( 'NONE',  ( 0.000000000000000000, 0.000000000000000000, -1.000000000000000000 ) ) ;
#5102 = DIRECTION ( 'NONE',  ( 1.000000000000000000, 0.000000000000000000, 0.000000000000000000 ) ) ;
#5103 = ORIENTED_EDGE ( 'NONE', *, *, #3947, .T. ) ;
#5104 = EDGE_CURVE ( 'NONE', #2973, #7542, #4427, .T. ) ;
#5105 = ORIENTED_EDGE ( 'NONE', *, *, #3588, .F. ) ;
#5106 = EDGE_CURVE ( 'NONE', #4791, #12380, #8765, .T. ) ;
#5107 = CARTESIAN_POINT ( 'NONE',  ( 0.1138701732977479980, 0.05521023189847489715, 0.000000000000000000 ) ) ;
#5108 = AXIS2_PLACEMENT_3D ( 'NONE', #2351, #401, #10280 ) ;
#5109 = VERTEX_POINT ( 'NONE', #4159 ) ;
#5110 = AXIS2_PLACEMENT_3D ( 'NONE', #387, #5244, #8461 ) ;
#5111 = ADVANCED_FACE ( 'NONE', ( #8095 ), #2220, .T. ) ;
#5112 = EDGE_CURVE ( 'NONE', #11988, #2264, #9123, .T. ) ;
#5113 = CARTESIAN_POINT ( 'NONE',  ( -0.3852484646572160165, 0.1076272292649859824, 0.6099999999999999867 ) ) ;
#5114 = VECTOR ( 'NONE', #10290, 1000.000000000000000 ) ;
#5115 = AXIS2_PLACEMENT_3D ( 'NONE', #7256, #2472, #10339 ) ;
#5116 = AXIS2_PLACEMENT_3D ( 'NONE', #12499, #8633, #11662 ) ;
#5117 = PLANE ( 'NONE',  #11657 ) ;
#5118 = CARTESIAN_POINT ( 'NONE',  ( 0.8000000000000000444, -0.4000000000000000222, 0.2834995524190850325 ) ) ;
#5119 = ORIENTED_EDGE ( 'NONE', *, *, #12423, .T. ) ;
#5120 = LINE ( 'NONE', #4263, #1437 ) ;
#5121 = CARTESIAN_POINT ( 'NONE',  ( -0.1132782499023349959, -0.7111815246139390201, 0.2834995524190850325 ) ) ;
#5122 = VECTOR ( 'NONE', #6017, 1000.000000000000000 ) ;
#5123 = CARTESIAN_POINT ( 'NONE',  ( -0.1132782499023349959, -0.7111815246139390201, 0.2834995524190850325 ) ) ;
#5124 = ORIENTED_EDGE ( 'NONE', *, *, #5831, .F. ) ;
#5125 = ADVANCED_FACE ( 'NONE', ( #9364 ), #5324, .F. ) ;
#5126 = ORIENTED_EDGE ( 'NONE', *, *, #3989, .F. ) ;
#5127 = VECTOR ( 'NONE', #1090, 1000.000000000000227 ) ;
#5128 = ORIENTED_EDGE ( 'NONE', *, *, #4173, .F. ) ;
#5129 = CIRCLE ( 'NONE', #12320, 0.08000000000000001554 ) ;
#5130 = VECTOR ( 'NONE', #11791, 1000.000000000000000 ) ;
#5131 = LINE ( 'NONE', #2822, #7261 ) ;
#5132 = DIRECTION ( 'NONE',  ( 1.000000000000000000, 0.000000000000000000, 0.000000000000000000 ) ) ;
#5133 = DIRECTION ( 'NONE',  ( 0.000000000000000000, 0.000000000000000000, 1.000000000000000000 ) ) ;
#5134 = CARTESIAN_POINT ( 'NONE',  ( 0.1631615436026759847, -0.6645957609276059719, 0.4000000000000000222 ) ) ;
#5135 = CIRCLE ( 'NONE', #4924, 0.02057064128631300517 ) ;
#5136 = CARTESIAN_POINT ( 'NONE',  ( 0.8000000000000000444, -0.7765685424949239080, 0.02343145750507626135 ) ) ;
#5137 = VERTEX_POINT ( 'NONE', #4538 ) ;
#5138 = DIRECTION ( 'NONE',  ( 1.000000000000000000, 0.000000000000000000, 0.000000000000000000 ) ) ;
#5139 = CARTESIAN_POINT ( 'NONE',  ( 0.1970904046462730042, 0.06828907263315558973, 0.000000000000000000 ) ) ;
#5140 = DIRECTION ( 'NONE',  ( 0.000000000000000000, 0.000000000000000000, -1.000000000000000000 ) ) ;
#5141 = CIRCLE ( 'NONE', #177, 0.05000000000000002359 ) ;
#5142 = CARTESIAN_POINT ( 'NONE',  ( -0.3852484646572160165, -0.1076272292649859824, 0.6099999999999999867 ) ) ;
#5143 = CARTESIAN_POINT ( 'NONE',  ( 0.1014214561521830094, 0.06429034440840708520, 0.000000000000000000 ) ) ;
#5144 = AXIS2_PLACEMENT_3D ( 'NONE', #3388, #10167, #4300 ) ;
#5145 = VERTEX_POINT ( 'NONE', #6418 ) ;
#5146 = CIRCLE ( 'NONE', #7831, 0.08000000000000002942 ) ;
#5147 = ORIENTED_EDGE ( 'NONE', *, *, #1604, .F. ) ;
#5148 = CARTESIAN_POINT ( 'NONE',  ( 0.1617890164287864863, 0.06419902826207170288, 0.000000000000000000 ) ) ;
#5149 = AXIS2_PLACEMENT_3D ( 'NONE', #9565, #2479, #799 ) ;
#5150 = CARTESIAN_POINT ( 'NONE',  ( 0.1131615436026759958, -0.7145957609276060163, 0.4000000000000000222 ) ) ;
#5151 = CARTESIAN_POINT ( 'NONE',  ( 0.1631615436026759847, 0.7145957609276060163, 0.2834995524190850325 ) ) ;
#5152 = DIRECTION ( 'NONE',  ( 0.9618025924173457808, -0.2737439921153946298, 0.000000000000000000 ) ) ;
#5153 = ORIENTED_EDGE ( 'NONE', *, *, #44, .T. ) ;
#5154 = VECTOR ( 'NONE', #1752, 1000.000000000000000 ) ;
#5155 = DIRECTION ( 'NONE',  ( -1.000000000000000000, 0.000000000000000000, 0.000000000000000000 ) ) ;
#5156 = DIRECTION ( 'NONE',  ( 0.000000000000000000, 0.000000000000000000, 1.000000000000000000 ) ) ;
#5157 = UNCERTAINTY_MEASURE_WITH_UNIT (LENGTH_MEASURE( 1.000000000000000082E-05 ), #919, 'distance_accuracy_value', 'NONE');
#5158 = DIRECTION ( 'NONE',  ( -0.2021199724428329458, -0.9793607694510274575, 0.000000000000000000 ) ) ;
#5159 = ORIENTED_EDGE ( 'NONE', *, *, #8117, .T. ) ;
#5160 = VECTOR ( 'NONE', #9738, 1000.000000000000000 ) ;
#5161 = ORIENTED_EDGE ( 'NONE', *, *, #11707, .T. ) ;
#5162 = ORIENTED_EDGE ( 'NONE', *, *, #43, .F. ) ;
#5163 = EDGE_CURVE ( 'NONE', #6884, #7595, #11438, .T. ) ;
#5164 = EDGE_CURVE ( 'NONE', #40, #8261, #10202, .T. ) ;
#5165 = AXIS2_PLACEMENT_3D ( 'NONE', #1239, #9106, #259 ) ;
#5166 = ORIENTED_EDGE ( 'NONE', *, *, #10142, .T. ) ;
#5167 = CARTESIAN_POINT ( 'NONE',  ( -3.401475292939410329E-17, 0.000000000000000000, 0.5999999999999999778 ) ) ;
#5168 = CARTESIAN_POINT ( 'NONE',  ( 0.05398012541875850390, 0.06075182561583070129, 0.000000000000000000 ) ) ;
#5169 = CARTESIAN_POINT ( 'NONE',  ( 0.3190216502994290271, 0.06541332007093510204, 0.000000000000000000 ) ) ;
#5170 = CARTESIAN_POINT ( 'NONE',  ( 0.2260769531978870095, 0.06263785259247579840, 0.000000000000000000 ) ) ;
#5171 = EDGE_LOOP ( 'NONE', ( #1700, #8978, #6484, #7645, #5624, #11987, #2145, #5063 ) ) ;
#5172 = CARTESIAN_POINT ( 'NONE',  ( 0.1925666295662490091, 0.05718103188946949827, 0.1000000000000000056 ) ) ;
#5173 = VECTOR ( 'NONE', #8085, 1000.000000000000114 ) ;
#5174 = CARTESIAN_POINT ( 'NONE',  ( -0.1131615436026759958, -0.7765685424949239080, 0.3765685424949237747 ) ) ;
#5175 = ORIENTED_EDGE ( 'NONE', *, *, #4735, .F. ) ;
#5176 = ORIENTED_EDGE ( 'NONE', *, *, #12427, .T. ) ;
#5177 = LINE ( 'NONE', #7102, #8231 ) ;
#5178 = ORIENTED_EDGE ( 'NONE', *, *, #9321, .F. ) ;
#5179 = EDGE_CURVE ( 'NONE', #2654, #3880, #12399, .T. ) ;
#5180 = VECTOR ( 'NONE', #3954, 1000.000000000000000 ) ;
#5181 = DIRECTION ( 'NONE',  ( 0.0003401395789664258987, -0.9999999421525317400, 0.000000000000000000 ) ) ;
#5182 = ADVANCED_FACE ( 'NONE', ( #12206 ), #592, .T. ) ;
#5183 = ADVANCED_FACE ( 'NONE', ( #2528 ), #6476, .T. ) ;
#5184 = CARTESIAN_POINT ( 'NONE',  ( -0.1131615436026759958, -0.7178090042607759846, 0.3091810369155370553 ) ) ;
#5185 = CARTESIAN_POINT ( 'NONE',  ( -0.2366831626601859639, -0.4661129598944389607, 0.4000000000000000222 ) ) ;
#5186 = ORIENTED_EDGE ( 'NONE', *, *, #805, .T. ) ;
#5187 = CARTESIAN_POINT ( 'NONE',  ( 0.2366831626601859639, -0.8000000000000000444, 0.2834995524190850325 ) ) ;
#5188 = CARTESIAN_POINT ( 'NONE',  ( -0.8000000000000000444, -0.7200000000000000844, 0.3200000000000000067 ) ) ;
#5189 = DIRECTION ( 'NONE',  ( -1.000000000000000000, 0.000000000000000000, 0.000000000000000000 ) ) ;
#5190 = EDGE_LOOP ( 'NONE', ( #10031, #2564, #8470, #8908 ) ) ;
#5191 = ORIENTED_EDGE ( 'NONE', *, *, #2559, .F. ) ;
#5192 = EDGE_CURVE ( 'NONE', #1089, #6011, #11120, .T. ) ;
#5193 = ADVANCED_FACE ( 'NONE', ( #2288 ), #9178, .T. ) ;
#5194 = VERTEX_POINT ( 'NONE', #1307 ) ;
#5195 = VECTOR ( 'NONE', #4620, 999.9999999999998863 ) ;
#5196 = EDGE_CURVE ( 'NONE', #3869, #7929, #11232, .T. ) ;
#5197 = EDGE_LOOP ( 'NONE', ( #11950, #7946, #7216, #8008 ) ) ;
#5198 = EDGE_CURVE ( 'NONE', #1482, #6011, #2381, .T. ) ;
#5199 = FACE_BOUND ( 'NONE', #12401, .T. ) ;
#5200 =( GEOMETRIC_REPRESENTATION_CONTEXT ( 3 ) GLOBAL_UNCERTAINTY_ASSIGNED_CONTEXT ( ( #10693 ) ) GLOBAL_UNIT_ASSIGNED_CONTEXT ( ( #7771, #1902, #3905 ) ) REPRESENTATION_CONTEXT ( 'NONE', 'WORKASPACE' ) );
#5201 = PLANE ( 'NONE',  #4276 ) ;
#5202 =( LENGTH_UNIT ( ) NAMED_UNIT ( * ) SI_UNIT ( .MILLI., .METRE. ) );
#5203 = CARTESIAN_POINT ( 'NONE',  ( 0.3214868792987120028, 0.07228149986488210943, 0.000000000000000000 ) ) ;
#5204 = ORIENTED_EDGE ( 'NONE', *, *, #6275, .F. ) ;
#5205 = CARTESIAN_POINT ( 'NONE',  ( 0.1132782499023349959, 0.7111815246139390201, 0.2834995524190850325 ) ) ;
#5206 = CARTESIAN_POINT ( 'NONE',  ( 0.03275747044388209461, 0.03314877993137484852, 0.000000000000000000 ) ) ;
#5207 = CARTESIAN_POINT ( 'NONE',  ( 0.2041295186937625017, 0.09749879633957379832, 0.000000000000000000 ) ) ;
#5208 = CARTESIAN_POINT ( 'NONE',  ( 0.1836338809727375010, 0.09741034912183159367, 0.000000000000000000 ) ) ;
#5209 = DIRECTION ( 'NONE',  ( 0.000000000000000000, 0.000000000000000000, -1.000000000000000000 ) ) ;
#5210 = VERTEX_POINT ( 'NONE', #7251 ) ;
#5211 = CIRCLE ( 'NONE', #12608, 0.08000000000000002942 ) ;
#5212 = VERTEX_POINT ( 'NONE', #6285 ) ;
#5213 = PRODUCT_DEFINITION_FORMATION_WITH_SPECIFIED_SOURCE ( 'ANY', '', #10465, .NOT_KNOWN. ) ;
#5214 = SURFACE_STYLE_FILL_AREA ( #1321 ) ;
#5215 = CARTESIAN_POINT ( 'NONE',  ( -0.4000000000000000222, -0.7405531811372209061, 0.3973147252801209617 ) ) ;
#5216 = DIRECTION ( 'NONE',  ( 1.000000000000000000, 0.000000000000000000, 0.000000000000000000 ) ) ;
#5217 = CARTESIAN_POINT ( 'NONE',  ( 0.3295279686815250075, 0.2267406400639910002, 0.5999999999999999778 ) ) ;
#5218 = ORIENTED_EDGE ( 'NONE', *, *, #280, .F. ) ;
#5219 = AXIS2_PLACEMENT_3D ( 'NONE', #6148, #1046, #8918 ) ;
#5220 = DIRECTION ( 'NONE',  ( 1.000000000000000000, 0.000000000000000000, 0.000000000000000000 ) ) ;
#5221 = PLANE ( 'NONE',  #11069 ) ;
#5222 = DIRECTION ( 'NONE',  ( -0.6045378097511919790, -0.7965764474180940802, 0.000000000000000000 ) ) ;
#5223 = ORIENTED_EDGE ( 'NONE', *, *, #1087, .T. ) ;
#5224 = VERTEX_POINT ( 'NONE', #3505 ) ;
#5225 = VERTEX_POINT ( 'NONE', #10205 ) ;
#5226 = ORIENTED_EDGE ( 'NONE', *, *, #8737, .F. ) ;
#5227 = DIRECTION ( 'NONE',  ( 0.4472136033030539304, 0.8944271870983677708, 0.000000000000000000 ) ) ;
#5228 = DIRECTION ( 'NONE',  ( 0.000000000000000000, -1.000000000000000000, 0.000000000000000000 ) ) ;
#5229 = CARTESIAN_POINT ( 'NONE',  ( 0.3753695148212495281, 0.03034647427004994943, 0.000000000000000000 ) ) ;
#5230 = LINE ( 'NONE', #3350, #11460 ) ;
#5231 = ORIENTED_EDGE ( 'NONE', *, *, #11238, .F. ) ;
#5232 = ADVANCED_FACE ( 'NONE', ( #1500 ), #7307, .F. ) ;
#5233 = DIRECTION ( 'NONE',  ( -0.2770142109648869866, -0.9608658214982469525, 0.000000000000000000 ) ) ;
#5234 = CARTESIAN_POINT ( 'NONE',  ( 0.3751424101058990490, 0.06408923354130251215, 0.000000000000000000 ) ) ;
#5235 = EDGE_LOOP ( 'NONE', ( #11541, #2247, #10609, #4268 ) ) ;
#5236 = VERTEX_POINT ( 'NONE', #8281 ) ;
#5237 = ORIENTED_EDGE ( 'NONE', *, *, #2340, .F. ) ;
#5238 = CARTESIAN_POINT ( 'NONE',  ( -0.4000000000000000222, -0.7765685424949239080, 0.02343145750507624400 ) ) ;
#5239 = EDGE_CURVE ( 'NONE', #5683, #3407, #7330, .T. ) ;
#5240 = CARTESIAN_POINT ( 'NONE',  ( 0.03555557779316394912, 0.05548132986383180060, 0.000000000000000000 ) ) ;
#5241 = DIRECTION ( 'NONE',  ( 1.000000000000000000, 0.000000000000000000, 0.000000000000000000 ) ) ;
#5242 = VERTEX_POINT ( 'NONE', #9308 ) ;
#5243 = LINE ( 'NONE', #9298, #11326 ) ;
#5244 = DIRECTION ( 'NONE',  ( 0.000000000000000000, 0.000000000000000000, 1.000000000000000000 ) ) ;
#5245 = LINE ( 'NONE', #11111, #8456 ) ;
#5246 = ORIENTED_EDGE ( 'NONE', *, *, #12431, .F. ) ;
#5247 = VERTEX_POINT ( 'NONE', #4400 ) ;
#5248 = ORIENTED_EDGE ( 'NONE', *, *, #11647, .F. ) ;
#5249 = DIRECTION ( 'NONE',  ( 0.000000000000000000, 0.000000000000000000, 1.000000000000000000 ) ) ;
#5250 = LINE ( 'NONE', #149, #7415 ) ;
#5251 = EDGE_CURVE ( 'NONE', #5293, #12484, #5453, .T. ) ;
#5252 = CARTESIAN_POINT ( 'NONE',  ( -0.2384031841765470172, -0.1661017834119890013, 0.5999999999999999778 ) ) ;
#5253 = DIRECTION ( 'NONE',  ( 0.000000000000000000, 0.000000000000000000, -1.000000000000000000 ) ) ;
#5254 = CARTESIAN_POINT ( 'NONE',  ( 0.3122743859297760216, 0.03529323006768165377, 0.000000000000000000 ) ) ;
#5255 = ORIENTED_EDGE ( 'NONE', *, *, #7286, .F. ) ;
#5256 = DIRECTION ( 'NONE',  ( -0.9612122508586903313, 0.2758097329667140718, 0.000000000000000000 ) ) ;
#5257 = DIRECTION ( 'NONE',  ( 0.000000000000000000, 0.7071067811865482389, 0.7071067811865467956 ) ) ;
#5258 = LINE ( 'NONE', #3441, #12517 ) ;
#5259 = ORIENTED_EDGE ( 'NONE', *, *, #11330, .F. ) ;
#5260 = DIRECTION ( 'NONE',  ( 0.000000000000000000, 0.000000000000000000, 1.000000000000000000 ) ) ;
#5261 = AXIS2_PLACEMENT_3D ( 'NONE', #11546, #2707, #8710 ) ;
#5262 = CARTESIAN_POINT ( 'NONE',  ( 0.02652351076370424929, 0.02899812594526204879, 0.1000000000000000056 ) ) ;
#5263 = ORIENTED_EDGE ( 'NONE', *, *, #4328, .F. ) ;
#5264 = EDGE_CURVE ( 'NONE', #2694, #7450, #12337, .T. ) ;
#5265 = EDGE_CURVE ( 'NONE', #11131, #6873, #10620, .T. ) ;
#5266 = ORIENTED_EDGE ( 'NONE', *, *, #10790, .F. ) ;
#5267 = CARTESIAN_POINT ( 'NONE',  ( 0.1131615436026759958, 0.8000000000000000444, 0.2000000000000000111 ) ) ;
#5268 = EDGE_CURVE ( 'NONE', #9272, #10300, #5841, .T. ) ;
#5269 = EDGE_CURVE ( 'NONE', #8194, #352, #10823, .T. ) ;
#5270 = VECTOR ( 'NONE', #12566, 1000.000000000000000 ) ;
#5271 = CARTESIAN_POINT ( 'NONE',  ( 0.000000000000000000, 0.000000000000000000, 0.9000000000000000222 ) ) ;
#5272 = DIRECTION ( 'NONE',  ( -0.9044460678097275830, -0.4265879867313678853, 0.000000000000000000 ) ) ;
#5273 = DIRECTION ( 'NONE',  ( 0.000000000000000000, 0.000000000000000000, 1.000000000000000000 ) ) ;
#5274 = ORIENTED_EDGE ( 'NONE', *, *, #11874, .T. ) ;
#5275 = DIRECTION ( 'NONE',  ( 0.000000000000000000, 0.7071067811865482389, 0.7071067811865467956 ) ) ;
#5276 = CARTESIAN_POINT ( 'NONE',  ( -0.2366831626601859639, -0.7145957609276060163, 0.2967297185801399673 ) ) ;
#5277 = AXIS2_PLACEMENT_3D ( 'NONE', #9584, #4763, #3658 ) ;
#5278 = AXIS2_PLACEMENT_3D ( 'NONE', #3569, #6540, #3703 ) ;
#5279 = CARTESIAN_POINT ( 'NONE',  ( 0.1163789207230492007, 0.03401339338833930109, 0.000000000000000000 ) ) ;
#5280 = ORIENTED_EDGE ( 'NONE', *, *, #12035, .T. ) ;
#5282 = ORIENTED_EDGE ( 'NONE', *, *, #1876, .T. ) ;
#5281 = EDGE_CURVE ( 'NONE', #8080, #11920, #3623, .T. ) ;
#5283 = AXIS2_PLACEMENT_3D ( 'NONE', #5790, #32, #1062 ) ;
#5284 = ORIENTED_EDGE ( 'NONE', *, *, #11880, .T. ) ;
#5285 = CARTESIAN_POINT ( 'NONE',  ( 0.3577132303796519697, 0.06026968664832139944, 0.000000000000000000 ) ) ;
#5286 = AXIS2_PLACEMENT_3D ( 'NONE', #12623, #2554, #1855 ) ;
#5287 = AXIS2_PLACEMENT_3D ( 'NONE', #7290, #10257, #5375 ) ;
#5288 = DIRECTION ( 'NONE',  ( 0.000000000000000000, -1.000000000000000000, 0.000000000000000000 ) ) ;
#5289 = DIRECTION ( 'NONE',  ( 0.6401843996644798196, 0.7682212795973758501, 0.000000000000000000 ) ) ;
#5290 = VECTOR ( 'NONE', #10987, 1000.000000000000000 ) ;
#5291 = CARTESIAN_POINT ( 'NONE',  ( 0.08534271677865480632, 0.06112683642546569429, 0.000000000000000000 ) ) ;
#5292 = LINE ( 'NONE', #1473, #5091 ) ;
#5293 = VERTEX_POINT ( 'NONE', #7639 ) ;
#5294 = LINE ( 'NONE', #3225, #6150 ) ;
#5295 = LINE ( 'NONE', #8007, #2918 ) ;
#5296 = VERTEX_POINT ( 'NONE', #4803 ) ;
#5297 = VERTEX_POINT ( 'NONE', #9555 ) ;
#5298 = VECTOR ( 'NONE', #118, 1000.000000000000000 ) ;
#5299 = ORIENTED_EDGE ( 'NONE', *, *, #1629, .T. ) ;
#5300 = AXIS2_PLACEMENT_3D ( 'NONE', #6119, #5156, #3750 ) ;
#5301 = CIRCLE ( 'NONE', #3032, 0.002503466509374327638 ) ;
#5302 = EDGE_CURVE ( 'NONE', #10956, #3481, #11451, .T. ) ;
#5303 = CARTESIAN_POINT ( 'NONE',  ( 0.3027721760888564817, 0.07309795328946680493, 0.1000000000000000056 ) ) ;
#5304 = CARTESIAN_POINT ( 'NONE',  ( 0.1144197825251181966, 0.05987201902689900240, 0.000000000000000000 ) ) ;
#5305 = PLANE ( 'NONE',  #748 ) ;
#5306 = EDGE_LOOP ( 'NONE', ( #6515, #4903, #2305, #6235 ) ) ;
#5307 = VECTOR ( 'NONE', #12042, 1000.000000000000000 ) ;
#5308 = DIRECTION ( 'NONE',  ( -0.8000000104689515279, -0.5999999860413978148, 0.000000000000000000 ) ) ;
#5309 = CARTESIAN_POINT ( 'NONE',  ( 0.4000000000000000222, 0.7200000000000000844, 0.3200000000000000067 ) ) ;
#5310 = CARTESIAN_POINT ( 'NONE',  ( 0.08441910755381830389, 0.03664301761943969393, 0.1000000000000000056 ) ) ;
#5311 = ORIENTED_EDGE ( 'NONE', *, *, #5951, .F. ) ;
#5312 = AXIS2_PLACEMENT_3D ( 'NONE', #4264, #5379, #10325 ) ;
#5313 = ORIENTED_EDGE ( 'NONE', *, *, #5239, .F. ) ;
#5314 =( LENGTH_UNIT ( ) NAMED_UNIT ( * ) SI_UNIT ( .MILLI., .METRE. ) );
#5315 = ORIENTED_EDGE ( 'NONE', *, *, #3837, .T. ) ;
#5316 = PRODUCT_DEFINITION_CONTEXT ( 'detailed design', #1126, 'design' ) ;
#5317 = ADVANCED_FACE ( 'NONE', ( #8726 ), #5704, .T. ) ;
#5318 = CIRCLE ( 'NONE', #4079, 0.05000000000000001665 ) ;
#5319 = VECTOR ( 'NONE', #1445, 1000.000000000000114 ) ;
#5320 = DIRECTION ( 'NONE',  ( 0.8739805238859088554, 0.4859609489126796578, 0.000000000000000000 ) ) ;
#5321 = VECTOR ( 'NONE', #4133, 1000.000000000000000 ) ;
#5322 = CIRCLE ( 'NONE', #4089, 0.002181500974671546009 ) ;
#5323 = LINE ( 'NONE', #3372, #4701 ) ;
#5324 = CYLINDRICAL_SURFACE ( 'NONE', #3827, 0.0005462788761887365585 ) ;
#5325 = DIRECTION ( 'NONE',  ( -1.000000000000000000, 0.000000000000000000, 0.000000000000000000 ) ) ;
#5326 = VERTEX_POINT ( 'NONE', #6801 ) ;
#5327 = CARTESIAN_POINT ( 'NONE',  ( 0.2152645065998919915, 0.08466904178835600592, 0.000000000000000000 ) ) ;
#5328 = DIRECTION ( 'NONE',  ( 0.000000000000000000, 0.7071067811865482389, 0.7071067811865467956 ) ) ;
#5329 = DIRECTION ( 'NONE',  ( 0.000000000000000000, 0.000000000000000000, 1.000000000000000000 ) ) ;
#5330 = ORIENTED_EDGE ( 'NONE', *, *, #6133, .T. ) ;
#5331 = CARTESIAN_POINT ( 'NONE',  ( 1.196952243606651978, 0.3184124295728944509, 0.2584995524190864535 ) ) ;
#5332 = CARTESIAN_POINT ( 'NONE',  ( -0.1631615436026759847, 0.6645957609276059719, 0.4000000000000000222 ) ) ;
#5333 = AXIS2_PLACEMENT_3D ( 'NONE', #105, #3023, #54 ) ;
#5334 = EDGE_LOOP ( 'NONE', ( #12606, #1168, #7226, #11008 ) ) ;
#5335 = CIRCLE ( 'NONE', #9651, 0.001010159697840785865 ) ;
#5336 = EDGE_CURVE ( 'NONE', #7075, #11126, #697, .T. ) ;
#5337 = DIRECTION ( 'NONE',  ( -0.9660320202528649425, 0.2584223981124092462, 0.000000000000000000 ) ) ;
#5338 = VECTOR ( 'NONE', #6971, 1000.000000000000000 ) ;
#5339 = CARTESIAN_POINT ( 'NONE',  ( 0.2750000000000000222, -0.7200000000000000844, 0.08000000000000000167 ) ) ;
#5340 = AXIS2_PLACEMENT_3D ( 'NONE', #4621, #3788, #12482 ) ;
#5341 = ADVANCED_FACE ( 'NONE', ( #4663 ), #1894, .T. ) ;
#5342 = CARTESIAN_POINT ( 'NONE',  ( 0.3511977805307100464, 0.03574914923577444947, 0.000000000000000000 ) ) ;
#5343 = CARTESIAN_POINT ( 'NONE',  ( -0.1075617986720861230, -0.09310241639405300584, 0.6099999999999999867 ) ) ;
#5344 = ADVANCED_FACE ( 'NONE', ( #11563 ), #7698, .T. ) ;
#5345 = ORIENTED_EDGE ( 'NONE', *, *, #6197, .T. ) ;
#5346 = FACE_OUTER_BOUND ( 'NONE', #3255, .T. ) ;
#5347 = AXIS2_PLACEMENT_3D ( 'NONE', #1579, #8486, #4618 ) ;
#5348 = DIRECTION ( 'NONE',  ( 0.000000000000000000, 0.000000000000000000, 1.000000000000000000 ) ) ;
#5349 = VECTOR ( 'NONE', #4358, 1000.000000000000000 ) ;
#5350 = CARTESIAN_POINT ( 'NONE',  ( 0.1666204609331564945, 0.03541689458771205001, 0.000000000000000000 ) ) ;
#5351 = VERTEX_POINT ( 'NONE', #2727 ) ;
#5352 = VERTEX_POINT ( 'NONE', #1694 ) ;
#5353 = EDGE_CURVE ( 'NONE', #9748, #11131, #1145, .T. ) ;
#5354 = EDGE_CURVE ( 'NONE', #12453, #9210, #10464, .T. ) ;
#5355 = VERTEX_POINT ( 'NONE', #786 ) ;
#5356 = AXIS2_PLACEMENT_3D ( 'NONE', #7259, #10214, #9071 ) ;
#5357 = APPLICATION_CONTEXT ( 'automotive_design' ) ;
#5358 = CARTESIAN_POINT ( 'NONE',  ( 0.2041295186937625017, 0.09749879633957379832, 0.000000000000000000 ) ) ;
#5359 = VECTOR ( 'NONE', #5526, 1000.000000000000000 ) ;
#5360 = CARTESIAN_POINT ( 'NONE',  ( 0.5000000000000000000, 6.306931015608868610E-17, 0.8699999999999999956 ) ) ;
#5361 = EDGE_CURVE ( 'NONE', #3609, #6558, #4871, .T. ) ;
#5362 = LINE ( 'NONE', #9280, #7746 ) ;
#5363 = PLANE ( 'NONE',  #3067 ) ;
#5364 = AXIS2_PLACEMENT_3D ( 'NONE', #8538, #1647, #1708 ) ;
#5365 = DIRECTION ( 'NONE',  ( -0.2744113093880019005, -0.9616124132310076567, 0.000000000000000000 ) ) ;
#5366 = EDGE_LOOP ( 'NONE', ( #10912, #7284, #11138, #8223 ) ) ;
#5367 = FACE_OUTER_BOUND ( 'NONE', #6647, .T. ) ;
#5368 = DIRECTION ( 'NONE',  ( 0.7071067811865482389, 0.000000000000000000, -0.7071067811865467956 ) ) ;
#5369 = ORIENTED_EDGE ( 'NONE', *, *, #9973, .F. ) ;
#5370 = ORIENTED_EDGE ( 'NONE', *, *, #4879, .F. ) ;
#5371 = AXIS2_PLACEMENT_3D ( 'NONE', #4529, #1491, #2578 ) ;
#5372 = VERTEX_POINT ( 'NONE', #8668 ) ;
#5373 = CYLINDRICAL_SURFACE ( 'NONE', #6556, 0.4000000000000000222 ) ;
#5374 = CIRCLE ( 'NONE', #11134, 0.08000000000000002942 ) ;
#5375 = DIRECTION ( 'NONE',  ( -0.9316999455807599695, 0.3632288691786609292, 0.000000000000000000 ) ) ;
#5376 = DIRECTION ( 'NONE',  ( 0.000000000000000000, 0.000000000000000000, 1.000000000000000000 ) ) ;
#5377 = ORIENTED_EDGE ( 'NONE', *, *, #5239, .T. ) ;
#5378 = CARTESIAN_POINT ( 'NONE',  ( 0.6705416480940689095, -2.081668171172170239E-16, 0.05000000000000000278 ) ) ;
#5379 = DIRECTION ( 'NONE',  ( 0.000000000000000000, 0.000000000000000000, 1.000000000000000000 ) ) ;
#5380 = FACE_OUTER_BOUND ( 'NONE', #160, .T. ) ;
#5381 = EDGE_LOOP ( 'NONE', ( #11955, #5610, #9918, #5126, #882, #7611, #5246 ) ) ;
#5382 = ORIENTED_EDGE ( 'NONE', *, *, #426, .T. ) ;
#5383 = APPLICATION_PROTOCOL_DEFINITION ( 'draft international standard', 'automotive_design', 1998, #9468 ) ;
#5384 = ORIENTED_EDGE ( 'NONE', *, *, #7481, .F. ) ;
#5385 = AXIS2_PLACEMENT_3D ( 'NONE', #4514, #12437, #2700 ) ;
#5386 = CARTESIAN_POINT ( 'NONE',  ( -0.2750000000000000222, 0.7103222713159550450, 0.2801699457772570123 ) ) ;
#5387 = CARTESIAN_POINT ( 'NONE',  ( -0.1131615436026759958, 0.3572978804638030081, 0.2834995524190850325 ) ) ;
#5388 = DIRECTION ( 'NONE',  ( -1.000000000000000000, 0.000000000000000000, 0.000000000000000000 ) ) ;
#5389 = DIRECTION ( 'NONE',  ( 0.000000000000000000, 0.000000000000000000, 1.000000000000000000 ) ) ;
#5390 = UNCERTAINTY_MEASURE_WITH_UNIT (LENGTH_MEASURE( 1.000000000000000082E-05 ), #7908, 'distance_accuracy_value', 'NONE');
#5391 = ORIENTED_EDGE ( 'NONE', *, *, #1679, .T. ) ;
#5392 = DIRECTION ( 'NONE',  ( 0.000000000000000000, 0.000000000000000000, -1.000000000000000000 ) ) ;
#5393 = CARTESIAN_POINT ( 'NONE',  ( -0.8000000000000000444, -0.7765685424949239080, 0.3765685424949237747 ) ) ;
#5394 = VECTOR ( 'NONE', #6771, 1000.000000000000227 ) ;
#5395 = CARTESIAN_POINT ( 'NONE',  ( -0.1132782499023349959, 0.7111815246139390201, 0.2834995524190850325 ) ) ;
#5396 = EDGE_LOOP ( 'NONE', ( #10328, #10660, #3992, #6023 ) ) ;
#5397 = ADVANCED_FACE ( 'NONE', ( #12599 ), #12456, .T. ) ;
#5398 = DIRECTION ( 'NONE',  ( 0.000000000000000000, 0.000000000000000000, 1.000000000000000000 ) ) ;
#5399 = DIRECTION ( 'NONE',  ( 0.000000000000000000, 0.000000000000000000, -1.000000000000000000 ) ) ;
#5400 = EDGE_LOOP ( 'NONE', ( #334, #12323, #3354 ) ) ;
#5401 = LINE ( 'NONE', #4676, #5696 ) ;
#5402 = VECTOR ( 'NONE', #6176, 1000.000000000000114 ) ;
#5403 = DIRECTION ( 'NONE',  ( 0.000000000000000000, -1.000000000000000000, 0.000000000000000000 ) ) ;
#5404 = DIRECTION ( 'NONE',  ( -0.9316999455807599695, 0.3632288691786609292, 0.000000000000000000 ) ) ;
#5405 = FACE_OUTER_BOUND ( 'NONE', #10265, .T. ) ;
#5406 = ORIENTED_EDGE ( 'NONE', *, *, #12319, .T. ) ;
#5407 = CARTESIAN_POINT ( 'NONE',  ( -0.1131615436026759958, 0.7765685424949239080, 0.3765685424949237747 ) ) ;
#5408 = ADVANCED_FACE ( 'NONE', ( #11427 ), #1827, .F. ) ;
#5409 = LINE ( 'NONE', #2425, #7774 ) ;
#5410 = AXIS2_PLACEMENT_3D ( 'NONE', #518, #8214, #5320 ) ;
#5411 = LINE ( 'NONE', #480, #9033 ) ;
#5412 = AXIS2_PLACEMENT_3D ( 'NONE', #6295, #1375, #12157 ) ;
#5413 = ORIENTED_EDGE ( 'NONE', *, *, #10144, .F. ) ;
#5414 = ORIENTED_EDGE ( 'NONE', *, *, #7072, .T. ) ;
#5415 = ORIENTED_EDGE ( 'NONE', *, *, #11086, .T. ) ;
#5416 = EDGE_CURVE ( 'NONE', #8353, #10112, #2592, .T. ) ;
#5417 = EDGE_CURVE ( 'NONE', #317, #5678, #1103, .T. ) ;
#5418 = CARTESIAN_POINT ( 'NONE',  ( 0.2120289766347284999, 0.09821168822973509738, 0.000000000000000000 ) ) ;
#5419 = VECTOR ( 'NONE', #7425, 1000.000000000000000 ) ;
#5420 = PLANE ( 'NONE',  #8834 ) ;
#5421 = EDGE_CURVE ( 'NONE', #9511, #8032, #7951, .T. ) ;
#5422 = EDGE_CURVE ( 'NONE', #10920, #9329, #10910, .T. ) ;
#5423 = DIRECTION ( 'NONE',  ( 0.000000000000000000, 0.000000000000000000, -1.000000000000000000 ) ) ;
#5424 = ADVANCED_FACE ( 'NONE', ( #8919 ), #8021, .F. ) ;
#5425 = CARTESIAN_POINT ( 'NONE',  ( -0.1302635769361649987, -0.1049970796212819912, 0.5999999999999999778 ) ) ;
#5426 = ORIENTED_EDGE ( 'NONE', *, *, #4463, .F. ) ;
#5427 = DIRECTION ( 'NONE',  ( 0.000000000000000000, -1.000000000000000000, 7.779008952242338508E-17 ) ) ;
#5428 = FACE_OUTER_BOUND ( 'NONE', #3356, .T. ) ;
#5429 = ORIENTED_EDGE ( 'NONE', *, *, #3428, .F. ) ;
#5430 = ORIENTED_EDGE ( 'NONE', *, *, #1036, .T. ) ;
#5431 = ORIENTED_EDGE ( 'NONE', *, *, #3942, .T. ) ;
#5432 = EDGE_CURVE ( 'NONE', #2747, #9155, #7837, .T. ) ;
#5433 = EDGE_CURVE ( 'NONE', #5850, #2586, #9386, .T. ) ;
#5434 = VERTEX_POINT ( 'NONE', #1235 ) ;
#5435 = PRODUCT_DEFINITION_SHAPE ( 'NONE', 'NONE',  #11945 ) ;
#5436 = FACE_OUTER_BOUND ( 'NONE', #4885, .T. ) ;
#5437 = EDGE_CURVE ( 'NONE', #4007, #3464, #6030, .T. ) ;
#5438 = EDGE_CURVE ( 'NONE', #2134, #3566, #2801, .T. ) ;
#5439 = ORIENTED_EDGE ( 'NONE', *, *, #9333, .F. ) ;
#5440 = LINE ( 'NONE', #4447, #11871 ) ;
#5441 = CARTESIAN_POINT ( 'NONE',  ( -0.1866831626601859750, -0.6645957609276059719, 0.2834995524190850325 ) ) ;
#5442 = VERTEX_POINT ( 'NONE', #17 ) ;
#5443 = LINE ( 'NONE', #3617, #9449 ) ;
#5444 = DIRECTION ( 'NONE',  ( 0.000000000000000000, 0.000000000000000000, -1.000000000000000000 ) ) ;
#5445 = DIRECTION ( 'NONE',  ( 0.000000000000000000, 0.000000000000000000, 1.000000000000000000 ) ) ;
#5446 = ORIENTED_EDGE ( 'NONE', *, *, #4001, .F. ) ;
#5447 = ORIENTED_EDGE ( 'NONE', *, *, #10707, .T. ) ;
#5448 = CARTESIAN_POINT ( 'NONE',  ( -0.001400367241999999918, -4.424758800000000019E-05, 0.000000000000000000 ) ) ;
#5449 = ORIENTED_EDGE ( 'NONE', *, *, #9586, .F. ) ;
#5450 = EDGE_CURVE ( 'NONE', #10490, #10982, #9815, .T. ) ;
#5451 = CARTESIAN_POINT ( 'NONE',  ( 0.3753695148212495281, 0.03034647427004994943, 0.000000000000000000 ) ) ;
#5452 = DIRECTION ( 'NONE',  ( 1.000000000000000000, 0.000000000000000000, 0.000000000000000000 ) ) ;
#5453 = LINE ( 'NONE', #522, #8979 ) ;
#5454 = CARTESIAN_POINT ( 'NONE',  ( 0.2569829841935725168, 0.04713008222614890191, 0.1000000000000000056 ) ) ;
#5455 = EDGE_LOOP ( 'NONE', ( #8140, #6140, #7773, #6689, #7903, #1812, #7292, #8302, #52, #5218, #6171 ) ) ;
#5456 = LINE ( 'NONE', #7446, #2885 ) ;
#5457 = CARTESIAN_POINT ( 'NONE',  ( 0.2853552715473199886, 0.06389003032547301009, 0.1000000000000000056 ) ) ;
#5458 = CARTESIAN_POINT ( 'NONE',  ( 0.000000000000000000, 0.000000000000000000, 0.8699999999999999956 ) ) ;
#5459 = ORIENTED_EDGE ( 'NONE', *, *, #4631, .F. ) ;
#5460 = SURFACE_STYLE_FILL_AREA ( #11434 ) ;
#5461 = CYLINDRICAL_SURFACE ( 'NONE', #9455, 0.003120411519699553375 ) ;
#5462 = ORIENTED_EDGE ( 'NONE', *, *, #12582, .F. ) ;
#5463 = CARTESIAN_POINT ( 'NONE',  ( 0.2537158391299715321, 0.03568111076796545017, 0.1000000000000000056 ) ) ;
#5464 = EDGE_CURVE ( 'NONE', #12380, #928, #1773, .T. ) ;
#5465 = CARTESIAN_POINT ( 'NONE',  ( -0.4000000000000000222, -0.7200000000000000844, 0.08000000000000000167 ) ) ;
#5466 = PLANE ( 'NONE',  #5732 ) ;
#5467 = VECTOR ( 'NONE', #1523, 1000.000000000000000 ) ;
#5468 = CARTESIAN_POINT ( 'NONE',  ( 0.08600628789277209307, 0.05242807410686710357, 0.1000000000000000056 ) ) ;
#5469 = FACE_OUTER_BOUND ( 'NONE', #6351, .T. ) ;
#5470 = ORIENTED_EDGE ( 'NONE', *, *, #6672, .T. ) ;
#5471 = CARTESIAN_POINT ( 'NONE',  ( -0.8000000000000000444, 0.7200000000000000844, 0.3200000000000000067 ) ) ;
#5472 = LINE ( 'NONE', #4416, #8379 ) ;
#5473 = CYLINDRICAL_SURFACE ( 'NONE', #2096, 0.002219109945572012976 ) ;
#5474 = LINE ( 'NONE', #1656, #3066 ) ;
#5475 = ORIENTED_EDGE ( 'NONE', *, *, #2821, .T. ) ;
#5476 = ORIENTED_EDGE ( 'NONE', *, *, #5598, .T. ) ;
#5477 = VERTEX_POINT ( 'NONE', #6151 ) ;
#5478 = PLANE ( 'NONE',  #6093 ) ;
#5479 = VECTOR ( 'NONE', #9984, 1000.000000000000000 ) ;
#5480 = EDGE_CURVE ( 'NONE', #3583, #4015, #3114, .T. ) ;
#5481 = DIRECTION ( 'NONE',  ( 0.000000000000000000, 0.7071067811865482389, 0.7071067811865467956 ) ) ;
#5482 = DIRECTION ( 'NONE',  ( 0.000000000000000000, 0.000000000000000000, 1.000000000000000000 ) ) ;
#5483 = DIRECTION ( 'NONE',  ( 0.000000000000000000, 0.000000000000000000, -1.000000000000000000 ) ) ;
#5484 = VECTOR ( 'NONE', #10392, 1000.000000000000000 ) ;
#5485 = FACE_OUTER_BOUND ( 'NONE', #3396, .T. ) ;
#5486 = CARTESIAN_POINT ( 'NONE',  ( 0.2750000000000000222, 0.6612489735550610703, 0.2334995524190849880 ) ) ;
#5487 = ORIENTED_EDGE ( 'NONE', *, *, #6514, .T. ) ;
#5488 = CIRCLE ( 'NONE', #1757, 0.05000000000000002359 ) ;
#5489 = LINE ( 'NONE', #6204, #7590 ) ;
#5490 = CARTESIAN_POINT ( 'NONE',  ( 0.06189057156060299991, 0.06177419333460469619, 0.1000000000000000056 ) ) ;
#5491 = VERTEX_POINT ( 'NONE', #4013 ) ;
#5492 = EDGE_LOOP ( 'NONE', ( #8407, #7978, #11681, #11263, #9479, #4440, #9490 ) ) ;
#5493 = ORIENTED_EDGE ( 'NONE', *, *, #8948, .F. ) ;
#5494 = AXIS2_PLACEMENT_3D ( 'NONE', #2690, #12429, #2499 ) ;
#5495 = VECTOR ( 'NONE', #3306, 1000.000000000000114 ) ;
#5496 = ORIENTED_EDGE ( 'NONE', *, *, #2163, .F. ) ;
#5497 = EDGE_CURVE ( 'NONE', #11, #5835, #3961, .T. ) ;
#5498 = CIRCLE ( 'NONE', #1345, 0.08000000000000002942 ) ;
#5499 = DIRECTION ( 'NONE',  ( 0.000000000000000000, 0.000000000000000000, -1.000000000000000000 ) ) ;
#5500 = DIRECTION ( 'NONE',  ( 0.000000000000000000, 0.000000000000000000, -1.000000000000000000 ) ) ;
#5501 = EDGE_CURVE ( 'NONE', #5959, #295, #12065, .T. ) ;
#5502 = CARTESIAN_POINT ( 'NONE',  ( -0.1131615436026759958, -0.7405531811372209061, 0.3973147252801209617 ) ) ;
#5503 = CARTESIAN_POINT ( 'NONE',  ( 0.3214840194989480038, 0.07293524005556109580, 0.000000000000000000 ) ) ;
#5504 = ORIENTED_EDGE ( 'NONE', *, *, #9693, .T. ) ;
#5505 = EDGE_CURVE ( 'NONE', #2964, #10743, #11881, .T. ) ;
#5506 = VECTOR ( 'NONE', #8712, 1000.000000000000000 ) ;
#5507 = DIRECTION ( 'NONE',  ( 0.000000000000000000, 0.000000000000000000, 1.000000000000000000 ) ) ;
#5508 = CARTESIAN_POINT ( 'NONE',  ( -0.2384031841765470172, -0.1661017834119890013, 0.5999999999999999778 ) ) ;
#5509 = PLANE ( 'NONE',  #6205 ) ;
#5510 = VERTEX_POINT ( 'NONE', #6991 ) ;
#5511 = VERTEX_POINT ( 'NONE', #8975 ) ;
#5512 = APPLICATION_PROTOCOL_DEFINITION ( 'draft international standard', 'automotive_design', 1998, #5357 ) ;
#5513 = AXIS2_PLACEMENT_3D ( 'NONE', #7444, #5587, #8469 ) ;
#5514 = ORIENTED_EDGE ( 'NONE', *, *, #11299, .T. ) ;
#5515 = ADVANCED_FACE ( 'NONE', ( #2139 ), #135, .T. ) ;
#5516 = ADVANCED_FACE ( 'NONE', ( #1166 ), #5117, .T. ) ;
#5517 = AXIS2_PLACEMENT_3D ( 'NONE', #8631, #10429, #625 ) ;
#5518 = LINE ( 'NONE', #5386, #3552 ) ;
#5519 = AXIS2_PLACEMENT_3D ( 'NONE', #10322, #3557, #6653 ) ;
#5520 = DIRECTION ( 'NONE',  ( -0.9999959119683022868, -0.002859378723318251308, 0.000000000000000000 ) ) ;
#5521 = VECTOR ( 'NONE', #7643, 1000.000000000000000 ) ;
#5522 = ADVANCED_FACE ( 'NONE', ( #7105 ), #2203, .T. ) ;
#5523 = DIRECTION ( 'NONE',  ( 1.000000000000000000, 0.000000000000000000, 0.000000000000000000 ) ) ;
#5524 = CARTESIAN_POINT ( 'NONE',  ( 0.8000000000000000444, -0.6612489735550610703, 0.07199926448865659467 ) ) ;
#5525 = VERTEX_POINT ( 'NONE', #10189 ) ;
#5526 = DIRECTION ( 'NONE',  ( -1.000000000000000000, 0.000000000000000000, 0.000000000000000000 ) ) ;
#5527 = CARTESIAN_POINT ( 'NONE',  ( 0.3746908703272940344, 0.02813362042388030046, 0.1000000000000000056 ) ) ;
#5528 = CARTESIAN_POINT ( 'NONE',  ( 0.2365664563605270054, 0.7111815246139390201, 0.2834995524190850325 ) ) ;
#5529 = ORIENTED_EDGE ( 'NONE', *, *, #1954, .T. ) ;
#5530 = FACE_OUTER_BOUND ( 'NONE', #1818, .T. ) ;
#5531 = AXIS2_PLACEMENT_3D ( 'NONE', #542, #8239, #11140 ) ;
#5532 = ORIENTED_EDGE ( 'NONE', *, *, #8955, .T. ) ;
#5533 = AXIS2_PLACEMENT_3D ( 'NONE', #3753, #4652, #8582 ) ;
#5534 = CARTESIAN_POINT ( 'NONE',  ( 0.1692965698667100172, 0.1813925120511919731, 0.5999999999999999778 ) ) ;
#5535 = CARTESIAN_POINT ( 'NONE',  ( 0.1341589116541080096, 0.03332770763521999968, 0.1000000000000000056 ) ) ;
#5536 = VECTOR ( 'NONE', #11354, 1000.000000000000000 ) ;
#5537 = CARTESIAN_POINT ( 'NONE',  ( 0.1014214561521830094, 0.06429034440840708520, 0.000000000000000000 ) ) ;
#5538 = ORIENTED_EDGE ( 'NONE', *, *, #5831, .T. ) ;
#5539 = CARTESIAN_POINT ( 'NONE',  ( 0.08653920420454340456, 0.06187004625164120586, 0.000000000000000000 ) ) ;
#5540 = CARTESIAN_POINT ( 'NONE',  ( 0.2365664563605270054, -0.7111815246139390201, 0.2834995524190850325 ) ) ;
#5541 = CIRCLE ( 'NONE', #12737, 0.1973113365833469302 ) ;
#5542 = LINE ( 'NONE', #1518, #2496 ) ;
#5543 = CYLINDRICAL_SURFACE ( 'NONE', #5760, 0.05000000000000002359 ) ;
#5544 = EDGE_LOOP ( 'NONE', ( #1673, #7158, #8619, #8597 ) ) ;
#5545 = ORIENTED_EDGE ( 'NONE', *, *, #7079, .F. ) ;
#5546 = ORIENTED_EDGE ( 'NONE', *, *, #2545, .T. ) ;
#5547 = AXIS2_PLACEMENT_3D ( 'NONE', #9530, #8693, #3539 ) ;
#5548 = CARTESIAN_POINT ( 'NONE',  ( 0.1866831626601859750, 0.7145957609276060163, 0.2834995524190850325 ) ) ;
#5549 = VECTOR ( 'NONE', #6836, 1000.000000000000000 ) ;
#5550 = DIRECTION ( 'NONE',  ( -0.2666176281577909424, -0.9638023865686958791, 0.000000000000000000 ) ) ;
#5551 = CIRCLE ( 'NONE', #8206, 0.02603537894814255543 ) ;
#5552 = CARTESIAN_POINT ( 'NONE',  ( -0.08226357805285371139, 0.08899708045879850538, 0.5999999999999999778 ) ) ;
#5553 = CIRCLE ( 'NONE', #5165, 0.003066740010375757202 ) ;
#5554 = CARTESIAN_POINT ( 'NONE',  ( 0.2366831626601859639, 0.7405531811372209061, 0.3973147252801209617 ) ) ;
#5555 = DIRECTION ( 'NONE',  ( -0.4187623895423636666, 0.9080958435676104168, 0.000000000000000000 ) ) ;
#5556 = CARTESIAN_POINT ( 'NONE',  ( 0.08322585572047379310, 0.03317959062069669729, 0.000000000000000000 ) ) ;
#5557 = AXIS2_PLACEMENT_3D ( 'NONE', #7265, #1198, #1322 ) ;
#5558 = ORIENTED_EDGE ( 'NONE', *, *, #5583, .T. ) ;
#5559 = CARTESIAN_POINT ( 'NONE',  ( -0.4000000000000000222, -0.7405531811372209061, 0.3973147252801209617 ) ) ;
#5560 = EDGE_CURVE ( 'NONE', #9297, #6624, #4198, .T. ) ;
#5561 = CARTESIAN_POINT ( 'NONE',  ( -0.1866831626601859750, -0.7145957609276060163, 0.2834995524190850325 ) ) ;
#5562 = VERTEX_POINT ( 'NONE', #9231 ) ;
#5563 = AXIS2_PLACEMENT_3D ( 'NONE', #1583, #4689, #5725 ) ;
#5564 = ORIENTED_EDGE ( 'NONE', *, *, #2812, .T. ) ;
#5565 = EDGE_LOOP ( 'NONE', ( #3736, #6630, #10917, #5226 ) ) ;
#5566 = VECTOR ( 'NONE', #1118, 1000.000000000000000 ) ;
#5567 = ORIENTED_EDGE ( 'NONE', *, *, #2903, .T. ) ;
#5568 = DIRECTION ( 'NONE',  ( 0.000000000000000000, 0.000000000000000000, 1.000000000000000000 ) ) ;
#5569 = AXIS2_PLACEMENT_3D ( 'NONE', #1889, #6426, #11758 ) ;
#5570 = DIRECTION ( 'NONE',  ( 0.000000000000000000, 0.000000000000000000, 1.000000000000000000 ) ) ;
#5571 = DIRECTION ( 'NONE',  ( 0.000000000000000000, 0.000000000000000000, -1.000000000000000000 ) ) ;
#5572 = DIRECTION ( 'NONE',  ( -0.008334506093388122094, -0.9999652674009129605, 0.000000000000000000 ) ) ;
#5573 = VERTEX_POINT ( 'NONE', #315 ) ;
#5574 = AXIS2_PLACEMENT_3D ( 'NONE', #1106, #10847, #2792 ) ;
#5575 = DIRECTION ( 'NONE',  ( -1.000000000000000000, 0.000000000000000000, 0.000000000000000000 ) ) ;
#5576 = LINE ( 'NONE', #11487, #4074 ) ;
#5577 = ADVANCED_FACE ( 'NONE', ( #2515 ), #7429, .F. ) ;
#5578 = DIRECTION ( 'NONE',  ( 0.000000000000000000, 0.000000000000000000, 1.000000000000000000 ) ) ;
#5579 = ORIENTED_EDGE ( 'NONE', *, *, #4304, .F. ) ;
#5580 = VERTEX_POINT ( 'NONE', #7172 ) ;
#5581 =( LENGTH_UNIT ( ) NAMED_UNIT ( * ) SI_UNIT ( .MILLI., .METRE. ) );
#5582 = VERTEX_POINT ( 'NONE', #11356 ) ;
#5583 = EDGE_CURVE ( 'NONE', #3241, #756, #2385, .T. ) ;
#5584 = EDGE_CURVE ( 'NONE', #8058, #6722, #256, .T. ) ;
#5585 = DIRECTION ( 'NONE',  ( 0.000000000000000000, -0.7071067811865482389, 0.7071067811865467956 ) ) ;
#5586 = ADVANCED_FACE ( 'NONE', ( #4388 ), #1423, .T. ) ;
#5587 = DIRECTION ( 'NONE',  ( -1.000000000000000000, 0.000000000000000000, 0.000000000000000000 ) ) ;
#5588 = ORIENTED_EDGE ( 'NONE', *, *, #11470, .T. ) ;
#5589 = EDGE_CURVE ( 'NONE', #9325, #3343, #6516, .T. ) ;
#5590 = DIRECTION ( 'NONE',  ( 0.000000000000000000, 0.000000000000000000, -1.000000000000000000 ) ) ;
#5591 = CARTESIAN_POINT ( 'NONE',  ( 0.1154419125532819973, 0.05758671931590179927, 0.1000000000000000056 ) ) ;
#5592 = EDGE_CURVE ( 'NONE', #5042, #2967, #9192, .T. ) ;
#5593 = CARTESIAN_POINT ( 'NONE',  ( -0.2750000000000000222, 0.7112489735550608927, 0.1219992644886569999 ) ) ;
#5594 = VERTEX_POINT ( 'NONE', #12135 ) ;
#5595 = FACE_OUTER_BOUND ( 'NONE', #9644, .T. ) ;
#5596 = VECTOR ( 'NONE', #6998, 1000.000000000000000 ) ;
#5597 = ORIENTED_EDGE ( 'NONE', *, *, #12187, .T. ) ;
#5598 = EDGE_CURVE ( 'NONE', #7273, #9526, #383, .T. ) ;
#5599 = CARTESIAN_POINT ( 'NONE',  ( -0.04000000087241269847, -0.1689970804587989928, 0.6099999999999999867 ) ) ;
#5600 = FACE_OUTER_BOUND ( 'NONE', #565, .T. ) ;
#5601 = VECTOR ( 'NONE', #11867, 1000.000000000000000 ) ;
#5602 = PLANE ( 'NONE',  #4904 ) ;
#5603 = SURFACE_SIDE_STYLE ('',( #4875 ) ) ;
#5604 = CARTESIAN_POINT ( 'NONE',  ( -0.2750000000000000222, 0.7200000000000000844, 0.08000000000000000167 ) ) ;
#5605 = ORIENTED_EDGE ( 'NONE', *, *, #431, .F. ) ;
#5606 = DIRECTION ( 'NONE',  ( 0.000000000000000000, 0.000000000000000000, 1.000000000000000000 ) ) ;
#5607 = CARTESIAN_POINT ( 'NONE',  ( 0.1239451649580298048, 0.03883911253889365395, 0.1000000000000000056 ) ) ;
#5608 = FACE_OUTER_BOUND ( 'NONE', #10368, .T. ) ;
#5609 = DIRECTION ( 'NONE',  ( 1.000000000000000000, 0.000000000000000000, 0.000000000000000000 ) ) ;
#5610 = ORIENTED_EDGE ( 'NONE', *, *, #4537, .F. ) ;
#5611 = ORIENTED_EDGE ( 'NONE', *, *, #5112, .F. ) ;
#5612 = ORIENTED_EDGE ( 'NONE', *, *, #1401, .F. ) ;
#5613 = CIRCLE ( 'NONE', #29, 0.002239176015685415914 ) ;
#5614 = CARTESIAN_POINT ( 'NONE',  ( 0.8000000000000000444, 0.7111815246139390201, 0.2834995524190850325 ) ) ;
#5615 = CARTESIAN_POINT ( 'NONE',  ( 0.2270116684246125116, 0.05856514002168360794, 0.000000000000000000 ) ) ;
#5616 = CARTESIAN_POINT ( 'NONE',  ( -0.2750000000000000222, -0.6612489735550610703, 0.07199926448865659467 ) ) ;
#5617 = DIRECTION ( 'NONE',  ( -0.2737439921154228850, -0.9618025924173376762, 0.000000000000000000 ) ) ;
#5618 = CARTESIAN_POINT ( 'NONE',  ( 0.1836338809727350030, 0.09825163886282409220, 0.000000000000000000 ) ) ;
#5619 = CARTESIAN_POINT ( 'NONE',  ( 0.2399517306208744927, 0.07504457791794939825, 0.1000000000000000056 ) ) ;
#5620 = VERTEX_POINT ( 'NONE', #7239 ) ;
#5621 = CARTESIAN_POINT ( 'NONE',  ( -0.1866831626601859750, 0.6645957609276059719, 0.4000000000000000222 ) ) ;
#5622 = CARTESIAN_POINT ( 'NONE',  ( 0.4000000000000000222, 0.7405531811372209061, 0.3973147252801209617 ) ) ;
#5623 = ORIENTED_EDGE ( 'NONE', *, *, #10307, .F. ) ;
#5624 = ORIENTED_EDGE ( 'NONE', *, *, #6521, .T. ) ;
#5625 = ADVANCED_FACE ( 'NONE', ( #9295 ), #11162, .T. ) ;
#5626 = ORIENTED_EDGE ( 'NONE', *, *, #3488, .T. ) ;
#5627 = ORIENTED_EDGE ( 'NONE', *, *, #2398, .T. ) ;
#5628 = CIRCLE ( 'NONE', #8490, 0.08000000000000002942 ) ;
#5629 = AXIS2_PLACEMENT_3D ( 'NONE', #5448, #12393, #10329 ) ;
#5630 = DIRECTION ( 'NONE',  ( 0.000000000000000000, -1.000000000000000000, 0.000000000000000000 ) ) ;
#5631 = FACE_OUTER_BOUND ( 'NONE', #1780, .T. ) ;
#5632 = EDGE_CURVE ( 'NONE', #11114, #4305, #3414, .T. ) ;
#5633 = CARTESIAN_POINT ( 'NONE',  ( 0.3247421682507374840, 0.08681255800184049798, 0.000000000000000000 ) ) ;
#5634 = DIRECTION ( 'NONE',  ( -1.000000000000000000, 0.000000000000000000, 0.000000000000000000 ) ) ;
#5635 = ORIENTED_EDGE ( 'NONE', *, *, #6997, .T. ) ;
#5636 = LINE ( 'NONE', #9546, #198 ) ;
#5637 = DIRECTION ( 'NONE',  ( 0.000000000000000000, 0.000000000000000000, 1.000000000000000000 ) ) ;
#5638 = PLANE ( 'NONE',  #12370 ) ;
#5639 = EDGE_LOOP ( 'NONE', ( #8086, #9105, #11075, #6444 ) ) ;
#5640 = ORIENTED_EDGE ( 'NONE', *, *, #1304, .F. ) ;
#5641 = DIRECTION ( 'NONE',  ( 0.000000000000000000, 0.000000000000000000, -1.000000000000000000 ) ) ;
#5642 = ORIENTED_EDGE ( 'NONE', *, *, #681, .T. ) ;
#5643 = ADVANCED_FACE ( 'NONE', ( #8266 ), #3360, .T. ) ;
#5644 = DIRECTION ( 'NONE',  ( 1.000000000000000000, 0.000000000000000000, 0.000000000000000000 ) ) ;
#5645 = CARTESIAN_POINT ( 'NONE',  ( -0.1132782499023349959, 0.7111815246139390201, 0.2834995524190850325 ) ) ;
#5646 = CARTESIAN_POINT ( 'NONE',  ( 0.1138701732977479980, 0.05521023189847489715, 0.000000000000000000 ) ) ;
#5647 = VERTEX_POINT ( 'NONE', #504 ) ;
#5648 = CARTESIAN_POINT ( 'NONE',  ( 0.2636223749452199505, -0.1813925120511929723, 0.5999999999999999778 ) ) ;
#5649 = DIRECTION ( 'NONE',  ( 0.000000000000000000, 1.000000000000000000, 2.489282864717550295E-15 ) ) ;
#5650 = CARTESIAN_POINT ( 'NONE',  ( -0.8000000000000000444, -0.4000000000000000222, 0.07199926448865659467 ) ) ;
#5651 = ORIENTED_EDGE ( 'NONE', *, *, #61, .F. ) ;
#5652 = CYLINDRICAL_SURFACE ( 'NONE', #8279, 0.05000000000000001665 ) ;
#5653 = EDGE_LOOP ( 'NONE', ( #5744, #11362, #3524, #7030, #2161, #4837, #6425, #8951 ) ) ;
#5654 = CARTESIAN_POINT ( 'NONE',  ( 0.3214840194989480038, 0.07293524005556109580, 0.1000000000000000056 ) ) ;
#5655 = ADVANCED_FACE ( 'NONE', ( #10381 ), #9352, .F. ) ;
#5656 = CYLINDRICAL_SURFACE ( 'NONE', #602, 0.002192976017588031418 ) ;
#5657 = DIRECTION ( 'NONE',  ( -0.3162277577404050133, 0.9486833008093248365, 0.000000000000000000 ) ) ;
#5658 = CARTESIAN_POINT ( 'NONE',  ( 0.1666204609331564945, 0.03541689458771205001, 0.1000000000000000056 ) ) ;
#5659 = CARTESIAN_POINT ( 'NONE',  ( 0.1391033554679229900, 0.06085058474026610459, 0.1000000000000000056 ) ) ;
#5660 = VERTEX_POINT ( 'NONE', #7356 ) ;
#5661 = LINE ( 'NONE', #9574, #9243 ) ;
#5662 = EDGE_CURVE ( 'NONE', #12590, #2920, #10218, .T. ) ;
#5663 = EDGE_CURVE ( 'NONE', #6207, #7489, #5440, .T. ) ;
#5664 = DIRECTION ( 'NONE',  ( 1.000000000000000000, 0.000000000000000000, 0.000000000000000000 ) ) ;
#5665 = DIRECTION ( 'NONE',  ( 0.7071067811865482389, 0.000000000000000000, -0.7071067811865467956 ) ) ;
#5666 = EDGE_LOOP ( 'NONE', ( #3172, #9211, #3073, #9817 ) ) ;
#5667 = ORIENTED_EDGE ( 'NONE', *, *, #206, .T. ) ;
#5668 = EDGE_CURVE ( 'NONE', #5869, #811, #3489, .T. ) ;
#5669 = DIRECTION ( 'NONE',  ( 0.000000000000000000, 0.000000000000000000, -1.000000000000000000 ) ) ;
#5670 = ADVANCED_FACE ( 'NONE', ( #9415 ), #9683, .T. ) ;
#5671 = PLANE ( 'NONE',  #8780 ) ;
#5672 = CARTESIAN_POINT ( 'NONE',  ( 0.3259544815329459833, 0.03764021005716109564, 0.000000000000000000 ) ) ;
#5673 = CARTESIAN_POINT ( 'NONE',  ( 0.2917544852710104442, 0.06836647021013281256, 0.000000000000000000 ) ) ;
#5674 = SURFACE_STYLE_USAGE ( .BOTH. , #12432 ) ;
#5675 = FACE_OUTER_BOUND ( 'NONE', #1682, .T. ) ;
#5676 = CARTESIAN_POINT ( 'NONE',  ( -0.8000000000000000444, 0.7200000000000000844, 0.3200000000000000067 ) ) ;
#5677 = EDGE_CURVE ( 'NONE', #9233, #11114, #3418, .T. ) ;
#5678 = VERTEX_POINT ( 'NONE', #5502 ) ;
#5679 = DIRECTION ( 'NONE',  ( 1.000000000000000000, 0.000000000000000000, 0.000000000000000000 ) ) ;
#5680 = FACE_BOUND ( 'NONE', #10966, .T. ) ;
#5681 = EDGE_LOOP ( 'NONE', ( #5054, #7692, #506, #9392 ) ) ;
#5682 = VERTEX_POINT ( 'NONE', #6786 ) ;
#5683 = VERTEX_POINT ( 'NONE', #11416 ) ;
#5684 = ORIENTED_EDGE ( 'NONE', *, *, #7618, .F. ) ;
#5685 = CARTESIAN_POINT ( 'NONE',  ( 0.000000000000000000, 0.000000000000000000, 0.4000000000000000222 ) ) ;
#5686 = CARTESIAN_POINT ( 'NONE',  ( -0.2384031841765470172, 0.1661017834119890013, 0.5999999999999999778 ) ) ;
#5687 = CIRCLE ( 'NONE', #11440, 0.05000000000000002359 ) ;
#5688 = DIRECTION ( 'NONE',  ( -0.9625001767075089809, 0.2712810532234311012, 0.000000000000000000 ) ) ;
#5689 = CARTESIAN_POINT ( 'NONE',  ( 0.3184490626700725024, 0.06484347110378320400, 0.000000000000000000 ) ) ;
#5690 = ORIENTED_EDGE ( 'NONE', *, *, #5505, .T. ) ;
#5691 = DIRECTION ( 'NONE',  ( -1.000000000000000000, 0.000000000000000000, 0.000000000000000000 ) ) ;
#5692 = CARTESIAN_POINT ( 'NONE',  ( -0.2366831626601859639, -0.7246033112302809887, 0.3355089773090989547 ) ) ;
#5693 = DIRECTION ( 'NONE',  ( 0.000000000000000000, 0.000000000000000000, 1.000000000000000000 ) ) ;
#5694 = ORIENTED_EDGE ( 'NONE', *, *, #4163, .T. ) ;
#5695 = VERTEX_POINT ( 'NONE', #11674 ) ;
#5696 = VECTOR ( 'NONE', #7649, 1000.000000000000227 ) ;
#5697 = VECTOR ( 'NONE', #11900, 1000.000000000000000 ) ;
#5698 = CARTESIAN_POINT ( 'NONE',  ( -0.1866831626601859750, 0.6645957609276059719, 0.2834995524190850325 ) ) ;
#5699 = EDGE_LOOP ( 'NONE', ( #1731, #8862, #11738, #8362 ) ) ;
#5700 = EDGE_CURVE ( 'NONE', #7708, #5210, #127, .T. ) ;
#5701 = AXIS2_PLACEMENT_3D ( 'NONE', #12613, #1514, #3646 ) ;
#5702 = DIRECTION ( 'NONE',  ( 1.000000000000000000, 0.000000000000000000, 0.000000000000000000 ) ) ;
#5703 = AXIS2_PLACEMENT_3D ( 'NONE', #7663, #3592, #6570 ) ;
#5704 = CYLINDRICAL_SURFACE ( 'NONE', #3836, 0.4000000000000000777 ) ;
#5705 = CARTESIAN_POINT ( 'NONE',  ( 0.3266420838368244706, 0.06780557130431970336, 0.1000000000000000056 ) ) ;
#5706 = ORIENTED_EDGE ( 'NONE', *, *, #11578, .F. ) ;
#5707 = CARTESIAN_POINT ( 'NONE',  ( 0.1034732571207782059, 0.03624015974824445346, 0.000000000000000000 ) ) ;
#5708 = CARTESIAN_POINT ( 'NONE',  ( 0.3860788799391040027, 0.1046092656745439969, 0.6099999999999999867 ) ) ;
#5709 = DIRECTION ( 'NONE',  ( 0.000000000000000000, 0.000000000000000000, 1.000000000000000000 ) ) ;
#5710 = ORIENTED_EDGE ( 'NONE', *, *, #6331, .F. ) ;
#5711 = EDGE_CURVE ( 'NONE', #10594, #5247, #3637, .T. ) ;
#5712 = AXIS2_PLACEMENT_3D ( 'NONE', #8310, #12232, #3401 ) ;
#5713 = VERTEX_POINT ( 'NONE', #7552 ) ;
#5714 = VECTOR ( 'NONE', #8321, 1000.000000000000227 ) ;
#5715 = VECTOR ( 'NONE', #884, 1000.000000000000000 ) ;
#5716 = DIRECTION ( 'NONE',  ( 0.000000000000000000, 0.000000000000000000, 1.000000000000000000 ) ) ;
#5717 = CARTESIAN_POINT ( 'NONE',  ( 0.3247421682507374840, 0.08681255800184049798, 0.1000000000000000056 ) ) ;
#5718 = DIRECTION ( 'NONE',  ( -0.4187623895431970000, 0.9080958435672260576, 0.000000000000000000 ) ) ;
#5719 = DIRECTION ( 'NONE',  ( -0.9604025980786120575, 0.2786159536061277309, 0.000000000000000000 ) ) ;
#5720 = ORIENTED_EDGE ( 'NONE', *, *, #9127, .T. ) ;
#5721 = CARTESIAN_POINT ( 'NONE',  ( 0.2798182615460610423, 0.03539993367623234938, 0.000000000000000000 ) ) ;
#5722 = CARTESIAN_POINT ( 'NONE',  ( 0.06385052550886249900, 0.05242807410686710357, 0.000000000000000000 ) ) ;
#5724 = VECTOR ( 'NONE', #3980, 1000.000000000000000 ) ;
#5723 = CARTESIAN_POINT ( 'NONE',  ( -0.2365664563605270054, 0.7111815246139390201, 0.2834995524190850325 ) ) ;
#5725 = DIRECTION ( 'NONE',  ( 0.9608658214993432978, -0.2770142109610840286, 0.000000000000000000 ) ) ;
#5726 = ADVANCED_FACE ( 'NONE', ( #4525 ), #6711, .T. ) ;
#5727 = ORIENTED_EDGE ( 'NONE', *, *, #6641, .F. ) ;
#5728 = VECTOR ( 'NONE', #5637, 1000.000000000000000 ) ;
#5729 = ORIENTED_EDGE ( 'NONE', *, *, #596, .F. ) ;
#5730 = CARTESIAN_POINT ( 'NONE',  ( -0.4000000000000000222, -0.7200000000000000844, 0.3200000000000000067 ) ) ;
#5731 = ADVANCED_FACE ( 'NONE', ( #8457 ), #766, .T. ) ;
#5732 = AXIS2_PLACEMENT_3D ( 'NONE', #1648, #12472, #2607 ) ;
#5733 = SURFACE_SIDE_STYLE ('',( #10423 ) ) ;
#5734 = EDGE_CURVE ( 'NONE', #9318, #10982, #4784, .T. ) ;
#5735 = VECTOR ( 'NONE', #10397, 1000.000000000000000 ) ;
#5736 = CARTESIAN_POINT ( 'NONE',  ( 0.3092272891719090033, 0.08952350075660280015, 0.000000000000000000 ) ) ;
#5737 = AXIS2_PLACEMENT_3D ( 'NONE', #7227, #10180, #2260 ) ;
#5738 = DIRECTION ( 'NONE',  ( 0.000000000000000000, 0.000000000000000000, -1.000000000000000000 ) ) ;
#5739 = LINE ( 'NONE', #8501, #9171 ) ;
#5740 = DIRECTION ( 'NONE',  ( 0.9618025924173457808, -0.2737439921153946298, 0.000000000000000000 ) ) ;
#5741 = AXIS2_PLACEMENT_3D ( 'NONE', #6904, #6073, #11995 ) ;
#5742 = DIRECTION ( 'NONE',  ( 0.000000000000000000, 0.000000000000000000, 1.000000000000000000 ) ) ;
#5743 = ADVANCED_FACE ( 'NONE', ( #4586 ), #1809, .F. ) ;
#5744 = ORIENTED_EDGE ( 'NONE', *, *, #5863, .T. ) ;
#5745 = EDGE_CURVE ( 'NONE', #6935, #2769, #3614, .T. ) ;
#5746 = CARTESIAN_POINT ( 'NONE',  ( 0.1131615436026759958, 0.7405531811372209061, 0.3973147252801209617 ) ) ;
#5747 = FACE_OUTER_BOUND ( 'NONE', #5366, .T. ) ;
#5748 = ORIENTED_EDGE ( 'NONE', *, *, #2571, .F. ) ;
#5749 = ORIENTED_EDGE ( 'NONE', *, *, #3371, .F. ) ;
#5750 = VECTOR ( 'NONE', #4059, 1000.000000000000000 ) ;
#5751 = ORIENTED_EDGE ( 'NONE', *, *, #8563, .T. ) ;
#5752 = AXIS2_PLACEMENT_3D ( 'NONE', #3340, #357, #6309 ) ;
#5753 = EDGE_LOOP ( 'NONE', ( #1225, #6497, #8851, #12717 ) ) ;
#5754 = AXIS2_PLACEMENT_3D ( 'NONE', #6696, #10621, #5740 ) ;
#5755 = ADVANCED_FACE ( 'NONE', ( #1680 ), #4722, .T. ) ;
#5756 = DIRECTION ( 'NONE',  ( 1.000000000000000000, 0.000000000000000000, 0.000000000000000000 ) ) ;
#5757 = AXIS2_PLACEMENT_3D ( 'NONE', #12625, #9472, #12564 ) ;
#5758 = CARTESIAN_POINT ( 'NONE',  ( 0.1771277703162369987, 0.02637695354424850203, 0.000000000000000000 ) ) ;
#5759 = LINE ( 'NONE', #5821, #4908 ) ;
#5760 = AXIS2_PLACEMENT_3D ( 'NONE', #3982, #11908, #158 ) ;
#5761 = CARTESIAN_POINT ( 'NONE',  ( 0.4000000000000000222, 0.7765685424949239080, 0.3765685424949237747 ) ) ;
#5762 = DIRECTION ( 'NONE',  ( -1.000000000000000000, 0.000000000000000000, 0.000000000000000000 ) ) ;
#5763 = ORIENTED_EDGE ( 'NONE', *, *, #5015, .T. ) ;
#5764 = CARTESIAN_POINT ( 'NONE',  ( 0.8000000000000000444, 0.6531129835260510719, 0.05848394812495020384 ) ) ;
#5765 = CARTESIAN_POINT ( 'NONE',  ( 0.3580498226595195121, 0.05982387625321240049, 0.000000000000000000 ) ) ;
#5766 = VECTOR ( 'NONE', #5066, 1000.000000000000000 ) ;
#5767 = CARTESIAN_POINT ( 'NONE',  ( 0.1631615436026759847, -0.6645957609276059719, 0.4000000000000000222 ) ) ;
#5768 = ORIENTED_EDGE ( 'NONE', *, *, #2821, .F. ) ;
#5769 = ORIENTED_EDGE ( 'NONE', *, *, #3512, .F. ) ;
#5771 = VECTOR ( 'NONE', #2420, 1000.000000000000114 ) ;
#5770 = DIRECTION ( 'NONE',  ( -4.273694875621957148E-12, -1.000000000000000000, 0.000000000000000000 ) ) ;
#5772 = VERTEX_POINT ( 'NONE', #7623 ) ;
#5773 = VECTOR ( 'NONE', #10667, 1000.000000000000000 ) ;
#5774 = CARTESIAN_POINT ( 'NONE',  ( 0.1648850750808970034, 0.06332207658154428986, 0.000000000000000000 ) ) ;
#5775 = CIRCLE ( 'NONE', #12146, 0.05000000000000000971 ) ;
#5776 = DIRECTION ( 'NONE',  ( -0.7071067811865482389, 0.000000000000000000, -0.7071067811865466846 ) ) ;
#5777 = PLANE ( 'NONE',  #5927 ) ;
#5778 = ORIENTED_EDGE ( 'NONE', *, *, #6356, .F. ) ;
#5779 = LINE ( 'NONE', #9760, #6387 ) ;
#5780 = CARTESIAN_POINT ( 'NONE',  ( 0.2750000000000000222, 0.7111815246139390201, 0.2834995524190850325 ) ) ;
#5781 = CARTESIAN_POINT ( 'NONE',  ( -0.8499999999999999778, -0.1000000000000000056, 0.000000000000000000 ) ) ;
#5782 = VERTEX_POINT ( 'NONE', #5633 ) ;
#5783 = CIRCLE ( 'NONE', #194, 0.08000000000000002942 ) ;
#5784 = FILL_AREA_STYLE ('',( #4020 ) ) ;
#5785 = VECTOR ( 'NONE', #7497, 1000.000000000000000 ) ;
#5786 = VERTEX_POINT ( 'NONE', #9543 ) ;
#5787 = CARTESIAN_POINT ( 'NONE',  ( 0.8000000000000000444, -0.4000000000000000222, 0.07199926448865659467 ) ) ;
#5788 = DIRECTION ( 'NONE',  ( 0.000000000000000000, 0.000000000000000000, 1.000000000000000000 ) ) ;
#5789 = CARTESIAN_POINT ( 'NONE',  ( 0.2133435247917115085, 0.02634761969843244997, 0.1000000000000000056 ) ) ;
#5790 = CARTESIAN_POINT ( 'NONE',  ( -0.5025335823021011006, 6.154261430303210401E-17, 0.6701071754309090300 ) ) ;
#5791 = ORIENTED_EDGE ( 'NONE', *, *, #2189, .T. ) ;
#5792 = EDGE_CURVE ( 'NONE', #8677, #1260, #11548, .T. ) ;
#5793 = DIRECTION ( 'NONE',  ( 0.000000000000000000, 0.000000000000000000, 1.000000000000000000 ) ) ;
#5794 = LINE ( 'NONE', #9712, #4072 ) ;
#5795 = FACE_OUTER_BOUND ( 'NONE', #6835, .T. ) ;
#5796 = DIRECTION ( 'NONE',  ( -1.000000000000000000, 0.000000000000000000, 0.000000000000000000 ) ) ;
#5797 = ORIENTED_EDGE ( 'NONE', *, *, #4464, .F. ) ;
#5798 = ORIENTED_EDGE ( 'NONE', *, *, #1707, .T. ) ;
#5799 = CARTESIAN_POINT ( 'NONE',  ( 0.2207860652538845003, 0.08251642869073258502, 0.1000000000000000056 ) ) ;
#5800 = EDGE_CURVE ( 'NONE', #9978, #8674, #286, .T. ) ;
#5801 = CARTESIAN_POINT ( 'NONE',  ( -0.4000000000000000222, -0.8000000000000000444, 0.08000000000000000167 ) ) ;
#5802 = LINE ( 'NONE', #7729, #8215 ) ;
#5803 = DIRECTION ( 'NONE',  ( -1.000000000000000000, 0.000000000000000000, 0.000000000000000000 ) ) ;
#5804 = CARTESIAN_POINT ( 'NONE',  ( -0.2750000000000000222, 0.1856180708474700070, 0.07199926448865659467 ) ) ;
#5805 = DIRECTION ( 'NONE',  ( -0.8057941271948427797, 0.5921957654174010433, 0.000000000000000000 ) ) ;
#5806 = ORIENTED_EDGE ( 'NONE', *, *, #10662, .T. ) ;
#5807 = CARTESIAN_POINT ( 'NONE',  ( 0.2166628698080144966, 0.04151327488531900145, 0.000000000000000000 ) ) ;
#5808 = AXIS2_PLACEMENT_3D ( 'NONE', #5939, #2765, #2963 ) ;
#5809 = CARTESIAN_POINT ( 'NONE',  ( 0.1131615436026759958, 0.8000000000000000444, 0.2834995524190850325 ) ) ;
#5810 = ORIENTED_EDGE ( 'NONE', *, *, #593, .F. ) ;
#5811 = EDGE_CURVE ( 'NONE', #7694, #3790, #2774, .T. ) ;
#5812 = VERTEX_POINT ( 'NONE', #12641 ) ;
#5813 = PRODUCT_RELATED_PRODUCT_CATEGORY ( 'part', '', ( #12314 ) ) ;
#5814 = ORIENTED_EDGE ( 'NONE', *, *, #5908, .F. ) ;
#5815 = ORIENTED_EDGE ( 'NONE', *, *, #6299, .F. ) ;
#5816 = EDGE_CURVE ( 'NONE', #3889, #10845, #7748, .T. ) ;
#5817 = CIRCLE ( 'NONE', #1690, 0.4862667911510509811 ) ;
#5818 = EDGE_CURVE ( 'NONE', #11207, #3545, #1939, .T. ) ;
#5819 = DIRECTION ( 'NONE',  ( 0.000000000000000000, 0.000000000000000000, 1.000000000000000000 ) ) ;
#5820 = CARTESIAN_POINT ( 'NONE',  ( -0.2750000000000000222, -0.4000000000000000222, 0.000000000000000000 ) ) ;
#5821 = CARTESIAN_POINT ( 'NONE',  ( 0.2948190126206809980, 0.07230246479118460079, 0.000000000000000000 ) ) ;
#5822 = CARTESIAN_POINT ( 'NONE',  ( 0.3540435295462950327, 0.06027009165201199781, 0.000000000000000000 ) ) ;
#5823 = LINE ( 'NONE', #1134, #4262 ) ;
#5824 = ORIENTED_EDGE ( 'NONE', *, *, #5433, .F. ) ;
#5825 = DIRECTION ( 'NONE',  ( 0.000000000000000000, 0.000000000000000000, -1.000000000000000000 ) ) ;
#5826 = CARTESIAN_POINT ( 'NONE',  ( 0.07812067172237710522, 0.06018441917743400094, 0.000000000000000000 ) ) ;
#5827 = DIRECTION ( 'NONE',  ( 0.000000000000000000, 0.000000000000000000, 1.000000000000000000 ) ) ;
#5828 = ORIENTED_EDGE ( 'NONE', *, *, #4304, .T. ) ;
#5829 = EDGE_CURVE ( 'NONE', #5580, #10004, #1360, .T. ) ;
#5830 = EDGE_LOOP ( 'NONE', ( #3227, #3152, #7358, #7632 ) ) ;
#5831 = EDGE_CURVE ( 'NONE', #4254, #502, #11256, .T. ) ;
#5832 = CARTESIAN_POINT ( 'NONE',  ( 0.8000000000000000444, -0.7111815246139390201, 0.2834995524190850325 ) ) ;
#5833 =( GEOMETRIC_REPRESENTATION_CONTEXT ( 3 ) GLOBAL_UNCERTAINTY_ASSIGNED_CONTEXT ( ( #6190 ) ) GLOBAL_UNIT_ASSIGNED_CONTEXT ( ( #9059, #4155, #12077 ) ) REPRESENTATION_CONTEXT ( 'NONE', 'WORKASPACE' ) );
#5834 = APPLICATION_PROTOCOL_DEFINITION ( 'draft international standard', 'automotive_design', 1998, #229 ) ;
#5835 = VERTEX_POINT ( 'NONE', #5822 ) ;
#5836 = AXIS2_PLACEMENT_3D ( 'NONE', #9303, #706, #2524 ) ;
#5837 = ADVANCED_FACE ( 'NONE', ( #9986 ), #3950, .F. ) ;
#5838 = EDGE_CURVE ( 'NONE', #11114, #11784, #8907, .T. ) ;
#5839 = DIRECTION ( 'NONE',  ( 0.000000000000000000, 0.000000000000000000, 1.000000000000000000 ) ) ;
#5840 = VECTOR ( 'NONE', #3112, 1000.000000000000000 ) ;
#5841 = LINE ( 'NONE', #6607, #3411 ) ;
#5842 = CARTESIAN_POINT ( 'NONE',  ( 0.3456323243405575174, 0.04611915850731080485, 0.000000000000000000 ) ) ;
#5843 = ORIENTED_EDGE ( 'NONE', *, *, #10898, .T. ) ;
#5844 = DIRECTION ( 'NONE',  ( -0.4472136033030539304, 0.8944271870983679928, 0.000000000000000000 ) ) ;
#5845 = CYLINDRICAL_SURFACE ( 'NONE', #9215, 0.5999999999999999778 ) ;
#5846 = CYLINDRICAL_SURFACE ( 'NONE', #8050, 0.01552466259165699407 ) ;
#5847 = ORIENTED_EDGE ( 'NONE', *, *, #8936, .T. ) ;
#5848 = EDGE_CURVE ( 'NONE', #11784, #2675, #1570, .T. ) ;
#5849 = ORIENTED_EDGE ( 'NONE', *, *, #2734, .F. ) ;
#5850 = VERTEX_POINT ( 'NONE', #3165 ) ;
#5851 = LINE ( 'NONE', #5787, #12145 ) ;
#5852 = CARTESIAN_POINT ( 'NONE',  ( 0.2636223749452199505, -0.2613925120511920164, 0.6099999999999999867 ) ) ;
#5853 = DIRECTION ( 'NONE',  ( -0.9867925049222903144, 0.1619893583825552652, 0.000000000000000000 ) ) ;
#5854 = ORIENTED_EDGE ( 'NONE', *, *, #9205, .F. ) ;
#5855 = EDGE_CURVE ( 'NONE', #10756, #7716, #9396, .T. ) ;
#5856 = DIRECTION ( 'NONE',  ( 0.000000000000000000, 0.000000000000000000, 1.000000000000000000 ) ) ;
#5857 = CARTESIAN_POINT ( 'NONE',  ( 0.8000000000000000444, -0.6960358778014988923, 0.2248101690442100009 ) ) ;
#5858 = CARTESIAN_POINT ( 'NONE',  ( -0.1131615436026759958, -0.7178090042607759846, 0.3091810369155370553 ) ) ;
#5859 = CARTESIAN_POINT ( 'NONE',  ( 0.1816689591894035116, 0.09825163886282409220, 0.000000000000000000 ) ) ;
#5860 = ADVANCED_BREP_SHAPE_REPRESENTATION ( '', ( #9101, #10744 ), #4573 ) ;
#5861 = ORIENTED_EDGE ( 'NONE', *, *, #1668, .T. ) ;
#5862 = VERTEX_POINT ( 'NONE', #4841 ) ;
#5863 = EDGE_CURVE ( 'NONE', #8169, #2998, #2813, .T. ) ;
#5864 = FACE_OUTER_BOUND ( 'NONE', #3402, .T. ) ;
#5865 = CARTESIAN_POINT ( 'NONE',  ( 0.2366831626601859639, -0.7145957609276060163, 0.4000000000000000222 ) ) ;
#5866 = FACE_OUTER_BOUND ( 'NONE', #8913, .T. ) ;
#5867 = CYLINDRICAL_SURFACE ( 'NONE', #9867, 0.002416984323466713977 ) ;
#5868 = CARTESIAN_POINT ( 'NONE',  ( 0.2750000000000000222, -1.032485115250000085, 0.000000000000000000 ) ) ;
#5869 = VERTEX_POINT ( 'NONE', #2130 ) ;
#5870 = CARTESIAN_POINT ( 'NONE',  ( 0.2537158391299715321, 0.03568111076796545017, 0.000000000000000000 ) ) ;
#5871 = LINE ( 'NONE', #8042, #8802 ) ;
#5872 = ORIENTED_EDGE ( 'NONE', *, *, #6847, .T. ) ;
#5873 = DIRECTION ( 'NONE',  ( 1.000000000000000000, 0.000000000000000000, 0.000000000000000000 ) ) ;
#5874 = DIRECTION ( 'NONE',  ( -0.002859378723318261283, 0.9999959119683023978, 0.000000000000000000 ) ) ;
#5875 = VERTEX_POINT ( 'NONE', #2972 ) ;
#5876 = ORIENTED_EDGE ( 'NONE', *, *, #9982, .T. ) ;
#5877 = EDGE_LOOP ( 'NONE', ( #3394, #3424, #9354, #12302 ) ) ;
#5878 = EDGE_CURVE ( 'NONE', #7387, #7929, #7822, .T. ) ;
#5879 = ORIENTED_EDGE ( 'NONE', *, *, #4616, .T. ) ;
#5880 = CARTESIAN_POINT ( 'NONE',  ( 0.8000000000000000444, 0.7579941969697999715, 0.4648986639076029825 ) ) ;
#5881 = DIRECTION ( 'NONE',  ( 0.000000000000000000, 0.000000000000000000, 1.000000000000000000 ) ) ;
#5882 = CARTESIAN_POINT ( 'NONE',  ( 0.09036216624733069136, 0.06785076973058179473, 0.1000000000000000056 ) ) ;
#5883 = DIRECTION ( 'NONE',  ( -0.2746053368097758907, -0.9615570232677775886, 0.000000000000000000 ) ) ;
#5884 = VERTEX_POINT ( 'NONE', #7935 ) ;
#5885 = DIRECTION ( 'NONE',  ( -1.000000000000000000, 0.000000000000000000, 0.000000000000000000 ) ) ;
#5886 = AXIS2_PLACEMENT_3D ( 'NONE', #8577, #11606, #12511 ) ;
#5887 = CARTESIAN_POINT ( 'NONE',  ( 0.07046252174589111295, 0.05554728094672620187, 0.000000000000000000 ) ) ;
#5888 = CARTESIAN_POINT ( 'NONE',  ( -0.1631615436026759847, 0.7145957609276060163, 0.4000000000000000222 ) ) ;
#5889 = ORIENTED_EDGE ( 'NONE', *, *, #3276, .T. ) ;
#5890 = ORIENTED_EDGE ( 'NONE', *, *, #1401, .T. ) ;
#5891 = LINE ( 'NONE', #5832, #12198 ) ;
#5892 = CONTEXT_DEPENDENT_SHAPE_REPRESENTATION ( #4022, #4599 ) ;
#5893 = ORIENTED_EDGE ( 'NONE', *, *, #1952, .F. ) ;
#5894 = EDGE_CURVE ( 'NONE', #12172, #2325, #6074, .T. ) ;
#5895 = AXIS2_PLACEMENT_3D ( 'NONE', #3272, #8111, #1387 ) ;
#5896 = CARTESIAN_POINT ( 'NONE',  ( 0.8000000000000000444, -0.2000000000000000111, 0.2834995524190850325 ) ) ;
#5897 = EDGE_CURVE ( 'NONE', #1600, #5862, #2919, .T. ) ;
#5898 = EDGE_CURVE ( 'NONE', #9057, #11682, #10828, .T. ) ;
#5899 = DIRECTION ( 'NONE',  ( 0.000000000000000000, 1.000000000000000000, 0.000000000000000000 ) ) ;
#5900 = CYLINDRICAL_SURFACE ( 'NONE', #11045, 0.05000000000000002359 ) ;
#5901 = ORIENTED_EDGE ( 'NONE', *, *, #5104, .F. ) ;
#5902 = DIRECTION ( 'NONE',  ( 0.8000000104689515279, -0.5999999860413978148, 0.000000000000000000 ) ) ;
#5903 = CARTESIAN_POINT ( 'NONE',  ( 0.1666204609331564945, 0.03541689458771205001, 0.000000000000000000 ) ) ;
#5904 = LINE ( 'NONE', #10139, #11339 ) ;
#5905 = EDGE_LOOP ( 'NONE', ( #12516, #10372, #4029, #7230, #5889, #11616, #11574, #9375 ) ) ;
#5906 = EDGE_CURVE ( 'NONE', #3343, #7554, #3035, .T. ) ;
#5907 =( NAMED_UNIT ( * ) PLANE_ANGLE_UNIT ( ) SI_UNIT ( $, .RADIAN. ) );
#5908 = EDGE_CURVE ( 'NONE', #7905, #12453, #10896, .T. ) ;
#5909 = AXIS2_PLACEMENT_3D ( 'NONE', #1527, #5483, #8441 ) ;
#5910 = VERTEX_POINT ( 'NONE', #9932 ) ;
#5911 = ORIENTED_EDGE ( 'NONE', *, *, #2786, .F. ) ;
#5912 = AXIS2_PLACEMENT_3D ( 'NONE', #5799, #3791, #8691 ) ;
#5913 = VECTOR ( 'NONE', #4259, 1000.000000000000227 ) ;
#5914 = EDGE_CURVE ( 'NONE', #5812, #7100, #5036, .T. ) ;
#5915 = AXIS2_PLACEMENT_3D ( 'NONE', #9381, #2679, #729 ) ;
#5916 = DIRECTION ( 'NONE',  ( 0.000000000000000000, 0.000000000000000000, 1.000000000000000000 ) ) ;
#5917 = LINE ( 'NONE', #9832, #10663 ) ;
#5918 = SURFACE_SIDE_STYLE ('',( #8873 ) ) ;
#5919 = PLANE ( 'NONE',  #3839 ) ;
#5920 = ORIENTED_EDGE ( 'NONE', *, *, #7626, .T. ) ;
#5921 = CARTESIAN_POINT ( 'NONE',  ( 0.6518290623389679794, -0.1900000000000000022, 0.1000000000000000056 ) ) ;
#5922 = FACE_OUTER_BOUND ( 'NONE', #4270, .T. ) ;
#5923 = AXIS2_PLACEMENT_3D ( 'NONE', #3473, #9151, #7279 ) ;
#5924 = CARTESIAN_POINT ( 'NONE',  ( -0.04000000087241269847, -0.1689970804587989928, 0.5999999999999999778 ) ) ;
#5925 = CARTESIAN_POINT ( 'NONE',  ( 0.06426660694131140772, 0.05328548358096039939, 0.000000000000000000 ) ) ;
#5926 = ORIENTED_EDGE ( 'NONE', *, *, #11726, .T. ) ;
#5927 = AXIS2_PLACEMENT_3D ( 'NONE', #9697, #10725, #11623 ) ;
#5928 = ORIENTED_EDGE ( 'NONE', *, *, #11578, .T. ) ;
#5929 = CARTESIAN_POINT ( 'NONE',  ( 0.2229590568833294817, 0.08538246062808670100, 0.1000000000000000056 ) ) ;
#5930 = LINE ( 'NONE', #9850, #2249 ) ;
#5931 = FACE_OUTER_BOUND ( 'NONE', #12215, .T. ) ;
#5932 = DIRECTION ( 'NONE',  ( 0.000000000000000000, 0.000000000000000000, -1.000000000000000000 ) ) ;
#5933 = VERTEX_POINT ( 'NONE', #4064 ) ;
#5934 = CIRCLE ( 'NONE', #7567, 0.001644784887872575421 ) ;
#5935 = CARTESIAN_POINT ( 'NONE',  ( 0.1854199210673869724, 0.03231188691521374307, 0.000000000000000000 ) ) ;
#5936 = CIRCLE ( 'NONE', #3641, 0.001786442369628918033 ) ;
#5937 = ORIENTED_EDGE ( 'NONE', *, *, #1941, .F. ) ;
#5938 = CARTESIAN_POINT ( 'NONE',  ( -0.2384031841765470172, -0.08610178341198850005, 0.6099999999999999867 ) ) ;
#5939 = CARTESIAN_POINT ( 'NONE',  ( -0.2366831626601859639, 0.7200000000000000844, 0.3200000000000000067 ) ) ;
#5940 = ORIENTED_EDGE ( 'NONE', *, *, #3947, .F. ) ;
#5941 = VERTEX_POINT ( 'NONE', #8003 ) ;
#5942 =( REPRESENTATION_RELATIONSHIP ('NONE','NONE', #1612, #5090 ) REPRESENTATION_RELATIONSHIP_WITH_TRANSFORMATION ( #3888 )SHAPE_REPRESENTATION_RELATIONSHIP( ) );
#5943 = ORIENTED_EDGE ( 'NONE', *, *, #845, .F. ) ;
#5944 = AXIS2_PLACEMENT_3D ( 'NONE', #3070, #7007, #12020 ) ;
#5945 = VERTEX_POINT ( 'NONE', #1153 ) ;
#5946 = AXIS2_PLACEMENT_3D ( 'NONE', #11072, #1459, #478 ) ;
#5947 = VECTOR ( 'NONE', #79, 1000.000000000000227 ) ;
#5948 = CARTESIAN_POINT ( 'NONE',  ( 0.1827416817334999999, 0.1031042345598482124, 0.1000000000000000056 ) ) ;
#5949 = DIRECTION ( 'NONE',  ( 0.000000000000000000, 0.000000000000000000, 1.000000000000000000 ) ) ;
#5950 = CARTESIAN_POINT ( 'NONE',  ( 0.1166751506721412091, 0.05486015205045460114, 0.000000000000000000 ) ) ;
#5951 = EDGE_CURVE ( 'NONE', #12366, #9793, #3229, .T. ) ;
#5952 = CARTESIAN_POINT ( 'NONE',  ( 0.1771247891859409895, 0.03514138539703020453, 0.1000000000000000056 ) ) ;
#5953 = CIRCLE ( 'NONE', #6357, 0.02999999999999997113 ) ;
#5954 = ORIENTED_EDGE ( 'NONE', *, *, #11003, .T. ) ;
#5955 = EDGE_CURVE ( 'NONE', #9483, #4973, #9026, .T. ) ;
#5956 = CARTESIAN_POINT ( 'NONE',  ( -0.8000000000000000444, -0.7112489735550608927, 0.2334995524190849880 ) ) ;
#5957 = CARTESIAN_POINT ( 'NONE',  ( 0.09334158133009319569, 0.6645957609276059719, 0.4000000000000000222 ) ) ;
#5958 = FACE_OUTER_BOUND ( 'NONE', #2530, .T. ) ;
#5959 = VERTEX_POINT ( 'NONE', #1336 ) ;
#5960 = VECTOR ( 'NONE', #10964, 1000.000000000000000 ) ;
#5961 = VERTEX_POINT ( 'NONE', #8124 ) ;
#5962 = DIRECTION ( 'NONE',  ( 1.000000000000000000, 0.000000000000000000, 0.000000000000000000 ) ) ;
#5963 = VERTEX_POINT ( 'NONE', #2258 ) ;
#5964 = AXIS2_PLACEMENT_3D ( 'NONE', #1471, #9337, #7414 ) ;
#5965 = AXIS2_PLACEMENT_3D ( 'NONE', #7152, #1279, #367 ) ;
#5966 = DIRECTION ( 'NONE',  ( 1.000000000000000000, 0.000000000000000000, 0.000000000000000000 ) ) ;
#5967 = VECTOR ( 'NONE', #9328, 1000.000000000000000 ) ;
#5968 = CIRCLE ( 'NONE', #5144, 0.08000000000000001554 ) ;
#5969 = ADVANCED_FACE ( 'NONE', ( #10244 ), #371, .T. ) ;
#5970 = DIRECTION ( 'NONE',  ( -1.000000000000000000, 0.000000000000000000, 0.000000000000000000 ) ) ;
#5971 = CARTESIAN_POINT ( 'NONE',  ( 0.8000000000000000444, 0.6612489735550610703, 0.2334995524190849880 ) ) ;
#5972 = EDGE_LOOP ( 'NONE', ( #12108, #1412, #692, #2988, #9671, #10592, #8754, #12173 ) ) ;
#5973 = LINE ( 'NONE', #914, #10285 ) ;
#5974 = CARTESIAN_POINT ( 'NONE',  ( 0.3692846560191499483, 0.03316536806220055089, 0.1000000000000000056 ) ) ;
#5975 = DIRECTION ( 'NONE',  ( 0.000000000000000000, 0.7071067811865482389, -0.7071067811865467956 ) ) ;
#5976 = ORIENTED_EDGE ( 'NONE', *, *, #10447, .F. ) ;
#5977 = SURFACE_STYLE_FILL_AREA ( #5784 ) ;
#5978 = ORIENTED_EDGE ( 'NONE', *, *, #5163, .T. ) ;
#5979 = VECTOR ( 'NONE', #4034, 1000.000000000000000 ) ;
#5980 = EDGE_CURVE ( 'NONE', #19, #5562, #12288, .T. ) ;
#5981 = EDGE_CURVE ( 'NONE', #10330, #8999, #7762, .T. ) ;
#5982 = EDGE_LOOP ( 'NONE', ( #10259, #3741, #10737, #24 ) ) ;
#5983 = AXIS2_PLACEMENT_3D ( 'NONE', #464, #10155, #3256 ) ;
#5984 = EDGE_CURVE ( 'NONE', #7204, #9304, #5292, .T. ) ;
#5985 = EDGE_CURVE ( 'NONE', #5660, #3159, #12702, .T. ) ;
#5986 = DIRECTION ( 'NONE',  ( 0.000000000000000000, 0.000000000000000000, -1.000000000000000000 ) ) ;
#5987 = EDGE_CURVE ( 'NONE', #9465, #4558, #6982, .T. ) ;
#5988 = DIRECTION ( 'NONE',  ( 0.000000000000000000, -1.000000000000000000, 0.000000000000000000 ) ) ;
#5989 = AXIS2_PLACEMENT_3D ( 'NONE', #7583, #2742, #535 ) ;
#5990 = PLANE ( 'NONE',  #116 ) ;
#5991 = ORIENTED_EDGE ( 'NONE', *, *, #11311, .T. ) ;
#5992 = DIRECTION ( 'NONE',  ( 0.0001103642291957652609, 0.9999999939098684898, 0.000000000000000000 ) ) ;
#5993 = DIRECTION ( 'NONE',  ( -1.000000000000000000, 0.000000000000000000, 0.000000000000000000 ) ) ;
#5994 = VECTOR ( 'NONE', #11886, 1000.000000000000114 ) ;
#5995 = PLANE ( 'NONE',  #11353 ) ;
#5996 = DIRECTION ( 'NONE',  ( 1.000000000000000000, 0.000000000000000000, 0.000000000000000000 ) ) ;
#5997 = ORIENTED_EDGE ( 'NONE', *, *, #4762, .F. ) ;
#5998 = EDGE_CURVE ( 'NONE', #4414, #11153, #6528, .T. ) ;
#5999 = EDGE_CURVE ( 'NONE', #454, #10125, #7225, .T. ) ;
#6000 = EDGE_LOOP ( 'NONE', ( #10141, #8346, #2551, #2561 ) ) ;
#6001 = FACE_OUTER_BOUND ( 'NONE', #5396, .T. ) ;
#6002 = EDGE_CURVE ( 'NONE', #10300, #6482, #9218, .T. ) ;
#6003 = CARTESIAN_POINT ( 'NONE',  ( 0.2798247592475764933, 0.03312752572621634889, 0.000000000000000000 ) ) ;
#6004 = DIRECTION ( 'NONE',  ( 0.3505229007137160568, -0.9365541607804871438, 0.000000000000000000 ) ) ;
#6005 = ORIENTED_EDGE ( 'NONE', *, *, #9836, .F. ) ;
#6006 = CYLINDRICAL_SURFACE ( 'NONE', #3469, 0.003369696899039689199 ) ;
#6007 = ORIENTED_EDGE ( 'NONE', *, *, #5598, .F. ) ;
#6008 = DIRECTION ( 'NONE',  ( 0.000000000000000000, 0.000000000000000000, -1.000000000000000000 ) ) ;
#6009 = ORIENTED_EDGE ( 'NONE', *, *, #265, .T. ) ;
#6011 = VERTEX_POINT ( 'NONE', #8369 ) ;
#6010 = ADVANCED_FACE ( 'NONE', ( #7156 ), #9338, .T. ) ;
#6012 = ORIENTED_EDGE ( 'NONE', *, *, #3276, .F. ) ;
#6013 = AXIS2_PLACEMENT_3D ( 'NONE', #5310, #4203, #12068 ) ;
#6014 = ORIENTED_EDGE ( 'NONE', *, *, #422, .T. ) ;
#6015 = PLANE ( 'NONE',  #4500 ) ;
#6016 = LINE ( 'NONE', #2185, #2574 ) ;
#6017 = DIRECTION ( 'NONE',  ( 0.000000000000000000, 0.000000000000000000, 1.000000000000000000 ) ) ;
#6018 = VECTOR ( 'NONE', #8258, 1000.000000000000000 ) ;
#6019 = DIRECTION ( 'NONE',  ( 0.000000000000000000, 0.000000000000000000, -1.000000000000000000 ) ) ;
#6020 = ORIENTED_EDGE ( 'NONE', *, *, #11442, .T. ) ;
#6021 = LINE ( 'NONE', #9095, #8601 ) ;
#6022 = DIRECTION ( 'NONE',  ( 0.000000000000000000, 0.000000000000000000, 1.000000000000000000 ) ) ;
#6023 = ORIENTED_EDGE ( 'NONE', *, *, #6364, .F. ) ;
#6024 = ORIENTED_EDGE ( 'NONE', *, *, #6147, .F. ) ;
#6025 = CARTESIAN_POINT ( 'NONE',  ( 0.000000000000000000, 0.000000000000000000, 0.5999999999999999778 ) ) ;
#6026 = ORIENTED_EDGE ( 'NONE', *, *, #5898, .F. ) ;
#6027 = AXIS2_PLACEMENT_3D ( 'NONE', #10815, #12698, #8701 ) ;
#6028 = EDGE_CURVE ( 'NONE', #6406, #3963, #11271, .T. ) ;
#6029 = DIRECTION ( 'NONE',  ( 0.000000000000000000, 0.000000000000000000, 1.000000000000000000 ) ) ;
#6030 = LINE ( 'NONE', #11031, #7756 ) ;
#6031 = CARTESIAN_POINT ( 'NONE',  ( -0.1131615436026759958, 0.3572978804638030081, 0.4000000000000000222 ) ) ;
#6032 = ORIENTED_EDGE ( 'NONE', *, *, #7709, .T. ) ;
#6033 = VECTOR ( 'NONE', #1438, 1000.000000000000000 ) ;
#6034 = DIRECTION ( 'NONE',  ( -0.9629219069784626939, 0.2697802829358748600, 0.000000000000000000 ) ) ;
#6035 = DIRECTION ( 'NONE',  ( -4.395304079399130666E-12, -1.000000000000000000, 0.000000000000000000 ) ) ;
#6036 = AXIS2_PLACEMENT_3D ( 'NONE', #8156, #3261, #4286 ) ;
#6037 = LINE ( 'NONE', #984, #4135 ) ;
#6038 = ORIENTED_EDGE ( 'NONE', *, *, #10463, .T. ) ;
#6039 = ORIENTED_EDGE ( 'NONE', *, *, #8475, .T. ) ;
#6040 = ORIENTED_EDGE ( 'NONE', *, *, #816, .F. ) ;
#6041 = EDGE_CURVE ( 'NONE', #3263, #4965, #1220, .T. ) ;
#6042 = VECTOR ( 'NONE', #74, 1000.000000000000000 ) ;
#6043 = DIRECTION ( 'NONE',  ( 0.9080958435672259466, 0.4187623895431969445, 0.000000000000000000 ) ) ;
#6044 = DIRECTION ( 'NONE',  ( 0.000000000000000000, 0.000000000000000000, -1.000000000000000000 ) ) ;
#6045 = DIRECTION ( 'NONE',  ( 0.000000000000000000, 0.000000000000000000, 1.000000000000000000 ) ) ;
#6046 = ORIENTED_EDGE ( 'NONE', *, *, #5422, .F. ) ;
#6047 = DIRECTION ( 'NONE',  ( 0.003267179202020180796, -0.9999946627557879664, 0.000000000000000000 ) ) ;
#6048 = DIRECTION ( 'NONE',  ( 0.000000000000000000, 1.000000000000000000, 0.000000000000000000 ) ) ;
#6049 = CARTESIAN_POINT ( 'NONE',  ( -0.2366831626601860195, -0.7134565741727723065, 0.2923153697564827569 ) ) ;
#6050 = LINE ( 'NONE', #6750, #12548 ) ;
#6051 = ORIENTED_EDGE ( 'NONE', *, *, #7406, .F. ) ;
#6052 = EDGE_LOOP ( 'NONE', ( #3997, #9879, #4767, #11264 ) ) ;
#6053 = EDGE_CURVE ( 'NONE', #6807, #4786, #5230, .T. ) ;
#6054 = LINE ( 'NONE', #3985, #125 ) ;
#6055 = PLANE ( 'NONE',  #3904 ) ;
#6056 = EDGE_CURVE ( 'NONE', #8707, #5850, #327, .T. ) ;
#6057 = PLANE ( 'NONE',  #591 ) ;
#6058 = FACE_OUTER_BOUND ( 'NONE', #6870, .T. ) ;
#6059 = EDGE_CURVE ( 'NONE', #10883, #10172, #4249, .T. ) ;
#6060 = VERTEX_POINT ( 'NONE', #10057 ) ;
#6061 = DIRECTION ( 'NONE',  ( 0.07118653010745067122, -0.9974630208339861914, 0.000000000000000000 ) ) ;
#6062 = CARTESIAN_POINT ( 'NONE',  ( 0.8000000000000000444, -0.7112489735550608927, 0.2334995524190849880 ) ) ;
#6063 = DIRECTION ( 'NONE',  ( -0.9638052351618044966, 0.2666073304969288627, 0.000000000000000000 ) ) ;
#6064 = VERTEX_POINT ( 'NONE', #5170 ) ;
#6065 = EDGE_LOOP ( 'NONE', ( #1049, #3024, #2368, #2856 ) ) ;
#6066 = EDGE_CURVE ( 'NONE', #6207, #5510, #8186, .T. ) ;
#6067 = EDGE_CURVE ( 'NONE', #8617, #9144, #4055, .T. ) ;
#6068 = ORIENTED_EDGE ( 'NONE', *, *, #3602, .T. ) ;
#6069 = ORIENTED_EDGE ( 'NONE', *, *, #7300, .F. ) ;
#6070 = LINE ( 'NONE', #11803, #5127 ) ;
#6071 = EDGE_CURVE ( 'NONE', #6080, #225, #7343, .T. ) ;
#6072 = LINE ( 'NONE', #4128, #4023 ) ;
#6073 = DIRECTION ( 'NONE',  ( 0.000000000000000000, 0.000000000000000000, -1.000000000000000000 ) ) ;
#6074 = LINE ( 'NONE', #7040, #11043 ) ;
#6075 = EDGE_LOOP ( 'NONE', ( #952, #10304, #278, #4581 ) ) ;
#6076 = DIRECTION ( 'NONE',  ( 0.000000000000000000, 0.000000000000000000, -1.000000000000000000 ) ) ;
#6077 = FACE_OUTER_BOUND ( 'NONE', #11189, .T. ) ;
#6078 = VERTEX_POINT ( 'NONE', #8503 ) ;
#6079 =( BOUNDED_CURVE ( )  B_SPLINE_CURVE ( 3, ( #11551, #2711, #6655, #7751 ),
 .UNSPECIFIED., .F., .F. ) 
 B_SPLINE_CURVE_WITH_KNOTS ( ( 4, 4 ),
 ( 4.644051076073493434, 4.712388980384689674 ),
 .UNSPECIFIED. ) 
 CURVE ( )  GEOMETRIC_REPRESENTATION_ITEM ( )  RATIONAL_B_SPLINE_CURVE ( ( 1.000000000000000000, 0.9996108654318511810, 0.9996108654318511810, 1.000000000000000000 ) ) 
 REPRESENTATION_ITEM ( '' )  );
#6080 = VERTEX_POINT ( 'NONE', #3667 ) ;
#6081 = DIRECTION ( 'NONE',  ( 0.000000000000000000, 0.000000000000000000, 1.000000000000000000 ) ) ;
#6082 = ORIENTED_EDGE ( 'NONE', *, *, #3989, .T. ) ;
#6083 = DIRECTION ( 'NONE',  ( -1.000000000000000000, 0.000000000000000000, 0.000000000000000000 ) ) ;
#6084 = DIRECTION ( 'NONE',  ( 1.000000000000000000, 0.000000000000000000, 0.000000000000000000 ) ) ;
#6085 = CARTESIAN_POINT ( 'NONE',  ( -0.8000000000000000444, 0.6612489735550610703, 0.2834995524190850325 ) ) ;
#6086 = ORIENTED_EDGE ( 'NONE', *, *, #10781, .T. ) ;
#6087 = DIRECTION ( 'NONE',  ( 0.4472136033030539304, -0.8944271870983677708, 0.000000000000000000 ) ) ;
#6088 = DIRECTION ( 'NONE',  ( -0.8000000104689515279, 0.5999999860413978148, 0.000000000000000000 ) ) ;
#6089 = CARTESIAN_POINT ( 'NONE',  ( -0.8000000000000000444, 0.8000000000000000444, 0.000000000000000000 ) ) ;
#6090 = VERTEX_POINT ( 'NONE', #8698 ) ;
#6091 =( NAMED_UNIT ( * ) SI_UNIT ( $, .STERADIAN. ) SOLID_ANGLE_UNIT ( ) );
#6092 = ORIENTED_EDGE ( 'NONE', *, *, #7565, .T. ) ;
#6093 = AXIS2_PLACEMENT_3D ( 'NONE', #7148, #12110, #1402 ) ;
#6094 = ORIENTED_EDGE ( 'NONE', *, *, #12348, .F. ) ;
#6095 = LINE ( 'NONE', #7864, #7467 ) ;
#6096 = DIRECTION ( 'NONE',  ( 0.000000000000000000, 0.000000000000000000, -1.000000000000000000 ) ) ;
#6097 = FACE_OUTER_BOUND ( 'NONE', #9418, .T. ) ;
#6098 = DIRECTION ( 'NONE',  ( 0.000000000000000000, 1.000000000000000000, 0.000000000000000000 ) ) ;
#6099 = VERTEX_POINT ( 'NONE', #2762 ) ;
#6100 = CARTESIAN_POINT ( 'NONE',  ( 0.2948190126206809980, 0.07230246479118460079, 0.000000000000000000 ) ) ;
#6101 = DIRECTION ( 'NONE',  ( 0.000000000000000000, 0.000000000000000000, 1.000000000000000000 ) ) ;
#6102 = EDGE_CURVE ( 'NONE', #4419, #10068, #7350, .T. ) ;
#6103 = LINE ( 'NONE', #1187, #10239 ) ;
#6104 = EDGE_CURVE ( 'NONE', #7273, #4905, #7536, .T. ) ;
#6105 = CARTESIAN_POINT ( 'NONE',  ( 0.2407593021428414970, 0.09188740274345869041, 0.1000000000000000056 ) ) ;
#6106 = DIRECTION ( 'NONE',  ( -1.000000000000000000, 0.000000000000000000, 0.000000000000000000 ) ) ;
#6107 = ORIENTED_EDGE ( 'NONE', *, *, #7246, .F. ) ;
#6108 = TOROIDAL_SURFACE ( 'NONE', #5494, 0.5699999999999999512, 0.03000000000000000236 ) ;
#6109 = VECTOR ( 'NONE', #12062, 1000.000000000000000 ) ;
#6110 = ORIENTED_EDGE ( 'NONE', *, *, #832, .T. ) ;
#6111 = CARTESIAN_POINT ( 'NONE',  ( 0.1866831626601859750, -0.6645957609276059719, 0.4000000000000000222 ) ) ;
#6112 = VECTOR ( 'NONE', #4682, 1000.000000000000114 ) ;
#6113 = FACE_OUTER_BOUND ( 'NONE', #1289, .T. ) ;
#6114 = PRESENTATION_STYLE_ASSIGNMENT (( #2168 ) ) ;
#6115 = ORIENTED_EDGE ( 'NONE', *, *, #10148, .F. ) ;
#6116 = AXIS2_PLACEMENT_3D ( 'NONE', #8771, #7096, #1881 ) ;
#6117 = DIRECTION ( 'NONE',  ( 0.000000000000000000, 0.7071067811865482389, 0.7071067811865467956 ) ) ;
#6118 = EDGE_CURVE ( 'NONE', #4774, #5933, #8996, .T. ) ;
#6119 = CARTESIAN_POINT ( 'NONE',  ( 0.2244938586426810101, 0.03535415641922545066, 0.000000000000000000 ) ) ;
#6120 = AXIS2_PLACEMENT_3D ( 'NONE', #6923, #6992, #979 ) ;
#6121 = ORIENTED_EDGE ( 'NONE', *, *, #9277, .T. ) ;
#6122 = ORIENTED_EDGE ( 'NONE', *, *, #7760, .F. ) ;
#6123 = ORIENTED_EDGE ( 'NONE', *, *, #7087, .T. ) ;
#6124 = EDGE_CURVE ( 'NONE', #12453, #2008, #2696, .T. ) ;
#6125 = EDGE_CURVE ( 'NONE', #4169, #2230, #4509, .T. ) ;
#6126 = CIRCLE ( 'NONE', #5517, 0.07999999999999998779 ) ;
#6127 = ORIENTED_EDGE ( 'NONE', *, *, #2745, .F. ) ;
#6128 = AXIS2_PLACEMENT_3D ( 'NONE', #7495, #7553, #5572 ) ;
#6129 = DIRECTION ( 'NONE',  ( -1.000000000000000000, 0.000000000000000000, 0.000000000000000000 ) ) ;
#6130 = AXIS2_PLACEMENT_3D ( 'NONE', #5676, #9592, #7670 ) ;
#6131 = EDGE_CURVE ( 'NONE', #8674, #9465, #6639, .T. ) ;
#6132 = DIRECTION ( 'NONE',  ( -1.000000000000000000, 0.000000000000000000, 0.000000000000000000 ) ) ;
#6133 = EDGE_CURVE ( 'NONE', #1117, #5297, #6126, .T. ) ;
#6134 = FACE_OUTER_BOUND ( 'NONE', #10888, .T. ) ;
#6135 = EDGE_CURVE ( 'NONE', #10264, #494, #7416, .T. ) ;
#6136 = DIRECTION ( 'NONE',  ( 0.000000000000000000, 0.000000000000000000, -1.000000000000000000 ) ) ;
#6137 = ORIENTED_EDGE ( 'NONE', *, *, #5811, .T. ) ;
#6138 = CARTESIAN_POINT ( 'NONE',  ( 0.2054260905944750026, 0.08501342326454189302, 0.1000000000000000056 ) ) ;
#6139 = DIRECTION ( 'NONE',  ( 0.000000000000000000, -1.000000000000000000, 0.000000000000000000 ) ) ;
#6140 = ORIENTED_EDGE ( 'NONE', *, *, #7845, .F. ) ;
#6141 = VERTEX_POINT ( 'NONE', #1529 ) ;
#6142 = AXIS2_PLACEMENT_3D ( 'NONE', #11580, #2743, #8422 ) ;
#6143 = FACE_OUTER_BOUND ( 'NONE', #5639, .T. ) ;
#6144 = VECTOR ( 'NONE', #3137, 1000.000000000000000 ) ;
#6145 = VERTEX_POINT ( 'NONE', #2504 ) ;
#6146 = CIRCLE ( 'NONE', #4907, 0.3999999999999999667 ) ;
#6147 = EDGE_CURVE ( 'NONE', #6256, #9249, #2202, .T. ) ;
#6148 = CARTESIAN_POINT ( 'NONE',  ( 0.4000000000000000222, 0.000000000000000000, 0.5999999999999999778 ) ) ;
#6149 = VECTOR ( 'NONE', #11160, 1000.000000000000114 ) ;
#6150 = VECTOR ( 'NONE', #11092, 1000.000000000000000 ) ;
#6151 = CARTESIAN_POINT ( 'NONE',  ( 0.3275185278131149680, 0.03432414033187365654, 0.1000000000000000056 ) ) ;
#6152 = DIRECTION ( 'NONE',  ( -1.000000000000000000, 0.000000000000000000, 0.000000000000000000 ) ) ;
#6153 = ORIENTED_EDGE ( 'NONE', *, *, #2587, .T. ) ;
#6154 = CARTESIAN_POINT ( 'NONE',  ( 0.02716305715891570091, 0.03179428010923664866, 0.000000000000000000 ) ) ;
#6155 = CARTESIAN_POINT ( 'NONE',  ( -0.1131615436026759958, -0.7145957609276060163, 0.2967297185801399673 ) ) ;
#6156 = VECTOR ( 'NONE', #9091, 1000.000000000000000 ) ;
#6157 = DIRECTION ( 'NONE',  ( 0.000000000000000000, 0.000000000000000000, 1.000000000000000000 ) ) ;
#6158 = VERTEX_POINT ( 'NONE', #5619 ) ;
#6159 =( LENGTH_UNIT ( ) NAMED_UNIT ( * ) SI_UNIT ( .MILLI., .METRE. ) );
#6160 = ORIENTED_EDGE ( 'NONE', *, *, #8077, .T. ) ;
#6161 = AXIS2_PLACEMENT_3D ( 'NONE', #5685, #12578, #3746 ) ;
#6162 = ORIENTED_EDGE ( 'NONE', *, *, #679, .F. ) ;
#6163 = CIRCLE ( 'NONE', #572, 0.001147022812668636958 ) ;
#6164 = AXIS2_PLACEMENT_3D ( 'NONE', #5471, #12168, #5275 ) ;
#6165 = DIRECTION ( 'NONE',  ( 0.000000000000000000, 0.000000000000000000, 1.000000000000000000 ) ) ;
#6166 = VECTOR ( 'NONE', #10689, 1000.000000000000000 ) ;
#6167 = PLANE ( 'NONE',  #9434 ) ;
#6168 = DIRECTION ( 'NONE',  ( 0.000000000000000000, 0.000000000000000000, 1.000000000000000000 ) ) ;
#6169 = VECTOR ( 'NONE', #242, 1000.000000000000000 ) ;
#6170 = CARTESIAN_POINT ( 'NONE',  ( 0.1198319356003372110, 0.05391554160110449689, 0.1000000000000000056 ) ) ;
#6171 = ORIENTED_EDGE ( 'NONE', *, *, #9634, .F. ) ;
#6172 = DIRECTION ( 'NONE',  ( 0.000000000000000000, -0.7071067811865482389, 0.7071067811865467956 ) ) ;
#6173 = DIRECTION ( 'NONE',  ( -1.000000000000000000, 0.000000000000000000, 0.000000000000000000 ) ) ;
#6174 = CARTESIAN_POINT ( 'NONE',  ( -0.1866831626601859750, 0.6645957609276059719, 0.4000000000000000222 ) ) ;
#6175 = AXIS2_PLACEMENT_3D ( 'NONE', #3382, #5399, #1190 ) ;
#6176 = DIRECTION ( 'NONE',  ( -0.2737439921154189437, -0.9618025924173386754, 0.000000000000000000 ) ) ;
#6177 = CARTESIAN_POINT ( 'NONE',  ( -0.04000000087241269847, -0.08899708045879850538, 0.5999999999999999778 ) ) ;
#6178 = VECTOR ( 'NONE', #34, 1000.000000000000000 ) ;
#6179 = ORIENTED_EDGE ( 'NONE', *, *, #5064, .T. ) ;
#6180 = EDGE_LOOP ( 'NONE', ( #7364, #3606, #10388, #5612, #3243 ) ) ;
#6181 = LINE ( 'NONE', #7133, #3622 ) ;
#6182 = APPLICATION_CONTEXT ( 'automotive_design' ) ;
#6183 = ADVANCED_FACE ( 'NONE', ( #12374 ), #12497, .T. ) ;
#6184 = FACE_OUTER_BOUND ( 'NONE', #5666, .T. ) ;
#6185 = PLANE ( 'NONE',  #4240 ) ;
#6186 = EDGE_LOOP ( 'NONE', ( #688, #1109, #12634, #3119 ) ) ;
#6187 = VECTOR ( 'NONE', #3771, 1000.000000000000000 ) ;
#6188 = LINE ( 'NONE', #9203, #1008 ) ;
#6189 = DIRECTION ( 'NONE',  ( 0.000000000000000000, 0.000000000000000000, 1.000000000000000000 ) ) ;
#6190 = UNCERTAINTY_MEASURE_WITH_UNIT (LENGTH_MEASURE( 1.000000000000000082E-05 ), #9059, 'distance_accuracy_value', 'NONE');
#6191 = CARTESIAN_POINT ( 'NONE',  ( 0.1692965698667100172, -0.1813925120511919731, 0.6099999999999999867 ) ) ;
#6192 = VERTEX_POINT ( 'NONE', #6697 ) ;
#6193 = ORIENTED_EDGE ( 'NONE', *, *, #422, .F. ) ;
#6194 = ORIENTED_EDGE ( 'NONE', *, *, #4057, .T. ) ;
#6195 = AXIS2_PLACEMENT_3D ( 'NONE', #10577, #6467, #3560 ) ;
#6196 = FACE_OUTER_BOUND ( 'NONE', #6324, .T. ) ;
#6197 = EDGE_CURVE ( 'NONE', #5109, #9777, #8562, .T. ) ;
#6198 = LINE ( 'NONE', #11340, #570 ) ;
#6199 = CARTESIAN_POINT ( 'NONE',  ( 0.2750000000000000222, -0.5162425576250000425, 0.2834995524190850325 ) ) ;
#6200 = CARTESIAN_POINT ( 'NONE',  ( 0.1054327468312629967, 0.03314860092336230357, 0.000000000000000000 ) ) ;
#6201 = EDGE_CURVE ( 'NONE', #5210, #4922, #2629, .T. ) ;
#6202 = DIRECTION ( 'NONE',  ( 0.000000000000000000, 0.2498780111313130825, 0.9682773257456043225 ) ) ;
#6203 = ORIENTED_EDGE ( 'NONE', *, *, #7863, .F. ) ;
#6204 = CARTESIAN_POINT ( 'NONE',  ( 0.8499999999999999778, 0.09000000000000001055, 0.000000000000000000 ) ) ;
#6205 = AXIS2_PLACEMENT_3D ( 'NONE', #1494, #4728, #12589 ) ;
#6206 = CARTESIAN_POINT ( 'NONE',  ( -0.4813203788666904348, 0.000000000000000000, 0.6913203788665051031 ) ) ;
#6207 = VERTEX_POINT ( 'NONE', #11465 ) ;
#6208 = ORIENTED_EDGE ( 'NONE', *, *, #2417, .T. ) ;
#6209 = ORIENTED_EDGE ( 'NONE', *, *, #10595, .T. ) ;
#6210 = EDGE_CURVE ( 'NONE', #6382, #8194, #4769, .T. ) ;
#6211 = AXIS2_PLACEMENT_3D ( 'NONE', #6716, #10901, #6022 ) ;
#6212 = LINE ( 'NONE', #3358, #4371 ) ;
#6213 = EDGE_CURVE ( 'NONE', #2882, #9290, #4635, .T. ) ;
#6214 = DIRECTION ( 'NONE',  ( -0.2572057851945653284, 0.9663566546893785913, 0.000000000000000000 ) ) ;
#6215 = CARTESIAN_POINT ( 'NONE',  ( -0.1075617986720861230, 0.09310241639405300584, 0.5999999999999999778 ) ) ;
#6216 = ORIENTED_EDGE ( 'NONE', *, *, #5480, .T. ) ;
#6217 = EDGE_CURVE ( 'NONE', #913, #10170, #12568, .T. ) ;
#6218 = DIRECTION ( 'NONE',  ( 0.000000000000000000, -0.7071067811865482389, 0.7071067811865467956 ) ) ;
#6219 = FACE_OUTER_BOUND ( 'NONE', #10855, .T. ) ;
#6220 = CARTESIAN_POINT ( 'NONE',  ( 0.8000000000000000444, -0.7200000000000000844, 0.08000000000000000167 ) ) ;
#6221 = ORIENTED_EDGE ( 'NONE', *, *, #923, .T. ) ;
#6222 = ORIENTED_EDGE ( 'NONE', *, *, #2102, .F. ) ;
#6223 = SURFACE_STYLE_USAGE ( .BOTH. , #2281 ) ;
#6224 = ORIENTED_EDGE ( 'NONE', *, *, #3941, .F. ) ;
#6225 = AXIS2_PLACEMENT_3D ( 'NONE', #6685, #10606, #3650 ) ;
#6226 = EDGE_CURVE ( 'NONE', #811, #3955, #331, .T. ) ;
#6227 = EDGE_CURVE ( 'NONE', #7204, #6807, #7979, .T. ) ;
#6228 = DIRECTION ( 'NONE',  ( -1.000000000000000000, 0.000000000000000000, 0.000000000000000000 ) ) ;
#6229 = CYLINDRICAL_SURFACE ( 'NONE', #1231, 0.0009676454724394081743 ) ;
#6230 = MECHANICAL_DESIGN_GEOMETRIC_PRESENTATION_REPRESENTATION (  '', ( #8902 ), #4157 ) ;
#6231 = LINE ( 'NONE', #4211, #1395 ) ;
#6232 = ADVANCED_FACE ( 'NONE', ( #11659 ), #1313, .F. ) ;
#6233 = DIRECTION ( 'NONE',  ( 3.862113743573760375E-12, 1.000000000000000000, 0.000000000000000000 ) ) ;
#6234 = DIRECTION ( 'NONE',  ( 0.000000000000000000, -1.000000000000000000, 0.000000000000000000 ) ) ;
#6235 = ORIENTED_EDGE ( 'NONE', *, *, #9982, .F. ) ;
#6236 = CYLINDRICAL_SURFACE ( 'NONE', #1227, 0.08000000000000002942 ) ;
#6237 = FACE_OUTER_BOUND ( 'NONE', #7923, .T. ) ;
#6238 = FACE_OUTER_BOUND ( 'NONE', #8118, .T. ) ;
#6239 = ORIENTED_EDGE ( 'NONE', *, *, #11573, .T. ) ;
#6240 = DIRECTION ( 'NONE',  ( -1.000000000000000000, 0.000000000000000000, 0.000000000000000000 ) ) ;
#6241 = LINE ( 'NONE', #8046, #10270 ) ;
#6242 = ORIENTED_EDGE ( 'NONE', *, *, #8887, .F. ) ;
#6243 = ORIENTED_EDGE ( 'NONE', *, *, #7695, .F. ) ;
#6244 = PRODUCT_DEFINITION_FORMATION_WITH_SPECIFIED_SOURCE ( 'ANY', '', #10152, .NOT_KNOWN. ) ;
#6245 = CARTESIAN_POINT ( 'NONE',  ( 0.2636223749452199505, 0.1813925120511929723, 0.5999999999999999778 ) ) ;
#6246 = PLANE ( 'NONE',  #9224 ) ;
#6247 = CARTESIAN_POINT ( 'NONE',  ( -0.8000000000000000444, 0.7200000000000000844, 0.08000000000000000167 ) ) ;
#6248 = DIRECTION ( 'NONE',  ( 0.000000000000000000, -0.7071067811865482389, 0.7071067811865467956 ) ) ;
#6249 = VERTEX_POINT ( 'NONE', #4897 ) ;
#6250 = DIRECTION ( 'NONE',  ( 0.000000000000000000, 0.000000000000000000, 1.000000000000000000 ) ) ;
#6251 = CARTESIAN_POINT ( 'NONE',  ( 0.8000000000000000444, -0.6612489735550610703, 0.2834995524190850325 ) ) ;
#6252 = LINE ( 'NONE', #4237, #376 ) ;
#6253 = ORIENTED_EDGE ( 'NONE', *, *, #10604, .F. ) ;
#6254 = ORIENTED_EDGE ( 'NONE', *, *, #12185, .F. ) ;
#6255 = ADVANCED_FACE ( 'NONE', ( #2155 ), #6768, .F. ) ;
#6256 = VERTEX_POINT ( 'NONE', #10694 ) ;
#6257 = DIRECTION ( 'NONE',  ( 0.000000000000000000, -1.000000000000000000, 3.252606517456511724E-15 ) ) ;
#6258 = DIRECTION ( 'NONE',  ( -0.2511633122926570927, -0.9679447249498193129, 0.000000000000000000 ) ) ;
#6259 = CARTESIAN_POINT ( 'NONE',  ( 0.8499999999999999778, 0.09000000000000001055, 0.000000000000000000 ) ) ;
#6260 = CARTESIAN_POINT ( 'NONE',  ( -0.2366831626601859639, -0.8000000000000000444, 0.2000000000000000111 ) ) ;
#6261 = DIRECTION ( 'NONE',  ( 0.000000000000000000, 0.000000000000000000, 1.000000000000000000 ) ) ;
#6262 = ORIENTED_EDGE ( 'NONE', *, *, #687, .F. ) ;
#6263 = CARTESIAN_POINT ( 'NONE',  ( -0.04000000087241269847, 0.1689970804587989928, 0.5999999999999999778 ) ) ;
#6264 = ADVANCED_FACE ( 'NONE', ( #1863 ), #8828, .F. ) ;
#6265 = PLANE ( 'NONE',  #6415 ) ;
#6266 = EDGE_LOOP ( 'NONE', ( #5623, #9423, #562, #7809 ) ) ;
#6267 = ORIENTED_EDGE ( 'NONE', *, *, #4787, .F. ) ;
#6268 = ORIENTED_EDGE ( 'NONE', *, *, #326, .F. ) ;
#6269 = DIRECTION ( 'NONE',  ( -0.9365541607805349944, -0.3505229007135877151, 0.000000000000000000 ) ) ;
#6270 = DIRECTION ( 'NONE',  ( 0.000000000000000000, 0.000000000000000000, 1.000000000000000000 ) ) ;
#6271 = DIRECTION ( 'NONE',  ( -0.9616124132327621421, 0.2744113093818539295, 0.000000000000000000 ) ) ;
#6272 = EDGE_LOOP ( 'NONE', ( #11649, #6892, #3616, #5413 ) ) ;
#6273 = DIRECTION ( 'NONE',  ( -1.000000000000000000, 0.000000000000000000, 0.000000000000000000 ) ) ;
#6274 = DIRECTION ( 'NONE',  ( 0.000000000000000000, 0.000000000000000000, -1.000000000000000000 ) ) ;
#6275 = EDGE_CURVE ( 'NONE', #3362, #4169, #5936, .T. ) ;
#6276 = CARTESIAN_POINT ( 'NONE',  ( -0.04000000087241269847, -0.08899708045879850538, 0.5999999999999999778 ) ) ;
#6277 = ORIENTED_EDGE ( 'NONE', *, *, #7960, .T. ) ;
#6278 = ORIENTED_EDGE ( 'NONE', *, *, #3764, .T. ) ;
#6279 =( NAMED_UNIT ( * ) SI_UNIT ( $, .STERADIAN. ) SOLID_ANGLE_UNIT ( ) );
#6280 = ORIENTED_EDGE ( 'NONE', *, *, #4868, .T. ) ;
#6281 = ADVANCED_FACE ( 'NONE', ( #6237 ), #12694, .T. ) ;
#6282 = EDGE_CURVE ( 'NONE', #11275, #3511, #2830, .T. ) ;
#6283 = CARTESIAN_POINT ( 'NONE',  ( -0.08226357805285371139, 0.1689970804587989928, 0.5999999999999999778 ) ) ;
#6284 = PLANE ( 'NONE',  #10872 ) ;
#6285 = CARTESIAN_POINT ( 'NONE',  ( 0.2041409101118285274, 0.03233636505946335671, 0.1000000000000000056 ) ) ;
#6286 = EDGE_CURVE ( 'NONE', #3330, #12224, #4105, .T. ) ;
#6287 = DIRECTION ( 'NONE',  ( -1.000000000000000000, 0.000000000000000000, 0.000000000000000000 ) ) ;
#6288 = ORIENTED_EDGE ( 'NONE', *, *, #10404, .F. ) ;
#6289 = EDGE_CURVE ( 'NONE', #11126, #3869, #2902, .T. ) ;
#6290 = FACE_OUTER_BOUND ( 'NONE', #2667, .T. ) ;
#6291 = FACE_OUTER_BOUND ( 'NONE', #12167, .T. ) ;
#6292 = DIRECTION ( 'NONE',  ( 0.4653753323071734282, 0.8851134391025751169, 0.000000000000000000 ) ) ;
#6293 = VERTEX_POINT ( 'NONE', #7124 ) ;
#6294 = CLOSED_SHELL ( 'NONE', ( #12477, #12282, #8455, #7143, #7635, #1044, #2431, #2174, #7875 ) ) ;
#6295 = CARTESIAN_POINT ( 'NONE',  ( 0.1866831626601859750, 0.7145957609276060163, 0.4000000000000000222 ) ) ;
#6296 = AXIS2_PLACEMENT_3D ( 'NONE', #12639, #11671, #4585 ) ;
#6297 = CARTESIAN_POINT ( 'NONE',  ( -0.1131615436026759958, -0.7145957609276060163, 0.2967297185801399673 ) ) ;
#6298 = VERTEX_POINT ( 'NONE', #10096 ) ;
#6299 = EDGE_CURVE ( 'NONE', #2675, #6624, #9183, .T. ) ;
#6300 = DIRECTION ( 'NONE',  ( 0.4653753323071734282, 0.8851134391025751169, 0.000000000000000000 ) ) ;
#6301 = CARTESIAN_POINT ( 'NONE',  ( 0.1394058957968996038, 0.03730632075204060039, 0.1000000000000000056 ) ) ;
#6302 = LINE ( 'NONE', #4556, #10079 ) ;
#6303 = CARTESIAN_POINT ( 'NONE',  ( 0.8000000000000000444, 0.7112489735550608927, 0.1219992644886569999 ) ) ;
#6304 = ORIENTED_EDGE ( 'NONE', *, *, #1403, .F. ) ;
#6305 = LINE ( 'NONE', #541, #3079 ) ;
#6306 = DIRECTION ( 'NONE',  ( 0.000000000000000000, -1.000000000000000000, 0.000000000000000000 ) ) ;
#6307 = CIRCLE ( 'NONE', #6924, 0.08000000000000002942 ) ;
#6308 = AXIS2_PLACEMENT_3D ( 'NONE', #1710, #3717, #2744 ) ;
#6309 = DIRECTION ( 'NONE',  ( 0.4472136033030539304, -0.8944271870983677708, 0.000000000000000000 ) ) ;
#6310 = EDGE_LOOP ( 'NONE', ( #5178, #8797, #10410, #6962 ) ) ;
#6311 = ORIENTED_EDGE ( 'NONE', *, *, #2907, .F. ) ;
#6312 = VECTOR ( 'NONE', #9955, 1000.000000000000000 ) ;
#6313 = ORIENTED_EDGE ( 'NONE', *, *, #5998, .T. ) ;
#6314 = FACE_OUTER_BOUND ( 'NONE', #3160, .T. ) ;
#6315 = CIRCLE ( 'NONE', #5703, 0.05000000000000002359 ) ;
#6316 = VECTOR ( 'NONE', #10711, 1000.000000000000000 ) ;
#6317 = CARTESIAN_POINT ( 'NONE',  ( 0.8000000000000000444, -0.6720850402994529293, 0.1320006705979399897 ) ) ;
#6318 = VECTOR ( 'NONE', #9436, 1000.000000000000000 ) ;
#6319 = CARTESIAN_POINT ( 'NONE',  ( -0.1131615436026759958, -0.7145957609276060163, 0.2967297185801399673 ) ) ;
#6320 = DIRECTION ( 'NONE',  ( 0.000000000000000000, 0.000000000000000000, 1.000000000000000000 ) ) ;
#6321 = ORIENTED_EDGE ( 'NONE', *, *, #6606, .T. ) ;
#6322 = DIRECTION ( 'NONE',  ( 0.000000000000000000, 0.000000000000000000, -1.000000000000000000 ) ) ;
#6323 = CARTESIAN_POINT ( 'NONE',  ( -0.4000000000000000222, -0.7200000000000000844, 0.08000000000000000167 ) ) ;
#6324 = EDGE_LOOP ( 'NONE', ( #8175, #8322, #493, #2933 ) ) ;
#6325 = ORIENTED_EDGE ( 'NONE', *, *, #5987, .T. ) ;
#6326 = AXIS2_PLACEMENT_3D ( 'NONE', #11808, #4003, #2001 ) ;
#6327 = ORIENTED_EDGE ( 'NONE', *, *, #5898, .T. ) ;
#6328 = VECTOR ( 'NONE', #12710, 1000.000000000000000 ) ;
#6329 = AXIS2_PLACEMENT_3D ( 'NONE', #8793, #8672, #7841 ) ;
#6330 = CARTESIAN_POINT ( 'NONE',  ( 0.8000000000000000444, -0.6612489735550610703, 0.2334995524190849880 ) ) ;
#6331 = EDGE_CURVE ( 'NONE', #12450, #7927, #5871, .T. ) ;
#6332 = DIRECTION ( 'NONE',  ( 0.9631366855604261978, -0.2690124995751618786, 0.000000000000000000 ) ) ;
#6333 = CARTESIAN_POINT ( 'NONE',  ( 0.2244975015936664930, 0.03316117662571935187, 0.000000000000000000 ) ) ;
#6334 = ORIENTED_EDGE ( 'NONE', *, *, #10066, .F. ) ;
#6335 = CIRCLE ( 'NONE', #5531, 0.08000000000000002942 ) ;
#6336 = CARTESIAN_POINT ( 'NONE',  ( 0.06557364123081391161, 0.03601309922746600417, 0.000000000000000000 ) ) ;
#6337 = DIRECTION ( 'NONE',  ( 1.000000000000000000, 0.000000000000000000, 0.000000000000000000 ) ) ;
#6338 = CARTESIAN_POINT ( 'NONE',  ( 0.8000000000000000444, -0.7405531811372209061, 0.3973147252801209617 ) ) ;
#6339 = VERTEX_POINT ( 'NONE', #3797 ) ;
#6340 = VERTEX_POINT ( 'NONE', #7733 ) ;
#6341 = CARTESIAN_POINT ( 'NONE',  ( 0.000000000000000000, 0.000000000000000000, 0.000000000000000000 ) ) ;
#6342 = ORIENTED_EDGE ( 'NONE', *, *, #3292, .T. ) ;
#6343 = AXIS2_PLACEMENT_3D ( 'NONE', #4813, #11706, #1907 ) ;
#6344 = TOROIDAL_SURFACE ( 'NONE', #9636, 0.5025335823021011006, 0.03000000000000000236 ) ;
#6345 = EDGE_CURVE ( 'NONE', #10935, #5355, #7069, .T. ) ;
#6346 = CARTESIAN_POINT ( 'NONE',  ( 0.3454662753161740207, 0.03316537007306775281, 0.000000000000000000 ) ) ;
#6347 = AXIS2_PLACEMENT_3D ( 'NONE', #10333, #6710, #6784 ) ;
#6348 = DIRECTION ( 'NONE',  ( -1.000000000000000000, 0.000000000000000000, 0.000000000000000000 ) ) ;
#6349 = DIRECTION ( 'NONE',  ( 0.000000000000000000, 0.000000000000000000, -1.000000000000000000 ) ) ;
#6350 = CARTESIAN_POINT ( 'NONE',  ( 0.3214840194989480038, 0.07293524005556109580, 0.000000000000000000 ) ) ;
#6351 = EDGE_LOOP ( 'NONE', ( #5546, #6221, #142, #5431 ) ) ;
#6352 = FACE_OUTER_BOUND ( 'NONE', #1288, .T. ) ;
#6353 = FACE_OUTER_BOUND ( 'NONE', #3655, .T. ) ;
#6354 = DIRECTION ( 'NONE',  ( -0.1457956030341018561, -0.9893147336090383215, 0.000000000000000000 ) ) ;
#6355 = VERTEX_POINT ( 'NONE', #220 ) ;
#6356 = EDGE_CURVE ( 'NONE', #3647, #8677, #4165, .T. ) ;
#6357 = AXIS2_PLACEMENT_3D ( 'NONE', #8265, #3485, #4442 ) ;
#6358 = EDGE_CURVE ( 'NONE', #9157, #375, #750, .T. ) ;
#6359 = CARTESIAN_POINT ( 'NONE',  ( 0.6518290623389679794, 0.1900000000000000022, 0.000000000000000000 ) ) ;
#6360 = CARTESIAN_POINT ( 'NONE',  ( 0.1634110501841749830, 0.03320504595170924861, 0.000000000000000000 ) ) ;
#6361 = VECTOR ( 'NONE', #9208, 1000.000000000000114 ) ;
#6362 = ORIENTED_EDGE ( 'NONE', *, *, #5592, .F. ) ;
#6363 = CIRCLE ( 'NONE', #4715, 0.003081184845696518289 ) ;
#6364 = EDGE_CURVE ( 'NONE', #2523, #3351, #11734, .T. ) ;
#6365 = LINE ( 'NONE', #408, #9174 ) ;
#6366 = EDGE_CURVE ( 'NONE', #6807, #7101, #7197, .T. ) ;
#6367 = EDGE_CURVE ( 'NONE', #5933, #6141, #274, .T. ) ;
#6368 = AXIS2_PLACEMENT_3D ( 'NONE', #2691, #10559, #6503 ) ;
#6369 = FACE_OUTER_BOUND ( 'NONE', #9733, .T. ) ;
#6370 = VECTOR ( 'NONE', #873, 1000.000000000000000 ) ;
#6371 = DIRECTION ( 'NONE',  ( 0.000000000000000000, 0.000000000000000000, -1.000000000000000000 ) ) ;
#6372 = DIRECTION ( 'NONE',  ( -0.4472136033030539304, -0.8944271870983679928, 0.000000000000000000 ) ) ;
#6373 = ORIENTED_EDGE ( 'NONE', *, *, #472, .F. ) ;
#6374 = LINE ( 'NONE', #2487, #797 ) ;
#6375 = VECTOR ( 'NONE', #5220, 1000.000000000000000 ) ;
#6376 = CARTESIAN_POINT ( 'NONE',  ( 0.3511977805307100464, 0.03574914923577444947, 0.000000000000000000 ) ) ;
#6377 = EDGE_CURVE ( 'NONE', #6398, #4182, #2292, .T. ) ;
#6378 = EDGE_CURVE ( 'NONE', #868, #7878, #1636, .T. ) ;
#6379 = CARTESIAN_POINT ( 'NONE',  ( 0.2595759015912019740, 0.05621637521314030300, 0.1000000000000000056 ) ) ;
#6380 = ORIENTED_EDGE ( 'NONE', *, *, #2375, .T. ) ;
#6381 = ORIENTED_EDGE ( 'NONE', *, *, #144, .F. ) ;
#6382 = VERTEX_POINT ( 'NONE', #9251 ) ;
#6383 = AXIS2_PLACEMENT_3D ( 'NONE', #12002, #4921, #11026 ) ;
#6384 = EDGE_CURVE ( 'NONE', #11935, #1887, #11241, .T. ) ;
#6385 = DIRECTION ( 'NONE',  ( -1.000000000000000000, 0.000000000000000000, 0.000000000000000000 ) ) ;
#6386 = EDGE_CURVE ( 'NONE', #12224, #4984, #12496, .T. ) ;
#6387 = VECTOR ( 'NONE', #8792, 1000.000000000000227 ) ;
#6388 = DIRECTION ( 'NONE',  ( 0.000000000000000000, 0.000000000000000000, 1.000000000000000000 ) ) ;
#6389 = CARTESIAN_POINT ( 'NONE',  ( -0.4000000000000000222, 0.000000000000000000, 0.5999999999999999778 ) ) ;
#6390 = PLANE ( 'NONE',  #5964 ) ;
#6391 = CIRCLE ( 'NONE', #9678, 0.005008107141486591897 ) ;
#6392 = DIRECTION ( 'NONE',  ( 0.9620213048227808095, -0.2729743743780254084, 0.000000000000000000 ) ) ;
#6393 = ADVANCED_FACE ( 'NONE', ( #2471 ), #10338, .T. ) ;
#6394 = VERTEX_POINT ( 'NONE', #4347 ) ;
#6395 = DIRECTION ( 'NONE',  ( 0.000000000000000000, 0.000000000000000000, 1.000000000000000000 ) ) ;
#6396 = DIRECTION ( 'NONE',  ( -0.8189443781963320346, -0.5738729000576895389, 0.000000000000000000 ) ) ;
#6397 = ORIENTED_EDGE ( 'NONE', *, *, #10148, .T. ) ;
#6398 = VERTEX_POINT ( 'NONE', #5393 ) ;
#6399 = CIRCLE ( 'NONE', #3929, 0.02999999999999997113 ) ;
#6400 = ORIENTED_EDGE ( 'NONE', *, *, #5745, .F. ) ;
#6401 = EDGE_LOOP ( 'NONE', ( #463, #8835, #2854, #1287, #3134, #6466, #632 ) ) ;
#6402 = DIRECTION ( 'NONE',  ( 1.000000000000000000, 0.000000000000000000, 0.000000000000000000 ) ) ;
#6403 = AXIS2_PLACEMENT_3D ( 'NONE', #4453, #10386, #12327 ) ;
#6404 = CARTESIAN_POINT ( 'NONE',  ( 0.3732729204272125512, 0.03098946397494960550, 0.000000000000000000 ) ) ;
#6405 = CARTESIAN_POINT ( 'NONE',  ( 0.2060042911389665110, 0.05771694977110350400, 0.000000000000000000 ) ) ;
#6406 = VERTEX_POINT ( 'NONE', #8472 ) ;
#6407 = LINE ( 'NONE', #8324, #11947 ) ;
#6408 = PLANE ( 'NONE',  #10857 ) ;
#6409 = DIRECTION ( 'NONE',  ( 0.000000000000000000, 0.000000000000000000, 1.000000000000000000 ) ) ;
#6410 = ORIENTED_EDGE ( 'NONE', *, *, #12190, .T. ) ;
#6411 = ORIENTED_EDGE ( 'NONE', *, *, #12152, .F. ) ;
#6412 = APPLICATION_PROTOCOL_DEFINITION ( 'draft international standard', 'automotive_design', 1998, #6840 ) ;
#6413 = ORIENTED_EDGE ( 'NONE', *, *, #7535, .T. ) ;
#6414 = EDGE_CURVE ( 'NONE', #4905, #548, #5301, .T. ) ;
#6415 = AXIS2_PLACEMENT_3D ( 'NONE', #1223, #3298, #11155 ) ;
#6416 =( NAMED_UNIT ( * ) PLANE_ANGLE_UNIT ( ) SI_UNIT ( $, .RADIAN. ) );
#6417 = DIRECTION ( 'NONE',  ( 0.000000000000000000, 0.000000000000000000, 1.000000000000000000 ) ) ;
#6418 = CARTESIAN_POINT ( 'NONE',  ( 0.7299999999999999822, -0.1900000000000000022, 0.05000000000000000278 ) ) ;
#6419 = DIRECTION ( 'NONE',  ( 0.000000000000000000, 0.000000000000000000, -1.000000000000000000 ) ) ;
#6420 = ORIENTED_EDGE ( 'NONE', *, *, #1149, .F. ) ;
#6421 = CARTESIAN_POINT ( 'NONE',  ( 0.8000000000000000444, -0.7046741902800299773, 0.2582836310259130075 ) ) ;
#6422 = DIRECTION ( 'NONE',  ( 0.000000000000000000, 0.2498780111313130825, -0.9682773257456043225 ) ) ;
#6423 = CIRCLE ( 'NONE', #10318, 0.006351713868063179648 ) ;
#6424 = DIRECTION ( 'NONE',  ( 1.000000000000000000, 0.000000000000000000, 0.000000000000000000 ) ) ;
#6425 = ORIENTED_EDGE ( 'NONE', *, *, #3127, .T. ) ;
#6426 = DIRECTION ( 'NONE',  ( 0.000000000000000000, 0.000000000000000000, -1.000000000000000000 ) ) ;
#6427 = ADVANCED_FACE ( 'NONE', ( #6291 ), #7255, .F. ) ;
#6428 = ORIENTED_EDGE ( 'NONE', *, *, #11330, .T. ) ;
#6429 = FACE_BOUND ( 'NONE', #8971, .T. ) ;
#6430 = COLOUR_RGB ( '',0.8313725490196077761, 0.8313725490196077761, 0.8313725490196077761 ) ;
#6431 = CARTESIAN_POINT ( 'NONE',  ( -0.1866831626601859750, 0.7145957609276060163, 0.4000000000000000222 ) ) ;
#6432 = FACE_OUTER_BOUND ( 'NONE', #9690, .T. ) ;
#6433 = LINE ( 'NONE', #7325, #11227 ) ;
#6434 = ORIENTED_EDGE ( 'NONE', *, *, #4153, .T. ) ;
#6435 = LINE ( 'NONE', #12221, #6375 ) ;
#6436 = CYLINDRICAL_SURFACE ( 'NONE', #1377, 0.001644784887872575421 ) ;
#6437 =( GEOMETRIC_REPRESENTATION_CONTEXT ( 3 ) GLOBAL_UNCERTAINTY_ASSIGNED_CONTEXT ( ( #4492 ) ) GLOBAL_UNIT_ASSIGNED_CONTEXT ( ( #3317, #6416, #2526 ) ) REPRESENTATION_CONTEXT ( 'NONE', 'WORKASPACE' ) );
#6438 = DIRECTION ( 'NONE',  ( 0.000000000000000000, 1.000000000000000000, 0.000000000000000000 ) ) ;
#6439 =( GEOMETRIC_REPRESENTATION_CONTEXT ( 3 ) GLOBAL_UNCERTAINTY_ASSIGNED_CONTEXT ( ( #9170 ) ) GLOBAL_UNIT_ASSIGNED_CONTEXT ( ( #10197, #2211, #4269 ) ) REPRESENTATION_CONTEXT ( 'NONE', 'WORKASPACE' ) );
#6440 = ADVANCED_FACE ( 'NONE', ( #6353 ), #8285, .T. ) ;
#6441 = VERTEX_POINT ( 'NONE', #5527 ) ;
#6442 = ORIENTED_EDGE ( 'NONE', *, *, #737, .F. ) ;
#6443 = ORIENTED_EDGE ( 'NONE', *, *, #9292, .T. ) ;
#6444 = ORIENTED_EDGE ( 'NONE', *, *, #5064, .F. ) ;
#6445 = EDGE_CURVE ( 'NONE', #633, #1140, #10234, .T. ) ;
#6446 = ADVANCED_FACE ( 'NONE', ( #4542 ), #1370, .T. ) ;
#6447 = LINE ( 'NONE', #2316, #9442 ) ;
#6448 = CARTESIAN_POINT ( 'NONE',  ( -0.1866831626601859750, 0.7145957609276060163, 0.4000000000000000222 ) ) ;
#6449 = LINE ( 'NONE', #4375, #1607 ) ;
#6450 = CARTESIAN_POINT ( 'NONE',  ( 0.2366831626601859639, 0.7200000000000000844, 0.3200000000000000067 ) ) ;
#6451 = EDGE_CURVE ( 'NONE', #12450, #4887, #4404, .T. ) ;
#6452 = ORIENTED_EDGE ( 'NONE', *, *, #11056, .F. ) ;
#6453 = EDGE_CURVE ( 'NONE', #5782, #7436, #12271, .T. ) ;
#6454 = CARTESIAN_POINT ( 'NONE',  ( 0.1144197825251181966, 0.05987201902689900240, 0.000000000000000000 ) ) ;
#6455 = DIRECTION ( 'NONE',  ( 0.000000000000000000, 0.000000000000000000, 1.000000000000000000 ) ) ;
#6456 = ORIENTED_EDGE ( 'NONE', *, *, #10517, .F. ) ;
#6457 = ORIENTED_EDGE ( 'NONE', *, *, #3212, .F. ) ;
#6458 = ORIENTED_EDGE ( 'NONE', *, *, #5031, .F. ) ;
#6459 = ORIENTED_EDGE ( 'NONE', *, *, #6201, .T. ) ;
#6460 = EDGE_CURVE ( 'NONE', #1933, #3880, #7379, .T. ) ;
#6461 = PRODUCT_DEFINITION_SHAPE ( 'NONE', 'NONE',  #2165 ) ;
#6462 = LINE ( 'NONE', #4329, #10874 ) ;
#6463 = PLANE ( 'NONE',  #2891 ) ;
#6464 = DIRECTION ( 'NONE',  ( 0.000000000000000000, 0.000000000000000000, -1.000000000000000000 ) ) ;
#6465 = CARTESIAN_POINT ( 'NONE',  ( 0.6518290623389679794, 0.1900000000000000022, 0.1000000000000000056 ) ) ;
#6466 = ORIENTED_EDGE ( 'NONE', *, *, #9311, .F. ) ;
#6467 = DIRECTION ( 'NONE',  ( -1.000000000000000000, 0.000000000000000000, 0.000000000000000000 ) ) ;
#6468 = PLANE ( 'NONE',  #3447 ) ;
#6469 = DIRECTION ( 'NONE',  ( -0.9043406472741157831, 0.4268114263791837337, 0.000000000000000000 ) ) ;
#6470 = EDGE_LOOP ( 'NONE', ( #8075, #10166, #2634, #1211 ) ) ;
#6471 = VERTEX_POINT ( 'NONE', #1504 ) ;
#6472 =( LENGTH_UNIT ( ) NAMED_UNIT ( * ) SI_UNIT ( .MILLI., .METRE. ) );
#6473 = ORIENTED_EDGE ( 'NONE', *, *, #4321, .T. ) ;
#6474 = DIRECTION ( 'NONE',  ( 0.7071067811865482389, 0.000000000000000000, -0.7071067811865466846 ) ) ;
#6475 = DIRECTION ( 'NONE',  ( -0.9616124132327621421, 0.2744113093818539295, 0.000000000000000000 ) ) ;
#6476 = CYLINDRICAL_SURFACE ( 'NONE', #1976, 0.005898555105921623673 ) ;
#6477 = CARTESIAN_POINT ( 'NONE',  ( 0.3296229540443940120, 0.06965718586104639731, 0.000000000000000000 ) ) ;
#6478 = EDGE_LOOP ( 'NONE', ( #1024, #2447, #8718, #1228 ) ) ;
#6479 = PLANE ( 'NONE',  #4953 ) ;
#6480 = FACE_OUTER_BOUND ( 'NONE', #2874, .T. ) ;
#6481 = DIRECTION ( 'NONE',  ( 0.002558394508413974842, -0.9999967273034143789, 0.000000000000000000 ) ) ;
#6482 = VERTEX_POINT ( 'NONE', #5457 ) ;
#6483 = CARTESIAN_POINT ( 'NONE',  ( 0.3481238589692994823, 0.03628578159276790033, 0.000000000000000000 ) ) ;
#6484 = ORIENTED_EDGE ( 'NONE', *, *, #12415, .T. ) ;
#6485 = CARTESIAN_POINT ( 'NONE',  ( -0.2750000000000000222, 0.8000000000000000444, 0.2834995524190850325 ) ) ;
#6486 = DIRECTION ( 'NONE',  ( 0.000000000000000000, -0.7071067811865482389, 0.7071067811865467956 ) ) ;
#6487 = EDGE_CURVE ( 'NONE', #10170, #8080, #9368, .T. ) ;
#6488 = FACE_OUTER_BOUND ( 'NONE', #10989, .T. ) ;
#6489 = PLANE ( 'NONE',  #3081 ) ;
#6490 = DIRECTION ( 'NONE',  ( 0.000000000000000000, 0.000000000000000000, -1.000000000000000000 ) ) ;
#6491 = EDGE_LOOP ( 'NONE', ( #1717, #5514, #2630, #4454 ) ) ;
#6492 = DIRECTION ( 'NONE',  ( 0.0001103642291957652609, 0.9999999939098684898, 0.000000000000000000 ) ) ;
#6493 = CARTESIAN_POINT ( 'NONE',  ( 0.2366831626601859639, 0.7555824708144319724, 0.4555532247407950153 ) ) ;
#6494 = DIRECTION ( 'NONE',  ( 1.000000000000000000, 0.000000000000000000, 0.000000000000000000 ) ) ;
#6495 = CARTESIAN_POINT ( 'NONE',  ( -0.8499999999999999778, -0.1000000000000000056, 0.000000000000000000 ) ) ;
#6496 = ORIENTED_EDGE ( 'NONE', *, *, #9870, .T. ) ;
#6497 = ORIENTED_EDGE ( 'NONE', *, *, #11976, .F. ) ;
#6498 = ORIENTED_EDGE ( 'NONE', *, *, #10442, .F. ) ;
#6499 = CARTESIAN_POINT ( 'NONE',  ( -0.2366831626601859639, 0.7405531811372209061, 0.3973147252801209617 ) ) ;
#6500 = AXIS2_PLACEMENT_3D ( 'NONE', #8842, #5096, #7036 ) ;
#6501 = PRESENTATION_STYLE_ASSIGNMENT (( #9395 ) ) ;
#6502 = EDGE_CURVE ( 'NONE', #2769, #5713, #9439, .T. ) ;
#6503 = DIRECTION ( 'NONE',  ( 0.000000000000000000, 0.7071067811865482389, 0.7071067811865467956 ) ) ;
#6504 = DIRECTION ( 'NONE',  ( -1.000000000000000000, 0.000000000000000000, 0.000000000000000000 ) ) ;
#6505 = AXIS2_PLACEMENT_3D ( 'NONE', #332, #8403, #3374 ) ;
#6506 = DIRECTION ( 'NONE',  ( -0.3162277577404050133, -0.9486833008093248365, 0.000000000000000000 ) ) ;
#6507 = DIRECTION ( 'NONE',  ( 0.000000000000000000, 0.000000000000000000, 1.000000000000000000 ) ) ;
#6508 = VERTEX_POINT ( 'NONE', #12403 ) ;
#6509 = CARTESIAN_POINT ( 'NONE',  ( 0.4000000000000000222, 0.000000000000000000, 0.5999999999999999778 ) ) ;
#6510 = LINE ( 'NONE', #1599, #10734 ) ;
#6511 = ORIENTED_EDGE ( 'NONE', *, *, #10438, .F. ) ;
#6512 = ADVANCED_FACE ( 'NONE', ( #6480 ), #11375, .T. ) ;
#6513 = ORIENTED_EDGE ( 'NONE', *, *, #5662, .T. ) ;
#6514 = EDGE_CURVE ( 'NONE', #6558, #6866, #10728, .T. ) ;
#6515 = ORIENTED_EDGE ( 'NONE', *, *, #4958, .F. ) ;
#6516 = CIRCLE ( 'NONE', #8160, 0.002219109945572012976 ) ;
#6517 = ORIENTED_EDGE ( 'NONE', *, *, #3682, .F. ) ;
#6518 = EDGE_CURVE ( 'NONE', #2964, #11457, #9411, .T. ) ;
#6519 = EDGE_CURVE ( 'NONE', #7453, #4643, #3864, .T. ) ;
#6520 = VECTOR ( 'NONE', #11121, 1000.000000000000114 ) ;
#6521 = EDGE_CURVE ( 'NONE', #12159, #2995, #3634, .T. ) ;
#6522 = LINE ( 'NONE', #2641, #3465 ) ;
#6523 = FACE_OUTER_BOUND ( 'NONE', #3558, .T. ) ;
#6524 = CARTESIAN_POINT ( 'NONE',  ( 0.1391033554679229900, 0.06085058474026610459, 0.000000000000000000 ) ) ;
#6525 = DIRECTION ( 'NONE',  ( -1.000000000000000000, 0.000000000000000000, 0.000000000000000000 ) ) ;
#6526 = UNCERTAINTY_MEASURE_WITH_UNIT (LENGTH_MEASURE( 1.000000000000000082E-05 ), #4476, 'distance_accuracy_value', 'NONE');
#6527 = ORIENTED_EDGE ( 'NONE', *, *, #10380, .T. ) ;
#6528 = CIRCLE ( 'NONE', #6946, 0.002192976017588031418 ) ;
#6529 = LINE ( 'NONE', #12248, #2896 ) ;
#6530 = CARTESIAN_POINT ( 'NONE',  ( -0.1631615436026759847, -0.6645957609276059719, 0.2834995524190850325 ) ) ;
#6531 = DIRECTION ( 'NONE',  ( -1.000000000000000000, 0.000000000000000000, 0.000000000000000000 ) ) ;
#6532 = ORIENTED_EDGE ( 'NONE', *, *, #9744, .F. ) ;
#6533 = EDGE_CURVE ( 'NONE', #6873, #3983, #2793, .T. ) ;
#6534 = VERTEX_POINT ( 'NONE', #4860 ) ;
#6535 = VECTOR ( 'NONE', #257, 1000.000000000000000 ) ;
#6536 = ORIENTED_EDGE ( 'NONE', *, *, #11573, .F. ) ;
#6537 = LINE ( 'NONE', #5451, #11369 ) ;
#6538 = VECTOR ( 'NONE', #9296, 1000.000000000000000 ) ;
#6539 = VECTOR ( 'NONE', #915, 1000.000000000000000 ) ;
#6540 = DIRECTION ( 'NONE',  ( 0.000000000000000000, 0.000000000000000000, -1.000000000000000000 ) ) ;
#6541 = DIRECTION ( 'NONE',  ( 0.2744113093880179988, 0.9616124132310031047, 0.000000000000000000 ) ) ;
#6542 = ORIENTED_EDGE ( 'NONE', *, *, #6888, .F. ) ;
#6543 = LINE ( 'NONE', #10337, #1692 ) ;
#6544 = DIRECTION ( 'NONE',  ( 1.000000000000000000, 0.000000000000000000, 0.000000000000000000 ) ) ;
#6545 = CYLINDRICAL_SURFACE ( 'NONE', #8666, 0.002319970208163568172 ) ;
#6546 = ORIENTED_EDGE ( 'NONE', *, *, #3213, .F. ) ;
#6547 = CIRCLE ( 'NONE', #12724, 0.08000000000000002942 ) ;
#6548 = VECTOR ( 'NONE', #11125, 1000.000000000000000 ) ;
#6549 = VERTEX_POINT ( 'NONE', #4668 ) ;
#6550 = VECTOR ( 'NONE', #12067, 1000.000000000000000 ) ;
#6551 = FACE_BOUND ( 'NONE', #11211, .T. ) ;
#6552 = AXIS2_PLACEMENT_3D ( 'NONE', #11807, #8065, #244 ) ;
#6553 = DIRECTION ( 'NONE',  ( -1.000000000000000000, 0.000000000000000000, 0.000000000000000000 ) ) ;
#6554 = DIRECTION ( 'NONE',  ( -1.000000000000000000, 0.000000000000000000, 0.000000000000000000 ) ) ;
#6555 = CARTESIAN_POINT ( 'NONE',  ( 0.1335194816024656839, 0.2529466870190614225, 0.5999999999999999778 ) ) ;
#6556 = AXIS2_PLACEMENT_3D ( 'NONE', #12240, #7287, #12192 ) ;
#6557 = CARTESIAN_POINT ( 'NONE',  ( 0.04083493688656870263, 0.05563979259211959683, 0.1000000000000000056 ) ) ;
#6558 = VERTEX_POINT ( 'NONE', #8531 ) ;
#6559 = DIRECTION ( 'NONE',  ( -1.000000000000000000, 0.000000000000000000, 0.000000000000000000 ) ) ;
#6560 = CARTESIAN_POINT ( 'NONE',  ( 0.6518290623389679794, 0.1900000000000000022, 0.1000000000000000056 ) ) ;
#6561 = AXIS2_PLACEMENT_3D ( 'NONE', #6854, #5101, #2192 ) ;
#6562 = DIRECTION ( 'NONE',  ( -1.000000000000000000, 0.000000000000000000, 0.000000000000000000 ) ) ;
#6563 = DIRECTION ( 'NONE',  ( 0.6023727571738139996, -0.7982149218191910700, 0.000000000000000000 ) ) ;
#6564 = CIRCLE ( 'NONE', #8616, 0.08000000000000002942 ) ;
#6565 = VERTEX_POINT ( 'NONE', #11766 ) ;
#6566 = ORIENTED_EDGE ( 'NONE', *, *, #1992, .F. ) ;
#6567 = VERTEX_POINT ( 'NONE', #6733 ) ;
#6568 = CIRCLE ( 'NONE', #10885, 0.08000000000000002942 ) ;
#6569 = EDGE_CURVE ( 'NONE', #10236, #3638, #6611, .T. ) ;
#6570 = DIRECTION ( 'NONE',  ( 0.000000000000000000, -1.000000000000000000, 3.252606517456511724E-15 ) ) ;
#6571 = CIRCLE ( 'NONE', #10074, 0.02999999999999997113 ) ;
#6572 = DIRECTION ( 'NONE',  ( -0.000000000000000000, 1.000000000000000000, 0.000000000000000000 ) ) ;
#6573 = AXIS2_PLACEMENT_3D ( 'NONE', #5721, #9520, #670 ) ;
#6574 = CARTESIAN_POINT ( 'NONE',  ( 0.2218549140537215136, 0.08653498888961440316, 0.1000000000000000056 ) ) ;
#6575 = AXIS2_PLACEMENT_3D ( 'NONE', #2957, #1981, #7800 ) ;
#6576 = LINE ( 'NONE', #12433, #3679 ) ;
#6577 = CARTESIAN_POINT ( 'NONE',  ( -0.09334158133009319569, 0.6645957609276059719, 0.2834995524190850325 ) ) ;
#6578 = EDGE_LOOP ( 'NONE', ( #2374, #9890, #4140, #11517, #9072, #8968 ) ) ;
#6579 = CARTESIAN_POINT ( 'NONE',  ( 0.3101717160798355133, 0.03564597462804025563, 0.000000000000000000 ) ) ;
#6580 = DIRECTION ( 'NONE',  ( 0.000000000000000000, 0.000000000000000000, 1.000000000000000000 ) ) ;
#6581 = ORIENTED_EDGE ( 'NONE', *, *, #6226, .F. ) ;
#6582 = ORIENTED_EDGE ( 'NONE', *, *, #7246, .T. ) ;
#6583 = EDGE_LOOP ( 'NONE', ( #5545, #11828, #1820, #7326 ) ) ;
#6584 = VECTOR ( 'NONE', #11070, 1000.000000000000000 ) ;
#6585 = EDGE_CURVE ( 'NONE', #2134, #5224, #7572, .T. ) ;
#6586 = VECTOR ( 'NONE', #8606, 1000.000000000000000 ) ;
#6587 = ORIENTED_EDGE ( 'NONE', *, *, #5198, .T. ) ;
#6588 = DIRECTION ( 'NONE',  ( 0.000000000000000000, 0.7071067811865482389, 0.7071067811865467956 ) ) ;
#6589 = VECTOR ( 'NONE', #8678, 1000.000000000000114 ) ;
#6590 = CARTESIAN_POINT ( 'NONE',  ( -0.4000000000000000222, -0.7405531811372209061, 0.3973147252801209617 ) ) ;
#6591 = DIRECTION ( 'NONE',  ( 0.000000000000000000, 0.000000000000000000, 1.000000000000000000 ) ) ;
#6592 = DIRECTION ( 'NONE',  ( 0.000000000000000000, 0.000000000000000000, 1.000000000000000000 ) ) ;
#6593 = VERTEX_POINT ( 'NONE', #5780 ) ;
#6594 = AXIS2_PLACEMENT_3D ( 'NONE', #2865, #11765, #7840 ) ;
#6595 = CARTESIAN_POINT ( 'NONE',  ( 0.3192428871341804753, 0.06461842577406579080, 0.000000000000000000 ) ) ;
#6596 = DIRECTION ( 'NONE',  ( 0.000000000000000000, 0.000000000000000000, 1.000000000000000000 ) ) ;
#6597 = CARTESIAN_POINT ( 'NONE',  ( 0.2371676411332589995, 0.03318222410519704874, 0.1000000000000000056 ) ) ;
#6598 = ORIENTED_EDGE ( 'NONE', *, *, #6124, .T. ) ;
#6599 = ORIENTED_EDGE ( 'NONE', *, *, #5031, .T. ) ;
#6600 = DIRECTION ( 'NONE',  ( 0.000000000000000000, 0.000000000000000000, 1.000000000000000000 ) ) ;
#6601 = ORIENTED_EDGE ( 'NONE', *, *, #3727, .T. ) ;
#6602 = ADVANCED_FACE ( 'NONE', ( #12536 ), #4604, .T. ) ;
#6603 = AXIS2_PLACEMENT_3D ( 'NONE', #8715, #1942, #6853 ) ;
#6604 = DIRECTION ( 'NONE',  ( 0.2751333190633131753, 0.9614060831621594749, 0.000000000000000000 ) ) ;
#6605 = EDGE_CURVE ( 'NONE', #3844, #10576, #9631, .T. ) ;
#6606 = EDGE_CURVE ( 'NONE', #2769, #6751, #10439, .T. ) ;
#6607 = CARTESIAN_POINT ( 'NONE',  ( 0.2775758572458389972, 0.03576804108687355044, 0.000000000000000000 ) ) ;
#6608 = DIRECTION ( 'NONE',  ( 0.000000000000000000, 0.000000000000000000, -1.000000000000000000 ) ) ;
#6609 = ORIENTED_EDGE ( 'NONE', *, *, #4148, .F. ) ;
#6610 = FACE_OUTER_BOUND ( 'NONE', #5197, .T. ) ;
#6611 = LINE ( 'NONE', #10658, #7153 ) ;
#6612 = DIRECTION ( 'NONE',  ( 0.000000000000000000, 0.000000000000000000, -1.000000000000000000 ) ) ;
#6613 = VERTEX_POINT ( 'NONE', #2733 ) ;
#6614 = EDGE_CURVE ( 'NONE', #3671, #3003, #1898, .T. ) ;
#6615 = ADVANCED_FACE ( 'NONE', ( #3707 ), #9700, .F. ) ;
#6616 = VECTOR ( 'NONE', #12250, 1000.000000000000000 ) ;
#6617 = ORIENTED_EDGE ( 'NONE', *, *, #4646, .T. ) ;
#6618 = DIRECTION ( 'NONE',  ( -0.9940203044597298865, -0.1091953951491817371, 0.000000000000000000 ) ) ;
#6619 = ADVANCED_FACE ( 'NONE', ( #4807 ), #5845, .T. ) ;
#6620 = FACE_OUTER_BOUND ( 'NONE', #6470, .T. ) ;
#6621 = DIRECTION ( 'NONE',  ( 0.07118653010745067122, -0.9974630208339861914, 0.000000000000000000 ) ) ;
#6622 = CYLINDRICAL_SURFACE ( 'NONE', #4941, 0.002166760629838646295 ) ;
#6623 = DIRECTION ( 'NONE',  ( 0.000000000000000000, 0.2498780111313130825, 0.9682773257456043225 ) ) ;
#6624 = VERTEX_POINT ( 'NONE', #9504 ) ;
#6625 = CARTESIAN_POINT ( 'NONE',  ( 0.2558220416522875018, 0.03277019182142075493, 0.000000000000000000 ) ) ;
#6626 = FACE_OUTER_BOUND ( 'NONE', #2720, .T. ) ;
#6627 = DIRECTION ( 'NONE',  ( 0.000000000000000000, -1.000000000000000000, 3.252606517456511724E-15 ) ) ;
#6628 = FACE_OUTER_BOUND ( 'NONE', #7861, .T. ) ;
#6629 = ORIENTED_EDGE ( 'NONE', *, *, #3762, .F. ) ;
#6630 = ORIENTED_EDGE ( 'NONE', *, *, #961, .T. ) ;
#6631 = CIRCLE ( 'NONE', #6225, 0.6300000000000000044 ) ;
#6632 = CYLINDRICAL_SURFACE ( 'NONE', #5080, 0.08000000000000002942 ) ;
#6633 = LINE ( 'NONE', #1783, #8145 ) ;
#6634 = LINE ( 'NONE', #11462, #3891 ) ;
#6635 = FACE_OUTER_BOUND ( 'NONE', #7984, .T. ) ;
#6636 = CARTESIAN_POINT ( 'NONE',  ( 0.3746908703272940344, 0.02813362042388030046, 0.000000000000000000 ) ) ;
#6637 = LINE ( 'NONE', #8561, #7593 ) ;
#6638 = CIRCLE ( 'NONE', #1072, 0.003120411519700041266 ) ;
#6639 = LINE ( 'NONE', #1596, #11677 ) ;
#6640 = VERTEX_POINT ( 'NONE', #8730 ) ;
#6641 = EDGE_CURVE ( 'NONE', #1442, #4919, #790, .T. ) ;
#6642 = LINE ( 'NONE', #2834, #4290 ) ;
#6643 = FACE_OUTER_BOUND ( 'NONE', #272, .T. ) ;
#6644 = ORIENTED_EDGE ( 'NONE', *, *, #8014, .T. ) ;
#6645 = ORIENTED_EDGE ( 'NONE', *, *, #3995, .F. ) ;
#6646 = ORIENTED_EDGE ( 'NONE', *, *, #6886, .T. ) ;
#6647 = EDGE_LOOP ( 'NONE', ( #11024, #3548, #10277, #8010 ) ) ;
#6648 = VECTOR ( 'NONE', #11368, 1000.000000000000000 ) ;
#6649 = DIRECTION ( 'NONE',  ( 0.000000000000000000, -0.7071067811865482389, 0.7071067811865467956 ) ) ;
#6650 = LINE ( 'NONE', #6590, #11435 ) ;
#6651 = ADVANCED_FACE ( 'NONE', ( #12661 ), #12102, .F. ) ;
#6652 = DIRECTION ( 'NONE',  ( 0.000000000000000000, 0.000000000000000000, 1.000000000000000000 ) ) ;
#6653 = DIRECTION ( 'NONE',  ( 0.000000000000000000, -1.000000000000000000, 0.000000000000000000 ) ) ;
#6654 = ORIENTED_EDGE ( 'NONE', *, *, #3600, .F. ) ;
#6655 = CARTESIAN_POINT ( 'NONE',  ( 0.1131615436026760096, 0.7134565741727723065, 0.2923153697564827014 ) ) ;
#6656 = CARTESIAN_POINT ( 'NONE',  ( 0.06902478761451290301, 0.07074839047870740139, 0.000000000000000000 ) ) ;
#6657 = CARTESIAN_POINT ( 'NONE',  ( 0.2750000000000000222, -0.7112489735550608927, 0.2334995524190849880 ) ) ;
#6658 = ORIENTED_EDGE ( 'NONE', *, *, #7289, .F. ) ;
#6659 = ORIENTED_EDGE ( 'NONE', *, *, #12043, .F. ) ;
#6660 = CARTESIAN_POINT ( 'NONE',  ( 0.09232106894536511177, 0.05600562988008439547, 0.1000000000000000056 ) ) ;
#6661 = PRODUCT_CONTEXT ( 'NONE', #4681, 'mechanical' ) ;
#6662 = ORIENTED_EDGE ( 'NONE', *, *, #2493, .F. ) ;
#6663 = CARTESIAN_POINT ( 'NONE',  ( 0.1350591374782403875, 0.06620965038194619179, 0.1000000000000000056 ) ) ;
#6664 = EDGE_CURVE ( 'NONE', #889, #4254, #7768, .T. ) ;
#6665 = DIRECTION ( 'NONE',  ( -0.7071067811865482389, 0.000000000000000000, -0.7071067811865466846 ) ) ;
#6666 = DIRECTION ( 'NONE',  ( 0.000000000000000000, 0.000000000000000000, 1.000000000000000000 ) ) ;
#6667 = EDGE_LOOP ( 'NONE', ( #9240, #5153, #4035, #4024, #8378, #546, #5082 ) ) ;
#6668 = DIRECTION ( 'NONE',  ( 0.000000000000000000, 0.000000000000000000, -1.000000000000000000 ) ) ;
#6669 = DIRECTION ( 'NONE',  ( -1.000000000000000000, 0.000000000000000000, 0.000000000000000000 ) ) ;
#6670 = DIRECTION ( 'NONE',  ( 0.000000000000000000, 0.7071067811865482389, 0.7071067811865467956 ) ) ;
#6671 = ORIENTED_EDGE ( 'NONE', *, *, #4524, .F. ) ;
#6672 = EDGE_CURVE ( 'NONE', #524, #1993, #9626, .T. ) ;
#6673 = ADVANCED_FACE ( 'NONE', ( #7957 ), #6996, .T. ) ;
#6674 = ORIENTED_EDGE ( 'NONE', *, *, #5829, .T. ) ;
#6675 = PLANE ( 'NONE',  #3410 ) ;
#6676 = EDGE_CURVE ( 'NONE', #11333, #8707, #4017, .T. ) ;
#6677 = EDGE_CURVE ( 'NONE', #9134, #11207, #9844, .T. ) ;
#6678 = DIRECTION ( 'NONE',  ( -0.4472136033030539304, 0.8944271870983679928, 0.000000000000000000 ) ) ;
#6679 = LINE ( 'NONE', #3780, #551 ) ;
#6680 = FACE_OUTER_BOUND ( 'NONE', #8087, .T. ) ;
#6681 = DIRECTION ( 'NONE',  ( 0.000000000000000000, 0.000000000000000000, -1.000000000000000000 ) ) ;
#6682 = ORIENTED_EDGE ( 'NONE', *, *, #2645, .T. ) ;
#6683 = DIRECTION ( 'NONE',  ( 0.3576606756629536754, -0.9338516162026595513, 0.000000000000000000 ) ) ;
#6684 = DIRECTION ( 'NONE',  ( 0.000000000000000000, 0.000000000000000000, 1.000000000000000000 ) ) ;
#6685 = CARTESIAN_POINT ( 'NONE',  ( 0.000000000000000000, 0.000000000000000000, 0.4000000000000000222 ) ) ;
#6686 = DIRECTION ( 'NONE',  ( 0.000000000000000000, -1.000000000000000000, 0.000000000000000000 ) ) ;
#6687 = VERTEX_POINT ( 'NONE', #7176 ) ;
#6688 = EDGE_CURVE ( 'NONE', #2655, #4997, #11110, .T. ) ;
#6689 = ORIENTED_EDGE ( 'NONE', *, *, #6677, .F. ) ;
#6690 = DIRECTION ( 'NONE',  ( -1.000000000000000000, 0.000000000000000000, 0.000000000000000000 ) ) ;
#6691 = FACE_OUTER_BOUND ( 'NONE', #3326, .T. ) ;
#6692 = DIRECTION ( 'NONE',  ( -0.9621778292990132986, -0.2724221444843262785, 0.000000000000000000 ) ) ;
#6693 = CARTESIAN_POINT ( 'NONE',  ( 0.8000000000000000444, -0.7111815246139390201, 0.2834995524190850325 ) ) ;
#6694 = CARTESIAN_POINT ( 'NONE',  ( 0.03275747044388209461, 0.03314877993137484852, 0.000000000000000000 ) ) ;
#6695 = VERTEX_POINT ( 'NONE', #5974 ) ;
#6696 = CARTESIAN_POINT ( 'NONE',  ( 0.3577131917521730320, 0.05991968665045279557, 0.000000000000000000 ) ) ;
#6697 = CARTESIAN_POINT ( 'NONE',  ( 0.8000000000000000444, -0.7046741902800299773, 0.2582836310259130075 ) ) ;
#6698 = EDGE_LOOP ( 'NONE', ( #6127, #7587, #5162, #9763 ) ) ;
#6699 = LINE ( 'NONE', #10698, #11910 ) ;
#6700 = DIRECTION ( 'NONE',  ( -0.000000000000000000, 1.000000000000000000, 0.000000000000000000 ) ) ;
#6701 = ORIENTED_EDGE ( 'NONE', *, *, #1467, .F. ) ;
#6702 = VERTEX_POINT ( 'NONE', #9892 ) ;
#6703 = VECTOR ( 'NONE', #369, 1000.000000000000000 ) ;
#6704 = ORIENTED_EDGE ( 'NONE', *, *, #4477, .T. ) ;
#6705 = EDGE_LOOP ( 'NONE', ( #511, #11237, #6005, #3817 ) ) ;
#6706 = AXIS2_PLACEMENT_3D ( 'NONE', #8932, #2036, #12081 ) ;
#6707 = CARTESIAN_POINT ( 'NONE',  ( -0.7680176002228089605, -0.1000000000000000056, 0.06999999999999999278 ) ) ;
#6708 = PLANE ( 'NONE',  #6296 ) ;
#6709 = VECTOR ( 'NONE', #3597, 1000.000000000000000 ) ;
#6710 = DIRECTION ( 'NONE',  ( -0.000000000000000000, 0.9682773257456045446, 0.2498780111313128882 ) ) ;
#6711 = PLANE ( 'NONE',  #9814 ) ;
#6712 = DIRECTION ( 'NONE',  ( 0.000000000000000000, 0.7071067811865482389, 0.7071067811865467956 ) ) ;
#6713 = EDGE_LOOP ( 'NONE', ( #3181, #69, #11997, #10792 ) ) ;
#6714 = CARTESIAN_POINT ( 'NONE',  ( 0.1394058957968996038, 0.03730632075204060039, 0.000000000000000000 ) ) ;
#6715 = CARTESIAN_POINT ( 'NONE',  ( -0.2366831626601859639, -0.8000000000000000444, 0.2834995524190850325 ) ) ;
#6716 = CARTESIAN_POINT ( 'NONE',  ( 0.05035693046067019757, 0.06633579457256230660, 0.000000000000000000 ) ) ;
#6717 = VERTEX_POINT ( 'NONE', #1240 ) ;
#6718 = ORIENTED_EDGE ( 'NONE', *, *, #12007, .F. ) ;
#6719 = AXIS2_PLACEMENT_3D ( 'NONE', #12352, #12469, #3639 ) ;
#6720 = DIRECTION ( 'NONE',  ( 0.000000000000000000, 0.000000000000000000, 1.000000000000000000 ) ) ;
#6721 = APPLICATION_PROTOCOL_DEFINITION ( 'draft international standard', 'automotive_design', 1998, #12345 ) ;
#6722 = VERTEX_POINT ( 'NONE', #1051 ) ;
#6723 = VECTOR ( 'NONE', #6045, 1000.000000000000000 ) ;
#6724 = EDGE_CURVE ( 'NONE', #7844, #6398, #3653, .T. ) ;
#6725 = CARTESIAN_POINT ( 'NONE',  ( 0.1816689591894035116, 0.09825163886282409220, 0.000000000000000000 ) ) ;
#6726 = AXIS2_PLACEMENT_3D ( 'NONE', #6111, #8749, #1978 ) ;
#6727 = VECTOR ( 'NONE', #5899, 1000.000000000000000 ) ;
#6728 = CARTESIAN_POINT ( 'NONE',  ( -0.1131615436026759958, 0.7145957609276060163, 0.2967297185801399673 ) ) ;
#6729 = DIRECTION ( 'NONE',  ( 0.000000000000000000, 0.000000000000000000, 1.000000000000000000 ) ) ;
#6730 = ORIENTED_EDGE ( 'NONE', *, *, #5855, .T. ) ;
#6731 = VECTOR ( 'NONE', #10784, 1000.000000000000114 ) ;
#6732 = CYLINDRICAL_SURFACE ( 'NONE', #7836, 0.005008107141486591897 ) ;
#6733 = CARTESIAN_POINT ( 'NONE',  ( 0.8000000000000000444, -0.7112489735550608927, 0.1219992644886569999 ) ) ;
#6734 = FACE_OUTER_BOUND ( 'NONE', #11745, .T. ) ;
#6735 = VERTEX_POINT ( 'NONE', #11887 ) ;
#6736 = VECTOR ( 'NONE', #11536, 1000.000000000000000 ) ;
#6737 = ORIENTED_EDGE ( 'NONE', *, *, #6487, .T. ) ;
#6738 = EDGE_CURVE ( 'NONE', #1658, #6508, #982, .T. ) ;
#6739 = VECTOR ( 'NONE', #3526, 1000.000000000000000 ) ;
#6740 = CARTESIAN_POINT ( 'NONE',  ( 0.1131615436026759958, 0.7145957609276060163, 0.4000000000000000222 ) ) ;
#6741 = CARTESIAN_POINT ( 'NONE',  ( 0.1322382268728281851, 0.06408085066565021026, 0.000000000000000000 ) ) ;
#6742 = EDGE_CURVE ( 'NONE', #2577, #928, #3237, .T. ) ;
#6743 = CARTESIAN_POINT ( 'NONE',  ( 0.8000000000000000444, 0.7200000000000000844, 0.3200000000000000067 ) ) ;
#6744 = CARTESIAN_POINT ( 'NONE',  ( 0.8000000000000000444, -0.6612489735550610703, 0.2334995524190849880 ) ) ;
#6745 = ORIENTED_EDGE ( 'NONE', *, *, #9025, .T. ) ;
#6746 = DIRECTION ( 'NONE',  ( -0.8494611925640621619, -0.5276510990490222985, 0.000000000000000000 ) ) ;
#6747 = CYLINDRICAL_SURFACE ( 'NONE', #7788, 0.002172159373688738269 ) ;
#6749 = AXIS2_PLACEMENT_3D ( 'NONE', #6821, #7972, #8878 ) ;
#6748 = DIRECTION ( 'NONE',  ( 0.000000000000000000, 1.000000000000000000, 0.000000000000000000 ) ) ;
#6750 = CARTESIAN_POINT ( 'NONE',  ( 0.1827437197538560043, 0.1061854187315302012, 0.1000000000000000056 ) ) ;
#6751 = VERTEX_POINT ( 'NONE', #5903 ) ;
#6752 = VECTOR ( 'NONE', #10914, 1000.000000000000000 ) ;
#6753 = ADVANCED_FACE ( 'NONE', ( #9820 ), #2088, .T. ) ;
#6754 = ORIENTED_EDGE ( 'NONE', *, *, #5106, .T. ) ;
#6755 = EDGE_CURVE ( 'NONE', #12682, #7904, #4933, .T. ) ;
#6756 = CARTESIAN_POINT ( 'NONE',  ( -0.2117365182853579719, 0.1661017834119890013, 0.5999999999999999778 ) ) ;
#6757 = VECTOR ( 'NONE', #2237, 1000.000000000000000 ) ;
#6758 = DIRECTION ( 'NONE',  ( 0.9999999939098688229, -0.0001103642249269659982, 0.000000000000000000 ) ) ;
#6759 = AXIS2_PLACEMENT_3D ( 'NONE', #7198, #7312, #2294 ) ;
#6760 = CARTESIAN_POINT ( 'NONE',  ( 0.2750000000000000222, -0.8000000000000000444, 0.2834995524190850325 ) ) ;
#6761 = CIRCLE ( 'NONE', #2637, 0.05000000000000001665 ) ;
#6762 = EDGE_CURVE ( 'NONE', #4760, #11411, #11490, .T. ) ;
#6763 = CARTESIAN_POINT ( 'NONE',  ( 0.1153768474558780066, 0.05586996692755619165, 0.1000000000000000056 ) ) ;
#6764 = CARTESIAN_POINT ( 'NONE',  ( 0.8000000000000000444, -0.6612489735550610703, 0.2334995524190849880 ) ) ;
#6765 = EDGE_CURVE ( 'NONE', #352, #8273, #7385, .T. ) ;
#6766 = LINE ( 'NONE', #5804, #2243 ) ;
#6767 = CIRCLE ( 'NONE', #3666, 0.003120411519699553375 ) ;
#6768 = PLANE ( 'NONE',  #1998 ) ;
#6769 = EDGE_LOOP ( 'NONE', ( #12498, #10761, #5191, #8384 ) ) ;
#6770 = CARTESIAN_POINT ( 'NONE',  ( 1.582892211534350002, -1.112059828292720098, 0.000000000000000000 ) ) ;
#6771 = DIRECTION ( 'NONE',  ( -0.5999999860413970376, -0.8000000104689519720, 0.000000000000000000 ) ) ;
#6772 = ORIENTED_EDGE ( 'NONE', *, *, #7919, .T. ) ;
#6773 = EDGE_LOOP ( 'NONE', ( #11351, #2177, #8417, #11854 ) ) ;
#6774 = AXIS2_PLACEMENT_3D ( 'NONE', #5948, #4909, #9868 ) ;
#6775 = EDGE_CURVE ( 'NONE', #201, #5477, #8923, .T. ) ;
#6776 = EDGE_CURVE ( 'NONE', #2080, #11039, #8981, .T. ) ;
#6777 = ORIENTED_EDGE ( 'NONE', *, *, #6118, .F. ) ;
#6778 = CIRCLE ( 'NONE', #783, 0.07999999999999998779 ) ;
#6779 = ORIENTED_EDGE ( 'NONE', *, *, #6921, .F. ) ;
#6780 = VECTOR ( 'NONE', #2829, 1000.000000000000000 ) ;
#6781 = EDGE_CURVE ( 'NONE', #11604, #3010, #9117, .T. ) ;
#6782 = VECTOR ( 'NONE', #3098, 1000.000000000000114 ) ;
#6783 = LINE ( 'NONE', #11481, #5160 ) ;
#6784 = DIRECTION ( 'NONE',  ( 1.000000000000000000, 0.000000000000000000, 0.000000000000000000 ) ) ;
#6785 = VECTOR ( 'NONE', #10100, 1000.000000000000227 ) ;
#6786 = CARTESIAN_POINT ( 'NONE',  ( -0.1904031852932349667, -0.1501017842495049881, 0.6099999999999999867 ) ) ;
#6787 = DIRECTION ( 'NONE',  ( 1.000000000000000000, 0.000000000000000000, 0.000000000000000000 ) ) ;
#6788 = ORIENTED_EDGE ( 'NONE', *, *, #1934, .F. ) ;
#6789 = CARTESIAN_POINT ( 'NONE',  ( 0.8000000000000000444, -0.6612489735550610703, 0.2834995524190850325 ) ) ;
#6790 = DIRECTION ( 'NONE',  ( -1.000000000000000000, 0.000000000000000000, 0.000000000000000000 ) ) ;
#6791 = AXIS2_PLACEMENT_3D ( 'NONE', #3525, #3648, #7521 ) ;
#6792 = CARTESIAN_POINT ( 'NONE',  ( 0.4000000000000000222, 0.000000000000000000, 0.6099999999999999867 ) ) ;
#6793 = ORIENTED_EDGE ( 'NONE', *, *, #7544, .T. ) ;
#6794 = ORIENTED_EDGE ( 'NONE', *, *, #2312, .F. ) ;
#6795 = CARTESIAN_POINT ( 'NONE',  ( -0.3081987717257729797, -0.08610178341198850005, 0.5999999999999999778 ) ) ;
#6796 = CONTEXT_DEPENDENT_SHAPE_REPRESENTATION ( #890, #12532 ) ;
#6797 = VERTEX_POINT ( 'NONE', #7056 ) ;
#6798 = AXIS2_PLACEMENT_3D ( 'NONE', #7006, #1840, #5986 ) ;
#6799 = CARTESIAN_POINT ( 'NONE',  ( -0.1904031852932349667, 0.1501017842495049881, 0.6099999999999999867 ) ) ;
#6800 = VECTOR ( 'NONE', #3828, 1000.000000000000114 ) ;
#6801 = CARTESIAN_POINT ( 'NONE',  ( -0.3081987717257729797, -0.1661017834119890013, 0.6099999999999999867 ) ) ;
#6802 = DIRECTION ( 'NONE',  ( 1.000000000000000000, 0.000000000000000000, 0.000000000000000000 ) ) ;
#6803 = ORIENTED_EDGE ( 'NONE', *, *, #9172, .F. ) ;
#6804 = CARTESIAN_POINT ( 'NONE',  ( 0.3003486576435535071, 0.06494637556512269927, 0.1000000000000000056 ) ) ;
#6805 = DIRECTION ( 'NONE',  ( -1.000000000000000000, 0.000000000000000000, 0.000000000000000000 ) ) ;
#6806 = CARTESIAN_POINT ( 'NONE',  ( 0.03913233982356739693, -0.03920563489350965131, 0.2584995524190864535 ) ) ;
#6807 = VERTEX_POINT ( 'NONE', #10081 ) ;
#6808 = AXIS2_PLACEMENT_3D ( 'NONE', #214, #6096, #1543 ) ;
#6809 = ADVANCED_FACE ( 'NONE', ( #3310 ), #10385, .T. ) ;
#6810 = ORIENTED_EDGE ( 'NONE', *, *, #7695, .T. ) ;
#6811 = AXIS2_PLACEMENT_3D ( 'NONE', #3689, #2457, #5691 ) ;
#6812 = ORIENTED_EDGE ( 'NONE', *, *, #5897, .T. ) ;
#6813 = FACE_OUTER_BOUND ( 'NONE', #4654, .T. ) ;
#6814 = DIRECTION ( 'NONE',  ( 0.000000000000000000, 0.000000000000000000, -1.000000000000000000 ) ) ;
#6815 =( NAMED_UNIT ( * ) SI_UNIT ( $, .STERADIAN. ) SOLID_ANGLE_UNIT ( ) );
#6816 = DIRECTION ( 'NONE',  ( 0.9078647904370810151, -0.4192630704994596558, 0.000000000000000000 ) ) ;
#6817 = ORIENTED_EDGE ( 'NONE', *, *, #851, .T. ) ;
#6818 = DIRECTION ( 'NONE',  ( 0.000000000000000000, 0.000000000000000000, -1.000000000000000000 ) ) ;
#6819 = ADVANCED_FACE ( 'NONE', ( #10137 ), #9235, .F. ) ;
#6820 = VECTOR ( 'NONE', #9947, 1000.000000000000000 ) ;
#6821 = CARTESIAN_POINT ( 'NONE',  ( 0.7299999999999999822, -0.1900000000000000022, 0.000000000000000000 ) ) ;
#6822 = FACE_OUTER_BOUND ( 'NONE', #10452, .T. ) ;
#6823 = LINE ( 'NONE', #10868, #8844 ) ;
#6824 = VERTEX_POINT ( 'NONE', #8270 ) ;
#6825 = ORIENTED_EDGE ( 'NONE', *, *, #7944, .F. ) ;
#6826 = FACE_OUTER_BOUND ( 'NONE', #12083, .T. ) ;
#6827 = VECTOR ( 'NONE', #10181, 1000.000000000000000 ) ;
#6828 = CYLINDRICAL_SURFACE ( 'NONE', #2718, 0.001010159697840785865 ) ;
#6829 = CARTESIAN_POINT ( 'NONE',  ( -0.2366831626601859639, 0.7145957609276060163, 0.4000000000000000222 ) ) ;
#6830 = CYLINDRICAL_SURFACE ( 'NONE', #7188, 0.002389116095951372438 ) ;
#6831 =( NAMED_UNIT ( * ) SI_UNIT ( $, .STERADIAN. ) SOLID_ANGLE_UNIT ( ) );
#6832 = DIRECTION ( 'NONE',  ( 0.000000000000000000, 0.000000000000000000, 1.000000000000000000 ) ) ;
#6833 = ADVANCED_FACE ( 'NONE', ( #6219 ), #4530, .F. ) ;
#6834 = DIRECTION ( 'NONE',  ( 1.000000000000000000, 0.000000000000000000, 0.000000000000000000 ) ) ;
#6835 = EDGE_LOOP ( 'NONE', ( #3571, #7090, #3551, #12621 ) ) ;
#6836 = DIRECTION ( 'NONE',  ( 0.000000000000000000, 0.000000000000000000, 1.000000000000000000 ) ) ;
#6837 = CARTESIAN_POINT ( 'NONE',  ( 0.3724937799023524954, 0.02856571172655755081, 0.000000000000000000 ) ) ;
#6838 = ORIENTED_EDGE ( 'NONE', *, *, #9827, .F. ) ;
#6839 = ORIENTED_EDGE ( 'NONE', *, *, #4271, .F. ) ;
#6840 = APPLICATION_CONTEXT ( 'automotive_design' ) ;
#6841 = ORIENTED_EDGE ( 'NONE', *, *, #6738, .T. ) ;
#6842 = EDGE_CURVE ( 'NONE', #4299, #1837, #1295, .T. ) ;
#6843 = EDGE_CURVE ( 'NONE', #2341, #4714, #977, .T. ) ;
#6844 = ORIENTED_EDGE ( 'NONE', *, *, #10341, .F. ) ;
#6845 = VECTOR ( 'NONE', #5260, 1000.000000000000000 ) ;
#6846 = FACE_OUTER_BOUND ( 'NONE', #1425, .T. ) ;
#6847 = EDGE_CURVE ( 'NONE', #10112, #1801, #7498, .T. ) ;
#6848 = CARTESIAN_POINT ( 'NONE',  ( -0.3081987717257729797, 0.08610178341198850005, 0.5999999999999999778 ) ) ;
#6849 = ADVANCED_FACE ( 'NONE', ( #11168 ), #6408, .T. ) ;
#6850 = CARTESIAN_POINT ( 'NONE',  ( 0.3226415531721334995, 0.08740108395201229285, 0.000000000000000000 ) ) ;
#6851 = CARTESIAN_POINT ( 'NONE',  ( 0.8110122756789580611, -0.3968236993599139617, 0.000000000000000000 ) ) ;
#6852 = ORIENTED_EDGE ( 'NONE', *, *, #6275, .T. ) ;
#6853 = DIRECTION ( 'NONE',  ( -1.000000000000000000, 0.000000000000000000, 0.000000000000000000 ) ) ;
#6854 = CARTESIAN_POINT ( 'NONE',  ( -0.1631615436026759847, 0.7145957609276060163, 0.2834995524190850325 ) ) ;
#6855 = CARTESIAN_POINT ( 'NONE',  ( 0.4000000000000000222, 0.8000000000000000444, 0.2834995524190850325 ) ) ;
#6856 = ORIENTED_EDGE ( 'NONE', *, *, #3213, .T. ) ;
#6857 = ORIENTED_EDGE ( 'NONE', *, *, #12089, .T. ) ;
#6858 = DIRECTION ( 'NONE',  ( 0.3162277577404048468, -0.9486833008093248365, 0.000000000000000000 ) ) ;
#6859 = VECTOR ( 'NONE', #5644, 1000.000000000000000 ) ;
#6860 = APPLICATION_PROTOCOL_DEFINITION ( 'draft international standard', 'automotive_design', 1998, #6182 ) ;
#6861 = VERTEX_POINT ( 'NONE', #12389 ) ;
#6862 = EDGE_CURVE ( 'NONE', #12172, #9800, #6146, .T. ) ;
#6863 = DIRECTION ( 'NONE',  ( 1.000000000000000000, 0.000000000000000000, 0.000000000000000000 ) ) ;
#6864 = DIRECTION ( 'NONE',  ( 0.2763092487402659669, 0.9610687795681377432, 0.000000000000000000 ) ) ;
#6865 = CARTESIAN_POINT ( 'NONE',  ( -0.8000000000000000444, -0.6221338239419009764, -0.06156029930674630085 ) ) ;
#6866 = VERTEX_POINT ( 'NONE', #577 ) ;
#6867 = LINE ( 'NONE', #1958, #8033 ) ;
#6868 = DIRECTION ( 'NONE',  ( -0.2786159536087100541, -0.9604025980778629901, 0.000000000000000000 ) ) ;
#6869 = DIRECTION ( 'NONE',  ( 0.0001324786294379726647, 0.9999999912247063971, 0.000000000000000000 ) ) ;
#6870 = EDGE_LOOP ( 'NONE', ( #8060, #5635, #2278, #12339 ) ) ;
#6871 = PRESENTATION_STYLE_ASSIGNMENT (( #2026 ) ) ;
#6872 = ORIENTED_EDGE ( 'NONE', *, *, #8249, .T. ) ;
#6873 = VERTEX_POINT ( 'NONE', #10261 ) ;
#6874 = DIRECTION ( 'NONE',  ( -0.5143967251916414796, -0.8575523360775800796, 0.000000000000000000 ) ) ;
#6875 = FACE_OUTER_BOUND ( 'NONE', #619, .T. ) ;
#6876 = CYLINDRICAL_SURFACE ( 'NONE', #7616, 0.003120411519700041266 ) ;
#6877 = LINE ( 'NONE', #5005, #6312 ) ;
#6878 = ORIENTED_EDGE ( 'NONE', *, *, #284, .F. ) ;
#6879 = CARTESIAN_POINT ( 'NONE',  ( 0.000000000000000000, 0.000000000000000000, 0.5100000000000000089 ) ) ;
#6880 = CARTESIAN_POINT ( 'NONE',  ( 0.06236340267104529406, 0.06072916124237999480, 0.1000000000000000056 ) ) ;
#6881 = DIRECTION ( 'NONE',  ( 1.000000000000000000, 0.000000000000000000, 0.000000000000000000 ) ) ;
#6882 = DIRECTION ( 'NONE',  ( -0.4071966331573758646, -0.9133405180683147329, 0.000000000000000000 ) ) ;
#6883 = VERTEX_POINT ( 'NONE', #11220 ) ;
#6884 = VERTEX_POINT ( 'NONE', #4392 ) ;
#6885 = CARTESIAN_POINT ( 'NONE',  ( -0.2365664563605270054, 0.7111815246139390201, 0.2834995524190850325 ) ) ;
#6886 = EDGE_CURVE ( 'NONE', #4987, #11846, #11896, .T. ) ;
#6887 = CARTESIAN_POINT ( 'NONE',  ( 0.8000000000000000444, -0.6960358778014988923, 0.2248101690442100009 ) ) ;
#6888 = EDGE_CURVE ( 'NONE', #5247, #1293, #4452, .T. ) ;
#6889 = DIRECTION ( 'NONE',  ( 0.000000000000000000, -0.7071067811865482389, 0.7071067811865467956 ) ) ;
#6890 = DIRECTION ( 'NONE',  ( 0.000000000000000000, 0.000000000000000000, 1.000000000000000000 ) ) ;
#6891 = CARTESIAN_POINT ( 'NONE',  ( 0.8000000000000000444, -0.6612489735550610703, 0.07199926448865659467 ) ) ;
#6892 = ORIENTED_EDGE ( 'NONE', *, *, #7786, .T. ) ;
#6893 = CARTESIAN_POINT ( 'NONE',  ( 0.09900484108265759919, 0.06626468645325789275, 0.000000000000000000 ) ) ;
#6894 = ORIENTED_EDGE ( 'NONE', *, *, #1304, .T. ) ;
#6895 = CARTESIAN_POINT ( 'NONE',  ( 0.1341589116541080096, 0.03332770763521999968, 0.000000000000000000 ) ) ;
#6896 = CARTESIAN_POINT ( 'NONE',  ( -0.2131049635573146195, -0.1619964474767344731, 0.6099999999999999867 ) ) ;
#6897 = ORIENTED_EDGE ( 'NONE', *, *, #5838, .F. ) ;
#6898 = ORIENTED_EDGE ( 'NONE', *, *, #2713, .F. ) ;
#6899 = ORIENTED_EDGE ( 'NONE', *, *, #10215, .T. ) ;
#6900 = ORIENTED_EDGE ( 'NONE', *, *, #2384, .F. ) ;
#6901 = ADVANCED_FACE ( 'NONE', ( #451 ), #8205, .F. ) ;
#6902 = LINE ( 'NONE', #8063, #12109 ) ;
#6903 = CYLINDRICAL_SURFACE ( 'NONE', #4228, 0.008764432359781778106 ) ;
#6904 = CARTESIAN_POINT ( 'NONE',  ( 0.1836338809727375010, 0.09741034912183159367, 0.1000000000000000056 ) ) ;
#6905 = ADVANCED_FACE ( 'NONE', ( #509 ), #3420, .T. ) ;
#6906 = DIRECTION ( 'NONE',  ( 1.000000000000000000, 0.000000000000000000, 0.000000000000000000 ) ) ;
#6907 = ORIENTED_EDGE ( 'NONE', *, *, #7128, .F. ) ;
#6908 = ADVANCED_FACE ( 'NONE', ( #11290 ), #9356, .F. ) ;
#6909 = CYLINDRICAL_SURFACE ( 'NONE', #4961, 0.08000000000000002942 ) ;
#6910 = CARTESIAN_POINT ( 'NONE',  ( -0.1131615436026759958, 0.7145957609276060163, 0.2967297185801399673 ) ) ;
#6911 = DIRECTION ( 'NONE',  ( -0.2728817417715209692, -0.9620475845859918218, 0.000000000000000000 ) ) ;
#6912 = VERTEX_POINT ( 'NONE', #3494 ) ;
#6913 = VERTEX_POINT ( 'NONE', #5508 ) ;
#6914 = DIRECTION ( 'NONE',  ( 0.000000000000000000, 0.000000000000000000, 1.000000000000000000 ) ) ;
#6915 = ORIENTED_EDGE ( 'NONE', *, *, #4646, .F. ) ;
#6916 = ADVANCED_FACE ( 'NONE', ( #7433 ), #6468, .F. ) ;
#6917 = ADVANCED_FACE ( 'NONE', ( #12714 ), #4590, .T. ) ;
#6918 = EDGE_CURVE ( 'NONE', #10679, #5477, #5576, .T. ) ;
#6919 = VECTOR ( 'NONE', #1723, 1000.000000000000000 ) ;
#6920 = DIRECTION ( 'NONE',  ( 0.9679447249515873430, -0.2511633122858428768, 0.000000000000000000 ) ) ;
#6921 = EDGE_CURVE ( 'NONE', #11526, #11411, #3690, .T. ) ;
#6922 = DIRECTION ( 'NONE',  ( -0.4472136033030539304, 0.8944271870983679928, 0.000000000000000000 ) ) ;
#6923 = CARTESIAN_POINT ( 'NONE',  ( -0.04000000087241269847, -0.1689970804587989928, 0.5999999999999999778 ) ) ;
#6924 = AXIS2_PLACEMENT_3D ( 'NONE', #4410, #2300, #4354 ) ;
#6925 = ORIENTED_EDGE ( 'NONE', *, *, #2041, .F. ) ;
#6926 = EDGE_CURVE ( 'NONE', #9015, #5511, #4845, .T. ) ;
#6927 = AXIS2_PLACEMENT_3D ( 'NONE', #3188, #11048, #10092 ) ;
#6928 = DIRECTION ( 'NONE',  ( 0.0001103642292607080494, 0.9999999939098684898, 0.000000000000000000 ) ) ;
#6929 = CARTESIAN_POINT ( 'NONE',  ( 0.1193548020523574060, 0.05586416227129829826, 0.000000000000000000 ) ) ;
#6930 = DIRECTION ( 'NONE',  ( 1.000000000000000000, 0.000000000000000000, 0.000000000000000000 ) ) ;
#6931 = ORIENTED_EDGE ( 'NONE', *, *, #6071, .F. ) ;
#6932 = DIRECTION ( 'NONE',  ( 0.000000000000000000, 0.000000000000000000, 1.000000000000000000 ) ) ;
#6933 = AXIS2_PLACEMENT_3D ( 'NONE', #10206, #9248, #8336 ) ;
#6934 = ORIENTED_EDGE ( 'NONE', *, *, #6102, .T. ) ;
#6935 = VERTEX_POINT ( 'NONE', #1885 ) ;
#6936 = VECTOR ( 'NONE', #2688, 1000.000000000000000 ) ;
#6937 = AXIS2_PLACEMENT_3D ( 'NONE', #2529, #10466, #655 ) ;
#6938 = PLANE ( 'NONE',  #3914 ) ;
#6939 = DIRECTION ( 'NONE',  ( 0.000000000000000000, 0.000000000000000000, 1.000000000000000000 ) ) ;
#6940 = EDGE_CURVE ( 'NONE', #4402, #4207, #772, .T. ) ;
#6941 = CARTESIAN_POINT ( 'NONE',  ( 0.3012896779263249947, 0.07228116532637619829, 0.1000000000000000056 ) ) ;
#6942 = CARTESIAN_POINT ( 'NONE',  ( -0.8000000000000000444, 0.7200000000000000844, 0.4000000000000000222 ) ) ;
#6943 = ORIENTED_EDGE ( 'NONE', *, *, #8948, .T. ) ;
#6944 = LINE ( 'NONE', #4880, #5766 ) ;
#6945 = CARTESIAN_POINT ( 'NONE',  ( 0.000000000000000000, 0.000000000000000000, 0.7205211221380689590 ) ) ;
#6946 = AXIS2_PLACEMENT_3D ( 'NONE', #245, #6320, #1282 ) ;
#6947 = CYLINDRICAL_SURFACE ( 'NONE', #2721, 0.08000000000000002942 ) ;
#6948 = DIRECTION ( 'NONE',  ( -0.000000000000000000, 1.000000000000000000, 0.000000000000000000 ) ) ;
#6949 = VERTEX_POINT ( 'NONE', #10716 ) ;
#6950 = CIRCLE ( 'NONE', #3861, 0.002285570146055603165 ) ;
#6951 = ORIENTED_EDGE ( 'NONE', *, *, #2342, .T. ) ;
#6952 = VECTOR ( 'NONE', #6544, 1000.000000000000000 ) ;
#6953 = PLANE ( 'NONE',  #11450 ) ;
#6954 = CARTESIAN_POINT ( 'NONE',  ( 0.1394058957968996038, 0.03730632075204060039, 0.000000000000000000 ) ) ;
#6955 = DIRECTION ( 'NONE',  ( -0.1457956030341018561, -0.9893147336090383215, 0.000000000000000000 ) ) ;
#6956 = VERTEX_POINT ( 'NONE', #11552 ) ;
#6957 = VECTOR ( 'NONE', #1972, 1000.000000000000114 ) ;
#6958 = CARTESIAN_POINT ( 'NONE',  ( 0.2260769531978870095, 0.06263785259247579840, 0.1000000000000000056 ) ) ;
#6959 = VECTOR ( 'NONE', #901, 1000.000000000000000 ) ;
#6960 = ORIENTED_EDGE ( 'NONE', *, *, #3528, .T. ) ;
#6961 = LINE ( 'NONE', #4969, #8836 ) ;
#6962 = ORIENTED_EDGE ( 'NONE', *, *, #3602, .F. ) ;
#6963 = ORIENTED_EDGE ( 'NONE', *, *, #497, .T. ) ;
#6964 = EDGE_CURVE ( 'NONE', #9874, #9502, #1617, .T. ) ;
#6965 = ORIENTED_EDGE ( 'NONE', *, *, #11336, .T. ) ;
#6966 = VECTOR ( 'NONE', #9899, 1000.000000000000000 ) ;
#6967 = VERTEX_POINT ( 'NONE', #4726 ) ;
#6968 = CIRCLE ( 'NONE', #7359, 0.002416984323466713977 ) ;
#6969 = AXIS2_PLACEMENT_3D ( 'NONE', #8188, #8126, #12182 ) ;
#6970 = VECTOR ( 'NONE', #11749, 1000.000000000000000 ) ;
#6971 = DIRECTION ( 'NONE',  ( 0.9999999520145024245, -0.0003097918540415436645, 0.000000000000000000 ) ) ;
#6972 = CARTESIAN_POINT ( 'NONE',  ( 0.1827416817334999999, 0.1031042345598482124, 0.000000000000000000 ) ) ;
#6973 = DIRECTION ( 'NONE',  ( 0.000000000000000000, 0.000000000000000000, -1.000000000000000000 ) ) ;
#6974 = CARTESIAN_POINT ( 'NONE',  ( 0.03361611892037240368, 0.05440292908894019813, 0.000000000000000000 ) ) ;
#6975 = CIRCLE ( 'NONE', #2227, 0.0007514218735937515381 ) ;
#6976 = ORIENTED_EDGE ( 'NONE', *, *, #11299, .F. ) ;
#6977 = DIRECTION ( 'NONE',  ( -1.000000000000000000, 0.000000000000000000, 0.000000000000000000 ) ) ;
#6978 = EDGE_CURVE ( 'NONE', #5293, #9157, #12645, .T. ) ;
#6979 = CARTESIAN_POINT ( 'NONE',  ( 0.2919940855020075055, 0.03549223951026469343, 0.1000000000000000056 ) ) ;
#6980 = ORIENTED_EDGE ( 'NONE', *, *, #1448, .T. ) ;
#6981 = VECTOR ( 'NONE', #2906, 1000.000000000000000 ) ;
#6982 =( BOUNDED_CURVE ( )  B_SPLINE_CURVE ( 3, ( #11152, #4189, #10177, #4318 ),
 .UNSPECIFIED., .F., .F. ) 
 B_SPLINE_CURVE_WITH_KNOTS ( ( 4, 4 ),
 ( 4.644051076073493434, 4.712388980384689674 ),
 .UNSPECIFIED. ) 
 CURVE ( )  GEOMETRIC_REPRESENTATION_ITEM ( )  RATIONAL_B_SPLINE_CURVE ( ( 1.000000000000000000, 0.9996108654318511810, 0.9996108654318511810, 1.000000000000000000 ) ) 
 REPRESENTATION_ITEM ( '' )  );
#6983 = ORIENTED_EDGE ( 'NONE', *, *, #4040, .T. ) ;
#6984 = CARTESIAN_POINT ( 'NONE',  ( 0.3296229540443940120, 0.06965718586104639731, 0.1000000000000000056 ) ) ;
#6985 = ORIENTED_EDGE ( 'NONE', *, *, #5011, .T. ) ;
#6986 = VECTOR ( 'NONE', #370, 1000.000000000000000 ) ;
#6987 = PRODUCT_RELATED_PRODUCT_CATEGORY ( 'part', '', ( #10465 ) ) ;
#6988 = DIRECTION ( 'NONE',  ( 0.000000000000000000, 0.000000000000000000, 1.000000000000000000 ) ) ;
#6989 = AXIS2_PLACEMENT_3D ( 'NONE', #7074, #4221, #10994 ) ;
#6990 = VECTOR ( 'NONE', #5606, 1000.000000000000000 ) ;
#6991 = CARTESIAN_POINT ( 'NONE',  ( 0.06236340267104529406, 0.06072916124237999480, 0.1000000000000000056 ) ) ;
#6992 = DIRECTION ( 'NONE',  ( 0.000000000000000000, 0.000000000000000000, 1.000000000000000000 ) ) ;
#6993 = ORIENTED_EDGE ( 'NONE', *, *, #8244, .T. ) ;
#6994 = CIRCLE ( 'NONE', #7203, 0.02649696840498844477 ) ;
#6995 = FACE_OUTER_BOUND ( 'NONE', #11293, .T. ) ;
#6996 = PLANE ( 'NONE',  #2012 ) ;
#6997 = EDGE_CURVE ( 'NONE', #524, #8261, #11420, .T. ) ;
#6998 = DIRECTION ( 'NONE',  ( 0.000000000000000000, 0.000000000000000000, 1.000000000000000000 ) ) ;
#6999 = VERTEX_POINT ( 'NONE', #9547 ) ;
#7000 = FILL_AREA_STYLE_COLOUR ( '', #1271 ) ;
#7001 = VERTEX_POINT ( 'NONE', #6530 ) ;
#7002 = AXIS2_PLACEMENT_3D ( 'NONE', #9842, #11715, #933 ) ;
#7003 = VERTEX_POINT ( 'NONE', #10643 ) ;
#7004 = ADVANCED_FACE ( 'NONE', ( #12588 ), #9492, .F. ) ;
#7005 = EDGE_CURVE ( 'NONE', #8243, #9290, #10450, .T. ) ;
#7006 = CARTESIAN_POINT ( 'NONE',  ( 0.3012896779263249947, 0.07228116532637619829, 0.000000000000000000 ) ) ;
#7007 = DIRECTION ( 'NONE',  ( 0.000000000000000000, 0.000000000000000000, 1.000000000000000000 ) ) ;
#7008 = TOROIDAL_SURFACE ( 'NONE', #10907, 0.4699999999999999734, 0.03000000000000000236 ) ;
#7009 = ADVANCED_FACE ( 'NONE', ( #7688 ), #7629, .F. ) ;
#7010 = CARTESIAN_POINT ( 'NONE',  ( 0.2750000000000000222, -1.032485115250000085, 0.000000000000000000 ) ) ;
#7011 = ORIENTED_EDGE ( 'NONE', *, *, #1036, .F. ) ;
#7012 = ADVANCED_FACE ( 'NONE', ( #1684 ), #702, .F. ) ;
#7013 = CARTESIAN_POINT ( 'NONE',  ( 0.2636223749452199505, 0.1813925120511929723, 0.5999999999999999778 ) ) ;
#7014 = LINE ( 'NONE', #1004, #3247 ) ;
#7015 = AXIS2_PLACEMENT_3D ( 'NONE', #6595, #4589, #1683 ) ;
#7016 = DIRECTION ( 'NONE',  ( 0.0001103642250404200035, 0.9999999939098689339, 0.000000000000000000 ) ) ;
#7017 = CARTESIAN_POINT ( 'NONE',  ( 0.1866831626601859750, -0.6645957609276059719, 0.4000000000000000222 ) ) ;
#7018 = EDGE_LOOP ( 'NONE', ( #2952, #9533, #6122, #1870, #8522 ) ) ;
#7019 = EDGE_LOOP ( 'NONE', ( #12212, #7232, #11565, #10435, #3816, #10491 ) ) ;
#7020 = EDGE_CURVE ( 'NONE', #3866, #7453, #2712, .T. ) ;
#7021 = DIRECTION ( 'NONE',  ( 0.000000000000000000, 0.000000000000000000, -1.000000000000000000 ) ) ;
#7022 = CIRCLE ( 'NONE', #4131, 0.4000000000000001332 ) ;
#7023 = CARTESIAN_POINT ( 'NONE',  ( -0.8000000000000000444, -0.8000000000000000444, 0.000000000000000000 ) ) ;
#7024 = DIRECTION ( 'NONE',  ( 0.000000000000000000, 0.000000000000000000, -1.000000000000000000 ) ) ;
#7025 = DIRECTION ( 'NONE',  ( 0.000000000000000000, 0.000000000000000000, -1.000000000000000000 ) ) ;
#7026 = ORIENTED_EDGE ( 'NONE', *, *, #9278, .T. ) ;
#7027 = DIRECTION ( 'NONE',  ( 0.000000000000000000, -1.000000000000000000, 0.000000000000000000 ) ) ;
#7028 = DIRECTION ( 'NONE',  ( -1.000000000000000000, 0.000000000000000000, 0.000000000000000000 ) ) ;
#7029 = DIRECTION ( 'NONE',  ( 0.000000000000000000, -0.7071067811865482389, -0.7071067811865467956 ) ) ;
#7030 = ORIENTED_EDGE ( 'NONE', *, *, #10777, .T. ) ;
#7031 = EDGE_LOOP ( 'NONE', ( #2430, #968, #10436, #402 ) ) ;
#7032 = ORIENTED_EDGE ( 'NONE', *, *, #3123, .T. ) ;
#7033 = AXIS2_PLACEMENT_3D ( 'NONE', #8583, #6531, #4591 ) ;
#7034 = VERTEX_POINT ( 'NONE', #6715 ) ;
#7035 = FACE_OUTER_BOUND ( 'NONE', #1686, .T. ) ;
#7036 = DIRECTION ( 'NONE',  ( -0.3162277577404050133, -0.9486833008093248365, 0.000000000000000000 ) ) ;
#7037 = EDGE_CURVE ( 'NONE', #6999, #11261, #8290, .T. ) ;
#7038 = CYLINDRICAL_SURFACE ( 'NONE', #11704, 0.0008103503097900994351 ) ;
#7039 = AXIS2_PLACEMENT_3D ( 'NONE', #7347, #12235, #2632 ) ;
#7040 = CARTESIAN_POINT ( 'NONE',  ( 0.3513352955696160129, -0.1912158729996289996, 0.6099999999999999867 ) ) ;
#7041 = ORIENTED_EDGE ( 'NONE', *, *, #8331, .F. ) ;
#7042 = DIRECTION ( 'NONE',  ( -0.9999999520145024245, 0.0003097918540415436645, 0.000000000000000000 ) ) ;
#7043 = DIRECTION ( 'NONE',  ( 0.000000000000000000, 1.000000000000000000, 0.000000000000000000 ) ) ;
#7044 = ORIENTED_EDGE ( 'NONE', *, *, #7689, .F. ) ;
#7045 = ORIENTED_EDGE ( 'NONE', *, *, #2946, .T. ) ;
#7046 = LINE ( 'NONE', #8074, #8636 ) ;
#7047 = VERTEX_POINT ( 'NONE', #5765 ) ;
#7048 = AXIS2_PLACEMENT_3D ( 'NONE', #3327, #1258, #7126 ) ;
#7049 = EDGE_CURVE ( 'NONE', #8585, #11091, #8716, .T. ) ;
#7050 = CARTESIAN_POINT ( 'NONE',  ( 0.7299999999999999822, -0.1900000000000000022, 0.000000000000000000 ) ) ;
#7051 = CARTESIAN_POINT ( 'NONE',  ( 0.1041318337685519929, 0.05988827687163190278, 0.1000000000000000056 ) ) ;
#7052 = LINE ( 'NONE', #10002, #130 ) ;
#7053 = VERTEX_POINT ( 'NONE', #3167 ) ;
#7054 = CIRCLE ( 'NONE', #8915, 0.002285570146055446606 ) ;
#7055 = CARTESIAN_POINT ( 'NONE',  ( 0.2041409101118285274, 0.03233636505946335671, 0.000000000000000000 ) ) ;
#7056 = CARTESIAN_POINT ( 'NONE',  ( 0.8499999999999999778, -0.09000000000000001055, 0.000000000000000000 ) ) ;
#7057 = STYLED_ITEM ( 'NONE', ( #8734 ), #11692 ) ;
#7058 = DIRECTION ( 'NONE',  ( 0.000000000000000000, 0.000000000000000000, -1.000000000000000000 ) ) ;
#7059 = ORIENTED_EDGE ( 'NONE', *, *, #12525, .F. ) ;
#7060 = ORIENTED_EDGE ( 'NONE', *, *, #89, .F. ) ;
#7061 = ORIENTED_EDGE ( 'NONE', *, *, #8804, .F. ) ;
#7062 = VECTOR ( 'NONE', #8667, 1000.000000000000000 ) ;
#7063 = EDGE_CURVE ( 'NONE', #10004, #10756, #4005, .T. ) ;
#7064 = FACE_OUTER_BOUND ( 'NONE', #11212, .T. ) ;
#7065 = CARTESIAN_POINT ( 'NONE',  ( 0.4000000000000000222, 0.8000000000000000444, 0.3200000000000000067 ) ) ;
#7066 = DIRECTION ( 'NONE',  ( 0.000000000000000000, -1.000000000000000000, 0.000000000000000000 ) ) ;
#7067 = ORIENTED_EDGE ( 'NONE', *, *, #1361, .T. ) ;
#7068 = CARTESIAN_POINT ( 'NONE',  ( 0.2559136717537335293, 0.03505392447150234431, 0.000000000000000000 ) ) ;
#7069 = LINE ( 'NONE', #11124, #8588 ) ;
#7070 = FACE_OUTER_BOUND ( 'NONE', #4532, .T. ) ;
#7071 = EDGE_CURVE ( 'NONE', #5933, #11429, #1222, .T. ) ;
#7072 = EDGE_CURVE ( 'NONE', #3647, #3575, #3037, .T. ) ;
#7073 = DIRECTION ( 'NONE',  ( -0.6023727571738139996, 0.7982149218191910700, 0.000000000000000000 ) ) ;
#7074 = CARTESIAN_POINT ( 'NONE',  ( 0.3549024655052674948, 0.04657129264206689989, 0.000000000000000000 ) ) ;
#7075 = VERTEX_POINT ( 'NONE', #6910 ) ;
#7076 = ORIENTED_EDGE ( 'NONE', *, *, #5914, .F. ) ;
#7077 = EDGE_CURVE ( 'NONE', #5869, #954, #4493, .T. ) ;
#7078 = CARTESIAN_POINT ( 'NONE',  ( 0.04190391774405555214, 0.05456140616058289400, 0.000000000000000000 ) ) ;
#7079 = EDGE_CURVE ( 'NONE', #7660, #1586, #3677, .T. ) ;
#7080 = EDGE_CURVE ( 'NONE', #7537, #2703, #3458, .T. ) ;
#7081 = LINE ( 'NONE', #5801, #2642 ) ;
#7082 = SURFACE_STYLE_FILL_AREA ( #3150 ) ;
#7083 = FACE_OUTER_BOUND ( 'NONE', #137, .T. ) ;
#7084 = ORIENTED_EDGE ( 'NONE', *, *, #7440, .F. ) ;
#7085 = CARTESIAN_POINT ( 'NONE',  ( -0.2750000000000000222, 0.5162425576250000425, 0.000000000000000000 ) ) ;
#7086 = CARTESIAN_POINT ( 'NONE',  ( 0.1327194068840825691, 0.03617207361130524851, 0.000000000000000000 ) ) ;
#7087 = EDGE_CURVE ( 'NONE', #2057, #810, #2853, .T. ) ;
#7088 = DIRECTION ( 'NONE',  ( 0.3162277577404048468, -0.9486833008093248365, 0.000000000000000000 ) ) ;
#7089 = ORIENTED_EDGE ( 'NONE', *, *, #11159, .F. ) ;
#7090 = ORIENTED_EDGE ( 'NONE', *, *, #4463, .T. ) ;
#7091 = ORIENTED_EDGE ( 'NONE', *, *, #4702, .F. ) ;
#7092 = ORIENTED_EDGE ( 'NONE', *, *, #1747, .F. ) ;
#7093 = CARTESIAN_POINT ( 'NONE',  ( 0.07016530656145550382, 0.05600562988008439547, 0.000000000000000000 ) ) ;
#7094 = CARTESIAN_POINT ( 'NONE',  ( 0.1631615436026759847, 0.6645957609276059719, 0.4000000000000000222 ) ) ;
#7095 = DIRECTION ( 'NONE',  ( 0.000000000000000000, 0.000000000000000000, -1.000000000000000000 ) ) ;
#7096 = DIRECTION ( 'NONE',  ( 0.000000000000000000, 0.000000000000000000, -1.000000000000000000 ) ) ;
#7097 = ORIENTED_EDGE ( 'NONE', *, *, #4717, .T. ) ;
#7098 = DIRECTION ( 'NONE',  ( 0.000000000000000000, 0.000000000000000000, 1.000000000000000000 ) ) ;
#7099 = CARTESIAN_POINT ( 'NONE',  ( -0.1631615436026759847, -0.7145957609276060163, 0.4000000000000000222 ) ) ;
#7100 = VERTEX_POINT ( 'NONE', #4917 ) ;
#7101 = VERTEX_POINT ( 'NONE', #5172 ) ;
#7102 = CARTESIAN_POINT ( 'NONE',  ( 0.03913233982356719570, 0.3184124295728944509, 0.000000000000000000 ) ) ;
#7103 = ORIENTED_EDGE ( 'NONE', *, *, #326, .T. ) ;
#7104 = DIRECTION ( 'NONE',  ( 0.000000000000000000, 0.000000000000000000, 1.000000000000000000 ) ) ;
#7105 = FACE_OUTER_BOUND ( 'NONE', #7488, .T. ) ;
#7106 = LINE ( 'NONE', #7173, #11684 ) ;
#7107 = ORIENTED_EDGE ( 'NONE', *, *, #4381, .F. ) ;
#7108 = CARTESIAN_POINT ( 'NONE',  ( 0.000000000000000000, 0.000000000000000000, 0.6550000000000000266 ) ) ;
#7109 = CARTESIAN_POINT ( 'NONE',  ( -0.1131615436026760096, -0.7134565741727723065, 0.2923153697564827014 ) ) ;
#7110 = DIRECTION ( 'NONE',  ( -1.000000000000000000, 0.000000000000000000, 0.000000000000000000 ) ) ;
#7111 = VERTEX_POINT ( 'NONE', #248 ) ;
#7112 = VERTEX_POINT ( 'NONE', #2074 ) ;
#7113 = EDGE_CURVE ( 'NONE', #6099, #3511, #6021, .T. ) ;
#7114 = AXIS2_PLACEMENT_3D ( 'NONE', #10709, #7744, #1877 ) ;
#7115 = ORIENTED_EDGE ( 'NONE', *, *, #60, .F. ) ;
#7116 = FILL_AREA_STYLE_COLOUR ( '', #2512 ) ;
#7117 = COLOUR_RGB ( '',0.9803921568627450567, 0.8862745098039215286, 0.6784313725490196401 ) ;
#7118 = DIRECTION ( 'NONE',  ( 0.000000000000000000, 0.000000000000000000, 1.000000000000000000 ) ) ;
#7119 = FACE_OUTER_BOUND ( 'NONE', #1904, .T. ) ;
#7120 = SURFACE_STYLE_USAGE ( .BOTH. , #3001 ) ;
#7121 = DIRECTION ( 'NONE',  ( 1.000000000000000000, 0.000000000000000000, 0.000000000000000000 ) ) ;
#7122 = EDGE_LOOP ( 'NONE', ( #7091, #8584, #12405, #10483 ) ) ;
#7123 = DIRECTION ( 'NONE',  ( 0.000000000000000000, 0.000000000000000000, 1.000000000000000000 ) ) ;
#7124 = CARTESIAN_POINT ( 'NONE',  ( -0.1631615436026759847, -0.6645957609276059719, 0.4000000000000000222 ) ) ;
#7125 = CARTESIAN_POINT ( 'NONE',  ( -0.4000000000000000222, -0.8000000000000000444, 0.3200000000000000067 ) ) ;
#7126 = DIRECTION ( 'NONE',  ( 0.0001324786294379726647, 0.9999999912247063971, 0.000000000000000000 ) ) ;
#7127 = CARTESIAN_POINT ( 'NONE',  ( 0.2244938586426810101, 0.03535415641922545066, 0.1000000000000000056 ) ) ;
#7128 = EDGE_CURVE ( 'NONE', #8570, #9297, #10051, .T. ) ;
#7129 = ORIENTED_EDGE ( 'NONE', *, *, #9445, .T. ) ;
#7130 = STYLED_ITEM ( 'NONE', ( #6501 ), #649 ) ;
#7131 = VECTOR ( 'NONE', #1545, 1000.000000000000000 ) ;
#7132 = ORIENTED_EDGE ( 'NONE', *, *, #3047, .T. ) ;
#7133 = CARTESIAN_POINT ( 'NONE',  ( 0.2772491572724534725, 0.03316537007306775281, 0.000000000000000000 ) ) ;
#7134 = VECTOR ( 'NONE', #6287, 1000.000000000000000 ) ;
#7135 = EDGE_CURVE ( 'NONE', #10554, #11272, #9802, .T. ) ;
#7136 = CARTESIAN_POINT ( 'NONE',  ( 0.04190391774405555214, 0.05456140616058289400, 0.000000000000000000 ) ) ;
#7137 = DIRECTION ( 'NONE',  ( 0.000000000000000000, 0.000000000000000000, 1.000000000000000000 ) ) ;
#7138 = ORIENTED_EDGE ( 'NONE', *, *, #681, .F. ) ;
#7139 = AXIS2_PLACEMENT_3D ( 'NONE', #489, #2440, #11089 ) ;
#7140 = DIRECTION ( 'NONE',  ( -1.000000000000000000, 0.000000000000000000, 0.000000000000000000 ) ) ;
#7141 = LINE ( 'NONE', #4234, #3431 ) ;
#7142 = CARTESIAN_POINT ( 'NONE',  ( 0.2201212738959474891, 0.07702871965215429828, 0.000000000000000000 ) ) ;
#7143 = ADVANCED_FACE ( 'NONE', ( #2922 ), #4982, .T. ) ;
#7144 = ORIENTED_EDGE ( 'NONE', *, *, #7005, .F. ) ;
#7145 = ORIENTED_EDGE ( 'NONE', *, *, #9486, .T. ) ;
#7146 = ORIENTED_EDGE ( 'NONE', *, *, #1296, .F. ) ;
#7147 = VECTOR ( 'NONE', #10563, 1000.000000000000000 ) ;
#7148 = CARTESIAN_POINT ( 'NONE',  ( 0.8000000000000000444, -0.8000000000000000444, 0.000000000000000000 ) ) ;
#7149 = EDGE_CURVE ( 'NONE', #8674, #6382, #8823, .T. ) ;
#7150 = EDGE_CURVE ( 'NONE', #1140, #4511, #8966, .T. ) ;
#7151 = AXIS2_PLACEMENT_3D ( 'NONE', #5503, #11549, #10445 ) ;
#7152 = CARTESIAN_POINT ( 'NONE',  ( 0.08397959836714730120, 0.03567202328416280155, 0.1000000000000000056 ) ) ;
#7153 = VECTOR ( 'NONE', #6868, 999.9999999999998863 ) ;
#7154 = LINE ( 'NONE', #6199, #1139 ) ;
#7155 = DIRECTION ( 'NONE',  ( 0.000000000000000000, 0.000000000000000000, 1.000000000000000000 ) ) ;
#7156 = FACE_OUTER_BOUND ( 'NONE', #2108, .T. ) ;
#7157 = EDGE_CURVE ( 'NONE', #7489, #5695, #9030, .T. ) ;
#7158 = ORIENTED_EDGE ( 'NONE', *, *, #5984, .T. ) ;
#7159 = ADVANCED_FACE ( 'NONE', ( #11998 ), #8, .T. ) ;
#7160 = DIRECTION ( 'NONE',  ( -0.3162277577404050133, 0.9486833008093248365, 0.000000000000000000 ) ) ;
#7161 = DIRECTION ( 'NONE',  ( 0.000000000000000000, -0.7071067811865482389, 0.7071067811865467956 ) ) ;
#7162 = ORIENTED_EDGE ( 'NONE', *, *, #11477, .F. ) ;
#7163 = ORIENTED_EDGE ( 'NONE', *, *, #415, .F. ) ;
#7164 = VECTOR ( 'NONE', #3334, 1000.000000000000227 ) ;
#7165 = AXIS2_PLACEMENT_3D ( 'NONE', #11780, #3006, #9838 ) ;
#7166 = VERTEX_POINT ( 'NONE', #8070 ) ;
#7167 = AXIS2_PLACEMENT_3D ( 'NONE', #3965, #11952, #6035 ) ;
#7168 = EDGE_CURVE ( 'NONE', #11457, #10373, #11022, .T. ) ;
#7169 = CARTESIAN_POINT ( 'NONE',  ( 0.2050745024916924841, 0.09821168822973509738, 0.1000000000000000056 ) ) ;
#7170 = CIRCLE ( 'NONE', #6161, 0.6300000000000000044 ) ;
#7171 = AXIS2_PLACEMENT_3D ( 'NONE', #10814, #1136, #3156 ) ;
#7172 = CARTESIAN_POINT ( 'NONE',  ( 0.02652351076370424929, 0.02899812594526204879, 0.1000000000000000056 ) ) ;
#7173 = CARTESIAN_POINT ( 'NONE',  ( 0.3184490626700725024, 0.06484347110378320400, 0.000000000000000000 ) ) ;
#7174 = ORIENTED_EDGE ( 'NONE', *, *, #12005, .F. ) ;
#7175 = LINE ( 'NONE', #6336, #7422 ) ;
#7176 = CARTESIAN_POINT ( 'NONE',  ( 0.2750000000000000222, -0.4000000000000000222, 0.07199926448865659467 ) ) ;
#7177 = VECTOR ( 'NONE', #4720, 1000.000000000000114 ) ;
#7178 = DIRECTION ( 'NONE',  ( 0.000000000000000000, 0.000000000000000000, -1.000000000000000000 ) ) ;
#7179 = ORIENTED_EDGE ( 'NONE', *, *, #9752, .F. ) ;
#7180 = ORIENTED_EDGE ( 'NONE', *, *, #8803, .F. ) ;
#7181 = ORIENTED_EDGE ( 'NONE', *, *, #3999, .T. ) ;
#7182 = VECTOR ( 'NONE', #2437, 1000.000000000000114 ) ;
#7183 = EDGE_CURVE ( 'NONE', #8048, #9017, #2004, .T. ) ;
#7184 = ORIENTED_EDGE ( 'NONE', *, *, #4075, .T. ) ;
#7185 = CIRCLE ( 'NONE', #12126, 0.05000000000000002359 ) ;
#7186 = AXIS2_PLACEMENT_3D ( 'NONE', #4118, #8055, #6117 ) ;
#7187 = CARTESIAN_POINT ( 'NONE',  ( 0.2559136717537335293, 0.03505392447150234431, 0.000000000000000000 ) ) ;
#7188 = AXIS2_PLACEMENT_3D ( 'NONE', #4765, #6890, #10749 ) ;
#7189 = CYLINDRICAL_SURFACE ( 'NONE', #1854, 0.0007418670772529492672 ) ;
#7190 = DIRECTION ( 'NONE',  ( 1.000000000000000000, 0.000000000000000000, 0.000000000000000000 ) ) ;
#7191 = DIRECTION ( 'NONE',  ( 0.5527788306970817800, -0.8333280052495338763, 0.000000000000000000 ) ) ;
#7192 = VECTOR ( 'NONE', #8943, 1000.000000000000000 ) ;
#7193 = LINE ( 'NONE', #2347, #8566 ) ;
#7194 = ORIENTED_EDGE ( 'NONE', *, *, #1119, .F. ) ;
#7195 = EDGE_CURVE ( 'NONE', #10068, #10172, #1391, .T. ) ;
#7196 = DIRECTION ( 'NONE',  ( 0.000000000000000000, 1.000000000000000000, 0.000000000000000000 ) ) ;
#7197 = LINE ( 'NONE', #1255, #10650 ) ;
#7198 = CARTESIAN_POINT ( 'NONE',  ( -0.8000000000000000444, -0.8000000000000000444, 0.000000000000000000 ) ) ;
#7199 = ORIENTED_EDGE ( 'NONE', *, *, #12722, .F. ) ;
#7200 = DIRECTION ( 'NONE',  ( 0.000000000000000000, 0.000000000000000000, 1.000000000000000000 ) ) ;
#7201 = DIRECTION ( 'NONE',  ( 0.000000000000000000, 0.000000000000000000, 1.000000000000000000 ) ) ;
#7202 = ORIENTED_EDGE ( 'NONE', *, *, #6487, .F. ) ;
#7203 = AXIS2_PLACEMENT_3D ( 'NONE', #348, #12165, #5404 ) ;
#7204 = VERTEX_POINT ( 'NONE', #3297 ) ;
#7205 = FACE_OUTER_BOUND ( 'NONE', #8702, .T. ) ;
#7206 = AXIS2_PLACEMENT_3D ( 'NONE', #8782, #10904, #3171 ) ;
#7207 = EDGE_CURVE ( 'NONE', #3575, #549, #365, .T. ) ;
#7208 = FACE_OUTER_BOUND ( 'NONE', #5492, .T. ) ;
#7209 = PRESENTATION_STYLE_ASSIGNMENT (( #1077 ) ) ;
#7210 = DIRECTION ( 'NONE',  ( 0.000000000000000000, 0.000000000000000000, 1.000000000000000000 ) ) ;
#7211 = ORIENTED_EDGE ( 'NONE', *, *, #11011, .F. ) ;
#7212 = CIRCLE ( 'NONE', #12554, 0.003226195697451047714 ) ;
#7213 = CARTESIAN_POINT ( 'NONE',  ( 0.1327194068840825691, 0.03617207361130524851, 0.000000000000000000 ) ) ;
#7214 = FACE_OUTER_BOUND ( 'NONE', #10182, .T. ) ;
#7215 = DIRECTION ( 'NONE',  ( 0.000000000000000000, 0.000000000000000000, 1.000000000000000000 ) ) ;
#7216 = ORIENTED_EDGE ( 'NONE', *, *, #1781, .F. ) ;
#7217 = EDGE_LOOP ( 'NONE', ( #4623, #11802, #209, #1464 ) ) ;
#7218 = ORIENTED_EDGE ( 'NONE', *, *, #2031, .T. ) ;
#7219 = VECTOR ( 'NONE', #11612, 1000.000000000000000 ) ;
#7220 = CARTESIAN_POINT ( 'NONE',  ( -0.8000000000000000444, -0.4000000000000000222, 0.000000000000000000 ) ) ;
#7221 = EDGE_CURVE ( 'NONE', #1034, #232, #5294, .T. ) ;
#7222 = CARTESIAN_POINT ( 'NONE',  ( 0.3122731045469514521, 0.03316117763381255107, 0.1000000000000000056 ) ) ;
#7223 = CARTESIAN_POINT ( 'NONE',  ( -0.2750000000000000222, 0.6612489735550610703, 0.07199926448865659467 ) ) ;
#7224 = CARTESIAN_POINT ( 'NONE',  ( 0.2031609623636604911, 0.03785049341395980288, 0.1000000000000000056 ) ) ;
#7225 = LINE ( 'NONE', #3223, #10424 ) ;
#7226 = ORIENTED_EDGE ( 'NONE', *, *, #3220, .T. ) ;
#7227 = CARTESIAN_POINT ( 'NONE',  ( 0.2888903317238730173, 0.03637260941148660193, 0.000000000000000000 ) ) ;
#7228 = AXIS2_PLACEMENT_3D ( 'NONE', #12013, #1297, #452 ) ;
#7229 = DIRECTION ( 'NONE',  ( 0.000000000000000000, 0.000000000000000000, 1.000000000000000000 ) ) ;
#7230 = ORIENTED_EDGE ( 'NONE', *, *, #3672, .T. ) ;
#7231 = ADVANCED_FACE ( 'NONE', ( #3476 ), #2376, .F. ) ;
#7232 = ORIENTED_EDGE ( 'NONE', *, *, #2895, .T. ) ;
#7233 = EDGE_CURVE ( 'NONE', #4207, #11939, #5489, .T. ) ;
#7234 = ORIENTED_EDGE ( 'NONE', *, *, #1604, .T. ) ;
#7235 = ADVANCED_FACE ( 'NONE', ( #491 ), #9340, .T. ) ;
#7236 = ADVANCED_FACE ( 'NONE', ( #4251 ), #1477, .T. ) ;
#7237 = VECTOR ( 'NONE', #2133, 1000.000000000000000 ) ;
#7238 = DIRECTION ( 'NONE',  ( 0.9618025924173457808, -0.2737439921153946298, 0.000000000000000000 ) ) ;
#7239 = CARTESIAN_POINT ( 'NONE',  ( -0.1302635769361649987, 0.1049970796212819912, 0.5999999999999999778 ) ) ;
#7240 = CARTESIAN_POINT ( 'NONE',  ( 0.3455579054176204368, 0.03544910272314959893, 0.1000000000000000056 ) ) ;
#7241 = EDGE_LOOP ( 'NONE', ( #2537, #7655, #5991, #860 ) ) ;
#7242 = CARTESIAN_POINT ( 'NONE',  ( 0.3751424101058990490, 0.06408923354130251215, 0.1000000000000000056 ) ) ;
#7243 = CARTESIAN_POINT ( 'NONE',  ( 0.8000000000000000444, -0.6612489735550610703, 0.1219992644886569999 ) ) ;
#7244 = CARTESIAN_POINT ( 'NONE',  ( 0.2366831626601859639, 0.4661129598944389607, 0.2834995524190850325 ) ) ;
#7245 = EDGE_LOOP ( 'NONE', ( #4588, #10569, #7404, #1433 ) ) ;
#7246 = EDGE_CURVE ( 'NONE', #11039, #12237, #12111, .T. ) ;
#7247 = ORIENTED_EDGE ( 'NONE', *, *, #4312, .F. ) ;
#7248 = EDGE_LOOP ( 'NONE', ( #3182, #6032, #3726, #2900 ) ) ;
#7249 = VECTOR ( 'NONE', #11600, 1000.000000000000114 ) ;
#7250 = FACE_OUTER_BOUND ( 'NONE', #10954, .T. ) ;
#7251 = CARTESIAN_POINT ( 'NONE',  ( 0.08322585572047379310, 0.03317959062069669729, 0.000000000000000000 ) ) ;
#7252 = CARTESIAN_POINT ( 'NONE',  ( -0.1131615436026759958, -0.7145957609276060163, 0.4000000000000000222 ) ) ;
#7253 = ORIENTED_EDGE ( 'NONE', *, *, #578, .F. ) ;
#7254 = CARTESIAN_POINT ( 'NONE',  ( 0.3692846560191499483, 0.03316536806220055089, 0.1000000000000000056 ) ) ;
#7255 = PLANE ( 'NONE',  #11476 ) ;
#7256 = CARTESIAN_POINT ( 'NONE',  ( 0.1497302240989293876, 0.06471120942728779413, 0.1000000000000000056 ) ) ;
#7257 = EDGE_LOOP ( 'NONE', ( #12756, #2267, #7970, #1063, #7485, #9302 ) ) ;
#7258 = DIRECTION ( 'NONE',  ( 1.000000000000000000, 0.000000000000000000, 0.000000000000000000 ) ) ;
#7259 = CARTESIAN_POINT ( 'NONE',  ( 0.2154378365781960125, 0.09070175649226419612, 0.1000000000000000056 ) ) ;
#7260 = ORIENTED_EDGE ( 'NONE', *, *, #6358, .T. ) ;
#7261 = VECTOR ( 'NONE', #6165, 1000.000000000000000 ) ;
#7262 = ORIENTED_EDGE ( 'NONE', *, *, #11953, .F. ) ;
#7263 = PRODUCT_DEFINITION_FORMATION_WITH_SPECIFIED_SOURCE ( 'ANY', '', #12314, .NOT_KNOWN. ) ;
#7264 = DIRECTION ( 'NONE',  ( 0.000000000000000000, 0.000000000000000000, -1.000000000000000000 ) ) ;
#7265 = CARTESIAN_POINT ( 'NONE',  ( 0.2366831626601859639, 0.7200000000000000844, 0.3200000000000000067 ) ) ;
#7266 = DIRECTION ( 'NONE',  ( 0.000000000000000000, 1.000000000000000000, 0.000000000000000000 ) ) ;
#7267 = DIRECTION ( 'NONE',  ( 0.000000000000000000, 0.000000000000000000, 1.000000000000000000 ) ) ;
#7268 = ORIENTED_EDGE ( 'NONE', *, *, #2756, .T. ) ;
#7269 = CARTESIAN_POINT ( 'NONE',  ( 0.3266446739591120085, 0.06542160229417839923, 0.1000000000000000056 ) ) ;
#7270 = DIRECTION ( 'NONE',  ( 0.000000000000000000, 0.000000000000000000, -1.000000000000000000 ) ) ;
#7271 = CARTESIAN_POINT ( 'NONE',  ( 0.2031609623636604911, 0.03785049341395980288, 0.000000000000000000 ) ) ;
#7272 = ORIENTED_EDGE ( 'NONE', *, *, #1320, .F. ) ;
#7273 = VERTEX_POINT ( 'NONE', #6454 ) ;
#7274 = ORIENTED_EDGE ( 'NONE', *, *, #3775, .F. ) ;
#7275 = ADVANCED_FACE ( 'NONE', ( #5367 ), #10122, .F. ) ;
#7276 = CARTESIAN_POINT ( 'NONE',  ( 0.2636223749452199505, 0.1813925120511929723, 0.5999999999999999778 ) ) ;
#7277 = CARTESIAN_POINT ( 'NONE',  ( 0.03361611892037240368, 0.05440292908894019813, 0.1000000000000000056 ) ) ;
#7278 = CARTESIAN_POINT ( 'NONE',  ( -0.7299999999999999822, -0.1000000000000000056, 0.05000000000000000278 ) ) ;
#7279 = DIRECTION ( 'NONE',  ( -0.4472136033030539304, 0.8944271870983679928, 0.000000000000000000 ) ) ;
#7280 = ORIENTED_EDGE ( 'NONE', *, *, #7345, .F. ) ;
#7281 = CARTESIAN_POINT ( 'NONE',  ( -0.1131615436026759958, 0.7145957609276060163, 0.4000000000000000222 ) ) ;
#7282 = CARTESIAN_POINT ( 'NONE',  ( -0.1866831626601859750, 0.6645957609276059719, 0.4000000000000000222 ) ) ;
#7283 = ORIENTED_EDGE ( 'NONE', *, *, #11598, .F. ) ;
#7284 = ORIENTED_EDGE ( 'NONE', *, *, #9205, .T. ) ;
#7285 = ORIENTED_EDGE ( 'NONE', *, *, #1668, .F. ) ;
#7286 = EDGE_CURVE ( 'NONE', #6471, #2966, #2321, .T. ) ;
#7287 = DIRECTION ( 'NONE',  ( 0.000000000000000000, 0.000000000000000000, 1.000000000000000000 ) ) ;
#7288 = ADVANCED_FACE ( 'NONE', ( #9153 ), #10369, .F. ) ;
#7289 = EDGE_CURVE ( 'NONE', #9156, #1644, #12311, .T. ) ;
#7290 = CARTESIAN_POINT ( 'NONE',  ( 0.2152645065998919915, 0.08466904178835600592, 0.000000000000000000 ) ) ;
#7291 = CARTESIAN_POINT ( 'NONE',  ( 0.1162004452984230080, 0.03314860092336230357, 0.000000000000000000 ) ) ;
#7292 = ORIENTED_EDGE ( 'NONE', *, *, #3357, .F. ) ;
#7293 = DIRECTION ( 'NONE',  ( 0.000000000000000000, 0.000000000000000000, 1.000000000000000000 ) ) ;
#7294 = CARTESIAN_POINT ( 'NONE',  ( 0.000000000000000000, 0.000000000000000000, 0.5999999999999999778 ) ) ;
#7295 = DIRECTION ( 'NONE',  ( 0.000000000000000000, -1.000000000000000000, 0.000000000000000000 ) ) ;
#7296 = ORIENTED_EDGE ( 'NONE', *, *, #5432, .T. ) ;
#7297 = ORIENTED_EDGE ( 'NONE', *, *, #12707, .T. ) ;
#7298 = ADVANCED_FACE ( 'NONE', ( #9220 ), #12304, .F. ) ;
#7299 = CARTESIAN_POINT ( 'NONE',  ( 0.000000000000000000, 0.000000000000000000, 0.000000000000000000 ) ) ;
#7300 = EDGE_CURVE ( 'NONE', #3744, #225, #6761, .T. ) ;
#7301 = VERTEX_POINT ( 'NONE', #3404 ) ;
#7302 = EDGE_CURVE ( 'NONE', #5582, #6702, #11273, .T. ) ;
#7303 = DIRECTION ( 'NONE',  ( 0.000000000000000000, 0.000000000000000000, 1.000000000000000000 ) ) ;
#7304 = ADVANCED_FACE ( 'NONE', ( #10246 ), #9286, .F. ) ;
#7305 = ADVANCED_FACE ( 'NONE', ( #4513 ), #1669, .T. ) ;
#7306 = CARTESIAN_POINT ( 'NONE',  ( -0.2384031841765470172, 0.08610178341198850005, 0.5999999999999999778 ) ) ;
#7307 = PLANE ( 'NONE',  #936 ) ;
#7308 = FACE_OUTER_BOUND ( 'NONE', #11923, .T. ) ;
#7309 = VERTEX_POINT ( 'NONE', #5621 ) ;
#7310 = PLANE ( 'NONE',  #10905 ) ;
#7311 = CARTESIAN_POINT ( 'NONE',  ( -0.08226357805285371139, 0.08899708045879850538, 0.5999999999999999778 ) ) ;
#7312 = DIRECTION ( 'NONE',  ( 0.000000000000000000, -1.000000000000000000, 0.000000000000000000 ) ) ;
#7313 = ORIENTED_EDGE ( 'NONE', *, *, #3727, .F. ) ;
#7314 = EDGE_CURVE ( 'NONE', #633, #7527, #6699, .T. ) ;
#7315 = LINE ( 'NONE', #10029, #3761 ) ;
#7316 = ADVANCED_FACE ( 'NONE', ( #1795 ), #9534, .T. ) ;
#7317 = CIRCLE ( 'NONE', #10807, 0.006656444322163188564 ) ;
#7318 = DIRECTION ( 'NONE',  ( -0.8578616638656794136, 0.5138806920576098891, 0.000000000000000000 ) ) ;
#7319 = ORIENTED_EDGE ( 'NONE', *, *, #4066, .F. ) ;
#7320 = PLANE ( 'NONE',  #7329 ) ;
#7321 = EDGE_CURVE ( 'NONE', #10237, #3241, #1865, .T. ) ;
#7322 = CIRCLE ( 'NONE', #8973, 0.04999999999999999584 ) ;
#7323 = DIRECTION ( 'NONE',  ( 0.000000000000000000, -0.2498780111313130825, -0.9682773257456043225 ) ) ;
#7324 = CARTESIAN_POINT ( 'NONE',  ( -0.2366831626601859639, -0.4661129598944389607, 0.2834995524190850325 ) ) ;
#7325 = CARTESIAN_POINT ( 'NONE',  ( 0.3492201352550940441, 0.05661155346480119949, 0.000000000000000000 ) ) ;
#7326 = ORIENTED_EDGE ( 'NONE', *, *, #4565, .F. ) ;
#7327 = DIRECTION ( 'NONE',  ( 0.000000000000000000, -1.000000000000000000, 0.000000000000000000 ) ) ;
#7328 = FACE_OUTER_BOUND ( 'NONE', #9676, .T. ) ;
#7329 = AXIS2_PLACEMENT_3D ( 'NONE', #12216, #8230, #7264 ) ;
#7330 = CIRCLE ( 'NONE', #9175, 0.0003500000000000222768 ) ;
#7331 = DIRECTION ( 'NONE',  ( 0.000000000000000000, 0.000000000000000000, -1.000000000000000000 ) ) ;
#7332 = VERTEX_POINT ( 'NONE', #5746 ) ;
#7333 = EDGE_LOOP ( 'NONE', ( #3906, #2259, #10401, #7890, #4992, #11975, #921, #8103, #7823, #5684, #5642, #10183, #175, #1932, #1331, #11325, #377, #1342, #3273, #7701, #11059, #10791, #2356, #8896, #6838, #3228, #1143, #2594, #5849, #10580, #12155, #11710, #7737, #4540, #8463, #618, #1450, #6546 ) ) ;
#7334 = CIRCLE ( 'NONE', #12269, 0.008847179373249159165 ) ;
#7335 = VERTEX_POINT ( 'NONE', #4576 ) ;
#7336 = ORIENTED_EDGE ( 'NONE', *, *, #1630, .T. ) ;
#7337 = AXIS2_PLACEMENT_3D ( 'NONE', #8049, #877, #96 ) ;
#7338 = AXIS2_PLACEMENT_3D ( 'NONE', #1047, #1955, #6922 ) ;
#7339 = DIRECTION ( 'NONE',  ( 0.6467730502742551346, -0.7626825168042964398, 0.000000000000000000 ) ) ;
#7340 = SURFACE_SIDE_STYLE ('',( #11204 ) ) ;
#7341 = AXIS2_PLACEMENT_3D ( 'NONE', #1441, #5389, #7121 ) ;
#7342 = CARTESIAN_POINT ( 'NONE',  ( -0.1131615436026759958, 0.7405531811372209061, 0.3973147252801209617 ) ) ;
#7343 = LINE ( 'NONE', #686, #134 ) ;
#7344 = ORIENTED_EDGE ( 'NONE', *, *, #8733, .F. ) ;
#7345 = EDGE_CURVE ( 'NONE', #7844, #9874, #7672, .T. ) ;
#7346 = CARTESIAN_POINT ( 'NONE',  ( 0.1692965698667100172, 0.1813925120511919731, 0.5999999999999999778 ) ) ;
#7347 = CARTESIAN_POINT ( 'NONE',  ( 0.2090320392287324802, 0.05098741971305619652, 0.000000000000000000 ) ) ;
#7348 = ORIENTED_EDGE ( 'NONE', *, *, #11841, .F. ) ;
#7349 = ORIENTED_EDGE ( 'NONE', *, *, #2535, .T. ) ;
#7350 = CIRCLE ( 'NONE', #1784, 0.08000000000000002942 ) ;
#7351 = EDGE_LOOP ( 'NONE', ( #2146, #2697, #3065, #3918 ) ) ;
#7352 = CIRCLE ( 'NONE', #1790, 0.07999999999999998779 ) ;
#7353 = AXIS2_PLACEMENT_3D ( 'NONE', #1444, #12341, #10210 ) ;
#7354 = DIRECTION ( 'NONE',  ( -0.2763092487402659669, -0.9610687795681377432, 0.000000000000000000 ) ) ;
#7355 = EDGE_CURVE ( 'NONE', #3211, #10726, #10015, .T. ) ;
#7356 = CARTESIAN_POINT ( 'NONE',  ( -0.2366831626601859639, -0.7405531811372209061, 0.3973147252801209617 ) ) ;
#7357 = FACE_OUTER_BOUND ( 'NONE', #11492, .T. ) ;
#7358 = ORIENTED_EDGE ( 'NONE', *, *, #4218, .T. ) ;
#7359 = AXIS2_PLACEMENT_3D ( 'NONE', #931, #154, #5008 ) ;
#7360 = CARTESIAN_POINT ( 'NONE',  ( 0.7299999999999999822, 0.1900000000000000022, 0.000000000000000000 ) ) ;
#7361 = CARTESIAN_POINT ( 'NONE',  ( 0.08534271677865480632, 0.06112683642546569429, 0.000000000000000000 ) ) ;
#7362 = FACE_OUTER_BOUND ( 'NONE', #10047, .T. ) ;
#7363 = ORIENTED_EDGE ( 'NONE', *, *, #11470, .F. ) ;
#7364 = ORIENTED_EDGE ( 'NONE', *, *, #7696, .T. ) ;
#7365 = APPLICATION_PROTOCOL_DEFINITION ( 'draft international standard', 'automotive_design', 1998, #1126 ) ;
#7366 = ORIENTED_EDGE ( 'NONE', *, *, #4942, .F. ) ;
#7367 = UNCERTAINTY_MEASURE_WITH_UNIT (LENGTH_MEASURE( 1.000000000000000082E-05 ), #1358, 'distance_accuracy_value', 'NONE');
#7368 = VECTOR ( 'NONE', #3842, 1000.000000000000000 ) ;
#7369 = VECTOR ( 'NONE', #10535, 1000.000000000000000 ) ;
#7370 = DIRECTION ( 'NONE',  ( -0.3162277577404050133, -0.9486833008093248365, 0.000000000000000000 ) ) ;
#7371 = AXIS2_PLACEMENT_3D ( 'NONE', #5887, #7888, #2132 ) ;
#7372 = CIRCLE ( 'NONE', #2628, 0.002202372849727995616 ) ;
#7373 = EDGE_CURVE ( 'NONE', #5582, #11173, #1200, .T. ) ;
#7374 = DIRECTION ( 'NONE',  ( 0.2718004349668278752, 0.9623536374700535356, 0.000000000000000000 ) ) ;
#7375 = DIRECTION ( 'NONE',  ( 0.000000000000000000, 0.000000000000000000, 1.000000000000000000 ) ) ;
#7376 = CARTESIAN_POINT ( 'NONE',  ( 0.02896442964146580049, 0.02632655732501779783, 0.1000000000000000056 ) ) ;
#7377 = EDGE_LOOP ( 'NONE', ( #12591, #3549, #10316, #2455 ) ) ;
#7378 = CARTESIAN_POINT ( 'NONE',  ( 0.2366831626601859639, -0.7200000000000000844, 0.3200000000000000067 ) ) ;
#7379 = LINE ( 'NONE', #11307, #3433 ) ;
#7380 = DIRECTION ( 'NONE',  ( 0.000000000000000000, -1.000000000000000000, 0.000000000000000000 ) ) ;
#7381 = ORIENTED_EDGE ( 'NONE', *, *, #9579, .T. ) ;
#7382 = DIRECTION ( 'NONE',  ( 1.000000000000000000, 0.000000000000000000, 0.000000000000000000 ) ) ;
#7383 = DIRECTION ( 'NONE',  ( 0.000000000000000000, 0.000000000000000000, 1.000000000000000000 ) ) ;
#7384 = EDGE_CURVE ( 'NONE', #6558, #5042, #6642, .T. ) ;
#7385 =( BOUNDED_CURVE ( )  B_SPLINE_CURVE ( 3, ( #2990, #9050, #2207, #4147 ),
 .UNSPECIFIED., .F., .F. ) 
 B_SPLINE_CURVE_WITH_KNOTS ( ( 4, 4 ),
 ( 4.644051076073493434, 4.712388980384689674 ),
 .UNSPECIFIED. ) 
 CURVE ( )  GEOMETRIC_REPRESENTATION_ITEM ( )  RATIONAL_B_SPLINE_CURVE ( ( 1.000000000000000000, 0.9996108654318511810, 0.9996108654318511810, 1.000000000000000000 ) ) 
 REPRESENTATION_ITEM ( '' )  );
#7386 = EDGE_CURVE ( 'NONE', #8689, #19, #7735, .T. ) ;
#7387 = VERTEX_POINT ( 'NONE', #10502 ) ;
#7388 = VECTOR ( 'NONE', #12301, 1000.000000000000000 ) ;
#7389 = AXIS2_PLACEMENT_3D ( 'NONE', #817, #3793, #2055 ) ;
#7390 = EDGE_CURVE ( 'NONE', #12720, #3589, #4081, .T. ) ;
#7391 = EDGE_CURVE ( 'NONE', #7878, #10519, #4637, .T. ) ;
#7392 = LINE ( 'NONE', #3715, #801 ) ;
#7393 = LINE ( 'NONE', #9077, #7164 ) ;
#7394 = AXIS2_PLACEMENT_3D ( 'NONE', #4884, #9714, #4819 ) ;
#7395 = LINE ( 'NONE', #3581, #11521 ) ;
#7396 = DIRECTION ( 'NONE',  ( -0.0003097918584271994570, -0.9999999520145010923, 0.000000000000000000 ) ) ;
#7397 = EDGE_LOOP ( 'NONE', ( #1330, #5088, #10967, #5128 ) ) ;
#7398 = LINE ( 'NONE', #8113, #8213 ) ;
#7399 = VECTOR ( 'NONE', #7854, 1000.000000000000000 ) ;
#7400 = DIRECTION ( 'NONE',  ( -0.9974630208337106341, -0.07118653011131127750, 0.000000000000000000 ) ) ;
#7401 = COLOUR_RGB ( '',0.8627450980392157298, 0.6274509803921568540, 0.05882352941176470507 ) ;
#7402 = CARTESIAN_POINT ( 'NONE',  ( -0.2366831626601859639, 0.7145957609276060163, 0.2967297185801399673 ) ) ;
#7403 = CARTESIAN_POINT ( 'NONE',  ( 0.2750000000000000222, -0.6793431117318050605, 0.1601256983455609795 ) ) ;
#7404 = ORIENTED_EDGE ( 'NONE', *, *, #8960, .T. ) ;
#7406 = EDGE_CURVE ( 'NONE', #7100, #9936, #9431, .T. ) ;
#7405 = ORIENTED_EDGE ( 'NONE', *, *, #7195, .F. ) ;
#7407 = VERTEX_POINT ( 'NONE', #3669 ) ;
#7408 = CIRCLE ( 'NONE', #11527, 0.08000000000000002942 ) ;
#7409 = FACE_OUTER_BOUND ( 'NONE', #1158, .T. ) ;
#7410 = DIRECTION ( 'NONE',  ( 1.000000000000000000, 0.000000000000000000, 0.000000000000000000 ) ) ;
#7411 = AXIS2_PLACEMENT_3D ( 'NONE', #10468, #5590, #11504 ) ;
#7412 = LINE ( 'NONE', #1406, #9862 ) ;
#7413 = DIRECTION ( 'NONE',  ( -0.9604025980786120575, 0.2786159536061277309, 0.000000000000000000 ) ) ;
#7414 = DIRECTION ( 'NONE',  ( 0.000000000000000000, 0.000000000000000000, -1.000000000000000000 ) ) ;
#7415 = VECTOR ( 'NONE', #10089, 1000.000000000000000 ) ;
#7416 = LINE ( 'NONE', #11343, #540 ) ;
#7417 = ORIENTED_EDGE ( 'NONE', *, *, #8330, .F. ) ;
#7418 = DIRECTION ( 'NONE',  ( 0.4472136033030539304, -0.8944271870983677708, 0.000000000000000000 ) ) ;
#7419 = CYLINDRICAL_SURFACE ( 'NONE', #11978, 0.0003500000000000222768 ) ;
#7420 = EDGE_LOOP ( 'NONE', ( #9545, #11839, #11597 ) ) ;
#7421 = ORIENTED_EDGE ( 'NONE', *, *, #9062, .F. ) ;
#7422 = VECTOR ( 'NONE', #3236, 1000.000000000000000 ) ;
#7423 = ORIENTED_EDGE ( 'NONE', *, *, #4475, .F. ) ;
#7424 = VERTEX_POINT ( 'NONE', #7609 ) ;
#7425 = DIRECTION ( 'NONE',  ( 0.000000000000000000, 1.000000000000000000, 0.000000000000000000 ) ) ;
#7426 = VECTOR ( 'NONE', #6385, 1000.000000000000000 ) ;
#7427 = CARTESIAN_POINT ( 'NONE',  ( 0.2584796253053975312, 0.03277019182142075493, 0.000000000000000000 ) ) ;
#7428 = AXIS2_PLACEMENT_3D ( 'NONE', #7958, #5053, #8027 ) ;
#7429 = CYLINDRICAL_SURFACE ( 'NONE', #11035, 0.005008107141486408884 ) ;
#7430 = CARTESIAN_POINT ( 'NONE',  ( 0.1144197825251181966, 0.05987201902689900240, 0.1000000000000000056 ) ) ;
#7431 = EDGE_LOOP ( 'NONE', ( #8829, #12769, #7829, #2890 ) ) ;
#7432 = DIRECTION ( 'NONE',  ( -0.000000000000000000, -1.000000000000000000, -0.000000000000000000 ) ) ;
#7433 = FACE_OUTER_BOUND ( 'NONE', #5455, .T. ) ;
#7434 = DIRECTION ( 'NONE',  ( 0.000000000000000000, 0.000000000000000000, 1.000000000000000000 ) ) ;
#7435 = ORIENTED_EDGE ( 'NONE', *, *, #10302, .F. ) ;
#7436 = VERTEX_POINT ( 'NONE', #11538 ) ;
#7437 = ORIENTED_EDGE ( 'NONE', *, *, #5164, .T. ) ;
#7438 = ADVANCED_FACE ( 'NONE', ( #12570 ), #823, .T. ) ;
#7439 = CIRCLE ( 'NONE', #12174, 0.02999999999999997113 ) ;
#7440 = EDGE_CURVE ( 'NONE', #2586, #10317, #1728, .T. ) ;
#7441 = CARTESIAN_POINT ( 'NONE',  ( 0.7299999999999999822, -0.1900000000000000022, 0.1000000000000000056 ) ) ;
#7442 = DIRECTION ( 'NONE',  ( 0.000000000000000000, 0.000000000000000000, 1.000000000000000000 ) ) ;
#7443 = DIRECTION ( 'NONE',  ( -0.9611013479620761357, 0.2761959430286408668, 0.000000000000000000 ) ) ;
#7444 = CARTESIAN_POINT ( 'NONE',  ( -0.2750000000000000222, 1.032485115250000085, 0.000000000000000000 ) ) ;
#7445 = EDGE_LOOP ( 'NONE', ( #9723, #10198, #1983, #8833 ) ) ;
#7446 = CARTESIAN_POINT ( 'NONE',  ( 0.2750000000000000222, -0.5162425576250000425, 0.000000000000000000 ) ) ;
#7447 = CARTESIAN_POINT ( 'NONE',  ( 0.1634110501841749830, 0.03320504595170924861, 0.000000000000000000 ) ) ;
#7448 = AXIS2_PLACEMENT_3D ( 'NONE', #561, #4638, #11539 ) ;
#7449 = DIRECTION ( 'NONE',  ( -1.000000000000000000, 0.000000000000000000, 0.000000000000000000 ) ) ;
#7450 = VERTEX_POINT ( 'NONE', #6770 ) ;
#7451 = FILL_AREA_STYLE_COLOUR ( '', #6430 ) ;
#7452 = FACE_OUTER_BOUND ( 'NONE', #11542, .T. ) ;
#7453 = VERTEX_POINT ( 'NONE', #559 ) ;
#7454 = EDGE_CURVE ( 'NONE', #12172, #7500, #5541, .T. ) ;
#7455 = FACE_BOUND ( 'NONE', #5972, .T. ) ;
#7456 = AXIS2_PLACEMENT_3D ( 'NONE', #4607, #661, #7646 ) ;
#7457 = DIRECTION ( 'NONE',  ( 1.000000000000000000, 0.000000000000000000, 0.000000000000000000 ) ) ;
#7458 = DIRECTION ( 'NONE',  ( 0.7071067811865482389, 0.000000000000000000, -0.7071067811865466846 ) ) ;
#7459 = ADVANCED_FACE ( 'NONE', ( #2962 ), #4120, .F. ) ;
#7460 = CARTESIAN_POINT ( 'NONE',  ( 0.8000000000000000444, 0.7200000000000000844, 0.4000000000000000222 ) ) ;
#7461 = FACE_OUTER_BOUND ( 'NONE', #70, .T. ) ;
#7462 = ADVANCED_FACE ( 'NONE', ( #9012 ), #1928, .F. ) ;
#7463 = ORIENTED_EDGE ( 'NONE', *, *, #1777, .T. ) ;
#7464 = CARTESIAN_POINT ( 'NONE',  ( 0.2853552715473199886, 0.06389003032547301009, 0.000000000000000000 ) ) ;
#7465 = CARTESIAN_POINT ( 'NONE',  ( 0.2366831626601859639, -0.9322259197888769222, 0.4000000000000000222 ) ) ;
#7466 = UNCERTAINTY_MEASURE_WITH_UNIT (LENGTH_MEASURE( 1.000000000000000082E-05 ), #8541, 'distance_accuracy_value', 'NONE');
#7467 = VECTOR ( 'NONE', #12686, 1000.000000000000000 ) ;
#7468 = CARTESIAN_POINT ( 'NONE',  ( -0.3638821204007650079, 0.1661017834119890013, 0.6099999999999999867 ) ) ;
#7469 = CARTESIAN_POINT ( 'NONE',  ( -0.7880176002228089782, 0.1000000000000000056, 0.06999999999999999278 ) ) ;
#7470 = PRESENTATION_LAYER_ASSIGNMENT (  '', '', ( #7057 ) ) ;
#7471 = ORIENTED_EDGE ( 'NONE', *, *, #2699, .F. ) ;
#7472 = ORIENTED_EDGE ( 'NONE', *, *, #3284, .T. ) ;
#7473 = ADVANCED_FACE ( 'NONE', ( #886 ), #9787, .T. ) ;
#7474 = EDGE_CURVE ( 'NONE', #5678, #1933, #11921, .T. ) ;
#7475 = ORIENTED_EDGE ( 'NONE', *, *, #6843, .F. ) ;
#7476 = EDGE_CURVE ( 'NONE', #8058, #2525, #6961, .T. ) ;
#7477 = LINE ( 'NONE', #10421, #6936 ) ;
#7478 = DIRECTION ( 'NONE',  ( 0.000000000000000000, 0.000000000000000000, 1.000000000000000000 ) ) ;
#7479 = VECTOR ( 'NONE', #9813, 1000.000000000000000 ) ;
#7480 = DIRECTION ( 'NONE',  ( 0.000000000000000000, 0.000000000000000000, 1.000000000000000000 ) ) ;
#7481 = EDGE_CURVE ( 'NONE', #4169, #524, #12770, .T. ) ;
#7482 = CARTESIAN_POINT ( 'NONE',  ( 0.1666204609331564945, 0.03541689458771205001, 0.1000000000000000056 ) ) ;
#7483 = LINE ( 'NONE', #6200, #12738 ) ;
#7484 = DIRECTION ( 'NONE',  ( -1.000000000000000000, 0.000000000000000000, 0.000000000000000000 ) ) ;
#7485 = ORIENTED_EDGE ( 'NONE', *, *, #1484, .T. ) ;
#7486 = DIRECTION ( 'NONE',  ( 0.8065849819445016777, 0.5911181496973240135, 0.000000000000000000 ) ) ;
#7487 = DIRECTION ( 'NONE',  ( 0.000000000000000000, -1.000000000000000000, 0.000000000000000000 ) ) ;
#7488 = EDGE_LOOP ( 'NONE', ( #12521, #10158, #4250, #10819 ) ) ;
#7489 = VERTEX_POINT ( 'NONE', #2122 ) ;
#7490 = EDGE_LOOP ( 'NONE', ( #6304, #3925, #11646, #6644, #4097, #11940, #7559, #2232, #6193, #12121, #211, #8341 ) ) ;
#7491 = ORIENTED_EDGE ( 'NONE', *, *, #3103, .T. ) ;
#7492 = CARTESIAN_POINT ( 'NONE',  ( 0.8000000000000000444, -0.6612489735550610703, 0.2834995524190850325 ) ) ;
#7493 = DIRECTION ( 'NONE',  ( 1.000000000000000000, 0.000000000000000000, 0.000000000000000000 ) ) ;
#7494 = CARTESIAN_POINT ( 'NONE',  ( 0.08397959836714730120, 0.03567202328416280155, 0.000000000000000000 ) ) ;
#7495 = CARTESIAN_POINT ( 'NONE',  ( 0.03023322875819575359, 0.02905534533374659958, 0.000000000000000000 ) ) ;
#7496 = EDGE_LOOP ( 'NONE', ( #8662, #11789, #11345, #7145 ) ) ;
#7497 = DIRECTION ( 'NONE',  ( 0.000000000000000000, 0.000000000000000000, 1.000000000000000000 ) ) ;
#7498 = LINE ( 'NONE', #12197, #4691 ) ;
#7499 = CYLINDRICAL_SURFACE ( 'NONE', #12575, 0.002533531845429126770 ) ;
#7500 = VERTEX_POINT ( 'NONE', #12697 ) ;
#7501 = VERTEX_POINT ( 'NONE', #171 ) ;
#7502 = DIRECTION ( 'NONE',  ( 1.000000000000000000, 0.000000000000000000, 0.000000000000000000 ) ) ;
#7503 = ORIENTED_EDGE ( 'NONE', *, *, #10013, .F. ) ;
#7504 = CYLINDRICAL_SURFACE ( 'NONE', #3143, 0.08000000000000002942 ) ;
#7505 = CARTESIAN_POINT ( 'NONE',  ( -0.1132004608466073842, 0.7123180523633572125, 0.2879035975964102101 ) ) ;
#7506 = LINE ( 'NONE', #12400, #11463 ) ;
#7507 = ORIENTED_EDGE ( 'NONE', *, *, #6217, .T. ) ;
#7508 = LINE ( 'NONE', #2732, #4326 ) ;
#7509 = DIRECTION ( 'NONE',  ( 0.000000000000000000, 0.7071067811865482389, -0.7071067811865467956 ) ) ;
#7510 = DIRECTION ( 'NONE',  ( -0.2690124995812889774, -0.9631366855587149001, 0.000000000000000000 ) ) ;
#7511 = VERTEX_POINT ( 'NONE', #5086 ) ;
#7512 = EDGE_CURVE ( 'NONE', #3121, #4708, #10757, .T. ) ;
#7513 = CARTESIAN_POINT ( 'NONE',  ( -0.1131615436026759958, 0.7145957609276060163, 0.4000000000000000222 ) ) ;
#7514 = EDGE_LOOP ( 'NONE', ( #11757, #1368, #2852, #9079 ) ) ;
#7515 = CYLINDRICAL_SURFACE ( 'NONE', #5071, 0.001832452116682253091 ) ;
#7516 = LINE ( 'NONE', #1763, #9054 ) ;
#7517 = DIRECTION ( 'NONE',  ( -1.000000000000000000, 0.000000000000000000, 0.000000000000000000 ) ) ;
#7518 = DIRECTION ( 'NONE',  ( 0.000000000000000000, -1.000000000000000000, 0.000000000000000000 ) ) ;
#7519 = ORIENTED_EDGE ( 'NONE', *, *, #7582, .T. ) ;
#7520 = VECTOR ( 'NONE', #959, 1000.000000000000000 ) ;
#7521 = DIRECTION ( 'NONE',  ( -1.000000000000000000, 0.000000000000000000, 0.000000000000000000 ) ) ;
#7522 = EDGE_CURVE ( 'NONE', #4544, #4564, #9922, .T. ) ;
#7523 = CARTESIAN_POINT ( 'NONE',  ( 0.3008524015297938670, -0.2522015871793990005, 0.5999999999999999778 ) ) ;
#7524 = DIRECTION ( 'NONE',  ( 0.000000000000000000, 0.000000000000000000, 1.000000000000000000 ) ) ;
#7525 = CARTESIAN_POINT ( 'NONE',  ( -0.8000000000000000444, -0.7405531811372209061, 0.3973147252801209617 ) ) ;
#7526 = ORIENTED_EDGE ( 'NONE', *, *, #7390, .T. ) ;
#7527 = VERTEX_POINT ( 'NONE', #3937 ) ;
#7528 = ORIENTED_EDGE ( 'NONE', *, *, #12007, .T. ) ;
#7529 = CARTESIAN_POINT ( 'NONE',  ( 0.1390179589796421977, 0.05801304451646480120, 0.1000000000000000056 ) ) ;
#7530 =( GEOMETRIC_REPRESENTATION_CONTEXT ( 3 ) GLOBAL_UNCERTAINTY_ASSIGNED_CONTEXT ( ( #10949 ) ) GLOBAL_UNIT_ASSIGNED_CONTEXT ( ( #11401, #8628, #4827 ) ) REPRESENTATION_CONTEXT ( 'NONE', 'WORKASPACE' ) );
#7531 = CARTESIAN_POINT ( 'NONE',  ( -0.7446446609406726092, -0.1225276258470749946, 0.01464466094067265294 ) ) ;
#7532 = DIRECTION ( 'NONE',  ( 0.000000000000000000, 0.000000000000000000, 1.000000000000000000 ) ) ;
#7533 = VECTOR ( 'NONE', #12562, 1000.000000000000000 ) ;
#7534 = CARTESIAN_POINT ( 'NONE',  ( 0.4000000000000000222, 0.7200000000000000844, 0.4000000000000000222 ) ) ;
#7535 = EDGE_CURVE ( 'NONE', #5786, #6406, #4502, .T. ) ;
#7536 = LINE ( 'NONE', #12629, #6736 ) ;
#7537 = VERTEX_POINT ( 'NONE', #11986 ) ;
#7538 = AXIS2_PLACEMENT_3D ( 'NONE', #11445, #8484, #2609 ) ;
#7539 = CARTESIAN_POINT ( 'NONE',  ( 0.2366831626601860195, 0.7134565741727723065, 0.2923153697564827569 ) ) ;
#7540 = LINE ( 'NONE', #4379, #12179 ) ;
#7541 = ORIENTED_EDGE ( 'NONE', *, *, #10777, .F. ) ;
#7542 = VERTEX_POINT ( 'NONE', #11795 ) ;
#7543 = VERTEX_POINT ( 'NONE', #3991 ) ;
#7544 = EDGE_CURVE ( 'NONE', #8640, #10373, #12748, .T. ) ;
#7545 = EDGE_CURVE ( 'NONE', #12184, #6298, #11095, .T. ) ;
#7546 = ORIENTED_EDGE ( 'NONE', *, *, #5497, .F. ) ;
#7547 = VECTOR ( 'NONE', #1116, 1000.000000000000000 ) ;
#7548 = CARTESIAN_POINT ( 'NONE',  ( 0.2366831626601859639, -0.7145957609276060163, 0.2967297185801399673 ) ) ;
#7549 = EDGE_CURVE ( 'NONE', #3577, #293, #1022, .T. ) ;
#7550 = CARTESIAN_POINT ( 'NONE',  ( 0.2324270404405094914, 0.03277019182142075493, 0.1000000000000000056 ) ) ;
#7551 = ADVANCED_FACE ( 'NONE', ( #8894 ), #11007, .F. ) ;
#7552 = CARTESIAN_POINT ( 'NONE',  ( 0.1634110501841749830, 0.03320504595170924861, 0.1000000000000000056 ) ) ;
#7553 = DIRECTION ( 'NONE',  ( 0.000000000000000000, 0.000000000000000000, 1.000000000000000000 ) ) ;
#7554 = VERTEX_POINT ( 'NONE', #1083 ) ;
#7555 = AXIS2_PLACEMENT_3D ( 'NONE', #11934, #10962, #5099 ) ;
#7556 = DIRECTION ( 'NONE',  ( 0.000000000000000000, 0.000000000000000000, 1.000000000000000000 ) ) ;
#7557 = CARTESIAN_POINT ( 'NONE',  ( 0.3192428871341804753, 0.06461842577406579080, 0.000000000000000000 ) ) ;
#7558 = DIRECTION ( 'NONE',  ( 0.9794374168012576209, 0.2017482256915283378, 0.000000000000000000 ) ) ;
#7559 = ORIENTED_EDGE ( 'NONE', *, *, #4437, .T. ) ;
#7560 = ORIENTED_EDGE ( 'NONE', *, *, #961, .F. ) ;
#7561 = APPLICATION_PROTOCOL_DEFINITION ( 'draft international standard', 'automotive_design', 1998, #11687 ) ;
#7562 = AXIS2_PLACEMENT_3D ( 'NONE', #5705, #4469, #4664 ) ;
#7563 = ORIENTED_EDGE ( 'NONE', *, *, #1768, .F. ) ;
#7564 = AXIS2_PLACEMENT_3D ( 'NONE', #11596, #10622, #821 ) ;
#7565 = EDGE_CURVE ( 'NONE', #2380, #12682, #6778, .T. ) ;
#7566 = CARTESIAN_POINT ( 'NONE',  ( 0.2244975015936664930, 0.03316117662571935187, 0.000000000000000000 ) ) ;
#7567 = AXIS2_PLACEMENT_3D ( 'NONE', #10575, #3415, #4448 ) ;
#7568 = DIRECTION ( 'NONE',  ( -0.9608658214982470636, 0.2770142109648870421, 0.000000000000000000 ) ) ;
#7569 = DIRECTION ( 'NONE',  ( -1.000000000000000000, 0.000000000000000000, 0.000000000000000000 ) ) ;
#7570 = EDGE_LOOP ( 'NONE', ( #1776, #3742, #829, #7491 ) ) ;
#7571 = LINE ( 'NONE', #6421, #5359 ) ;
#7572 = LINE ( 'NONE', #5708, #1585 ) ;
#7573 = CARTESIAN_POINT ( 'NONE',  ( 0.8000000000000000444, 0.4000000000000000222, 0.2834995524190850325 ) ) ;
#7574 = ORIENTED_EDGE ( 'NONE', *, *, #742, .T. ) ;
#7575 =( NAMED_UNIT ( * ) PLANE_ANGLE_UNIT ( ) SI_UNIT ( $, .RADIAN. ) );
#7576 = EDGE_CURVE ( 'NONE', #7543, #10514, #8212, .T. ) ;
#7577 = AXIS2_PLACEMENT_3D ( 'NONE', #5271, #346, #11252 ) ;
#7578 = AXIS2_PLACEMENT_3D ( 'NONE', #9647, #671, #6684 ) ;
#7579 = ORIENTED_EDGE ( 'NONE', *, *, #3838, .F. ) ;
#7580 = AXIS2_PLACEMENT_3D ( 'NONE', #11698, #2866, #6805 ) ;
#7581 = AXIS2_PLACEMENT_3D ( 'NONE', #9931, #8843, #1151 ) ;
#7582 = EDGE_CURVE ( 'NONE', #232, #11759, #10950, .T. ) ;
#7583 = CARTESIAN_POINT ( 'NONE',  ( -0.4000000000000000222, -0.7200000000000000844, 0.08000000000000000167 ) ) ;
#7584 = CARTESIAN_POINT ( 'NONE',  ( -0.7299999999999999822, -0.2450552516941490178, 0.000000000000000000 ) ) ;
#7585 = VECTOR ( 'NONE', #9351, 1000.000000000000000 ) ;
#7586 = LINE ( 'NONE', #9643, #8985 ) ;
#7587 = ORIENTED_EDGE ( 'NONE', *, *, #5792, .T. ) ;
#7588 = CARTESIAN_POINT ( 'NONE',  ( -0.4000000000000000222, 0.000000000000000000, 0.5999999999999999778 ) ) ;
#7589 = DIRECTION ( 'NONE',  ( -0.7071067811883520182, 0.000000000000000000, 0.7071067811847431273 ) ) ;
#7590 = VECTOR ( 'NONE', #10311, 1000.000000000000000 ) ;
#7591 = DIRECTION ( 'NONE',  ( 0.000000000000000000, 0.000000000000000000, -1.000000000000000000 ) ) ;
#7592 = LINE ( 'NONE', #10552, #11915 ) ;
#7593 = VECTOR ( 'NONE', #1595, 1000.000000000000000 ) ;
#7594 = ORIENTED_EDGE ( 'NONE', *, *, #10926, .T. ) ;
#7595 = VERTEX_POINT ( 'NONE', #7142 ) ;
#7596 = ORIENTED_EDGE ( 'NONE', *, *, #599, .F. ) ;
#7597 = CIRCLE ( 'NONE', #9654, 0.01964749915604700053 ) ;
#7598 = DIRECTION ( 'NONE',  ( 1.000000000000000000, 0.000000000000000000, 0.000000000000000000 ) ) ;
#7599 = EDGE_CURVE ( 'NONE', #11034, #2633, #1328, .T. ) ;
#7600 = VECTOR ( 'NONE', #6438, 1000.000000000000000 ) ;
#7601 = DIRECTION ( 'NONE',  ( -1.000000000000000000, 0.000000000000000000, 0.000000000000000000 ) ) ;
#7602 = VECTOR ( 'NONE', #11388, 1000.000000000000000 ) ;
#7603 = FACE_OUTER_BOUND ( 'NONE', #2248, .T. ) ;
#7604 = DIRECTION ( 'NONE',  ( 0.000000000000000000, -1.000000000000000000, 0.000000000000000000 ) ) ;
#7605 = CARTESIAN_POINT ( 'NONE',  ( 0.1129548487986483940, 0.05730061016898909537, 0.000000000000000000 ) ) ;
#7606 = CARTESIAN_POINT ( 'NONE',  ( 0.1197092269237471918, 0.05491822061047470227, 0.000000000000000000 ) ) ;
#7607 = CARTESIAN_POINT ( 'NONE',  ( 0.4250723077512635339, -1.112059828292720098, 0.2584995524190864535 ) ) ;
#7608 = ORIENTED_EDGE ( 'NONE', *, *, #1941, .T. ) ;
#7609 = CARTESIAN_POINT ( 'NONE',  ( -0.8000000000000000444, -0.7405531811372209061, 0.3973147252801209617 ) ) ;
#7610 = PLANE ( 'NONE',  #5385 ) ;
#7611 = ORIENTED_EDGE ( 'NONE', *, *, #4713, .F. ) ;
#7612 = CIRCLE ( 'NONE', #5569, 0.4000000000000001332 ) ;
#7613 = VERTEX_POINT ( 'NONE', #3460 ) ;
#7614 = ORIENTED_EDGE ( 'NONE', *, *, #9911, .F. ) ;
#7615 = AXIS2_PLACEMENT_3D ( 'NONE', #5327, #9128, #2291 ) ;
#7616 = AXIS2_PLACEMENT_3D ( 'NONE', #12549, #7779, #1766 ) ;
#7617 = ORIENTED_EDGE ( 'NONE', *, *, #990, .T. ) ;
#7618 = EDGE_CURVE ( 'NONE', #8452, #2636, #9864, .T. ) ;
#7619 = CARTESIAN_POINT ( 'NONE',  ( 0.06458127416065180537, 0.05260312050078400081, 0.000000000000000000 ) ) ;
#7620 = VECTOR ( 'NONE', #11815, 1000.000000000000000 ) ;
#7621 = CARTESIAN_POINT ( 'NONE',  ( 0.2366831626601859639, 0.7405531811372209061, 0.3973147252801209617 ) ) ;
#7622 = EDGE_CURVE ( 'NONE', #5326, #2380, #9242, .T. ) ;
#7623 = CARTESIAN_POINT ( 'NONE',  ( 0.1497302240989401845, 0.06712819375075448902, 0.1000000000000000056 ) ) ;
#7624 = CARTESIAN_POINT ( 'NONE',  ( 0.1052965690291930018, -0.2293925109345039959, 0.6099999999999999867 ) ) ;
#7625 = ORIENTED_EDGE ( 'NONE', *, *, #7522, .T. ) ;
#7626 = EDGE_CURVE ( 'NONE', #12394, #2982, #9648, .T. ) ;
#7627 = AXIS2_PLACEMENT_3D ( 'NONE', #5648, #4603, #11430 ) ;
#7628 = DIRECTION ( 'NONE',  ( 0.000000000000000000, 0.000000000000000000, -1.000000000000000000 ) ) ;
#7629 = CYLINDRICAL_SURFACE ( 'NONE', #148, 0.0008251076779710896959 ) ;
#7630 = DIRECTION ( 'NONE',  ( -0.9638023865703641002, 0.2666176281517604330, 0.000000000000000000 ) ) ;
#7631 = ORIENTED_EDGE ( 'NONE', *, *, #11099, .T. ) ;
#7632 = ORIENTED_EDGE ( 'NONE', *, *, #11221, .T. ) ;
#7633 = EDGE_LOOP ( 'NONE', ( #8116, #2610, #4137, #8377 ) ) ;
#7634 = EDGE_CURVE ( 'NONE', #9800, #9219, #6252, .T. ) ;
#7635 = ADVANCED_FACE ( 'NONE', ( #10169 ), #4303, .F. ) ;
#7636 = VECTOR ( 'NONE', #7295, 1000.000000000000000 ) ;
#7637 = DIRECTION ( 'NONE',  ( 0.000000000000000000, 0.000000000000000000, 1.000000000000000000 ) ) ;
#7638 = EDGE_CURVE ( 'NONE', #1301, #1801, #2644, .T. ) ;
#7639 = CARTESIAN_POINT ( 'NONE',  ( 0.1030266751999047992, 0.06696640993696839628, 0.000000000000000000 ) ) ;
#7640 = LINE ( 'NONE', #787, #3022 ) ;
#7641 = ORIENTED_EDGE ( 'NONE', *, *, #12319, .F. ) ;
#7642 = CARTESIAN_POINT ( 'NONE',  ( -0.1131615436026759958, -0.8000000000000000444, 0.2000000000000000111 ) ) ;
#7643 = DIRECTION ( 'NONE',  ( 0.000000000000000000, 1.000000000000000000, 0.000000000000000000 ) ) ;
#7644 = DIRECTION ( 'NONE',  ( 0.4112941517718557427, -0.9115026718108234505, 0.000000000000000000 ) ) ;
#7645 = ORIENTED_EDGE ( 'NONE', *, *, #2269, .T. ) ;
#7646 = DIRECTION ( 'NONE',  ( 0.01291696439477111116, -0.9999165725353411638, 0.000000000000000000 ) ) ;
#7647 = VECTOR ( 'NONE', #3118, 1000.000000000000000 ) ;
#7648 = VERTEX_POINT ( 'NONE', #11260 ) ;
#7649 = DIRECTION ( 'NONE',  ( 0.2746053368097758907, 0.9615570232677775886, 0.000000000000000000 ) ) ;
#7650 = CARTESIAN_POINT ( 'NONE',  ( -0.4000000000000000222, -0.8000000000000000444, 0.08000000000000000167 ) ) ;
#7651 = AXIS2_PLACEMENT_3D ( 'NONE', #1815, #966, #2006 ) ;
#7652 = DIRECTION ( 'NONE',  ( 0.000000000000000000, 1.000000000000000000, 0.000000000000000000 ) ) ;
#7653 = DIRECTION ( 'NONE',  ( -0.4979566257530240181, 0.8672019366149170683, 0.000000000000000000 ) ) ;
#7654 = FACE_OUTER_BOUND ( 'NONE', #1356, .T. ) ;
#7655 = ORIENTED_EDGE ( 'NONE', *, *, #7300, .T. ) ;
#7656 = CARTESIAN_POINT ( 'NONE',  ( 0.3223082145454339575, 0.08955696703382430568, 0.000000000000000000 ) ) ;
#7657 = LINE ( 'NONE', #5722, #3874 ) ;
#7658 = DIRECTION ( 'NONE',  ( 0.000000000000000000, 0.000000000000000000, 1.000000000000000000 ) ) ;
#7659 = LINE ( 'NONE', #2752, #9254 ) ;
#7660 = VERTEX_POINT ( 'NONE', #1207 ) ;
#7661 = ORIENTED_EDGE ( 'NONE', *, *, #3290, .T. ) ;
#7662 = AXIS2_PLACEMENT_3D ( 'NONE', #1774, #4757, #7591 ) ;
#7663 = CARTESIAN_POINT ( 'NONE',  ( -0.8000000000000000444, 0.6612489735550610703, 0.2334995524190849880 ) ) ;
#7664 = FACE_OUTER_BOUND ( 'NONE', #109, .T. ) ;
#7665 = LINE ( 'NONE', #11592, #3268 ) ;
#7666 = CARTESIAN_POINT ( 'NONE',  ( 0.1836338809727350030, 0.09825163886282409220, 0.1000000000000000056 ) ) ;
#7667 = COLOUR_RGB ( '',0.9803921568627450567, 0.8862745098039215286, 0.6784313725490196401 ) ;
#7668 = DIRECTION ( 'NONE',  ( 1.000000000000000000, 0.000000000000000000, 0.000000000000000000 ) ) ;
#7669 = MECHANICAL_DESIGN_GEOMETRIC_PRESENTATION_REPRESENTATION (  '', ( #648 ), #3767 ) ;
#7670 = DIRECTION ( 'NONE',  ( 0.000000000000000000, 0.7071067811865482389, 0.7071067811865467956 ) ) ;
#7671 = ORIENTED_EDGE ( 'NONE', *, *, #2903, .F. ) ;
#7672 = LINE ( 'NONE', #5559, #10870 ) ;
#7673 = DIRECTION ( 'NONE',  ( 1.000000000000000000, 0.000000000000000000, 0.000000000000000000 ) ) ;
#7674 = ORIENTED_EDGE ( 'NONE', *, *, #11817, .T. ) ;
#7675 = ORIENTED_EDGE ( 'NONE', *, *, #9037, .F. ) ;
#7676 = ADVANCED_FACE ( 'NONE', ( #11074 ), #10232, .T. ) ;
#7677 = VERTEX_POINT ( 'NONE', #6379 ) ;
#7678 = ORIENTED_EDGE ( 'NONE', *, *, #4802, .T. ) ;
#7679 = CIRCLE ( 'NONE', #2118, 0.002198610222765590844 ) ;
#7680 =( GEOMETRIC_REPRESENTATION_CONTEXT ( 3 ) GLOBAL_UNCERTAINTY_ASSIGNED_CONTEXT ( ( #3500 ) ) GLOBAL_UNIT_ASSIGNED_CONTEXT ( ( #5314, #4092, #10010 ) ) REPRESENTATION_CONTEXT ( 'NONE', 'WORKASPACE' ) );
#7681 = DIRECTION ( 'NONE',  ( 1.000000000000000000, 0.000000000000000000, 0.000000000000000000 ) ) ;
#7682 = CARTESIAN_POINT ( 'NONE',  ( 0.4000000000000000222, -0.4000000000000000222, 0.000000000000000000 ) ) ;
#7683 = PLANE ( 'NONE',  #6347 ) ;
#7684 = CARTESIAN_POINT ( 'NONE',  ( -0.1132782499023349959, 0.7111815246139390201, 0.2834995524190850325 ) ) ;
#7685 = DIRECTION ( 'NONE',  ( 0.000000000000000000, 0.7071067811865482389, 0.7071067811865467956 ) ) ;
#7686 = ORIENTED_EDGE ( 'NONE', *, *, #3969, .F. ) ;
#7687 = CARTESIAN_POINT ( 'NONE',  ( 0.2120289766347284999, 0.09821168822973509738, 0.1000000000000000056 ) ) ;
#7688 = FACE_OUTER_BOUND ( 'NONE', #9950, .T. ) ;
#7689 = EDGE_CURVE ( 'NONE', #9927, #7722, #5411, .T. ) ;
#7690 = FACE_OUTER_BOUND ( 'NONE', #8393, .T. ) ;
#7691 = ORIENTED_EDGE ( 'NONE', *, *, #11011, .T. ) ;
#7692 = ORIENTED_EDGE ( 'NONE', *, *, #845, .T. ) ;
#7693 = DIRECTION ( 'NONE',  ( -0.9620213048210827234, 0.2729743743840099546, 0.000000000000000000 ) ) ;
#7694 = VERTEX_POINT ( 'NONE', #9143 ) ;
#7695 = EDGE_CURVE ( 'NONE', #3265, #1658, #12529, .T. ) ;
#7696 = EDGE_CURVE ( 'NONE', #3880, #4792, #11673, .T. ) ;
#7697 = CARTESIAN_POINT ( 'NONE',  ( 0.2829134475082419886, 0.06456551457694828522, 0.1000000000000000056 ) ) ;
#7698 = PLANE ( 'NONE',  #8364 ) ;
#7699 = EDGE_CURVE ( 'NONE', #7450, #2882, #11141, .T. ) ;
#7700 = DIRECTION ( 'NONE',  ( 0.07118653010773934309, -0.9974630208339655413, 0.000000000000000000 ) ) ;
#7701 = ORIENTED_EDGE ( 'NONE', *, *, #89, .T. ) ;
#7702 = EDGE_CURVE ( 'NONE', #9480, #2747, #11197, .T. ) ;
#7703 = CARTESIAN_POINT ( 'NONE',  ( -0.1904031852932349667, 0.1501017842495049881, 0.5999999999999999778 ) ) ;
#7704 = CARTESIAN_POINT ( 'NONE',  ( 0.6518290623389679794, 0.09500000000000000111, 0.05000000000000000278 ) ) ;
#7705 = EDGE_CURVE ( 'NONE', #12523, #10490, #5129, .T. ) ;
#7706 = CARTESIAN_POINT ( 'NONE',  ( -0.7680176002228089605, -0.1000000000000000056, 0.1451689417511649871 ) ) ;
#7707 = VERTEX_POINT ( 'NONE', #7271 ) ;
#7708 = VERTEX_POINT ( 'NONE', #2365 ) ;
#7709 = EDGE_CURVE ( 'NONE', #6751, #9239, #1394, .T. ) ;
#7710 = ADVANCED_FACE ( 'NONE', ( #417 ), #8301, .F. ) ;
#7711 = LINE ( 'NONE', #3912, #5773 ) ;
#7712 = CARTESIAN_POINT ( 'NONE',  ( 0.1866831626601859750, 0.7145957609276060163, 0.4000000000000000222 ) ) ;
#7713 = FILL_AREA_STYLE_COLOUR ( '', #7117 ) ;
#7714 = EDGE_CURVE ( 'NONE', #10383, #4683, #8492, .T. ) ;
#7715 = PLANE ( 'NONE',  #5915 ) ;
#7716 = VERTEX_POINT ( 'NONE', #8548 ) ;
#7717 = EDGE_CURVE ( 'NONE', #8587, #9698, #2860, .T. ) ;
#7718 = FACE_OUTER_BOUND ( 'NONE', #3446, .T. ) ;
#7719 = CARTESIAN_POINT ( 'NONE',  ( 0.03275747044388209461, 0.03314877993137484852, 0.1000000000000000056 ) ) ;
#7720 = CARTESIAN_POINT ( 'NONE',  ( 0.8000000000000000444, 0.4000000000000000222, 0.000000000000000000 ) ) ;
#7721 = CARTESIAN_POINT ( 'NONE',  ( -0.2750000000000000222, 0.6612489735550610703, 0.2334995524190849880 ) ) ;
#7722 = VERTEX_POINT ( 'NONE', #11391 ) ;
#7723 = EDGE_LOOP ( 'NONE', ( #11393, #10776, #8510, #23 ) ) ;
#7724 = EDGE_CURVE ( 'NONE', #3990, #10430, #2615, .T. ) ;
#7725 = CARTESIAN_POINT ( 'NONE',  ( -0.8000000000000000444, -0.8000000000000000444, 0.3200000000000000067 ) ) ;
#7726 = SHAPE_REPRESENTATION ( '2^1_Murata_Electronics_-_MM8930-2620RJ4(2)_Murata_Electronics_-_MM8930-2620RJ4', ( #10744 ), #5200 ) ;
#7727 = CARTESIAN_POINT ( 'NONE',  ( 0.8000000000000000444, -0.7112489735550608927, 0.1219992644886569999 ) ) ;
#7728 = DIRECTION ( 'NONE',  ( 0.000000000000000000, 0.000000000000000000, 1.000000000000000000 ) ) ;
#7729 = CARTESIAN_POINT ( 'NONE',  ( 0.3092272891719090033, 0.08952350075660280015, 0.1000000000000000056 ) ) ;
#7730 = CARTESIAN_POINT ( 'NONE',  ( 0.03913233982356739693, -1.112059828292720098, 0.2584995524190864535 ) ) ;
#7731 = ORIENTED_EDGE ( 'NONE', *, *, #7079, .T. ) ;
#7732 = LINE ( 'NONE', #4634, #11716 ) ;
#7733 = CARTESIAN_POINT ( 'NONE',  ( 0.1648850750808970034, 0.06332207658154428986, 0.1000000000000000056 ) ) ;
#7734 = ORIENTED_EDGE ( 'NONE', *, *, #4719, .T. ) ;
#7735 = LINE ( 'NONE', #8446, #9638 ) ;
#7736 = CARTESIAN_POINT ( 'NONE',  ( 0.2092641071274254916, 0.03609097840854754574, 0.000000000000000000 ) ) ;
#7737 = ORIENTED_EDGE ( 'NONE', *, *, #7705, .F. ) ;
#7738 = ORIENTED_EDGE ( 'NONE', *, *, #5417, .F. ) ;
#7739 = CLOSED_SHELL ( 'NONE', ( #368, #8404, #11875, #5182, #8664, #11312, #12595, #7298, #1536 ) ) ;
#7740 = VECTOR ( 'NONE', #3099, 1000.000000000000000 ) ;
#7741 = ORIENTED_EDGE ( 'NONE', *, *, #9885, .T. ) ;
#7742 = ORIENTED_EDGE ( 'NONE', *, *, #73, .F. ) ;
#7743 = CARTESIAN_POINT ( 'NONE',  ( -0.1866831626601859750, 0.7145957609276060163, 0.2834995524190850325 ) ) ;
#7744 = DIRECTION ( 'NONE',  ( 0.000000000000000000, 0.000000000000000000, -1.000000000000000000 ) ) ;
#7745 = EDGE_CURVE ( 'NONE', #1089, #3330, #2044, .T. ) ;
#7746 = VECTOR ( 'NONE', #4246, 1000.000000000000000 ) ;
#7747 = DIRECTION ( 'NONE',  ( -4.273694875621957148E-12, -1.000000000000000000, 0.000000000000000000 ) ) ;
#7748 = LINE ( 'NONE', #2845, #10028 ) ;
#7749 = CARTESIAN_POINT ( 'NONE',  ( 0.2636223749452199505, 0.1813925120511929723, 0.5999999999999999778 ) ) ;
#7750 = ORIENTED_EDGE ( 'NONE', *, *, #1872, .F. ) ;
#7751 = CARTESIAN_POINT ( 'NONE',  ( 0.1131615436026759958, 0.7145957609276060163, 0.2967297185801399673 ) ) ;
#7752 = CARTESIAN_POINT ( 'NONE',  ( 0.2366442454162546727, 0.7123180523633572125, 0.2879035975964102101 ) ) ;
#7753 = DIRECTION ( 'NONE',  ( 0.000000000000000000, 0.000000000000000000, 1.000000000000000000 ) ) ;
#7754 = ORIENTED_EDGE ( 'NONE', *, *, #2005, .T. ) ;
#7755 = ORIENTED_EDGE ( 'NONE', *, *, #11472, .T. ) ;
#7756 = VECTOR ( 'NONE', #12727, 1000.000000000000114 ) ;
#7757 = CARTESIAN_POINT ( 'NONE',  ( 0.03303291651098660270, 0.05545179432888040078, 0.1000000000000000056 ) ) ;
#7758 = ORIENTED_EDGE ( 'NONE', *, *, #6518, .F. ) ;
#7759 = AXIS2_PLACEMENT_3D ( 'NONE', #2221, #3254, #462 ) ;
#7760 = EDGE_CURVE ( 'NONE', #7880, #769, #8009, .T. ) ;
#7761 = CARTESIAN_POINT ( 'NONE',  ( 0.8000000000000000444, 0.4000000000000000222, 0.2834995524190850325 ) ) ;
#7762 = CIRCLE ( 'NONE', #2196, 0.08000000000000001554 ) ;
#7763 = DIRECTION ( 'NONE',  ( 0.000000000000000000, 1.000000000000000000, 0.000000000000000000 ) ) ;
#7764 = LINE ( 'NONE', #2932, #12281 ) ;
#7765 = ORIENTED_EDGE ( 'NONE', *, *, #10684, .T. ) ;
#7766 = VECTOR ( 'NONE', #8406, 1000.000000000000000 ) ;
#7767 = DIRECTION ( 'NONE',  ( 0.000000000000000000, 0.000000000000000000, 1.000000000000000000 ) ) ;
#7768 = LINE ( 'NONE', #8083, #5947 ) ;
#7769 = CARTESIAN_POINT ( 'NONE',  ( 0.8000000000000000444, 0.7112489735550608927, 0.2334995524190849880 ) ) ;
#7770 = ORIENTED_EDGE ( 'NONE', *, *, #4952, .F. ) ;
#7771 =( LENGTH_UNIT ( ) NAMED_UNIT ( * ) SI_UNIT ( .MILLI., .METRE. ) );
#7772 = VECTOR ( 'NONE', #3599, 1000.000000000000000 ) ;
#7773 = ORIENTED_EDGE ( 'NONE', *, *, #5818, .F. ) ;
#7774 = VECTOR ( 'NONE', #9269, 1000.000000000000114 ) ;
#7775 = EDGE_CURVE ( 'NONE', #8054, #3697, #12420, .T. ) ;
#7776 = AXIS2_PLACEMENT_3D ( 'NONE', #12025, #7804, #11052 ) ;
#7777 = LINE ( 'NONE', #10925, #1218 ) ;
#7778 = LINE ( 'NONE', #150, #9016 ) ;
#7779 = DIRECTION ( 'NONE',  ( 0.000000000000000000, 0.000000000000000000, 1.000000000000000000 ) ) ;
#7780 = DIRECTION ( 'NONE',  ( 0.000000000000000000, 0.000000000000000000, -1.000000000000000000 ) ) ;
#7781 = ORIENTED_EDGE ( 'NONE', *, *, #269, .T. ) ;
#7782 = DIRECTION ( 'NONE',  ( -1.000000000000000000, 0.000000000000000000, 0.000000000000000000 ) ) ;
#7783 = CARTESIAN_POINT ( 'NONE',  ( -0.3081987717257729797, 0.08610178341198850005, 0.5999999999999999778 ) ) ;
#7784 = EDGE_CURVE ( 'NONE', #5573, #6207, #6163, .T. ) ;
#7785 = VECTOR ( 'NONE', #6939, 1000.000000000000000 ) ;
#7786 = EDGE_CURVE ( 'NONE', #6967, #10249, #5474, .T. ) ;
#7788 = AXIS2_PLACEMENT_3D ( 'NONE', #1714, #9461, #10674 ) ;
#7787 = CARTESIAN_POINT ( 'NONE',  ( 0.2636223749452199505, 0.2613925120511920164, 0.5999999999999999778 ) ) ;
#7789 = PLANE ( 'NONE',  #7002 ) ;
#7790 = ORIENTED_EDGE ( 'NONE', *, *, #1525, .T. ) ;
#7791 = AXIS2_PLACEMENT_3D ( 'NONE', #320, #12140, #1428 ) ;
#7792 = ORIENTED_EDGE ( 'NONE', *, *, #4551, .F. ) ;
#7793 = ADVANCED_FACE ( 'NONE', ( #6628 ), #11587, .F. ) ;
#7794 = LINE ( 'NONE', #4822, #9191 ) ;
#7795 = EDGE_CURVE ( 'NONE', #1658, #10935, #3270, .T. ) ;
#7796 = VECTOR ( 'NONE', #4584, 1000.000000000000000 ) ;
#7797 = CARTESIAN_POINT ( 'NONE',  ( -0.8499999999999999778, 0.1000000000000000056, 0.000000000000000000 ) ) ;
#7798 = CARTESIAN_POINT ( 'NONE',  ( 0.8000000000000000444, 0.7112489735550608927, 0.1219992644886569999 ) ) ;
#7799 = AXIS2_PLACEMENT_3D ( 'NONE', #10626, #3737, #10565 ) ;
#7800 = DIRECTION ( 'NONE',  ( 1.000000000000000000, 0.000000000000000000, 0.000000000000000000 ) ) ;
#7801 = CYLINDRICAL_SURFACE ( 'NONE', #10613, 0.05000000000000001665 ) ;
#7802 = DIRECTION ( 'NONE',  ( 0.000000000000000000, 0.000000000000000000, 1.000000000000000000 ) ) ;
#7803 = CIRCLE ( 'NONE', #2233, 0.5999999999999999778 ) ;
#7804 = DIRECTION ( 'NONE',  ( 0.000000000000000000, 0.000000000000000000, -1.000000000000000000 ) ) ;
#7805 = EDGE_CURVE ( 'NONE', #5884, #4987, #7592, .T. ) ;
#7806 = ORIENTED_EDGE ( 'NONE', *, *, #5987, .F. ) ;
#7807 = DIRECTION ( 'NONE',  ( 0.01291696439477111116, -0.9999165725353411638, 0.000000000000000000 ) ) ;
#7808 = DIRECTION ( 'NONE',  ( 0.000000000000000000, 0.000000000000000000, -1.000000000000000000 ) ) ;
#7809 = ORIENTED_EDGE ( 'NONE', *, *, #11338, .F. ) ;
#7810 = ORIENTED_EDGE ( 'NONE', *, *, #11543, .F. ) ;
#7811 = VECTOR ( 'NONE', #11203, 999.9999999999998863 ) ;
#7812 = ORIENTED_EDGE ( 'NONE', *, *, #5711, .F. ) ;
#7813 = AXIS2_PLACEMENT_3D ( 'NONE', #8358, #1460, #8174 ) ;
#7814 = ORIENTED_EDGE ( 'NONE', *, *, #3198, .F. ) ;
#7815 = AXIS2_PLACEMENT_3D ( 'NONE', #2627, #10562, #1861 ) ;
#7816 = AXIS2_PLACEMENT_3D ( 'NONE', #1294, #12066, #6087 ) ;
#7817 = DIRECTION ( 'NONE',  ( 1.000000000000000000, 0.000000000000000000, 0.000000000000000000 ) ) ;
#7818 = VECTOR ( 'NONE', #7532, 1000.000000000000000 ) ;
#7819 = CARTESIAN_POINT ( 'NONE',  ( 0.09334158133009319569, 0.6645957609276059719, 0.2834995524190850325 ) ) ;
#7820 = LINE ( 'NONE', #11087, #8401 ) ;
#7821 = VECTOR ( 'NONE', #3444, 1000.000000000000000 ) ;
#7822 = LINE ( 'NONE', #3878, #4255 ) ;
#7823 = ORIENTED_EDGE ( 'NONE', *, *, #12396, .F. ) ;
#7824 = DIRECTION ( 'NONE',  ( 1.000000000000000000, 0.000000000000000000, 0.000000000000000000 ) ) ;
#7825 = DIRECTION ( 'NONE',  ( 0.000000000000000000, 0.000000000000000000, -1.000000000000000000 ) ) ;
#7826 = VECTOR ( 'NONE', #1911, 1000.000000000000000 ) ;
#7827 = DIRECTION ( 'NONE',  ( -0.9748262773061026065, 0.2229657576255278661, 0.000000000000000000 ) ) ;
#7828 = ORIENTED_EDGE ( 'NONE', *, *, #9477, .F. ) ;
#7829 = ORIENTED_EDGE ( 'NONE', *, *, #11088, .T. ) ;
#7831 = AXIS2_PLACEMENT_3D ( 'NONE', #6743, #2678, #11581 ) ;
#7830 = DIRECTION ( 'NONE',  ( 0.000000000000000000, -1.000000000000000000, 0.000000000000000000 ) ) ;
#7832 = ITEM_DEFINED_TRANSFORMATION ( 'NONE', 'NONE', #5836,  #10744 ) ;
#7833 = ORIENTED_EDGE ( 'NONE', *, *, #8319, .T. ) ;
#7834 = VECTOR ( 'NONE', #9995, 1000.000000000000114 ) ;
#7835 = LINE ( 'NONE', #8589, #6859 ) ;
#7836 = AXIS2_PLACEMENT_3D ( 'NONE', #2087, #7767, #6928 ) ;
#7837 = LINE ( 'NONE', #199, #1159 ) ;
#7838 = CARTESIAN_POINT ( 'NONE',  ( -0.2750000000000000222, -0.6612489735550610703, 0.2334995524190849880 ) ) ;
#7839 = ORIENTED_EDGE ( 'NONE', *, *, #2398, .F. ) ;
#7840 = DIRECTION ( 'NONE',  ( 0.000000000000000000, 0.7071067811865482389, 0.7071067811865467956 ) ) ;
#7841 = DIRECTION ( 'NONE',  ( 0.000000000000000000, 0.000000000000000000, 1.000000000000000000 ) ) ;
#7842 = FACE_OUTER_BOUND ( 'NONE', #12106, .T. ) ;
#7843 = ORIENTED_EDGE ( 'NONE', *, *, #11010, .F. ) ;
#7844 = VERTEX_POINT ( 'NONE', #7525 ) ;
#7845 = EDGE_CURVE ( 'NONE', #3545, #9731, #7185, .T. ) ;
#7846 = VECTOR ( 'NONE', #964, 1000.000000000000000 ) ;
#7847 = ORIENTED_EDGE ( 'NONE', *, *, #10923, .F. ) ;
#7848 = CARTESIAN_POINT ( 'NONE',  ( -0.2365664563605270054, -0.7111815246139390201, 0.2834995524190850325 ) ) ;
#7849 = DIRECTION ( 'NONE',  ( 0.000000000000000000, 1.000000000000000000, 0.000000000000000000 ) ) ;
#7850 = VECTOR ( 'NONE', #8120, 1000.000000000000000 ) ;
#7851 = LINE ( 'NONE', #5658, #10691 ) ;
#7852 = CARTESIAN_POINT ( 'NONE',  ( 0.3295279686815250075, -0.2267406400639910002, 0.5999999999999999778 ) ) ;
#7853 = ORIENTED_EDGE ( 'NONE', *, *, #6384, .F. ) ;
#7854 = DIRECTION ( 'NONE',  ( 0.000000000000000000, 1.000000000000000000, 0.000000000000000000 ) ) ;
#7855 = CIRCLE ( 'NONE', #8877, 0.08000000000000002942 ) ;
#7856 = DIRECTION ( 'NONE',  ( 0.000000000000000000, 0.000000000000000000, -1.000000000000000000 ) ) ;
#7857 = CARTESIAN_POINT ( 'NONE',  ( 0.000000000000000000, 0.000000000000000000, 0.6099999999999999867 ) ) ;
#7858 = LINE ( 'NONE', #1067, #10895 ) ;
#7859 = ADVANCED_FACE ( 'NONE', ( #11453 ), #12556, .T. ) ;
#7860 = ORIENTED_EDGE ( 'NONE', *, *, #2191, .T. ) ;
#7861 = EDGE_LOOP ( 'NONE', ( #7163, #6110, #5579, #6779 ) ) ;
#7862 = CARTESIAN_POINT ( 'NONE',  ( 0.4000000000000000222, 0.7200000000000000844, 0.3200000000000000067 ) ) ;
#7863 = EDGE_CURVE ( 'NONE', #19, #11846, #545, .T. ) ;
#7864 = CARTESIAN_POINT ( 'NONE',  ( 0.5999999999999999778, -7.347880794884117764E-17, 0.4000000000000000222 ) ) ;
#7865 = EDGE_CURVE ( 'NONE', #1751, #10836, #6571, .T. ) ;
#7866 = DIRECTION ( 'NONE',  ( -0.9086888233039268625, -0.4174740978821619430, 0.000000000000000000 ) ) ;
#7867 = LINE ( 'NONE', #11787, #8024 ) ;
#7868 = CARTESIAN_POINT ( 'NONE',  ( 0.1166751506721412091, 0.05486015205045460114, 0.1000000000000000056 ) ) ;
#7869 = CARTESIAN_POINT ( 'NONE',  ( 0.8110122756789580611, -0.3968236993599139617, 0.2584995524190864535 ) ) ;
#7870 = ADVANCED_FACE ( 'NONE', ( #1519 ), #4495, .T. ) ;
#7871 = ORIENTED_EDGE ( 'NONE', *, *, #6781, .T. ) ;
#7872 = EDGE_CURVE ( 'NONE', #6060, #1117, #7659, .T. ) ;
#7873 = DIRECTION ( 'NONE',  ( 0.000000000000000000, -1.000000000000000000, 3.252606517456511724E-15 ) ) ;
#7874 = CIRCLE ( 'NONE', #3959, 0.08000000000000002942 ) ;
#7875 = ADVANCED_FACE ( 'NONE', ( #809 ), #5543, .F. ) ;
#7876 = FACE_OUTER_BOUND ( 'NONE', #4213, .T. ) ;
#7877 = ORIENTED_EDGE ( 'NONE', *, *, #8088, .T. ) ;
#7878 = VERTEX_POINT ( 'NONE', #11837 ) ;
#7879 = ORIENTED_EDGE ( 'NONE', *, *, #4625, .T. ) ;
#7880 = VERTEX_POINT ( 'NONE', #7017 ) ;
#7881 = ADVANCED_FACE ( 'NONE', ( #10801 ), #3078, .T. ) ;
#7882 = DIRECTION ( 'NONE',  ( 1.000000000000000000, 0.000000000000000000, 0.000000000000000000 ) ) ;
#7883 = CARTESIAN_POINT ( 'NONE',  ( -0.6300000000000000044, 0.000000000000000000, 0.4299999999999999933 ) ) ;
#7884 = CARTESIAN_POINT ( 'NONE',  ( 0.3289749507227605063, 0.06731460588542299839, 0.000000000000000000 ) ) ;
#7885 = DIRECTION ( 'NONE',  ( 0.9615570232695251907, -0.2746053368036566744, 0.000000000000000000 ) ) ;
#7886 = EDGE_LOOP ( 'NONE', ( #8721, #9266 ) ) ;
#7887 = DIRECTION ( 'NONE',  ( 1.000000000000000000, 0.000000000000000000, 0.000000000000000000 ) ) ;
#7888 = DIRECTION ( 'NONE',  ( 0.000000000000000000, 0.000000000000000000, 1.000000000000000000 ) ) ;
#7889 = LINE ( 'NONE', #6855, #5180 ) ;
#7890 = ORIENTED_EDGE ( 'NONE', *, *, #11086, .F. ) ;
#7891 = ORIENTED_EDGE ( 'NONE', *, *, #3832, .F. ) ;
#7892 = LINE ( 'NONE', #3041, #7620 ) ;
#7893 = VECTOR ( 'NONE', #11651, 1000.000000000000000 ) ;
#7894 = CONTEXT_DEPENDENT_SHAPE_REPRESENTATION ( #3295, #8618 ) ;
#7895 = ORIENTED_EDGE ( 'NONE', *, *, #8077, .F. ) ;
#7896 =( GEOMETRIC_REPRESENTATION_CONTEXT ( 3 ) GLOBAL_UNCERTAINTY_ASSIGNED_CONTEXT ( ( #1488 ) ) GLOBAL_UNIT_ASSIGNED_CONTEXT ( ( #11826, #5907, #986 ) ) REPRESENTATION_CONTEXT ( 'NONE', 'WORKASPACE' ) );
#7897 = CARTESIAN_POINT ( 'NONE',  ( 0.06095122367650519790, 0.06111594802666639459, 0.1000000000000000056 ) ) ;
#7898 = CARTESIAN_POINT ( 'NONE',  ( 0.2833731479247755258, 0.06027789113395250198, 0.000000000000000000 ) ) ;
#7899 = FACE_OUTER_BOUND ( 'NONE', #11495, .T. ) ;
#7900 = ORIENTED_EDGE ( 'NONE', *, *, #7355, .F. ) ;
#7901 = DIRECTION ( 'NONE',  ( 0.000000000000000000, -0.7071067811865482389, -0.7071067811865467956 ) ) ;
#7902 = CARTESIAN_POINT ( 'NONE',  ( 0.3092272891719090033, 0.08952350075660280015, 0.000000000000000000 ) ) ;
#7903 = ORIENTED_EDGE ( 'NONE', *, *, #9345, .F. ) ;
#7904 = VERTEX_POINT ( 'NONE', #93 ) ;
#7905 = VERTEX_POINT ( 'NONE', #5010 ) ;
#7906 = LINE ( 'NONE', #12610, #184 ) ;
#7907 = DIRECTION ( 'NONE',  ( -0.4011071806100228176, 0.9160311291998096683, 0.000000000000000000 ) ) ;
#7908 =( LENGTH_UNIT ( ) NAMED_UNIT ( * ) SI_UNIT ( .MILLI., .METRE. ) );
#7909 = CARTESIAN_POINT ( 'NONE',  ( -0.7299999999999999822, -0.1000000000000000056, 0.000000000000000000 ) ) ;
#7910 = ORIENTED_EDGE ( 'NONE', *, *, #2343, .T. ) ;
#7911 = EDGE_CURVE ( 'NONE', #12237, #5442, #4955, .T. ) ;
#7912 = CARTESIAN_POINT ( 'NONE',  ( 0.2636223749452199505, -0.1813925120511929723, 0.6099999999999999867 ) ) ;
#7913 = DIRECTION ( 'NONE',  ( 0.000000000000000000, 0.000000000000000000, 1.000000000000000000 ) ) ;
#7914 = LINE ( 'NONE', #12618, #8679 ) ;
#7915 = LINE ( 'NONE', #3850, #9041 ) ;
#7916 = ORIENTED_EDGE ( 'NONE', *, *, #3357, .T. ) ;
#7917 = ORIENTED_EDGE ( 'NONE', *, *, #10422, .F. ) ;
#7918 = DIRECTION ( 'NONE',  ( 0.000000000000000000, 0.000000000000000000, 1.000000000000000000 ) ) ;
#7919 = EDGE_CURVE ( 'NONE', #6797, #3803, #6823, .T. ) ;
#7920 = FACE_OUTER_BOUND ( 'NONE', #10171, .T. ) ;
#7921 = FILL_AREA_STYLE_COLOUR ( '', #7401 ) ;
#7922 = CARTESIAN_POINT ( 'NONE',  ( 0.02399999996510350161, -0.1209970815754869838, 0.5999999999999999778 ) ) ;
#7923 = EDGE_LOOP ( 'NONE', ( #1431, #1755, #253, #2755 ) ) ;
#7924 = CARTESIAN_POINT ( 'NONE',  ( 0.1162004452984230080, 0.03314860092336230357, 0.000000000000000000 ) ) ;
#7925 = ORIENTED_EDGE ( 'NONE', *, *, #9681, .F. ) ;
#7926 = DIRECTION ( 'NONE',  ( 0.000000000000000000, 0.000000000000000000, -1.000000000000000000 ) ) ;
#7927 = VERTEX_POINT ( 'NONE', #10934 ) ;
#7928 = ORIENTED_EDGE ( 'NONE', *, *, #6135, .F. ) ;
#7929 = VERTEX_POINT ( 'NONE', #1974 ) ;
#7930 = ORIENTED_EDGE ( 'NONE', *, *, #503, .T. ) ;
#7931 = ADVANCED_FACE ( 'NONE', ( #2105 ), #1851, .T. ) ;
#7932 = CARTESIAN_POINT ( 'NONE',  ( 0.3456388340676674886, 0.06713238599784519811, 0.000000000000000000 ) ) ;
#7933 = DIRECTION ( 'NONE',  ( -0.000000000000000000, 1.000000000000000000, 0.000000000000000000 ) ) ;
#7934 = CARTESIAN_POINT ( 'NONE',  ( 0.1292965689942969787, 0.2613925120511920164, 0.6099999999999999867 ) ) ;
#7935 = CARTESIAN_POINT ( 'NONE',  ( 0.2924591884407760078, 0.07084999806661300414, 0.1000000000000000056 ) ) ;
#7936 = AXIS2_PLACEMENT_3D ( 'NONE', #2369, #10116, #10238 ) ;
#7937 = ORIENTED_EDGE ( 'NONE', *, *, #1214, .T. ) ;
#7938 = AXIS2_PLACEMENT_3D ( 'NONE', #6972, #10892, #1092 ) ;
#7939 = DIRECTION ( 'NONE',  ( 1.000000000000000000, 0.000000000000000000, 0.000000000000000000 ) ) ;
#7940 = LINE ( 'NONE', #9688, #628 ) ;
#7941 = ORIENTED_EDGE ( 'NONE', *, *, #4154, .T. ) ;
#7942 = EDGE_CURVE ( 'NONE', #12590, #11153, #1007, .T. ) ;
#7943 = ORIENTED_EDGE ( 'NONE', *, *, #1630, .F. ) ;
#7944 = EDGE_CURVE ( 'NONE', #5145, #3803, #8939, .T. ) ;
#7945 = CARTESIAN_POINT ( 'NONE',  ( 0.1054327468312629967, 0.03314860092336230357, 0.000000000000000000 ) ) ;
#7946 = ORIENTED_EDGE ( 'NONE', *, *, #8480, .T. ) ;
#7947 = EDGE_CURVE ( 'NONE', #12040, #3811, #1915, .T. ) ;
#7948 = EDGE_CURVE ( 'NONE', #4368, #4132, #6050, .T. ) ;
#7949 = AXIS2_PLACEMENT_3D ( 'NONE', #8308, #819, #8559 ) ;
#7950 = DIRECTION ( 'NONE',  ( -0.9365541607805349944, -0.3505229007135877151, 0.000000000000000000 ) ) ;
#7951 = LINE ( 'NONE', #10783, #6727 ) ;
#7952 = CARTESIAN_POINT ( 'NONE',  ( -0.09334158133009319569, -0.6645957609276059719, 0.2834995524190850325 ) ) ;
#7953 = VECTOR ( 'NONE', #12543, 1000.000000000000000 ) ;
#7954 = VERTEX_POINT ( 'NONE', #2815 ) ;
#7955 = AXIS2_PLACEMENT_3D ( 'NONE', #1182, #9063, #216 ) ;
#7956 = CARTESIAN_POINT ( 'NONE',  ( 0.2888903317238730173, 0.03637260941148660193, 0.1000000000000000056 ) ) ;
#7957 = FACE_OUTER_BOUND ( 'NONE', #9806, .T. ) ;
#7958 = CARTESIAN_POINT ( 'NONE',  ( 0.000000000000000000, 0.000000000000000000, 0.6550000000000000266 ) ) ;
#7959 = ORIENTED_EDGE ( 'NONE', *, *, #12722, .T. ) ;
#7960 = EDGE_CURVE ( 'NONE', #2027, #9845, #11722, .T. ) ;
#7961 = CIRCLE ( 'NONE', #525, 0.0008103503097900994351 ) ;
#7962 = ORIENTED_EDGE ( 'NONE', *, *, #7221, .F. ) ;
#7963 = EDGE_LOOP ( 'NONE', ( #8551, #11816, #11821, #8227 ) ) ;
#7964 = CIRCLE ( 'NONE', #11870, 0.0008103503097900994351 ) ;
#7965 = VECTOR ( 'NONE', #2386, 1000.000000000000000 ) ;
#7966 = FACE_OUTER_BOUND ( 'NONE', #9749, .T. ) ;
#7967 = FACE_OUTER_BOUND ( 'NONE', #9666, .T. ) ;
#7968 =( NAMED_UNIT ( * ) SI_UNIT ( $, .STERADIAN. ) SOLID_ANGLE_UNIT ( ) );
#7969 = FACE_OUTER_BOUND ( 'NONE', #190, .T. ) ;
#7970 = ORIENTED_EDGE ( 'NONE', *, *, #6940, .T. ) ;
#7971 = CARTESIAN_POINT ( 'NONE',  ( 0.2548514224881954782, 0.04676505935380469853, 0.1000000000000000056 ) ) ;
#7972 = DIRECTION ( 'NONE',  ( 0.6401843996644798196, -0.7682212795973758501, 0.000000000000000000 ) ) ;
#7973 = AXIS2_PLACEMENT_3D ( 'NONE', #11206, #10120, #3294 ) ;
#7974 = DIRECTION ( 'NONE',  ( -1.000000000000000000, 0.000000000000000000, 0.000000000000000000 ) ) ;
#7975 = CARTESIAN_POINT ( 'NONE',  ( 0.8499999999999999778, -0.09000000000000001055, 0.05000000000000000278 ) ) ;
#7976 = ORIENTED_EDGE ( 'NONE', *, *, #8263, .F. ) ;
#7977 = VECTOR ( 'NONE', #10513, 1000.000000000000000 ) ;
#7978 = ORIENTED_EDGE ( 'NONE', *, *, #3011, .T. ) ;
#7979 = CIRCLE ( 'NONE', #7564, 0.0007418670772529492672 ) ;
#7980 = ADVANCED_FACE ( 'NONE', ( #37 ), #9775, .T. ) ;
#7981 = DIRECTION ( 'NONE',  ( -0.9608438324685008025, 0.2770904718810153211, 0.000000000000000000 ) ) ;
#7982 = LINE ( 'NONE', #7023, #11508 ) ;
#7983 =( NAMED_UNIT ( * ) PLANE_ANGLE_UNIT ( ) SI_UNIT ( $, .RADIAN. ) );
#7984 = EDGE_LOOP ( 'NONE', ( #1056, #7930, #7107, #237 ) ) ;
#7985 = VECTOR ( 'NONE', #12169, 1000.000000000000000 ) ;
#7986 = CARTESIAN_POINT ( 'NONE',  ( 0.03361611892037240368, 0.05440292908894019813, 0.000000000000000000 ) ) ;
#7987 = FACE_OUTER_BOUND ( 'NONE', #8521, .T. ) ;
#7988 = VECTOR ( 'NONE', #1492, 1000.000000000000000 ) ;
#7989 = ORIENTED_EDGE ( 'NONE', *, *, #11925, .F. ) ;
#7990 = CARTESIAN_POINT ( 'NONE',  ( -0.8000000000000000444, -0.7200000000000000844, 0.08000000000000000167 ) ) ;
#7991 = ORIENTED_EDGE ( 'NONE', *, *, #7157, .T. ) ;
#7992 = ORIENTED_EDGE ( 'NONE', *, *, #5505, .F. ) ;
#7993 = VERTEX_POINT ( 'NONE', #2887 ) ;
#7994 = EDGE_CURVE ( 'NONE', #1867, #5434, #7915, .T. ) ;
#7995 = AXIS2_PLACEMENT_3D ( 'NONE', #7136, #4229, #3451 ) ;
#7996 = ORIENTED_EDGE ( 'NONE', *, *, #6227, .T. ) ;
#7997 = CIRCLE ( 'NONE', #11907, 0.08000000000000002942 ) ;
#7998 = AXIS2_PLACEMENT_3D ( 'NONE', #6579, #689, #9595 ) ;
#7999 = VECTOR ( 'NONE', #5452, 1000.000000000000000 ) ;
#8000 = CARTESIAN_POINT ( 'NONE',  ( -0.2750000000000000222, 0.7111815246139390201, 0.2834995524190850325 ) ) ;
#8001 = FILL_AREA_STYLE ('',( #115 ) ) ;
#8002 = FACE_OUTER_BOUND ( 'NONE', #5982, .T. ) ;
#8003 = CARTESIAN_POINT ( 'NONE',  ( -0.8000000000000000444, -0.7046741902800299773, 0.2582836310259130075 ) ) ;
#8004 = CIRCLE ( 'NONE', #3879, 0.002126405575829302692 ) ;
#8005 = ORIENTED_EDGE ( 'NONE', *, *, #5734, .T. ) ;
#8006 = DIRECTION ( 'NONE',  ( 0.000000000000000000, 0.000000000000000000, -1.000000000000000000 ) ) ;
#8007 = CARTESIAN_POINT ( 'NONE',  ( -1.700737646469700234E-17, 0.08899708045879850538, 0.5999999999999999778 ) ) ;
#8008 = ORIENTED_EDGE ( 'NONE', *, *, #3044, .F. ) ;
#8009 = CIRCLE ( 'NONE', #5340, 0.04999999999999999584 ) ;
#8010 = ORIENTED_EDGE ( 'NONE', *, *, #1703, .F. ) ;
#8011 = CARTESIAN_POINT ( 'NONE',  ( 0.03665650912911475046, 0.03625527285768950780, 0.000000000000000000 ) ) ;
#8012 = ORIENTED_EDGE ( 'NONE', *, *, #8725, .F. ) ;
#8013 = CIRCLE ( 'NONE', #9856, 0.0007514218735937012311 ) ;
#8014 = EDGE_CURVE ( 'NONE', #12451, #5434, #5141, .T. ) ;
#8015 = CIRCLE ( 'NONE', #5965, 0.002603910244099755678 ) ;
#8016 = FACE_OUTER_BOUND ( 'NONE', #11358, .T. ) ;
#8017 = AXIS2_PLACEMENT_3D ( 'NONE', #7127, #5209, #9189 ) ;
#8018 = EDGE_CURVE ( 'NONE', #482, #8452, #7858, .T. ) ;
#8019 = ADVANCED_FACE ( 'NONE', ( #11782 ), #7789, .T. ) ;
#8020 = VECTOR ( 'NONE', #2544, 1000.000000000000000 ) ;
#8021 = PLANE ( 'NONE',  #3218 ) ;
#8022 = DIRECTION ( 'NONE',  ( 0.000000000000000000, 1.000000000000000000, 0.000000000000000000 ) ) ;
#8023 = ORIENTED_EDGE ( 'NONE', *, *, #10524, .T. ) ;
#8024 = VECTOR ( 'NONE', #6004, 999.9999999999998863 ) ;
#8025 = DIRECTION ( 'NONE',  ( 0.9023077256496837562, 0.4310925286210548490, 0.000000000000000000 ) ) ;
#8026 = CARTESIAN_POINT ( 'NONE',  ( 0.03913233982356770224, -1.112059828292720098, 0.000000000000000000 ) ) ;
#8027 = DIRECTION ( 'NONE',  ( -1.000000000000000000, 0.000000000000000000, 0.000000000000000000 ) ) ;
#8028 = EDGE_LOOP ( 'NONE', ( #10101, #7194, #11144, #12186 ) ) ;
#8029 = EDGE_CURVE ( 'NONE', #5477, #9409, #1422, .T. ) ;
#8030 = EDGE_CURVE ( 'NONE', #433, #317, #9602, .T. ) ;
#8031 = ORIENTED_EDGE ( 'NONE', *, *, #10066, .T. ) ;
#8032 = VERTEX_POINT ( 'NONE', #277 ) ;
#8033 = VECTOR ( 'NONE', #5902, 1000.000000000000114 ) ;
#8034 = EDGE_CURVE ( 'NONE', #1293, #7993, #1626, .T. ) ;
#8035 = CARTESIAN_POINT ( 'NONE',  ( -0.1132782499023349959, 0.7111815246139390201, 0.2834995524190850325 ) ) ;
#8036 = CARTESIAN_POINT ( 'NONE',  ( 0.1052965690291930018, 0.2293925109345039959, 0.5999999999999999778 ) ) ;
#8037 = AXIS2_PLACEMENT_3D ( 'NONE', #8454, #11046, #4445 ) ;
#8038 = FILL_AREA_STYLE_COLOUR ( '', #2791 ) ;
#8039 = LINE ( 'NONE', #3917, #7547 ) ;
#8040 = ORIENTED_EDGE ( 'NONE', *, *, #3370, .F. ) ;
#8041 = DIRECTION ( 'NONE',  ( -0.9616124132327568130, 0.2744113093818726923, 0.000000000000000000 ) ) ;
#8042 = CARTESIAN_POINT ( 'NONE',  ( 0.2366831626601859639, 0.4661129598944389607, 0.4000000000000000222 ) ) ;
#8043 = DIRECTION ( 'NONE',  ( -0.4859609489153759454, 0.8739805238844098323, 0.000000000000000000 ) ) ;
#8044 = AXIS2_PLACEMENT_3D ( 'NONE', #9875, #5825, #12587 ) ;
#8045 = CARTESIAN_POINT ( 'NONE',  ( 0.03665650912911475046, 0.03625527285768950780, 0.1000000000000000056 ) ) ;
#8046 = CARTESIAN_POINT ( 'NONE',  ( 0.1138701732977479980, 0.05521023189847489715, 0.1000000000000000056 ) ) ;
#8047 = ORIENTED_EDGE ( 'NONE', *, *, #10605, .T. ) ;
#8048 = VERTEX_POINT ( 'NONE', #10284 ) ;
#8049 = CARTESIAN_POINT ( 'NONE',  ( 0.2636223749452199505, -0.1813925120511929723, 0.5999999999999999778 ) ) ;
#8050 = AXIS2_PLACEMENT_3D ( 'NONE', #916, #4862, #8794 ) ;
#8051 = DIRECTION ( 'NONE',  ( 1.000000000000000000, 0.000000000000000000, 0.000000000000000000 ) ) ;
#8052 = SURFACE_SIDE_STYLE ('',( #11844 ) ) ;
#8053 = CARTESIAN_POINT ( 'NONE',  ( 0.3728439860350399870, 0.06474124773625750118, 0.000000000000000000 ) ) ;
#8054 = VERTEX_POINT ( 'NONE', #224 ) ;
#8055 = DIRECTION ( 'NONE',  ( -1.000000000000000000, 0.000000000000000000, 0.000000000000000000 ) ) ;
#8056 = LINE ( 'NONE', #3155, #1363 ) ;
#8057 = CARTESIAN_POINT ( 'NONE',  ( 0.8000000000000000444, 0.6612489735550610703, 0.2334995524190849880 ) ) ;
#8058 = VERTEX_POINT ( 'NONE', #11129 ) ;
#8059 = EDGE_LOOP ( 'NONE', ( #1275, #5050, #8130, #2222, #438 ) ) ;
#8060 = ORIENTED_EDGE ( 'NONE', *, *, #6672, .F. ) ;
#8061 = VECTOR ( 'NONE', #1156, 1000.000000000000000 ) ;
#8062 = EDGE_LOOP ( 'NONE', ( #937, #10588, #12016, #6420 ) ) ;
#8063 = CARTESIAN_POINT ( 'NONE',  ( 0.2547853178277684760, 0.06699789738363649827, 0.1000000000000000056 ) ) ;
#8064 = LINE ( 'NONE', #4061, #10601 ) ;
#8065 = DIRECTION ( 'NONE',  ( 0.000000000000000000, 0.000000000000000000, 1.000000000000000000 ) ) ;
#8066 = VECTOR ( 'NONE', #8759, 1000.000000000000227 ) ;
#8067 = DIRECTION ( 'NONE',  ( 0.000000000000000000, -1.000000000000000000, 0.000000000000000000 ) ) ;
#8068 = ORIENTED_EDGE ( 'NONE', *, *, #10222, .F. ) ;
#8069 = EDGE_CURVE ( 'NONE', #1896, #4052, #9872, .T. ) ;
#8070 = CARTESIAN_POINT ( 'NONE',  ( 0.2547853178277684760, 0.06699789738363649827, 0.000000000000000000 ) ) ;
#8071 = DIRECTION ( 'NONE',  ( 1.000000000000000000, 0.000000000000000000, 0.000000000000000000 ) ) ;
#8072 = ORIENTED_EDGE ( 'NONE', *, *, #3710, .F. ) ;
#8073 = ORIENTED_EDGE ( 'NONE', *, *, #12274, .T. ) ;
#8074 = CARTESIAN_POINT ( 'NONE',  ( 0.3266446739591120085, 0.06542160229417839923, 0.000000000000000000 ) ) ;
#8075 = ORIENTED_EDGE ( 'NONE', *, *, #6041, .F. ) ;
#8076 = CARTESIAN_POINT ( 'NONE',  ( 0.2366831626601859639, -0.4661129598944389607, 0.2834995524190850325 ) ) ;
#8077 = EDGE_CURVE ( 'NONE', #11920, #8080, #4308, .T. ) ;
#8078 = DIRECTION ( 'NONE',  ( 1.000000000000000000, 0.000000000000000000, 0.000000000000000000 ) ) ;
#8079 = FACE_OUTER_BOUND ( 'NONE', #27, .T. ) ;
#8080 = VERTEX_POINT ( 'NONE', #12030 ) ;
#8081 = AXIS2_PLACEMENT_3D ( 'NONE', #1557, #458, #1362 ) ;
#8082 = DIRECTION ( 'NONE',  ( 0.000000000000000000, 0.000000000000000000, 1.000000000000000000 ) ) ;
#8083 = CARTESIAN_POINT ( 'NONE',  ( 0.02652351076370424929, 0.02899812594526204879, 0.000000000000000000 ) ) ;
#8084 =( GEOMETRIC_REPRESENTATION_CONTEXT ( 3 ) GLOBAL_UNCERTAINTY_ASSIGNED_CONTEXT ( ( #11619 ) ) GLOBAL_UNIT_ASSIGNED_CONTEXT ( ( #6472, #11364, #11494 ) ) REPRESENTATION_CONTEXT ( 'NONE', 'WORKASPACE' ) );
#8085 = DIRECTION ( 'NONE',  ( 0.2690124995812889774, 0.9631366855587149001, 0.000000000000000000 ) ) ;
#8086 = ORIENTED_EDGE ( 'NONE', *, *, #2946, .F. ) ;
#8087 = EDGE_LOOP ( 'NONE', ( #11794, #840, #10371, #10719 ) ) ;
#8088 = EDGE_CURVE ( 'NONE', #4602, #6935, #12761, .T. ) ;
#8089 = ORIENTED_EDGE ( 'NONE', *, *, #10269, .F. ) ;
#8090 = AXIS2_PLACEMENT_3D ( 'NONE', #9102, #1953, #6920 ) ;
#8091 = ADVANCED_FACE ( 'NONE', ( #2229 ), #9317, .F. ) ;
#8092 = CARTESIAN_POINT ( 'NONE',  ( 0.3540429768304100278, 0.05526198454102550228, 0.000000000000000000 ) ) ;
#8093 = EDGE_CURVE ( 'NONE', #10065, #7301, #12214, .T. ) ;
#8094 = LINE ( 'NONE', #9061, #10462 ) ;
#8095 = FACE_OUTER_BOUND ( 'NONE', #1029, .T. ) ;
#8096 = FACE_OUTER_BOUND ( 'NONE', #6705, .T. ) ;
#8097 = EDGE_LOOP ( 'NONE', ( #7847, #10417, #6458, #11218 ) ) ;
#8098 = CARTESIAN_POINT ( 'NONE',  ( -0.2384031841765470172, -0.08610178341198850005, 0.5999999999999999778 ) ) ;
#8099 = CARTESIAN_POINT ( 'NONE',  ( 0.2324270404405094914, 0.03277019182142075493, 0.000000000000000000 ) ) ;
#8100 = DIRECTION ( 'NONE',  ( 0.000000000000000000, 0.000000000000000000, -1.000000000000000000 ) ) ;
#8101 = CARTESIAN_POINT ( 'NONE',  ( 0.3008524015297938670, 0.2522015871793990005, 0.5999999999999999778 ) ) ;
#8102 = CYLINDRICAL_SURFACE ( 'NONE', #4516, 0.003120585666877702738 ) ;
#8103 = ORIENTED_EDGE ( 'NONE', *, *, #12201, .T. ) ;
#8104 = EDGE_CURVE ( 'NONE', #10, #4887, #1259, .T. ) ;
#8105 = EDGE_CURVE ( 'NONE', #3638, #2680, #469, .T. ) ;
#8106 = ORIENTED_EDGE ( 'NONE', *, *, #2032, .F. ) ;
#8107 =( NAMED_UNIT ( * ) PLANE_ANGLE_UNIT ( ) SI_UNIT ( $, .RADIAN. ) );
#8108 = EDGE_CURVE ( 'NONE', #6078, #6824, #10160, .T. ) ;
#8109 = ADVANCED_FACE ( 'NONE', ( #2158 ), #4168, .T. ) ;
#8110 = CYLINDRICAL_SURFACE ( 'NONE', #9635, 0.001194625730631837957 ) ;
#8111 = DIRECTION ( 'NONE',  ( 0.000000000000000000, 0.000000000000000000, 1.000000000000000000 ) ) ;
#8112 = ORIENTED_EDGE ( 'NONE', *, *, #8475, .F. ) ;
#8113 = CARTESIAN_POINT ( 'NONE',  ( 0.08473363365101149736, 0.06271715177701281396, 0.000000000000000000 ) ) ;
#8114 = DIRECTION ( 'NONE',  ( 0.000000000000000000, 0.000000000000000000, 1.000000000000000000 ) ) ;
#8115 = CARTESIAN_POINT ( 'NONE',  ( 1.582892211534350002, -1.112059828292720098, 0.000000000000000000 ) ) ;
#8116 = ORIENTED_EDGE ( 'NONE', *, *, #7289, .T. ) ;
#8118 = EDGE_LOOP ( 'NONE', ( #10394, #2137, #4639, #10816 ) ) ;
#8117 = EDGE_CURVE ( 'NONE', #548, #2460, #6241, .T. ) ;
#8119 = ORIENTED_EDGE ( 'NONE', *, *, #6299, .T. ) ;
#8120 = DIRECTION ( 'NONE',  ( 0.000000000000000000, 0.000000000000000000, 1.000000000000000000 ) ) ;
#8121 = DIRECTION ( 'NONE',  ( -0.6045378097511919790, -0.7965764474180940802, 0.000000000000000000 ) ) ;
#8122 = CARTESIAN_POINT ( 'NONE',  ( -0.2750000000000000222, -0.6148757525095489562, -0.08968532705436679797 ) ) ;
#8123 = FACE_OUTER_BOUND ( 'NONE', #4497, .T. ) ;
#8124 = CARTESIAN_POINT ( 'NONE',  ( -0.04000000087241269847, -0.08899708045879850538, 0.6099999999999999867 ) ) ;
#8125 = ORIENTED_EDGE ( 'NONE', *, *, #2159, .F. ) ;
#8126 = DIRECTION ( 'NONE',  ( 0.000000000000000000, 0.000000000000000000, 1.000000000000000000 ) ) ;
#8127 = FACE_OUTER_BOUND ( 'NONE', #5038, .T. ) ;
#8128 = VERTEX_POINT ( 'NONE', #6177 ) ;
#8129 = ORIENTED_EDGE ( 'NONE', *, *, #11479, .F. ) ;
#8130 = ORIENTED_EDGE ( 'NONE', *, *, #3438, .F. ) ;
#8131 = ADVANCED_FACE ( 'NONE', ( #11973 ), #8102, .T. ) ;
#8132 = FACE_OUTER_BOUND ( 'NONE', #3760, .T. ) ;
#8133 = DIRECTION ( 'NONE',  ( 0.9611013479610197585, -0.2761959430323168707, 0.000000000000000000 ) ) ;
#8134 = CARTESIAN_POINT ( 'NONE',  ( 0.1161643973624987836, 0.04105864155184475034, 0.000000000000000000 ) ) ;
#8135 = ORIENTED_EDGE ( 'NONE', *, *, #1251, .T. ) ;
#8136 = CARTESIAN_POINT ( 'NONE',  ( -0.4000000000000000222, -0.7200000000000000844, 0.3200000000000000067 ) ) ;
#8137 = DIRECTION ( 'NONE',  ( 0.000000000000000000, 0.000000000000000000, 1.000000000000000000 ) ) ;
#8138 = FACE_OUTER_BOUND ( 'NONE', #1242, .T. ) ;
#8139 = VERTEX_POINT ( 'NONE', #5332 ) ;
#8140 = ORIENTED_EDGE ( 'NONE', *, *, #2748, .F. ) ;
#8141 = ORIENTED_EDGE ( 'NONE', *, *, #12749, .T. ) ;
#8142 = AXIS2_PLACEMENT_3D ( 'NONE', #12579, #2771, #3747 ) ;
#8143 = ORIENTED_EDGE ( 'NONE', *, *, #7474, .T. ) ;
#8144 = EDGE_CURVE ( 'NONE', #5236, #5580, #10030, .T. ) ;
#8145 = VECTOR ( 'NONE', #5550, 1000.000000000000114 ) ;
#8146 = STYLED_ITEM ( 'NONE', ( #9517 ), #5056 ) ;
#8147 = DIRECTION ( 'NONE',  ( 0.000000000000000000, 0.000000000000000000, 1.000000000000000000 ) ) ;
#8148 = CARTESIAN_POINT ( 'NONE',  ( 0.06250322219966450432, 0.03328186957122985373, 0.000000000000000000 ) ) ;
#8149 = PRESENTATION_STYLE_ASSIGNMENT (( #7120 ) ) ;
#8150 = CARTESIAN_POINT ( 'NONE',  ( 0.8000000000000000444, 0.6612489735550610703, 0.07199926448865659467 ) ) ;
#8151 = ORIENTED_EDGE ( 'NONE', *, *, #6676, .T. ) ;
#8152 = VECTOR ( 'NONE', #4298, 1000.000000000000000 ) ;
#8153 = CARTESIAN_POINT ( 'NONE',  ( -0.8000000000000000444, 0.7405531811372209061, 0.3973147252801209617 ) ) ;
#8154 = DIRECTION ( 'NONE',  ( 0.000000000000000000, 2.489282864717550295E-15, -1.000000000000000000 ) ) ;
#8155 = DIRECTION ( 'NONE',  ( -1.000000000000000000, 0.000000000000000000, 0.000000000000000000 ) ) ;
#8156 = CARTESIAN_POINT ( 'NONE',  ( 0.8000000000000000444, 0.4000000000000000222, 0.2834995524190850325 ) ) ;
#8157 = CARTESIAN_POINT ( 'NONE',  ( 0.1587122455588625136, 0.03503749806839129288, 0.000000000000000000 ) ) ;
#8158 = VERTEX_POINT ( 'NONE', #9256 ) ;
#8159 = STYLED_ITEM ( 'NONE', ( #282 ), #457 ) ;
#8160 = AXIS2_PLACEMENT_3D ( 'NONE', #5240, #1348, #3232 ) ;
#8161 = ORIENTED_EDGE ( 'NONE', *, *, #9124, .F. ) ;
#8162 = EDGE_CURVE ( 'NONE', #2194, #2680, #586, .T. ) ;
#8163 = AXIS2_PLACEMENT_3D ( 'NONE', #668, #8542, #9570 ) ;
#8164 = PLANE ( 'NONE',  #7995 ) ;
#8165 = EDGE_CURVE ( 'NONE', #11276, #8169, #340, .T. ) ;
#8166 = FILL_AREA_STYLE ('',( #7921 ) ) ;
#8167 = LINE ( 'NONE', #350, #1762 ) ;
#8168 = EDGE_CURVE ( 'NONE', #11422, #6695, #10343, .T. ) ;
#8169 = VERTEX_POINT ( 'NONE', #6660 ) ;
#8170 = VECTOR ( 'NONE', #6202, 1000.000000000000114 ) ;
#8171 = DIRECTION ( 'NONE',  ( 0.000000000000000000, -0.7071067811865482389, 0.7071067811865467956 ) ) ;
#8172 = CARTESIAN_POINT ( 'NONE',  ( -0.1904031852932349667, -0.1501017842495049881, 0.5999999999999999778 ) ) ;
#8173 = AXIS2_PLACEMENT_3D ( 'NONE', #1695, #6419, #10335 ) ;
#8174 = DIRECTION ( 'NONE',  ( 0.002558394508413974842, -0.9999967273034143789, 0.000000000000000000 ) ) ;
#8175 = ORIENTED_EDGE ( 'NONE', *, *, #11053, .F. ) ;
#8176 = ORIENTED_EDGE ( 'NONE', *, *, #10540, .F. ) ;
#8177 = EDGE_CURVE ( 'NONE', #448, #8327, #2926, .T. ) ;
#8178 = ADVANCED_FACE ( 'NONE', ( #777 ), #5461, .F. ) ;
#8179 = ORIENTED_EDGE ( 'NONE', *, *, #11862, .F. ) ;
#8180 = CARTESIAN_POINT ( 'NONE',  ( 0.2584796253054099657, 0.03589060334112015305, 0.1000000000000000056 ) ) ;
#8181 = AXIS2_PLACEMENT_3D ( 'NONE', #3615, #5376, #2709 ) ;
#8182 = DIRECTION ( 'NONE',  ( 1.000000000000000000, 0.000000000000000000, 0.000000000000000000 ) ) ;
#8183 = EDGE_CURVE ( 'NONE', #11604, #2190, #11927, .T. ) ;
#8184 = DIRECTION ( 'NONE',  ( 0.000000000000000000, 0.000000000000000000, 1.000000000000000000 ) ) ;
#8185 = CARTESIAN_POINT ( 'NONE',  ( 0.06557364123081391161, 0.03601309922746600417, 0.000000000000000000 ) ) ;
#8186 = LINE ( 'NONE', #9282, #9202 ) ;
#8187 = VERTEX_POINT ( 'NONE', #12718 ) ;
#8188 = CARTESIAN_POINT ( 'NONE',  ( 0.1970904046462695069, 0.06927183681152200567, 0.000000000000000000 ) ) ;
#8189 = CARTESIAN_POINT ( 'NONE',  ( -0.7880176002228089782, -0.05000000000000000278, 0.06999999999999999278 ) ) ;
#8190 = ORIENTED_EDGE ( 'NONE', *, *, #3258, .F. ) ;
#8191 = ORIENTED_EDGE ( 'NONE', *, *, #12758, .T. ) ;
#8192 = CIRCLE ( 'NONE', #11905, 0.003534023892934039495 ) ;
#8193 = CIRCLE ( 'NONE', #12297, 0.01552466259165699407 ) ;
#8194 = VERTEX_POINT ( 'NONE', #5698 ) ;
#8195 = VECTOR ( 'NONE', #8137, 1000.000000000000000 ) ;
#8196 = VECTOR ( 'NONE', #2000, 1000.000000000000000 ) ;
#8197 = PRODUCT_DEFINITION_SHAPE ( 'NONE', 'NONE',  #12775 ) ;
#8198 = LINE ( 'NONE', #8453, #11708 ) ;
#8199 = CIRCLE ( 'NONE', #1400, 0.006656444322163188564 ) ;
#8200 = AXIS2_PLACEMENT_3D ( 'NONE', #120, #1155, #8910 ) ;
#8201 = CARTESIAN_POINT ( 'NONE',  ( 0.000000000000000000, 0.000000000000000000, 0.6099999999999999867 ) ) ;
#8202 = CARTESIAN_POINT ( 'NONE',  ( 0.2775758572458389972, 0.03576804108687355044, 0.1000000000000000056 ) ) ;
#8203 = ORIENTED_EDGE ( 'NONE', *, *, #7942, .F. ) ;
#8204 = CARTESIAN_POINT ( 'NONE',  ( 0.2041295186937625017, 0.09749879633957379832, 0.1000000000000000056 ) ) ;
#8205 = PLANE ( 'NONE',  #3249 ) ;
#8206 = AXIS2_PLACEMENT_3D ( 'NONE', #10879, #10042, #11732 ) ;
#8207 = LINE ( 'NONE', #7244, #7636 ) ;
#8208 = VERTEX_POINT ( 'NONE', #8345 ) ;
#8209 = ORIENTED_EDGE ( 'NONE', *, *, #11367, .T. ) ;
#8210 = EDGE_LOOP ( 'NONE', ( #7810, #12010, #6629, #5439 ) ) ;
#8211 = AXIS2_PLACEMENT_3D ( 'NONE', #4505, #9659, #12371 ) ;
#8212 = CIRCLE ( 'NONE', #1825, 0.08000000000000002942 ) ;
#8213 = VECTOR ( 'NONE', #6683, 1000.000000000000114 ) ;
#8214 = DIRECTION ( 'NONE',  ( 0.000000000000000000, 0.000000000000000000, 1.000000000000000000 ) ) ;
#8215 = VECTOR ( 'NONE', #9722, 1000.000000000000227 ) ;
#8216 = LINE ( 'NONE', #5252, #3461 ) ;
#8217 = CARTESIAN_POINT ( 'NONE',  ( -0.4000000000000000222, -0.7765685424949239080, 0.3765685424949237747 ) ) ;
#8218 = DIRECTION ( 'NONE',  ( -0.7071067811865482389, 0.000000000000000000, -0.7071067811865466846 ) ) ;
#8219 = VERTEX_POINT ( 'NONE', #3757 ) ;
#8220 = DIRECTION ( 'NONE',  ( -0.4187623895431970000, 0.9080958435672260576, 0.000000000000000000 ) ) ;
#8221 = CARTESIAN_POINT ( 'NONE',  ( 0.2187869229859329967, 0.05530536313800479831, 0.000000000000000000 ) ) ;
#8222 = ADVANCED_FACE ( 'NONE', ( #7452 ), #9809, .T. ) ;
#8223 = ORIENTED_EDGE ( 'NONE', *, *, #12758, .F. ) ;
#8224 = DIRECTION ( 'NONE',  ( 0.000000000000000000, 0.000000000000000000, -1.000000000000000000 ) ) ;
#8225 = DIRECTION ( 'NONE',  ( 0.000000000000000000, 0.000000000000000000, 1.000000000000000000 ) ) ;
#8226 = VECTOR ( 'NONE', #9066, 1000.000000000000000 ) ;
#8227 = ORIENTED_EDGE ( 'NONE', *, *, #11801, .F. ) ;
#8228 = MECHANICAL_DESIGN_GEOMETRIC_PRESENTATION_REPRESENTATION (  '', ( #8629 ), #4732 ) ;
#8229 = ORIENTED_EDGE ( 'NONE', *, *, #11479, .T. ) ;
#8230 = DIRECTION ( 'NONE',  ( 0.0001103642249269660118, 0.9999999939098689339, 0.000000000000000000 ) ) ;
#8231 = VECTOR ( 'NONE', #5962, 1000.000000000000000 ) ;
#8232 = DIRECTION ( 'NONE',  ( 0.3162277577404048468, 0.9486833008093248365, 0.000000000000000000 ) ) ;
#8233 = CARTESIAN_POINT ( 'NONE',  ( 0.3259544815329459833, 0.03764021005716109564, 0.000000000000000000 ) ) ;
#8234 = CARTESIAN_POINT ( 'NONE',  ( 0.3456323243405575174, 0.04611915850731080485, 0.1000000000000000056 ) ) ;
#8235 = VERTEX_POINT ( 'NONE', #11556 ) ;
#8236 = CIRCLE ( 'NONE', #2674, 0.07999999999999998779 ) ;
#8237 = DIRECTION ( 'NONE',  ( 0.000000000000000000, 0.000000000000000000, 1.000000000000000000 ) ) ;
#8238 = ADVANCED_FACE ( 'NONE', ( #9374 ), #2717, .T. ) ;
#8239 = DIRECTION ( 'NONE',  ( 0.000000000000000000, 0.000000000000000000, 1.000000000000000000 ) ) ;
#8240 = DIRECTION ( 'NONE',  ( 0.000000000000000000, 0.000000000000000000, 1.000000000000000000 ) ) ;
#8241 = ORIENTED_EDGE ( 'NONE', *, *, #2723, .T. ) ;
#8242 = ORIENTED_EDGE ( 'NONE', *, *, #12191, .T. ) ;
#8243 = VERTEX_POINT ( 'NONE', #10582 ) ;
#8244 = EDGE_CURVE ( 'NONE', #11027, #2736, #4793, .T. ) ;
#8245 = ADVANCED_FACE ( 'NONE', ( #1947 ), #11617, .F. ) ;
#8246 = CIRCLE ( 'NONE', #2681, 0.002166760629838646295 ) ;
#8247 = CARTESIAN_POINT ( 'NONE',  ( 0.3214868792987120028, 0.07228149986488210943, 0.1000000000000000056 ) ) ;
#8248 = LINE ( 'NONE', #7277, #7811 ) ;
#8249 = EDGE_CURVE ( 'NONE', #5573, #1069, #1508, .T. ) ;
#8250 = PRESENTATION_STYLE_ASSIGNMENT (( #10118 ) ) ;
#8251 = ADVANCED_FACE ( 'NONE', ( #1819 ), #2474, .T. ) ;
#8252 = LINE ( 'NONE', #10365, #7388 ) ;
#8253 = ADVANCED_FACE ( 'NONE', ( #10778 ), #3818, .T. ) ;
#8254 = DIRECTION ( 'NONE',  ( -1.697769986809269869E-16, 1.000000000000000000, 0.000000000000000000 ) ) ;
#8255 = ORIENTED_EDGE ( 'NONE', *, *, #2103, .T. ) ;
#8256 = CARTESIAN_POINT ( 'NONE',  ( 0.2031609623636604911, 0.03785049341395980288, 0.1000000000000000056 ) ) ;
#8257 = CIRCLE ( 'NONE', #6013, 0.003369696899038590251 ) ;
#8258 = DIRECTION ( 'NONE',  ( 0.000000000000000000, 0.000000000000000000, 1.000000000000000000 ) ) ;
#8259 = VERTEX_POINT ( 'NONE', #7757 ) ;
#8260 = ORIENTED_EDGE ( 'NONE', *, *, #6518, .T. ) ;
#8261 = VERTEX_POINT ( 'NONE', #11683 ) ;
#8262 = EDGE_CURVE ( 'NONE', #5224, #913, #7612, .T. ) ;
#8263 = EDGE_CURVE ( 'NONE', #4792, #433, #5891, .T. ) ;
#8264 = AXIS2_PLACEMENT_3D ( 'NONE', #1097, #3815, #2851 ) ;
#8265 = CARTESIAN_POINT ( 'NONE',  ( 0.6300000000000000044, 7.715274834628325378E-17, 0.4299999999999999933 ) ) ;
#8266 = FACE_OUTER_BOUND ( 'NONE', #11982, .T. ) ;
#8267 = DIRECTION ( 'NONE',  ( 0.2744113093880019005, 0.9616124132310076567, 0.000000000000000000 ) ) ;
#8268 = ORIENTED_EDGE ( 'NONE', *, *, #4798, .F. ) ;
#8269 = CARTESIAN_POINT ( 'NONE',  ( 0.08714640885898909672, 0.06059912315654360226, 0.000000000000000000 ) ) ;
#8270 = CARTESIAN_POINT ( 'NONE',  ( 0.1866831626601859750, -0.6645957609276059719, 0.2834995524190850325 ) ) ;
#8271 = CARTESIAN_POINT ( 'NONE',  ( 0.8000000000000000444, 0.7112489735550608927, 0.1219992644886569999 ) ) ;
#8272 = ORIENTED_EDGE ( 'NONE', *, *, #10997, .T. ) ;
#8273 = VERTEX_POINT ( 'NONE', #905 ) ;
#8274 = EDGE_LOOP ( 'NONE', ( #903, #1962, #5893, #5567, #3958, #6194 ) ) ;
#8275 = AXIS2_PLACEMENT_3D ( 'NONE', #10627, #1796, #824 ) ;
#8276 = ADVANCED_FACE ( 'NONE', ( #4850 ), #3515, .T. ) ;
#8277 = PLANE ( 'NONE',  #12398 ) ;
#8278 = AXIS2_PLACEMENT_3D ( 'NONE', #6887, #3248, #2954 ) ;
#8279 = AXIS2_PLACEMENT_3D ( 'NONE', #10342, #10593, #468 ) ;
#8280 = DIRECTION ( 'NONE',  ( 0.000000000000000000, -1.000000000000000000, 0.000000000000000000 ) ) ;
#8281 = CARTESIAN_POINT ( 'NONE',  ( 0.02716305715891570091, 0.03179428010923664866, 0.1000000000000000056 ) ) ;
#8282 = LINE ( 'NONE', #3375, #12485 ) ;
#8283 = ORIENTED_EDGE ( 'NONE', *, *, #7696, .F. ) ;
#8284 = LINE ( 'NONE', #7254, #10496 ) ;
#8285 = CYLINDRICAL_SURFACE ( 'NONE', #8380, 0.008847179373249159165 ) ;
#8286 = CARTESIAN_POINT ( 'NONE',  ( 0.6664737232796406063, -0.1900000000000000022, 0.01464466094067265987 ) ) ;
#8287 = VERTEX_POINT ( 'NONE', #6984 ) ;
#8288 = CYLINDRICAL_SURFACE ( 'NONE', #1899, 0.0008412897409926101003 ) ;
#8289 = DIRECTION ( 'NONE',  ( -0.3162277577404050133, 0.9486833008093248365, 0.000000000000000000 ) ) ;
#8290 =( BOUNDED_CURVE ( )  B_SPLINE_CURVE ( 3, ( #9687, #842, #7752, #4789 ),
 .UNSPECIFIED., .F., .F. ) 
 B_SPLINE_CURVE_WITH_KNOTS ( ( 4, 4 ),
 ( 1.570796326794896558, 1.639134231106093020 ),
 .UNSPECIFIED. ) 
 CURVE ( )  GEOMETRIC_REPRESENTATION_ITEM ( )  RATIONAL_B_SPLINE_CURVE ( ( 1.000000000000000000, 0.9996108654318511810, 0.9996108654318511810, 1.000000000000000000 ) ) 
 REPRESENTATION_ITEM ( '' )  );
#8291 = CIRCLE ( 'NONE', #3766, 0.0003500000000000222768 ) ;
#8292 = ORIENTED_EDGE ( 'NONE', *, *, #2485, .T. ) ;
#8293 = CARTESIAN_POINT ( 'NONE',  ( 0.03913233982356719570, 0.3184124295728944509, 0.000000000000000000 ) ) ;
#8294 = ADVANCED_FACE ( 'NONE', ( #9938 ), #71, .F. ) ;
#8295 = DIRECTION ( 'NONE',  ( 0.000000000000000000, -1.000000000000000000, 0.000000000000000000 ) ) ;
#8296 = FACE_OUTER_BOUND ( 'NONE', #10797, .T. ) ;
#8297 = CARTESIAN_POINT ( 'NONE',  ( 0.1132782499023349959, 0.7111815246139390201, 0.2834995524190850325 ) ) ;
#8298 = VERTEX_POINT ( 'NONE', #1042 ) ;
#8299 = CARTESIAN_POINT ( 'NONE',  ( 0.3580498226595195121, 0.05982387625321240049, 0.1000000000000000056 ) ) ;
#8300 = DIRECTION ( 'NONE',  ( 0.002558394508413974842, -0.9999967273034143789, 0.000000000000000000 ) ) ;
#8301 = PLANE ( 'NONE',  #8416 ) ;
#8302 = ORIENTED_EDGE ( 'NONE', *, *, #6445, .F. ) ;
#8303 = ORIENTED_EDGE ( 'NONE', *, *, #9345, .T. ) ;
#8304 = ORIENTED_EDGE ( 'NONE', *, *, #752, .F. ) ;
#8305 = DIRECTION ( 'NONE',  ( -4.273694875621957148E-12, -1.000000000000000000, 0.000000000000000000 ) ) ;
#8306 = ADVANCED_FACE ( 'NONE', ( #1226 ), #969, .F. ) ;
#8307 = FACE_OUTER_BOUND ( 'NONE', #9557, .T. ) ;
#8308 = CARTESIAN_POINT ( 'NONE',  ( -0.7880176002228089782, 0.1000000000000000056, 0.06999999999999999278 ) ) ;
#8309 = CARTESIAN_POINT ( 'NONE',  ( 0.2229590568833294817, 0.09070175649229740567, 0.000000000000000000 ) ) ;
#8310 = CARTESIAN_POINT ( 'NONE',  ( 0.08673703654456119128, 0.05260312050078429225, 0.000000000000000000 ) ) ;
#8311 = ORIENTED_EDGE ( 'NONE', *, *, #9158, .F. ) ;
#8312 = CARTESIAN_POINT ( 'NONE',  ( -0.4068465942575619776, 0.1000000000000000056, 0.000000000000000000 ) ) ;
#8313 = FACE_BOUND ( 'NONE', #12310, .T. ) ;
#8314 = ORIENTED_EDGE ( 'NONE', *, *, #12120, .F. ) ;
#8315 = ORIENTED_EDGE ( 'NONE', *, *, #8659, .F. ) ;
#8316 = ORIENTED_EDGE ( 'NONE', *, *, #7745, .F. ) ;
#8317 = EDGE_CURVE ( 'NONE', #12475, #7500, #4736, .T. ) ;
#8318 = LINE ( 'NONE', #498, #163 ) ;
#8319 = EDGE_CURVE ( 'NONE', #4521, #3265, #5044, .T. ) ;
#8320 = DIRECTION ( 'NONE',  ( 0.000000000000000000, 0.000000000000000000, -1.000000000000000000 ) ) ;
#8321 = DIRECTION ( 'NONE',  ( -0.5999999860413970376, 0.8000000104689519720, 0.000000000000000000 ) ) ;
#8322 = ORIENTED_EDGE ( 'NONE', *, *, #5906, .T. ) ;
#8323 = EDGE_CURVE ( 'NONE', #8187, #10762, #7892, .T. ) ;
#8324 = CARTESIAN_POINT ( 'NONE',  ( -0.8000000000000000444, 0.8000000000000000444, 0.000000000000000000 ) ) ;
#8325 = DIRECTION ( 'NONE',  ( 0.000000000000000000, 0.000000000000000000, 1.000000000000000000 ) ) ;
#8326 = DIRECTION ( 'NONE',  ( 0.000000000000000000, 0.000000000000000000, 1.000000000000000000 ) ) ;
#8327 = VERTEX_POINT ( 'NONE', #8970 ) ;
#8328 = ORIENTED_EDGE ( 'NONE', *, *, #7911, .F. ) ;
#8329 = ORIENTED_EDGE ( 'NONE', *, *, #5450, .T. ) ;
#8330 = EDGE_CURVE ( 'NONE', #6340, #1396, #11933, .T. ) ;
#8331 = EDGE_CURVE ( 'NONE', #9956, #2460, #2981, .T. ) ;
#8332 = DIRECTION ( 'NONE',  ( -0.1457956030341018561, -0.9893147336090383215, 0.000000000000000000 ) ) ;
#8333 = CARTESIAN_POINT ( 'NONE',  ( 0.1193548020523574060, 0.05586416227129829826, 0.000000000000000000 ) ) ;
#8334 = EDGE_CURVE ( 'NONE', #448, #2694, #5177, .T. ) ;
#8335 = CARTESIAN_POINT ( 'NONE',  ( 0.2054260905944750026, 0.08501342326454189302, 0.000000000000000000 ) ) ;
#8336 = DIRECTION ( 'NONE',  ( 0.4472136033030539304, -0.8944271870983677708, 0.000000000000000000 ) ) ;
#8337 = ORIENTED_EDGE ( 'NONE', *, *, #9510, .T. ) ;
#8338 = CYLINDRICAL_SURFACE ( 'NONE', #4310, 0.04999999999999999584 ) ;
#8339 = CARTESIAN_POINT ( 'NONE',  ( 0.4000000000000000222, 0.7200000000000000844, 0.4000000000000000222 ) ) ;
#8340 = FACE_OUTER_BOUND ( 'NONE', #5753, .T. ) ;
#8341 = ORIENTED_EDGE ( 'NONE', *, *, #6724, .F. ) ;
#8342 = CLOSED_SHELL ( 'NONE', ( #3502, #3373, #213, #6602, #12367, #11892, #12256, #10303, #5232, #8294, #2832, #3808, #8806, #8019, #1311, #428, #2553 ) ) ;
#8343 = LINE ( 'NONE', #4672, #10128 ) ;
#8344 = AXIS2_PLACEMENT_3D ( 'NONE', #9930, #5881, #9090 ) ;
#8345 = CARTESIAN_POINT ( 'NONE',  ( 0.2366831626601859639, 0.8000000000000000444, 0.3200000000000000067 ) ) ;
#8346 = ORIENTED_EDGE ( 'NONE', *, *, #3212, .T. ) ;
#8347 = FILL_AREA_STYLE_COLOUR ( '', #1344 ) ;
#8348 = AXIS2_PLACEMENT_3D ( 'NONE', #10498, #3664, #8695 ) ;
#8349 = CYLINDRICAL_SURFACE ( 'NONE', #1639, 0.08000000000000002942 ) ;
#8350 = CARTESIAN_POINT ( 'NONE',  ( 0.3478771551061344836, 0.02408209449195560306, 0.000000000000000000 ) ) ;
#8351 = LINE ( 'NONE', #1513, #5771 ) ;
#8352 = CARTESIAN_POINT ( 'NONE',  ( 0.3271418792962970112, 0.07230623777738301450, 0.000000000000000000 ) ) ;
#8353 = VERTEX_POINT ( 'NONE', #10835 ) ;
#8354 = DIRECTION ( 'NONE',  ( 0.000000000000000000, 0.000000000000000000, 1.000000000000000000 ) ) ;
#8355 = CARTESIAN_POINT ( 'NONE',  ( 0.1464424154140804013, 0.03769120402005969594, 0.1000000000000000056 ) ) ;
#8356 = CIRCLE ( 'NONE', #5277, 0.001408525117288646775 ) ;
#8357 = VECTOR ( 'NONE', #4929, 1000.000000000000114 ) ;
#8358 = CARTESIAN_POINT ( 'NONE',  ( 0.3092331965106679958, 0.08721450602993020829, 0.1000000000000000056 ) ) ;
#8359 = ORIENTED_EDGE ( 'NONE', *, *, #6067, .F. ) ;
#8360 = ORIENTED_EDGE ( 'NONE', *, *, #9744, .T. ) ;
#8361 = CIRCLE ( 'NONE', #3626, 0.003120585666877702738 ) ;
#8362 = ORIENTED_EDGE ( 'NONE', *, *, #8480, .F. ) ;
#8363 = CARTESIAN_POINT ( 'NONE',  ( 0.1166751506721412091, 0.05486015205045460114, 0.000000000000000000 ) ) ;
#8364 = AXIS2_PLACEMENT_3D ( 'NONE', #9757, #853, #11694 ) ;
#8365 = DIRECTION ( 'NONE',  ( -0.9115026718108232284, -0.4112941517718561313, 0.000000000000000000 ) ) ;
#8366 = CARTESIAN_POINT ( 'NONE',  ( -0.7880176002228089782, -0.1000000000000000056, 0.06999999999999999278 ) ) ;
#8367 = AXIS2_PLACEMENT_3D ( 'NONE', #10276, #4279, #8218 ) ;
#8368 = PLANE ( 'NONE',  #11083 ) ;
#8369 = CARTESIAN_POINT ( 'NONE',  ( 0.8000000000000000444, 0.8000000000000000444, 0.3200000000000000067 ) ) ;
#8370 = VERTEX_POINT ( 'NONE', #8914 ) ;
#8371 = DIRECTION ( 'NONE',  ( 0.7071067811865482389, 0.000000000000000000, -0.7071067811865466846 ) ) ;
#8372 = EDGE_CURVE ( 'NONE', #3321, #5525, #4009, .T. ) ;
#8373 = DIRECTION ( 'NONE',  ( 0.000000000000000000, -0.7071067811865482389, 0.7071067811865467956 ) ) ;
#8374 = ORIENTED_EDGE ( 'NONE', *, *, #754, .T. ) ;
#8375 = ORIENTED_EDGE ( 'NONE', *, *, #9186, .F. ) ;
#8376 = AXIS2_PLACEMENT_3D ( 'NONE', #8515, #12444, #3809 ) ;
#8377 = ORIENTED_EDGE ( 'NONE', *, *, #3047, .F. ) ;
#8378 = ORIENTED_EDGE ( 'NONE', *, *, #4551, .T. ) ;
#8379 = VECTOR ( 'NONE', #6189, 1000.000000000000000 ) ;
#8380 = AXIS2_PLACEMENT_3D ( 'NONE', #8221, #10279, #2350 ) ;
#8381 = FACE_OUTER_BOUND ( 'NONE', #11911, .T. ) ;
#8382 = APPLICATION_CONTEXT ( 'automotive_design' ) ;
#8383 = CARTESIAN_POINT ( 'NONE',  ( -0.2366831626601859639, -0.7200000000000000844, 0.3200000000000000067 ) ) ;
#8384 = ORIENTED_EDGE ( 'NONE', *, *, #8168, .F. ) ;
#8385 = DIRECTION ( 'NONE',  ( 0.9110822214566228761, 0.4122246787198279305, 0.000000000000000000 ) ) ;
#8386 = CARTESIAN_POINT ( 'NONE',  ( 0.2798247592475764933, 0.03312752572621634889, 0.1000000000000000056 ) ) ;
#8387 = ORIENTED_EDGE ( 'NONE', *, *, #4633, .F. ) ;
#8388 = CIRCLE ( 'NONE', #10448, 0.07999999999999998779 ) ;
#8389 = CARTESIAN_POINT ( 'NONE',  ( -0.08226357805285371139, -0.08899708045879850538, 0.5999999999999999778 ) ) ;
#8390 = DIRECTION ( 'NONE',  ( 0.000000000000000000, 0.000000000000000000, 1.000000000000000000 ) ) ;
#8391 = EDGE_CURVE ( 'NONE', #11157, #338, #3109, .T. ) ;
#8392 = DIRECTION ( 'NONE',  ( 0.000000000000000000, -0.2498780111313130825, 0.9682773257456043225 ) ) ;
#8393 = EDGE_LOOP ( 'NONE', ( #3834, #9692, #2040, #12359 ) ) ;
#8394 = ORIENTED_EDGE ( 'NONE', *, *, #9206, .T. ) ;
#8395 = ORIENTED_EDGE ( 'NONE', *, *, #113, .F. ) ;
#8396 = EDGE_CURVE ( 'NONE', #8298, #3464, #7046, .T. ) ;
#8397 = CIRCLE ( 'NONE', #767, 0.05000000000000002359 ) ;
#8398 = EDGE_CURVE ( 'NONE', #2973, #9978, #10968, .T. ) ;
#8399 = DIRECTION ( 'NONE',  ( 0.000000000000000000, 0.000000000000000000, 1.000000000000000000 ) ) ;
#8400 = AXIS2_PLACEMENT_3D ( 'NONE', #1038, #6076, #5040 ) ;
#8401 = VECTOR ( 'NONE', #3100, 1000.000000000000114 ) ;
#8402 = LINE ( 'NONE', #12336, #6970 ) ;
#8403 = DIRECTION ( 'NONE',  ( -0.000000000000000000, 1.000000000000000000, 0.000000000000000000 ) ) ;
#8404 = ADVANCED_FACE ( 'NONE', ( #1160 ), #4139, .F. ) ;
#8405 = PRODUCT ( '1-0^1_Murata_Electronics_-_MM8930-2620RJ4(2)_Murata_Electronics_-_MM8930-2620RJ4', '1-0^1_Murata_Electronics_-_MM8930-2620RJ4(2)_Murata_Electronics_-_MM8930-2620RJ4', '', ( #2719 ) ) ;
#8406 = DIRECTION ( 'NONE',  ( -0.7682212795973758501, 0.6401843996644799306, 0.000000000000000000 ) ) ;
#8407 = ORIENTED_EDGE ( 'NONE', *, *, #5353, .F. ) ;
#8408 = ADVANCED_FACE ( 'NONE', ( #6143 ), #10067, .T. ) ;
#8409 = LINE ( 'NONE', #9438, #3712 ) ;
#8410 = DIRECTION ( 'NONE',  ( 0.000000000000000000, 0.000000000000000000, 1.000000000000000000 ) ) ;
#8411 = ADVANCED_FACE ( 'NONE', ( #12471 ), #12283, .T. ) ;
#8412 = PLANE ( 'NONE',  #9018 ) ;
#8413 = ORIENTED_EDGE ( 'NONE', *, *, #9600, .T. ) ;
#8414 = AXIS2_PLACEMENT_3D ( 'NONE', #9737, #1677, #834 ) ;
#8415 = DIRECTION ( 'NONE',  ( 0.000000000000000000, 0.000000000000000000, 1.000000000000000000 ) ) ;
#8416 = AXIS2_PLACEMENT_3D ( 'NONE', #3390, #1716, #9464 ) ;
#8417 = ORIENTED_EDGE ( 'NONE', *, *, #5829, .F. ) ;
#8418 = EDGE_CURVE ( 'NONE', #12366, #6471, #7392, .T. ) ;
#8419 = CARTESIAN_POINT ( 'NONE',  ( 0.3208341822578805180, 0.07286385395408728760, 0.000000000000000000 ) ) ;
#8420 = AXIS2_PLACEMENT_3D ( 'NONE', #11725, #2897, #10748 ) ;
#8421 = DIRECTION ( 'NONE',  ( 0.000000000000000000, 0.000000000000000000, -1.000000000000000000 ) ) ;
#8422 = DIRECTION ( 'NONE',  ( 0.000000000000000000, 0.000000000000000000, 1.000000000000000000 ) ) ;
#8423 = VECTOR ( 'NONE', #12679, 1000.000000000000000 ) ;
#8424 = CARTESIAN_POINT ( 'NONE',  ( -0.2366442454162546727, -0.7123180523633572125, 0.2879035975964102101 ) ) ;
#8425 = DIRECTION ( 'NONE',  ( 0.000000000000000000, 0.7071067811865482389, -0.7071067811865467956 ) ) ;
#8426 = EDGE_LOOP ( 'NONE', ( #539, #6459, #7541, #6609 ) ) ;
#8427 = LINE ( 'NONE', #3720, #2449 ) ;
#8428 = CIRCLE ( 'NONE', #2652, 0.005008107141486408884 ) ;
#8429 = LINE ( 'NONE', #8355, #9841 ) ;
#8430 = COLOUR_RGB ( '',0.9803921568627450567, 0.8862745098039215286, 0.6784313725490196401 ) ;
#8431 = CARTESIAN_POINT ( 'NONE',  ( -0.2366442454162546727, 0.7123180523633572125, 0.2879035975964101546 ) ) ;
#8432 = DIRECTION ( 'NONE',  ( -1.000000000000000000, 0.000000000000000000, 0.000000000000000000 ) ) ;
#8433 = ORIENTED_EDGE ( 'NONE', *, *, #2497, .F. ) ;
#8434 = ORIENTED_EDGE ( 'NONE', *, *, #4460, .T. ) ;
#8435 = ORIENTED_EDGE ( 'NONE', *, *, #3148, .F. ) ;
#8436 = VECTOR ( 'NONE', #996, 1000.000000000000000 ) ;
#8437 = LINE ( 'NONE', #9469, #3315 ) ;
#8438 =( LENGTH_UNIT ( ) NAMED_UNIT ( * ) SI_UNIT ( .MILLI., .METRE. ) );
#8439 = CIRCLE ( 'NONE', #7627, 0.07999999999999998779 ) ;
#8440 = CARTESIAN_POINT ( 'NONE',  ( 0.2750000000000000222, 0.6612489735550610703, 0.2334995524190849880 ) ) ;
#8441 = DIRECTION ( 'NONE',  ( 0.000000000000000000, 1.000000000000000000, 0.000000000000000000 ) ) ;
#8442 = CARTESIAN_POINT ( 'NONE',  ( -0.1131615436026759958, -0.7200000000000000844, 0.4000000000000000222 ) ) ;
#8443 = VECTOR ( 'NONE', #9060, 1000.000000000000000 ) ;
#8444 = DIRECTION ( 'NONE',  ( 0.000000000000000000, -1.000000000000000000, 3.252606517456511724E-15 ) ) ;
#8445 = EDGE_LOOP ( 'NONE', ( #11603, #2452, #5175, #11772, #2495 ) ) ;
#8446 = CARTESIAN_POINT ( 'NONE',  ( 0.2997486099693485451, 0.06543429113880830372, 0.000000000000000000 ) ) ;
#8447 = FACE_OUTER_BOUND ( 'NONE', #1124, .T. ) ;
#8448 = ORIENTED_EDGE ( 'NONE', *, *, #7233, .F. ) ;
#8449 = ORIENTED_EDGE ( 'NONE', *, *, #8105, .F. ) ;
#8450 = CIRCLE ( 'NONE', #5371, 0.007081384037780936828 ) ;
#8451 = ORIENTED_EDGE ( 'NONE', *, *, #6147, .T. ) ;
#8452 = VERTEX_POINT ( 'NONE', #4678 ) ;
#8453 = CARTESIAN_POINT ( 'NONE',  ( 0.2366831626601859639, -0.7246033112302809887, 0.3355089773090989547 ) ) ;
#8454 = CARTESIAN_POINT ( 'NONE',  ( -3.021661560652580221E-17, -1.204669080539450022E-17, 0.9000000000000000222 ) ) ;
#8455 = ADVANCED_FACE ( 'NONE', ( #4485 ), #8349, .T. ) ;
#8456 = VECTOR ( 'NONE', #10194, 1000.000000000000000 ) ;
#8457 = FACE_OUTER_BOUND ( 'NONE', #9970, .T. ) ;
#8458 = DIRECTION ( 'NONE',  ( 0.000000000000000000, 0.000000000000000000, -1.000000000000000000 ) ) ;
#8459 = ORIENTED_EDGE ( 'NONE', *, *, #2343, .F. ) ;
#8460 = DIRECTION ( 'NONE',  ( 0.000000000000000000, 0.000000000000000000, -1.000000000000000000 ) ) ;
#8461 = DIRECTION ( 'NONE',  ( -0.8057941271948427797, 0.5921957654174010433, 0.000000000000000000 ) ) ;
#8462 = DIRECTION ( 'NONE',  ( 0.000000000000000000, -0.7071067811865482389, 0.7071067811865467956 ) ) ;
#8463 = ORIENTED_EDGE ( 'NONE', *, *, #9004, .F. ) ;
#8464 = EDGE_LOOP ( 'NONE', ( #8986, #6931, #8703, #12047 ) ) ;
#8465 = EDGE_LOOP ( 'NONE', ( #7925, #6216, #3040, #4939, #1991, #7253 ) ) ;
#8466 = ADVANCED_FACE ( 'NONE', ( #11321 ), #7008, .F. ) ;
#8467 = CARTESIAN_POINT ( 'NONE',  ( 0.8000000000000000444, -0.4000000000000000222, 0.1417497762095429881 ) ) ;
#8468 = CARTESIAN_POINT ( 'NONE',  ( 0.09261828412980088743, 0.05554728094672600064, 0.000000000000000000 ) ) ;
#8469 = DIRECTION ( 'NONE',  ( 0.000000000000000000, 0.000000000000000000, 1.000000000000000000 ) ) ;
#8470 = ORIENTED_EDGE ( 'NONE', *, *, #805, .F. ) ;
#8471 = DIRECTION ( 'NONE',  ( 0.000000000000000000, -0.7071067811865482389, 0.7071067811865467956 ) ) ;
#8472 = CARTESIAN_POINT ( 'NONE',  ( 0.8000000000000000444, 0.7046741902800309765, 0.2582836310259130075 ) ) ;
#8473 = CARTESIAN_POINT ( 'NONE',  ( -0.7299999999999999822, -0.1225276258470749946, 0.05000000000000000278 ) ) ;
#8474 = VERTEX_POINT ( 'NONE', #8481 ) ;
#8475 = EDGE_CURVE ( 'NONE', #8795, #6717, #3642, .T. ) ;
#8476 = PLANE ( 'NONE',  #41 ) ;
#8477 = ORIENTED_EDGE ( 'NONE', *, *, #2189, .F. ) ;
#8478 = PLANE ( 'NONE',  #10413 ) ;
#8479 = PRESENTATION_LAYER_ASSIGNMENT (  '', '', ( #648 ) ) ;
#8480 = EDGE_CURVE ( 'NONE', #205, #389, #12410, .T. ) ;
#8481 = CARTESIAN_POINT ( 'NONE',  ( 0.6300000000000000044, 7.715274834628326610E-17, 0.3999999999999999667 ) ) ;
#8482 = DIRECTION ( 'NONE',  ( 0.000000000000000000, 0.000000000000000000, 1.000000000000000000 ) ) ;
#8483 = FACE_OUTER_BOUND ( 'NONE', #7445, .T. ) ;
#8484 = DIRECTION ( 'NONE',  ( -0.4122246787198279305, 0.9110822214566228761, 0.000000000000000000 ) ) ;
#8485 = ORIENTED_EDGE ( 'NONE', *, *, #11608, .F. ) ;
#8486 = DIRECTION ( 'NONE',  ( 0.000000000000000000, 0.000000000000000000, 1.000000000000000000 ) ) ;
#8487 = CARTESIAN_POINT ( 'NONE',  ( 0.3008524015297938670, 0.2522015871793990005, 0.6099999999999999867 ) ) ;
#8488 = ADVANCED_FACE ( 'NONE', ( #6620 ), #2606, .F. ) ;
#8489 = EDGE_CURVE ( 'NONE', #12636, #10929, #11739, .T. ) ;
#8490 = AXIS2_PLACEMENT_3D ( 'NONE', #4737, #3893, #5585 ) ;
#8491 = DIRECTION ( 'NONE',  ( 1.000000000000000000, 0.000000000000000000, 0.000000000000000000 ) ) ;
#8492 = LINE ( 'NONE', #675, #7600 ) ;
#8493 = ORIENTED_EDGE ( 'NONE', *, *, #1392, .T. ) ;
#8494 = VERTEX_POINT ( 'NONE', #607 ) ;
#8495 = ORIENTED_EDGE ( 'NONE', *, *, #11729, .F. ) ;
#8496 = ADVANCED_FACE ( 'NONE', ( #11383 ), #3450, .F. ) ;
#8497 = DIRECTION ( 'NONE',  ( -1.000000000000000000, 0.000000000000000000, 0.000000000000000000 ) ) ;
#8498 = ADVANCED_FACE ( 'NONE', ( #10406 ), #5656, .T. ) ;
#8499 = CARTESIAN_POINT ( 'NONE',  ( 0.000000000000000000, 0.000000000000000000, 0.7205211221380689590 ) ) ;
#8500 = CARTESIAN_POINT ( 'NONE',  ( 0.1131615436026759958, -0.7405531811372209061, 0.3973147252801209617 ) ) ;
#8501 = CARTESIAN_POINT ( 'NONE',  ( 0.3478771551061344836, 0.02408209449195560306, 0.1000000000000000056 ) ) ;
#8502 = LINE ( 'NONE', #12494, #9236 ) ;
#8503 = CARTESIAN_POINT ( 'NONE',  ( 0.1631615436026759847, -0.6645957609276059719, 0.2834995524190850325 ) ) ;
#8504 = EDGE_CURVE ( 'NONE', #4714, #3110, #11441, .T. ) ;
#8505 = ORIENTED_EDGE ( 'NONE', *, *, #11056, .T. ) ;
#8506 = DIRECTION ( 'NONE',  ( -1.000000000000000000, 0.000000000000000000, 0.000000000000000000 ) ) ;
#8507 = CARTESIAN_POINT ( 'NONE',  ( 0.3267278133686140063, 0.03395119461962100432, 0.000000000000000000 ) ) ;
#8508 = EDGE_LOOP ( 'NONE', ( #3713, #9734, #4004, #8543 ) ) ;
#8509 = VERTEX_POINT ( 'NONE', #4611 ) ;
#8510 = ORIENTED_EDGE ( 'NONE', *, *, #2200, .F. ) ;
#8511 = ORIENTED_EDGE ( 'NONE', *, *, #7440, .T. ) ;
#8512 = PRODUCT_DEFINITION_SHAPE ( 'NONE', 'NONE',  #3514 ) ;
#8513 = CARTESIAN_POINT ( 'NONE',  ( 0.2888903317238730173, 0.03637260941148660193, 0.000000000000000000 ) ) ;
#8514 = CARTESIAN_POINT ( 'NONE',  ( -0.7585132001671059943, 0.1000000000000000056, 0.1451689417511649871 ) ) ;
#8515 = CARTESIAN_POINT ( 'NONE',  ( 0.8000000000000000444, 0.7579941969697999715, 0.4648986639076029825 ) ) ;
#8516 = CARTESIAN_POINT ( 'NONE',  ( -0.7680176002228089605, -0.1000000000000000056, 0.1451689417511649871 ) ) ;
#8517 = EDGE_LOOP ( 'NONE', ( #413, #6024, #2783, #5043, #9494, #10938 ) ) ;
#8518 = CARTESIAN_POINT ( 'NONE',  ( -0.4699999999999999734, 0.000000000000000000, 0.7205211221380689590 ) ) ;
#8519 = DIRECTION ( 'NONE',  ( 0.000000000000000000, 0.000000000000000000, 1.000000000000000000 ) ) ;
#8520 = CARTESIAN_POINT ( 'NONE',  ( 0.3271418792962970112, 0.07230623777738301450, 0.1000000000000000056 ) ) ;
#8521 = EDGE_LOOP ( 'NONE', ( #10014, #6960, #8571, #9963, #4920 ) ) ;
#8522 = ORIENTED_EDGE ( 'NONE', *, *, #208, .T. ) ;
#8523 = CARTESIAN_POINT ( 'NONE',  ( 0.000000000000000000, 0.000000000000000000, 0.000000000000000000 ) ) ;
#8524 = ORIENTED_EDGE ( 'NONE', *, *, #7942, .T. ) ;
#8525 = ADVANCED_FACE ( 'NONE', ( #5600 ), #1574, .T. ) ;
#8526 = DIRECTION ( 'NONE',  ( 0.000000000000000000, 0.000000000000000000, 1.000000000000000000 ) ) ;
#8527 = DIRECTION ( 'NONE',  ( 0.000000000000000000, 0.000000000000000000, 1.000000000000000000 ) ) ;
#8528 = DIRECTION ( 'NONE',  ( 0.000000000000000000, 0.000000000000000000, 1.000000000000000000 ) ) ;
#8529 = ORIENTED_EDGE ( 'NONE', *, *, #3284, .F. ) ;
#8530 = CARTESIAN_POINT ( 'NONE',  ( 0.1350591374782403875, 0.06620965038194619179, 0.000000000000000000 ) ) ;
#8531 = CARTESIAN_POINT ( 'NONE',  ( 0.3122731045469514521, 0.03316117763381255107, 0.000000000000000000 ) ) ;
#8532 = LINE ( 'NONE', #2598, #12309 ) ;
#8533 = ORIENTED_EDGE ( 'NONE', *, *, #11404, .T. ) ;
#8534 = LINE ( 'NONE', #1701, #236 ) ;
#8535 = EDGE_CURVE ( 'NONE', #3265, #8187, #7516, .T. ) ;
#8536 = VERTEX_POINT ( 'NONE', #10347 ) ;
#8537 = CARTESIAN_POINT ( 'NONE',  ( 0.1364911956989959818, 0.03332770763521999968, 0.000000000000000000 ) ) ;
#8538 = CARTESIAN_POINT ( 'NONE',  ( 0.3492201352550940441, 0.05661155346480119949, 0.000000000000000000 ) ) ;
#8539 = DIRECTION ( 'NONE',  ( 0.000000000000000000, 1.000000000000000000, 0.000000000000000000 ) ) ;
#8540 = CLOSED_SHELL ( 'NONE', ( #3333, #5837, #6673, #10084, #12028, #6010 ) ) ;
#8541 =( LENGTH_UNIT ( ) NAMED_UNIT ( * ) SI_UNIT ( .MILLI., .METRE. ) );
#8542 = DIRECTION ( 'NONE',  ( -0.9616124132310031047, 0.2744113093880180543, 0.000000000000000000 ) ) ;
#8543 = ORIENTED_EDGE ( 'NONE', *, *, #11877, .F. ) ;
#8544 = AXIS2_PLACEMENT_3D ( 'NONE', #2371, #555, #10242 ) ;
#8545 = FACE_OUTER_BOUND ( 'NONE', #3550, .T. ) ;
#8546 = CARTESIAN_POINT ( 'NONE',  ( 0.06182383598323769325, 0.03567202328416280155, 0.1000000000000000056 ) ) ;
#8547 = CARTESIAN_POINT ( 'NONE',  ( 0.000000000000000000, 0.000000000000000000, 0.4299999999999999933 ) ) ;
#8548 = CARTESIAN_POINT ( 'NONE',  ( 0.1854199210673869724, 0.03231188691521374307, 0.1000000000000000056 ) ) ;
#8549 = ADVANCED_FACE ( 'NONE', ( #9453 ), #9640, .T. ) ;
#8550 = ORIENTED_EDGE ( 'NONE', *, *, #7183, .T. ) ;
#8551 = ORIENTED_EDGE ( 'NONE', *, *, #5980, .F. ) ;
#8552 = ORIENTED_EDGE ( 'NONE', *, *, #6118, .T. ) ;
#8553 = CARTESIAN_POINT ( 'NONE',  ( 0.1866831626601859750, -0.7145957609276060163, 0.2834995524190850325 ) ) ;
#8554 = STYLED_ITEM ( 'NONE', ( #101 ), #9313 ) ;
#8555 = EDGE_CURVE ( 'NONE', #7453, #12208, #7711, .T. ) ;
#8556 = CARTESIAN_POINT ( 'NONE',  ( 0.2407593021428414970, 0.09188740274345869041, 0.000000000000000000 ) ) ;
#8557 = EDGE_CURVE ( 'NONE', #3811, #10981, #7906, .T. ) ;
#8558 = DIRECTION ( 'NONE',  ( -1.000000000000000000, 0.000000000000000000, 0.000000000000000000 ) ) ;
#8559 = DIRECTION ( 'NONE',  ( 0.7071067811865482389, 0.000000000000000000, -0.7071067811865467956 ) ) ;
#8560 = PRESENTATION_LAYER_ASSIGNMENT (  '', '', ( #12254 ) ) ;
#8561 = CARTESIAN_POINT ( 'NONE',  ( 0.2133435247917115085, 0.02634761969843244997, 0.000000000000000000 ) ) ;
#8562 = LINE ( 'NONE', #11403, #4461 ) ;
#8563 = EDGE_CURVE ( 'NONE', #3003, #5678, #7408, .T. ) ;
#8564 = ORIENTED_EDGE ( 'NONE', *, *, #11621, .T. ) ;
#8565 = ADVANCED_FACE ( 'NONE', ( #7966 ), #6938, .F. ) ;
#8566 = VECTOR ( 'NONE', #7066, 1000.000000000000000 ) ;
#8567 = DIRECTION ( 'NONE',  ( 0.000000000000000000, 0.000000000000000000, -1.000000000000000000 ) ) ;
#8568 = DIRECTION ( 'NONE',  ( 0.000000000000000000, 0.000000000000000000, -1.000000000000000000 ) ) ;
#8569 = ORIENTED_EDGE ( 'NONE', *, *, #5908, .T. ) ;
#8570 = VERTEX_POINT ( 'NONE', #8871 ) ;
#8571 = ORIENTED_EDGE ( 'NONE', *, *, #1679, .F. ) ;
#8572 = AXIS2_PLACEMENT_3D ( 'NONE', #12531, #4598, #10586 ) ;
#8573 = ORIENTED_EDGE ( 'NONE', *, *, #10459, .T. ) ;
#8574 = EDGE_CURVE ( 'NONE', #7595, #205, #1842, .T. ) ;
#8575 = CIRCLE ( 'NONE', #1779, 0.05000000000000002359 ) ;
#8576 = LINE ( 'NONE', #12509, #4285 ) ;
#8577 = CARTESIAN_POINT ( 'NONE',  ( 0.3190216502994290271, 0.06541332007093510204, 0.000000000000000000 ) ) ;
#8578 = DIRECTION ( 'NONE',  ( -0.4310925286210549046, 0.9023077256496838672, 0.000000000000000000 ) ) ;
#8579 = LINE ( 'NONE', #2647, #1582 ) ;
#8580 = ORIENTED_EDGE ( 'NONE', *, *, #2699, .T. ) ;
#8581 = AXIS2_PLACEMENT_3D ( 'NONE', #9741, #65, #7885 ) ;
#8582 = DIRECTION ( 'NONE',  ( -0.8189443781963320346, -0.5738729000576895389, 0.000000000000000000 ) ) ;
#8583 = CARTESIAN_POINT ( 'NONE',  ( 0.2366831626601859639, 0.9322259197888769222, 0.4000000000000000222 ) ) ;
#8584 = ORIENTED_EDGE ( 'NONE', *, *, #11801, .T. ) ;
#8585 = VERTEX_POINT ( 'NONE', #8805 ) ;
#8586 = VECTOR ( 'NONE', #5085, 1000.000000000000000 ) ;
#8587 = VERTEX_POINT ( 'NONE', #3840 ) ;
#8588 = VECTOR ( 'NONE', #10991, 1000.000000000000114 ) ;
#8589 = CARTESIAN_POINT ( 'NONE',  ( -0.4000000000000000222, -0.8000000000000000444, 0.3200000000000000067 ) ) ;
#8590 = VECTOR ( 'NONE', #12448, 1000.000000000000114 ) ;
#8591 = CARTESIAN_POINT ( 'NONE',  ( 0.1866831626601859750, -0.7145957609276060163, 0.2834995524190850325 ) ) ;
#8592 = PLANE ( 'NONE',  #5513 ) ;
#8593 = EDGE_LOOP ( 'NONE', ( #6671, #9507, #9562 ) ) ;
#8594 = DIRECTION ( 'NONE',  ( -0.2681308641996781872, 0.9633824991474225774, 0.000000000000000000 ) ) ;
#8595 = DIRECTION ( 'NONE',  ( 0.000000000000000000, 0.000000000000000000, 1.000000000000000000 ) ) ;
#8596 = CYLINDRICAL_SURFACE ( 'NONE', #9487, 0.08000000000000002942 ) ;
#8597 = ORIENTED_EDGE ( 'NONE', *, *, #6366, .F. ) ;
#8598 = VECTOR ( 'NONE', #5003, 1000.000000000000000 ) ;
#8599 = AXIS2_PLACEMENT_3D ( 'NONE', #11308, #1505, #3325 ) ;
#8600 = ORIENTED_EDGE ( 'NONE', *, *, #10678, .T. ) ;
#8601 = VECTOR ( 'NONE', #11754, 1000.000000000000000 ) ;
#8602 = FACE_OUTER_BOUND ( 'NONE', #10314, .T. ) ;
#8603 = VECTOR ( 'NONE', #1181, 1000.000000000000000 ) ;
#8604 = CARTESIAN_POINT ( 'NONE',  ( 0.000000000000000000, 0.000000000000000000, 0.4000000000000000222 ) ) ;
#8605 = CARTESIAN_POINT ( 'NONE',  ( -0.7800000000000000266, -0.1000000000000000056, 0.05000000000000000278 ) ) ;
#8606 = DIRECTION ( 'NONE',  ( 0.000000000000000000, 0.000000000000000000, -1.000000000000000000 ) ) ;
#8607 = CIRCLE ( 'NONE', #8820, 0.007081384037780936828 ) ;
#8608 = FACE_OUTER_BOUND ( 'NONE', #6065, .T. ) ;
#8609 = ORIENTED_EDGE ( 'NONE', *, *, #910, .T. ) ;
#8610 = EDGE_CURVE ( 'NONE', #12484, #5812, #3293, .T. ) ;
#8611 = CARTESIAN_POINT ( 'NONE',  ( -0.7680176002228089605, -0.1000000000000000056, 0.1451689417511649871 ) ) ;
#8612 = DIRECTION ( 'NONE',  ( 1.000000000000000000, 0.000000000000000000, 0.000000000000000000 ) ) ;
#8613 = AXIS2_PLACEMENT_3D ( 'NONE', #7469, #12619, #5665 ) ;
#8614 = DIRECTION ( 'NONE',  ( 0.8739805238859088554, 0.4859609489126796578, 0.000000000000000000 ) ) ;
#8615 = CARTESIAN_POINT ( 'NONE',  ( 0.1350591374782403875, 0.06620965038194619179, 0.000000000000000000 ) ) ;
#8616 = AXIS2_PLACEMENT_3D ( 'NONE', #11464, #7802, #6506 ) ;
#8617 = VERTEX_POINT ( 'NONE', #3779 ) ;
#8618 = PRODUCT_DEFINITION_SHAPE ( 'NONE', 'NONE',  #12776 ) ;
#8619 = ORIENTED_EDGE ( 'NONE', *, *, #12122, .F. ) ;
#8620 = VECTOR ( 'NONE', #299, 1000.000000000000227 ) ;
#8621 = FACE_OUTER_BOUND ( 'NONE', #6401, .T. ) ;
#8622 = AXIS2_PLACEMENT_3D ( 'NONE', #3262, #4352, #8289 ) ;
#8623 = DIRECTION ( 'NONE',  ( 1.000000000000000000, 0.000000000000000000, 0.000000000000000000 ) ) ;
#8624 = CIRCLE ( 'NONE', #8849, 0.07999999999999998779 ) ;
#8625 = EDGE_CURVE ( 'NONE', #3697, #5137, #9705, .T. ) ;
#8626 = CYLINDRICAL_SURFACE ( 'NONE', #5757, 0.03029438912076174925 ) ;
#8627 = DIRECTION ( 'NONE',  ( -0.7982149218210504715, -0.6023727571713499707, 0.000000000000000000 ) ) ;
#8628 =( NAMED_UNIT ( * ) PLANE_ANGLE_UNIT ( ) SI_UNIT ( $, .RADIAN. ) );
#8629 = STYLED_ITEM ( 'NONE', ( #7209 ), #4823 ) ;
#8630 = DIRECTION ( 'NONE',  ( 0.000000000000000000, -1.000000000000000000, 0.000000000000000000 ) ) ;
#8631 = CARTESIAN_POINT ( 'NONE',  ( -0.3081987717257729797, 0.08610178341198850005, 0.6099999999999999867 ) ) ;
#8632 = ORIENTED_EDGE ( 'NONE', *, *, #9283, .T. ) ;
#8633 = DIRECTION ( 'NONE',  ( 0.000000000000000000, 0.000000000000000000, -1.000000000000000000 ) ) ;
#8634 = LINE ( 'NONE', #12571, #8066 ) ;
#8635 = VERTEX_POINT ( 'NONE', #10733 ) ;
#8636 = VECTOR ( 'NONE', #6081, 1000.000000000000000 ) ;
#8637 = EDGE_CURVE ( 'NONE', #10979, #10, #11115, .T. ) ;
#8638 = ORIENTED_EDGE ( 'NONE', *, *, #9127, .F. ) ;
#8639 = ADVANCED_FACE ( 'NONE', ( #1965 ), #3069, .T. ) ;
#8640 = VERTEX_POINT ( 'NONE', #7848 ) ;
#8641 = AXIS2_PLACEMENT_3D ( 'NONE', #5051, #8729, #8980 ) ;
#8642 = ORIENTED_EDGE ( 'NONE', *, *, #2041, .T. ) ;
#8643 = EDGE_CURVE ( 'NONE', #5620, #2577, #7777, .T. ) ;
#8644 = EDGE_CURVE ( 'NONE', #1482, #6256, #2095, .T. ) ;
#8645 = EDGE_CURVE ( 'NONE', #6935, #4200, #28, .T. ) ;
#8646 = CYLINDRICAL_SURFACE ( 'NONE', #2635, 0.003226195697451047714 ) ;
#8647 = VECTOR ( 'NONE', #6914, 1000.000000000000000 ) ;
#8648 = DIRECTION ( 'NONE',  ( -1.000000000000000000, 0.000000000000000000, 0.000000000000000000 ) ) ;
#8649 = PLANE ( 'NONE',  #983 ) ;
#8650 = CARTESIAN_POINT ( 'NONE',  ( -0.1131615436026759958, -0.7145957609276060163, 0.4000000000000000222 ) ) ;
#8651 = EDGE_LOOP ( 'NONE', ( #4409, #12287, #10970, #7280 ) ) ;
#8652 = VECTOR ( 'NONE', #3813, 1000.000000000000000 ) ;
#8653 = CARTESIAN_POINT ( 'NONE',  ( 0.1771277703162369987, 0.02637695354424850203, 0.000000000000000000 ) ) ;
#8654 = CARTESIAN_POINT ( 'NONE',  ( 0.1364911956989959818, 0.03332770763521999968, 0.000000000000000000 ) ) ;
#8655 = FACE_OUTER_BOUND ( 'NONE', #7241, .T. ) ;
#8656 = ORIENTED_EDGE ( 'NONE', *, *, #9833, .F. ) ;
#8657 = EDGE_CURVE ( 'NONE', #6687, #12458, #5851, .T. ) ;
#8658 = ORIENTED_EDGE ( 'NONE', *, *, #5192, .T. ) ;
#8659 = EDGE_CURVE ( 'NONE', #11846, #308, #5002, .T. ) ;
#8660 = DIRECTION ( 'NONE',  ( 0.000000000000000000, 0.000000000000000000, -1.000000000000000000 ) ) ;
#8661 = SHAPE_DEFINITION_REPRESENTATION ( #8512, #7726 ) ;
#8662 = ORIENTED_EDGE ( 'NONE', *, *, #431, .T. ) ;
#8663 = UNCERTAINTY_MEASURE_WITH_UNIT (LENGTH_MEASURE( 1.000000000000000082E-05 ), #5581, 'distance_accuracy_value', 'NONE');
#8664 = ADVANCED_FACE ( 'NONE', ( #6813 ), #2804, .T. ) ;
#8665 = ADVANCED_FACE ( 'NONE', ( #2034 ), #1906, .T. ) ;
#8666 = AXIS2_PLACEMENT_3D ( 'NONE', #1754, #5709, #9632 ) ;
#8667 = DIRECTION ( 'NONE',  ( 0.000000000000000000, 0.000000000000000000, 1.000000000000000000 ) ) ;
#8668 = CARTESIAN_POINT ( 'NONE',  ( -0.2366831626601859639, -0.7145957609276060163, 0.2834995524190850325 ) ) ;
#8669 = CYLINDRICAL_SURFACE ( 'NONE', #9207, 0.04999999999999999584 ) ;
#8670 = ORIENTED_EDGE ( 'NONE', *, *, #10697, .F. ) ;
#8671 = CARTESIAN_POINT ( 'NONE',  ( 0.2365664563605270054, -0.7111815246139390201, 0.2834995524190850325 ) ) ;
#8672 = DIRECTION ( 'NONE',  ( -1.000000000000000000, 0.000000000000000000, 0.000000000000000000 ) ) ;
#8673 = CARTESIAN_POINT ( 'NONE',  ( 0.09405849332537849494, 0.05867293286349470338, 0.1000000000000000056 ) ) ;
#8674 = VERTEX_POINT ( 'NONE', #8035 ) ;
#8675 = ADVANCED_FACE ( 'NONE', ( #6523 ), #812, .T. ) ;
#8676 = CIRCLE ( 'NONE', #1256, 0.07999999999999998779 ) ;
#8677 = VERTEX_POINT ( 'NONE', #7427 ) ;
#8678 = DIRECTION ( 'NONE',  ( 0.9999974363490425899, 0.002264353184131700971, 0.000000000000000000 ) ) ;
#8679 = VECTOR ( 'NONE', #9840, 1000.000000000000000 ) ;
#8680 = CYLINDRICAL_SURFACE ( 'NONE', #11066, 0.05000000000000002359 ) ;
#8681 = LINE ( 'NONE', #10669, #1019 ) ;
#8682 = FACE_OUTER_BOUND ( 'NONE', #1112, .T. ) ;
#8683 = ORIENTED_EDGE ( 'NONE', *, *, #1588, .T. ) ;
#8684 = DIRECTION ( 'NONE',  ( 1.000000000000000000, 0.000000000000000000, 0.000000000000000000 ) ) ;
#8685 = CARTESIAN_POINT ( 'NONE',  ( 0.2366831626601859639, -0.7145957609276060163, 0.2967297185801399673 ) ) ;
#8686 = FACE_OUTER_BOUND ( 'NONE', #6578, .T. ) ;
#8687 = CARTESIAN_POINT ( 'NONE',  ( 0.3454662753161740207, 0.03316537007306775281, 0.000000000000000000 ) ) ;
#8688 = EDGE_LOOP ( 'NONE', ( #7546, #6617, #6262, #5259 ) ) ;
#8689 = VERTEX_POINT ( 'NONE', #5060 ) ;
#8690 = ADVANCED_FACE ( 'NONE', ( #12079 ), #1113, .F. ) ;
#8691 = DIRECTION ( 'NONE',  ( -0.2572057851945653284, 0.9663566546893785913, 0.000000000000000000 ) ) ;
#8692 = CARTESIAN_POINT ( 'NONE',  ( -0.2366831626601859639, 0.7200000000000000844, 0.3200000000000000067 ) ) ;
#8693 = DIRECTION ( 'NONE',  ( 0.000000000000000000, 0.000000000000000000, 1.000000000000000000 ) ) ;
#8694 = LINE ( 'NONE', #818, #6166 ) ;
#8695 = DIRECTION ( 'NONE',  ( -0.008334506093388122094, -0.9999652674009129605, 0.000000000000000000 ) ) ;
#8696 = CIRCLE ( 'NONE', #1905, 0.0008649928715214048229 ) ;
#8697 = CARTESIAN_POINT ( 'NONE',  ( 0.3266420838368244706, 0.06780557130431970336, 0.000000000000000000 ) ) ;
#8698 = CARTESIAN_POINT ( 'NONE',  ( 0.8000000000000000444, -0.7200000000000000844, 0.000000000000000000 ) ) ;
#8699 = ORIENTED_EDGE ( 'NONE', *, *, #1374, .F. ) ;
#8700 = CARTESIAN_POINT ( 'NONE',  ( 0.3552413266479109710, 1.541065556209949960E-18, 0.5100000000000000089 ) ) ;
#8701 = DIRECTION ( 'NONE',  ( 0.9988127069845650352, 0.04871525804268650450, 0.000000000000000000 ) ) ;
#8702 = EDGE_LOOP ( 'NONE', ( #1053, #4337, #2799, #1522 ) ) ;
#8703 = ORIENTED_EDGE ( 'NONE', *, *, #2812, .F. ) ;
#8704 = ORIENTED_EDGE ( 'NONE', *, *, #11472, .F. ) ;
#8705 = EDGE_CURVE ( 'NONE', #6861, #5884, #11355, .T. ) ;
#8706 =( BOUNDED_CURVE ( )  B_SPLINE_CURVE ( 3, ( #5540, #3722, #11389, #8685 ),
 .UNSPECIFIED., .F., .F. ) 
 B_SPLINE_CURVE_WITH_KNOTS ( ( 4, 4 ),
 ( 4.644051076073493434, 4.712388980384689674 ),
 .UNSPECIFIED. ) 
 CURVE ( )  GEOMETRIC_REPRESENTATION_ITEM ( )  RATIONAL_B_SPLINE_CURVE ( ( 1.000000000000000000, 0.9996108654318511810, 0.9996108654318511810, 1.000000000000000000 ) ) 
 REPRESENTATION_ITEM ( '' )  );
#8707 = VERTEX_POINT ( 'NONE', #2572 ) ;
#8708 = AXIS2_PLACEMENT_3D ( 'NONE', #8785, #4597, #782 ) ;
#8709 = DIRECTION ( 'NONE',  ( 0.000000000000000000, 0.000000000000000000, -1.000000000000000000 ) ) ;
#8710 = DIRECTION ( 'NONE',  ( -0.2799041247657281795, -0.9600279584153430523, 0.000000000000000000 ) ) ;
#8711 = CARTESIAN_POINT ( 'NONE',  ( 1.582892211534350002, 0.3184124295728944509, 0.000000000000000000 ) ) ;
#8712 = DIRECTION ( 'NONE',  ( 0.000000000000000000, 0.000000000000000000, 1.000000000000000000 ) ) ;
#8713 = DIRECTION ( 'NONE',  ( -0.6045378097511919790, 0.7965764474180940802, 0.000000000000000000 ) ) ;
#8714 = ORIENTED_EDGE ( 'NONE', *, *, #8557, .F. ) ;
#8715 = CARTESIAN_POINT ( 'NONE',  ( 0.000000000000000000, 0.000000000000000000, 0.5999999999999999778 ) ) ;
#8716 = LINE ( 'NONE', #187, #4275 ) ;
#8717 = LINE ( 'NONE', #12647, #11559 ) ;
#8718 = ORIENTED_EDGE ( 'NONE', *, *, #9019, .T. ) ;
#8719 = VERTEX_POINT ( 'NONE', #12317 ) ;
#8720 = CARTESIAN_POINT ( 'NONE',  ( 0.06095122367650519790, 0.06111594802666639459, 0.000000000000000000 ) ) ;
#8721 = ORIENTED_EDGE ( 'NONE', *, *, #1392, .F. ) ;
#8722 = ADVANCED_FACE ( 'NONE', ( #2514 ), #6463, .F. ) ;
#8723 = PLANE ( 'NONE',  #11380 ) ;
#8724 = ADVANCED_FACE ( 'NONE', ( #7064 ), #3487, .F. ) ;
#8725 = EDGE_CURVE ( 'NONE', #4254, #5236, #5250, .T. ) ;
#8726 = FACE_OUTER_BOUND ( 'NONE', #2073, .T. ) ;
#8727 = CARTESIAN_POINT ( 'NONE',  ( 0.1131615436026759958, 0.7145957609276060163, 0.4000000000000000222 ) ) ;
#8728 = ORIENTED_EDGE ( 'NONE', *, *, #4224, .F. ) ;
#8729 = DIRECTION ( 'NONE',  ( 0.000000000000000000, 0.000000000000000000, -1.000000000000000000 ) ) ;
#8730 = CARTESIAN_POINT ( 'NONE',  ( -0.7800000000000000266, -0.1000000000000000056, 0.000000000000000000 ) ) ;
#8731 = CARTESIAN_POINT ( 'NONE',  ( 0.3672011682404744959, 0.03609545426964839987, 0.000000000000000000 ) ) ;
#8732 = ORIENTED_EDGE ( 'NONE', *, *, #833, .T. ) ;
#8733 = EDGE_CURVE ( 'NONE', #5835, #3263, #6391, .T. ) ;
#8734 = PRESENTATION_STYLE_ASSIGNMENT (( #3061 ) ) ;
#8735 = EDGE_CURVE ( 'NONE', #4659, #317, #11961, .T. ) ;
#8736 = ORIENTED_EDGE ( 'NONE', *, *, #6964, .T. ) ;
#8737 = EDGE_CURVE ( 'NONE', #2704, #10474, #12019, .T. ) ;
#8738 = CARTESIAN_POINT ( 'NONE',  ( -0.1131615436026759958, -0.7200000000000000844, 0.3200000000000000067 ) ) ;
#8739 = FACE_OUTER_BOUND ( 'NONE', #5400, .T. ) ;
#8740 = DIRECTION ( 'NONE',  ( -0.2751333190633131753, -0.9614060831621594749, 0.000000000000000000 ) ) ;
#8741 = CARTESIAN_POINT ( 'NONE',  ( 0.1617890164287864863, 0.06419902826207170288, 0.000000000000000000 ) ) ;
#8742 = ORIENTED_EDGE ( 'NONE', *, *, #5421, .T. ) ;
#8743 = DIRECTION ( 'NONE',  ( 0.9651971998477587578, -0.2615231641863598466, 0.000000000000000000 ) ) ;
#8744 = CARTESIAN_POINT ( 'NONE',  ( -0.2366831626601859639, 0.7555824708144319724, 0.4555532247407950153 ) ) ;
#8745 = CARTESIAN_POINT ( 'NONE',  ( -0.2384031841765470172, -0.08610178341198850005, 0.5999999999999999778 ) ) ;
#8746 = DIRECTION ( 'NONE',  ( 0.000000000000000000, 0.000000000000000000, 1.000000000000000000 ) ) ;
#8747 = EDGE_LOOP ( 'NONE', ( #757, #11423, #3517, #10509 ) ) ;
#8748 = ORIENTED_EDGE ( 'NONE', *, *, #6453, .T. ) ;
#8749 = DIRECTION ( 'NONE',  ( -0.000000000000000000, 1.000000000000000000, 0.000000000000000000 ) ) ;
#8750 = CARTESIAN_POINT ( 'NONE',  ( 0.1197092269237471918, 0.05491822061047470227, 0.000000000000000000 ) ) ;
#8751 = DIRECTION ( 'NONE',  ( 0.000000000000000000, 0.000000000000000000, -1.000000000000000000 ) ) ;
#8752 = DIRECTION ( 'NONE',  ( 0.9618025924173387864, -0.2737439921154189992, 0.000000000000000000 ) ) ;
#8753 = LINE ( 'NONE', #10945, #8768 ) ;
#8754 = ORIENTED_EDGE ( 'NONE', *, *, #9571, .T. ) ;
#8755 = CARTESIAN_POINT ( 'NONE',  ( 0.1300706431758625881, 0.06687207007524129110, 0.000000000000000000 ) ) ;
#8756 = DIRECTION ( 'NONE',  ( 0.000000000000000000, -1.000000000000000000, 0.000000000000000000 ) ) ;
#8757 = ORIENTED_EDGE ( 'NONE', *, *, #11249, .T. ) ;
#8758 = DIRECTION ( 'NONE',  ( 0.000000000000000000, 0.000000000000000000, 1.000000000000000000 ) ) ;
#8759 = DIRECTION ( 'NONE',  ( 0.2770142109648869866, 0.9608658214982469525, 0.000000000000000000 ) ) ;
#8760 = EDGE_LOOP ( 'NONE', ( #6473, #10323, #2025, #1730, #9361, #2099 ) ) ;
#8761 = ORIENTED_EDGE ( 'NONE', *, *, #7638, .T. ) ;
#8762 = AXIS2_PLACEMENT_3D ( 'NONE', #6848, #10767, #2970 ) ;
#8763 = EDGE_LOOP ( 'NONE', ( #124, #173, #7084, #10583 ) ) ;
#8764 = ORIENTED_EDGE ( 'NONE', *, *, #3567, .F. ) ;
#8765 = CIRCLE ( 'NONE', #7955, 0.08000000000000002942 ) ;
#8766 = CARTESIAN_POINT ( 'NONE',  ( 0.1631211624294935103, 0.06712819375075448902, 0.1000000000000000056 ) ) ;
#8767 = CARTESIAN_POINT ( 'NONE',  ( -0.2750000000000000222, -0.6612489735550610703, 0.2334995524190849880 ) ) ;
#8768 = VECTOR ( 'NONE', #12764, 1000.000000000000000 ) ;
#8769 = CARTESIAN_POINT ( 'NONE',  ( -0.4000000000000000222, -0.8000000000000000444, 0.2834995524190850325 ) ) ;
#8770 = ADVANCED_FACE ( 'NONE', ( #10984 ), #7189, .F. ) ;
#8771 = CARTESIAN_POINT ( 'NONE',  ( 0.03023322875819575359, 0.02905534533374659958, 0.000000000000000000 ) ) ;
#8772 = DIRECTION ( 'NONE',  ( 0.000000000000000000, 0.000000000000000000, -1.000000000000000000 ) ) ;
#8773 = VERTEX_POINT ( 'NONE', #9414 ) ;
#8774 = ADVANCED_FACE ( 'NONE', ( #5199, #10019 ), #571, .T. ) ;
#8775 = FACE_OUTER_BOUND ( 'NONE', #3183, .T. ) ;
#8776 = CARTESIAN_POINT ( 'NONE',  ( 0.2154378365781960125, 0.09070175649226419612, 0.000000000000000000 ) ) ;
#8777 = DIRECTION ( 'NONE',  ( 0.000000000000000000, 0.000000000000000000, -1.000000000000000000 ) ) ;
#8778 = ORIENTED_EDGE ( 'NONE', *, *, #3680, .F. ) ;
#8779 = EDGE_LOOP ( 'NONE', ( #9561, #8495, #178, #10046, #12127, #77, #1173, #12462 ) ) ;
#8780 = AXIS2_PLACEMENT_3D ( 'NONE', #11398, #6572, #8623 ) ;
#8781 = VECTOR ( 'NONE', #7763, 1000.000000000000000 ) ;
#8782 = CARTESIAN_POINT ( 'NONE',  ( 0.6909145311694839808, -2.081668171172170239E-16, 0.1000000000000000056 ) ) ;
#8783 = ORIENTED_EDGE ( 'NONE', *, *, #11085, .F. ) ;
#8784 = CIRCLE ( 'NONE', #3221, 0.002272417239729635982 ) ;
#8785 = CARTESIAN_POINT ( 'NONE',  ( 0.1327194068840825691, 0.03617207361130524851, 0.000000000000000000 ) ) ;
#8786 = VECTOR ( 'NONE', #962, 1000.000000000000000 ) ;
#8787 = EDGE_CURVE ( 'NONE', #11457, #6293, #9176, .T. ) ;
#8788 = DIRECTION ( 'NONE',  ( 0.000000000000000000, 0.000000000000000000, -1.000000000000000000 ) ) ;
#8789 = DIRECTION ( 'NONE',  ( 0.2932041662820409900, 0.9560498506222638859, 0.000000000000000000 ) ) ;
#8790 = ORIENTED_EDGE ( 'NONE', *, *, #7784, .T. ) ;
#8791 = VECTOR ( 'NONE', #7569, 1000.000000000000000 ) ;
#8792 = DIRECTION ( 'NONE',  ( 0.9999946627557741996, 0.003267179206177230500, 0.000000000000000000 ) ) ;
#8793 = CARTESIAN_POINT ( 'NONE',  ( -0.8000000000000000444, 0.8000000000000000444, 0.000000000000000000 ) ) ;
#8794 = DIRECTION ( 'NONE',  ( 0.8065849819445016777, 0.5911181496973240135, 0.000000000000000000 ) ) ;
#8795 = VERTEX_POINT ( 'NONE', #1180 ) ;
#8796 =( NAMED_UNIT ( * ) PLANE_ANGLE_UNIT ( ) SI_UNIT ( $, .RADIAN. ) );
#8797 = ORIENTED_EDGE ( 'NONE', *, *, #6605, .T. ) ;
#8798 = EDGE_CURVE ( 'NONE', #4182, #9874, #5783, .T. ) ;
#8799 = ADVANCED_FACE ( 'NONE', ( #268 ), #6229, .F. ) ;
#8800 = EDGE_LOOP ( 'NONE', ( #3210, #10267, #9948 ) ) ;
#8801 = CIRCLE ( 'NONE', #5519, 0.05000000000000002359 ) ;
#8802 = VECTOR ( 'NONE', #8756, 1000.000000000000000 ) ;
#8803 = EDGE_CURVE ( 'NONE', #7450, #8243, #4781, .T. ) ;
#8804 = EDGE_CURVE ( 'NONE', #4973, #3951, #6783, .T. ) ;
#8805 = CARTESIAN_POINT ( 'NONE',  ( 0.3726698877962599799, 0.06712401199719210398, 0.1000000000000000056 ) ) ;
#8806 = ADVANCED_FACE ( 'NONE', ( #5631 ), #9542, .F. ) ;
#8807 = DIRECTION ( 'NONE',  ( 0.000000000000000000, 0.000000000000000000, -1.000000000000000000 ) ) ;
#8808 = PLANE ( 'NONE',  #9391 ) ;
#8809 = ORIENTED_EDGE ( 'NONE', *, *, #1152, .F. ) ;
#8810 = LINE ( 'NONE', #1971, #2875 ) ;
#8811 = CARTESIAN_POINT ( 'NONE',  ( 0.03026751967273264704, 0.03316953316205449587, 0.000000000000000000 ) ) ;
#8812 = VECTOR ( 'NONE', #3252, 1000.000000000000000 ) ;
#8814 = AXIS2_PLACEMENT_3D ( 'NONE', #7465, #8612, #4817 ) ;
#8813 = PLANE ( 'NONE',  #3122 ) ;
#8815 = CARTESIAN_POINT ( 'NONE',  ( 0.3267278133686140063, 0.03395119461962100432, 0.1000000000000000056 ) ) ;
#8816 = ORIENTED_EDGE ( 'NONE', *, *, #5734, .F. ) ;
#8817 = EDGE_CURVE ( 'NONE', #95, #8940, #10441, .T. ) ;
#8818 = ORIENTED_EDGE ( 'NONE', *, *, #10458, .F. ) ;
#8819 = CARTESIAN_POINT ( 'NONE',  ( 0.4000000000000000222, 0.7200000000000000844, 0.08000000000000000167 ) ) ;
#8820 = AXIS2_PLACEMENT_3D ( 'NONE', #10824, #11014, #2068 ) ;
#8821 = SURFACE_STYLE_USAGE ( .BOTH. , #2217 ) ;
#8822 = CARTESIAN_POINT ( 'NONE',  ( -0.4000000000000000222, -0.7200000000000000844, 0.4000000000000000222 ) ) ;
#8823 = CIRCLE ( 'NONE', #6561, 0.05000000000000002359 ) ;
#8824 = CARTESIAN_POINT ( 'NONE',  ( 0.2750000000000000222, 0.7046741902800309765, 0.2582836310259130075 ) ) ;
#8825 = DIRECTION ( 'NONE',  ( -0.3736994014285030530, 0.9275498678626280524, 0.000000000000000000 ) ) ;
#8826 = LINE ( 'NONE', #12766, #11291 ) ;
#8827 = AXIS2_PLACEMENT_3D ( 'NONE', #10020, #394, #4100 ) ;
#8828 = CYLINDRICAL_SURFACE ( 'NONE', #5095, 0.05000000000000002359 ) ;
#8829 = ORIENTED_EDGE ( 'NONE', *, *, #6377, .F. ) ;
#8830 = CARTESIAN_POINT ( 'NONE',  ( 0.2366831626601859639, -0.9322259197888769222, 0.4000000000000000222 ) ) ;
#8831 = DIRECTION ( 'NONE',  ( 0.000000000000000000, 0.000000000000000000, 1.000000000000000000 ) ) ;
#8832 = EDGE_LOOP ( 'NONE', ( #2543, #12203, #1123, #1696 ) ) ;
#8833 = ORIENTED_EDGE ( 'NONE', *, *, #4386, .F. ) ;
#8834 = AXIS2_PLACEMENT_3D ( 'NONE', #1469, #3347, #1334 ) ;
#8835 = ORIENTED_EDGE ( 'NONE', *, *, #9553, .F. ) ;
#8836 = VECTOR ( 'NONE', #8758, 1000.000000000000000 ) ;
#8837 = VERTEX_POINT ( 'NONE', #5686 ) ;
#8838 = VECTOR ( 'NONE', #9080, 1000.000000000000000 ) ;
#8839 = VECTOR ( 'NONE', #7604, 1000.000000000000000 ) ;
#8840 = CARTESIAN_POINT ( 'NONE',  ( 0.3008524015297938670, -0.2522015871793990005, 0.6099999999999999867 ) ) ;
#8841 = AXIS2_PLACEMENT_3D ( 'NONE', #5339, #285, #4411 ) ;
#8842 = CARTESIAN_POINT ( 'NONE',  ( -0.08226357805285371139, 0.1689970804587989928, 0.6099999999999999867 ) ) ;
#8843 = DIRECTION ( 'NONE',  ( 0.000000000000000000, -1.000000000000000000, 7.779008952242338508E-17 ) ) ;
#8844 = VECTOR ( 'NONE', #5069, 1000.000000000000000 ) ;
#8845 = DIRECTION ( 'NONE',  ( 0.000000000000000000, -2.489282864717550295E-15, 1.000000000000000000 ) ) ;
#8846 = VERTEX_POINT ( 'NONE', #10572 ) ;
#8847 = LINE ( 'NONE', #4981, #7846 ) ;
#8848 = CARTESIAN_POINT ( 'NONE',  ( 0.07421570504762169118, 0.06609180736169850690, 0.000000000000000000 ) ) ;
#8849 = AXIS2_PLACEMENT_3D ( 'NONE', #7912, #2883, #3005 ) ;
#8850 = PLANE ( 'NONE',  #26 ) ;
#8851 = ORIENTED_EDGE ( 'NONE', *, *, #3996, .F. ) ;
#8852 = ORIENTED_EDGE ( 'NONE', *, *, #11726, .F. ) ;
#8854 = AXIS2_PLACEMENT_3D ( 'NONE', #3335, #7266, #9323 ) ;
#8853 = DIRECTION ( 'NONE',  ( -0.9621483175714866665, 0.2725263565131959553, 0.000000000000000000 ) ) ;
#8855 = SHAPE_DEFINITION_REPRESENTATION ( #6461, #3847 ) ;
#8856 = ORIENTED_EDGE ( 'NONE', *, *, #3519, .F. ) ;
#8857 = VECTOR ( 'NONE', #7457, 1000.000000000000000 ) ;
#8858 = ADVANCED_FACE ( 'NONE', ( #3685 ), #11748, .T. ) ;
#8859 = CARTESIAN_POINT ( 'NONE',  ( 0.8000000000000000444, 0.8000000000000000444, 0.08000000000000000167 ) ) ;
#8860 = CARTESIAN_POINT ( 'NONE',  ( 0.000000000000000000, 0.000000000000000000, 0.5999999999999999778 ) ) ;
#8861 = CARTESIAN_POINT ( 'NONE',  ( -0.1302635769361649987, -0.1049970796212819912, 0.5999999999999999778 ) ) ;
#8862 = ORIENTED_EDGE ( 'NONE', *, *, #4443, .T. ) ;
#8863 = CARTESIAN_POINT ( 'NONE',  ( 0.1631615436026759847, -0.7145957609276060163, 0.2834995524190850325 ) ) ;
#8864 = DIRECTION ( 'NONE',  ( 0.000000000000000000, 0.000000000000000000, -1.000000000000000000 ) ) ;
#8865 = DIRECTION ( 'NONE',  ( -1.000000000000000000, 0.000000000000000000, 0.000000000000000000 ) ) ;
#8866 = ORIENTED_EDGE ( 'NONE', *, *, #6676, .F. ) ;
#8867 = ORIENTED_EDGE ( 'NONE', *, *, #9194, .F. ) ;
#8868 = AXIS2_PLACEMENT_3D ( 'NONE', #5378, #2275, #10136 ) ;
#8869 = ORIENTED_EDGE ( 'NONE', *, *, #9586, .T. ) ;
#8870 = EDGE_CURVE ( 'NONE', #4563, #10756, #9680, .T. ) ;
#8871 = CARTESIAN_POINT ( 'NONE',  ( 0.2201212738959474891, 0.07702871965215429828, 0.1000000000000000056 ) ) ;
#8872 = CARTESIAN_POINT ( 'NONE',  ( 0.3513352955696160129, 0.1912158729996289996, 0.6099999999999999867 ) ) ;
#8873 = SURFACE_STYLE_FILL_AREA ( #86 ) ;
#8874 = LINE ( 'NONE', #151, #5075 ) ;
#8875 = ORIENTED_EDGE ( 'NONE', *, *, #11960, .T. ) ;
#8876 = CARTESIAN_POINT ( 'NONE',  ( -0.08226357805285371139, -0.08899708045879850538, 0.5999999999999999778 ) ) ;
#8877 = AXIS2_PLACEMENT_3D ( 'NONE', #859, #3967, #5975 ) ;
#8878 = DIRECTION ( 'NONE',  ( 0.000000000000000000, 0.000000000000000000, -1.000000000000000000 ) ) ;
#8879 = DIRECTION ( 'NONE',  ( 0.000000000000000000, -0.2498780111313130825, 0.9682773257456043225 ) ) ;
#8880 = DIRECTION ( 'NONE',  ( 0.000000000000000000, 0.000000000000000000, 1.000000000000000000 ) ) ;
#8881 = VERTEX_POINT ( 'NONE', #7621 ) ;
#8882 = EDGE_LOOP ( 'NONE', ( #11042, #11068, #9167, #3802 ) ) ;
#8883 = EDGE_CURVE ( 'NONE', #7407, #8846, #4839, .T. ) ;
#8884 = CARTESIAN_POINT ( 'NONE',  ( -0.02433235221519179994, 0.000000000000000000, 0.5999999999999999778 ) ) ;
#8885 = AXIS2_PLACEMENT_3D ( 'NONE', #3038, #7827, #1039 ) ;
#8886 = CARTESIAN_POINT ( 'NONE',  ( 0.1816689591894035116, 0.09825163886282409220, 0.1000000000000000056 ) ) ;
#8887 = EDGE_CURVE ( 'NONE', #3755, #5087, #11021, .T. ) ;
#8888 = DIRECTION ( 'NONE',  ( 0.000000000000000000, -0.2498780111313130825, -0.9682773257456043225 ) ) ;
#8889 = CARTESIAN_POINT ( 'NONE',  ( 0.2750000000000000222, -0.7200000000000000844, 0.000000000000000000 ) ) ;
#8890 = EDGE_CURVE ( 'NONE', #2736, #11611, #6650, .T. ) ;
#8891 = ORIENTED_EDGE ( 'NONE', *, *, #2375, .F. ) ;
#8892 = DIRECTION ( 'NONE',  ( 0.000000000000000000, 0.000000000000000000, 1.000000000000000000 ) ) ;
#8893 = ORIENTED_EDGE ( 'NONE', *, *, #9976, .T. ) ;
#8894 = FACE_OUTER_BOUND ( 'NONE', #5699, .T. ) ;
#8895 = AXIS2_PLACEMENT_3D ( 'NONE', #10758, #5874, #8831 ) ;
#8896 = ORIENTED_EDGE ( 'NONE', *, *, #7545, .F. ) ;
#8897 = ORIENTED_EDGE ( 'NONE', *, *, #7390, .F. ) ;
#8898 = EDGE_CURVE ( 'NONE', #1260, #3575, #9609, .T. ) ;
#8899 = EDGE_CURVE ( 'NONE', #10310, #12233, #10511, .T. ) ;
#8900 = ORIENTED_EDGE ( 'NONE', *, *, #3142, .F. ) ;
#8901 = ORIENTED_EDGE ( 'NONE', *, *, #8162, .F. ) ;
#8902 = STYLED_ITEM ( 'NONE', ( #9372 ), #5860 ) ;
#8903 = DIRECTION ( 'NONE',  ( 0.2761942427400589928, 0.9611018365798940088, 0.000000000000000000 ) ) ;
#8904 = ADVANCED_FACE ( 'NONE', ( #1678 ), #4718, .T. ) ;
#8905 = CARTESIAN_POINT ( 'NONE',  ( 0.2750000000000000222, -0.4000000000000000222, 0.1417497762095429881 ) ) ;
#8906 = CYLINDRICAL_SURFACE ( 'NONE', #2428, 0.08000000000000002942 ) ;
#8907 = LINE ( 'NONE', #4979, #10842 ) ;
#8908 = ORIENTED_EDGE ( 'NONE', *, *, #8883, .F. ) ;
#8909 = FACE_OUTER_BOUND ( 'NONE', #8747, .T. ) ;
#8910 = DIRECTION ( 'NONE',  ( 0.000000000000000000, 0.7071067811865482389, 0.7071067811865467956 ) ) ;
#8911 = CARTESIAN_POINT ( 'NONE',  ( 0.2941845782070834914, 0.06542169217347129639, 0.1000000000000000056 ) ) ;
#8912 = ORIENTED_EDGE ( 'NONE', *, *, #60, .T. ) ;
#8913 = EDGE_LOOP ( 'NONE', ( #8656, #7691, #8434, #5847 ) ) ;
#8914 = CARTESIAN_POINT ( 'NONE',  ( -0.3565617965058683336, 0.1498278992054360437, 0.5999999999999999778 ) ) ;
#8915 = AXIS2_PLACEMENT_3D ( 'NONE', #7187, #10806, #2149 ) ;
#8916 = ORIENTED_EDGE ( 'NONE', *, *, #10662, .F. ) ;
#8917 = ORIENTED_EDGE ( 'NONE', *, *, #4311, .T. ) ;
#8918 = DIRECTION ( 'NONE',  ( 0.5001298974718790813, 0.8659503944538438081, 0.000000000000000000 ) ) ;
#8919 = FACE_OUTER_BOUND ( 'NONE', #3977, .T. ) ;
#8920 = DIRECTION ( 'NONE',  ( 0.000000000000000000, 0.000000000000000000, 1.000000000000000000 ) ) ;
#8921 = ORIENTED_EDGE ( 'NONE', *, *, #2993, .T. ) ;
#8922 = DIRECTION ( 'NONE',  ( 0.9631366855605849597, -0.2690124995745944436, 0.000000000000000000 ) ) ;
#8923 = LINE ( 'NONE', #1107, #356 ) ;
#8924 = PLANE ( 'NONE',  #3316 ) ;
#8925 = EDGE_LOOP ( 'NONE', ( #12576, #4045, #5446, #10886 ) ) ;
#8926 = ADVANCED_FACE ( 'NONE', ( #835 ), #6708, .T. ) ;
#8927 = ORIENTED_EDGE ( 'NONE', *, *, #3675, .F. ) ;
#8928 = ORIENTED_EDGE ( 'NONE', *, *, #1461, .F. ) ;
#8929 = ADVANCED_BREP_SHAPE_REPRESENTATION ( '', ( #4865, #9293, #780, #9313, #5056, #709, #649, #5076, #10744 ), #5200 ) ;
#8930 = DIRECTION ( 'NONE',  ( 0.000000000000000000, 0.000000000000000000, -1.000000000000000000 ) ) ;
#8931 = DIRECTION ( 'NONE',  ( 0.000000000000000000, 0.000000000000000000, -1.000000000000000000 ) ) ;
#8932 = CARTESIAN_POINT ( 'NONE',  ( -0.04000000087241269847, 0.1689970804587989928, 0.5999999999999999778 ) ) ;
#8933 = DIRECTION ( 'NONE',  ( 0.000000000000000000, 1.000000000000000000, 0.000000000000000000 ) ) ;
#8934 = VERTEX_POINT ( 'NONE', #3806 ) ;
#8935 = DIRECTION ( 'NONE',  ( 0.000000000000000000, 0.000000000000000000, 1.000000000000000000 ) ) ;
#8936 = EDGE_CURVE ( 'NONE', #5225, #5491, #501, .T. ) ;
#8937 = DIRECTION ( 'NONE',  ( -0.6045378097511919790, 0.7965764474180940802, 0.000000000000000000 ) ) ;
#8938 = DIRECTION ( 'NONE',  ( 0.000000000000000000, 0.000000000000000000, 1.000000000000000000 ) ) ;
#8939 = LINE ( 'NONE', #7975, #8423 ) ;
#8940 = VERTEX_POINT ( 'NONE', #5820 ) ;
#8941 = VERTEX_POINT ( 'NONE', #895 ) ;
#8942 = DIRECTION ( 'NONE',  ( 0.000000000000000000, 0.000000000000000000, 1.000000000000000000 ) ) ;
#8943 = DIRECTION ( 'NONE',  ( 0.000000000000000000, 0.000000000000000000, 1.000000000000000000 ) ) ;
#8944 = CARTESIAN_POINT ( 'NONE',  ( -0.2750000000000000222, -0.7112489735550608927, 0.1167497762095430075 ) ) ;
#8945 = FACE_OUTER_BOUND ( 'NONE', #3086, .T. ) ;
#8946 = ORIENTED_EDGE ( 'NONE', *, *, #4383, .F. ) ;
#8947 = CARTESIAN_POINT ( 'NONE',  ( -0.1131615436026759958, 0.8000000000000000444, 0.2000000000000000111 ) ) ;
#8948 = EDGE_CURVE ( 'NONE', #756, #4544, #3397, .T. ) ;
#8949 = EDGE_LOOP ( 'NONE', ( #8778, #82, #4730, #7579 ) ) ;
#8950 = DIRECTION ( 'NONE',  ( 1.000000000000000000, 0.000000000000000000, 0.000000000000000000 ) ) ;
#8951 = ORIENTED_EDGE ( 'NONE', *, *, #11235, .T. ) ;
#8952 = ORIENTED_EDGE ( 'NONE', *, *, #12185, .T. ) ;
#8953 = ORIENTED_EDGE ( 'NONE', *, *, #5281, .F. ) ;
#8954 = EDGE_CURVE ( 'NONE', #4535, #9810, #636, .T. ) ;
#8955 = EDGE_CURVE ( 'NONE', #12318, #6080, #1610, .T. ) ;
#8956 = ORIENTED_EDGE ( 'NONE', *, *, #11874, .F. ) ;
#8957 = LINE ( 'NONE', #11930, #6782 ) ;
#8958 = EDGE_CURVE ( 'NONE', #11768, #110, #6016, .T. ) ;
#8959 = LINE ( 'NONE', #6389, #4853 ) ;
#8960 = EDGE_CURVE ( 'NONE', #12233, #11935, #11215, .T. ) ;
#8961 = DIRECTION ( 'NONE',  ( 0.3508602373891240300, -0.9364278369523449941, 0.000000000000000000 ) ) ;
#8962 = CARTESIAN_POINT ( 'NONE',  ( 0.08714640885898909672, 0.06059912315654360226, 0.1000000000000000056 ) ) ;
#8963 = CIRCLE ( 'NONE', #3395, 0.003120411519699553375 ) ;
#8964 = ORIENTED_EDGE ( 'NONE', *, *, #8319, .F. ) ;
#8965 = VECTOR ( 'NONE', #12050, 1000.000000000000114 ) ;
#8966 = LINE ( 'NONE', #10772, #11703 ) ;
#8967 = PLANE ( 'NONE',  #8885 ) ;
#8968 = ORIENTED_EDGE ( 'NONE', *, *, #8504, .F. ) ;
#8969 = VERTEX_POINT ( 'NONE', #182 ) ;
#8970 = CARTESIAN_POINT ( 'NONE',  ( 0.03913233982356719570, 0.3184124295728944509, 0.2584995524190864535 ) ) ;
#8971 = EDGE_LOOP ( 'NONE', ( #4384, #5828, #12407, #3475, #1462, #12435, #5377, #6443 ) ) ;
#8972 = EDGE_CURVE ( 'NONE', #12208, #10124, #6072, .T. ) ;
#8973 = AXIS2_PLACEMENT_3D ( 'NONE', #6764, #6504, #10618 ) ;
#8974 = DIRECTION ( 'NONE',  ( 0.07118653010773934309, -0.9974630208339655413, 0.000000000000000000 ) ) ;
#8975 = CARTESIAN_POINT ( 'NONE',  ( 0.1841780045046839953, 0.09676871214480969874, 0.1000000000000000056 ) ) ;
#8976 = CARTESIAN_POINT ( 'NONE',  ( 0.1335194816024656839, -0.2529466870190614225, 0.5999999999999999778 ) ) ;
#8977 = VECTOR ( 'NONE', #1262, 1000.000000000000000 ) ;
#8978 = ORIENTED_EDGE ( 'NONE', *, *, #12586, .T. ) ;
#8979 = VECTOR ( 'NONE', #4468, 1000.000000000000000 ) ;
#8980 = DIRECTION ( 'NONE',  ( 0.4174740978832010563, -0.9086888233034492446, 0.000000000000000000 ) ) ;
#8981 = LINE ( 'NONE', #140, #11693 ) ;
#8982 = DIRECTION ( 'NONE',  ( 0.000000000000000000, 0.000000000000000000, 1.000000000000000000 ) ) ;
#8983 = ORIENTED_EDGE ( 'NONE', *, *, #8162, .T. ) ;
#8984 = SURFACE_STYLE_FILL_AREA ( #5055 ) ;
#8985 = VECTOR ( 'NONE', #11516, 1000.000000000000114 ) ;
#8986 = ORIENTED_EDGE ( 'NONE', *, *, #11311, .F. ) ;
#8987 = ORIENTED_EDGE ( 'NONE', *, *, #11442, .F. ) ;
#8988 = VECTOR ( 'NONE', #11948, 1000.000000000000227 ) ;
#8989 = CIRCLE ( 'NONE', #1163, 0.02101322849886479507 ) ;
#8990 = CARTESIAN_POINT ( 'NONE',  ( 0.1866831626601859750, -0.7145957609276060163, 0.4000000000000000222 ) ) ;
#8991 = DIRECTION ( 'NONE',  ( 0.000000000000000000, 0.000000000000000000, -1.000000000000000000 ) ) ;
#8992 = DIRECTION ( 'NONE',  ( -0.4187623895422995512, 0.9080958435676397267, 0.000000000000000000 ) ) ;
#8993 = ORIENTED_EDGE ( 'NONE', *, *, #1718, .T. ) ;
#8994 = FACE_OUTER_BOUND ( 'NONE', #3987, .T. ) ;
#8995 = CARTESIAN_POINT ( 'NONE',  ( 0.000000000000000000, 0.000000000000000000, 0.6099999999999999867 ) ) ;
#8996 = CIRCLE ( 'NONE', #3429, 0.05000000000000002359 ) ;
#8997 = DIRECTION ( 'NONE',  ( -0.4265879867313682183, 0.9044460678097273609, 0.000000000000000000 ) ) ;
#8998 = CARTESIAN_POINT ( 'NONE',  ( 0.000000000000000000, 0.08899708045879850538, 0.5999999999999999778 ) ) ;
#8999 = VERTEX_POINT ( 'NONE', #10960 ) ;
#9000 = VECTOR ( 'NONE', #4048, 1000.000000000000000 ) ;
#9001 = ORIENTED_EDGE ( 'NONE', *, *, #1872, .T. ) ;
#9002 = VECTOR ( 'NONE', #12210, 1000.000000000000000 ) ;
#9003 = CARTESIAN_POINT ( 'NONE',  ( 0.1335199889298475939, 0.05959856243728160058, 0.000000000000000000 ) ) ;
#9004 = EDGE_CURVE ( 'NONE', #2429, #3851, #8064, .T. ) ;
#9005 = DIRECTION ( 'NONE',  ( 0.000000000000000000, 0.000000000000000000, -1.000000000000000000 ) ) ;
#9006 = DIRECTION ( 'NONE',  ( -0.1319143664508181102, 0.9912611159144089079, 0.000000000000000000 ) ) ;
#9007 = EDGE_LOOP ( 'NONE', ( #10446, #3387, #9857, #4435 ) ) ;
#9008 = AXIS2_PLACEMENT_3D ( 'NONE', #11184, #5329, #6354 ) ;
#9009 = CARTESIAN_POINT ( 'NONE',  ( 0.2254866931837574973, 0.06122091647642889656, 0.1000000000000000056 ) ) ;
#9010 = DIRECTION ( 'NONE',  ( 0.000000000000000000, 0.000000000000000000, -1.000000000000000000 ) ) ;
#9011 = VECTOR ( 'NONE', #7939, 1000.000000000000000 ) ;
#9012 = FACE_OUTER_BOUND ( 'NONE', #10680, .T. ) ;
#9013 = ORIENTED_EDGE ( 'NONE', *, *, #5906, .F. ) ;
#9014 = ORIENTED_EDGE ( 'NONE', *, *, #3519, .T. ) ;
#9015 = VERTEX_POINT ( 'NONE', #2128 ) ;
#9016 = VECTOR ( 'NONE', #7907, 1000.000000000000114 ) ;
#9017 = VERTEX_POINT ( 'NONE', #7094 ) ;
#9018 = AXIS2_PLACEMENT_3D ( 'NONE', #4669, #7644, #6612 ) ;
#9019 = EDGE_CURVE ( 'NONE', #3943, #705, #1544, .T. ) ;
#9020 = AXIS2_PLACEMENT_3D ( 'NONE', #8312, #12234, #2443 ) ;
#9021 = VECTOR ( 'NONE', #5035, 1000.000000000000000 ) ;
#9022 = CYLINDRICAL_SURFACE ( 'NONE', #9027, 0.05000000000000001665 ) ;
#9023 = LINE ( 'NONE', #11994, #5479 ) ;
#9024 = CARTESIAN_POINT ( 'NONE',  ( 1.582892211534350002, -1.112059828292720098, 0.2584995524190864535 ) ) ;
#9025 = EDGE_CURVE ( 'NONE', #9233, #1138, #5034, .T. ) ;
#9026 = LINE ( 'NONE', #4130, #9614 ) ;
#9027 = AXIS2_PLACEMENT_3D ( 'NONE', #11993, #3031, #3998 ) ;
#9028 = ORIENTED_EDGE ( 'NONE', *, *, #7454, .T. ) ;
#9029 = EDGE_CURVE ( 'NONE', #11027, #3481, #9023, .T. ) ;
#9030 = LINE ( 'NONE', #8848, #5321 ) ;
#9031 = LINE ( 'NONE', #5234, #7237 ) ;
#9032 = ORIENTED_EDGE ( 'NONE', *, *, #8489, .F. ) ;
#9033 = VECTOR ( 'NONE', #12103, 999.9999999999998863 ) ;
#9034 = ORIENTED_EDGE ( 'NONE', *, *, #1133, .T. ) ;
#9035 = DIRECTION ( 'NONE',  ( 1.000000000000000000, 0.000000000000000000, 0.000000000000000000 ) ) ;
#9036 = ORIENTED_EDGE ( 'NONE', *, *, #3184, .F. ) ;
#9037 = EDGE_CURVE ( 'NONE', #7407, #6687, #1148, .T. ) ;
#9038 = EDGE_CURVE ( 'NONE', #10264, #3362, #10055, .T. ) ;
#9039 = AXIS2_PLACEMENT_3D ( 'NONE', #3986, #3084, #10999 ) ;
#9040 = CARTESIAN_POINT ( 'NONE',  ( 0.02866890627643169792, 0.02850742339956369859, 0.000000000000000000 ) ) ;
#9041 = VECTOR ( 'NONE', #2046, 1000.000000000000000 ) ;
#9042 = AXIS2_PLACEMENT_3D ( 'NONE', #5539, #5793, #6746 ) ;
#9043 = EDGE_CURVE ( 'NONE', #3321, #5875, #7317, .T. ) ;
#9044 = CARTESIAN_POINT ( 'NONE',  ( 0.2775758572458389972, 0.03576804108687355044, 0.000000000000000000 ) ) ;
#9045 = CARTESIAN_POINT ( 'NONE',  ( -0.8499999999999999778, -0.1000000000000000056, 0.05000000000000000278 ) ) ;
#9046 = ORIENTED_EDGE ( 'NONE', *, *, #10024, .T. ) ;
#9047 = EDGE_CURVE ( 'NONE', #9437, #10883, #9792, .T. ) ;
#9048 = AXIS2_PLACEMENT_3D ( 'NONE', #3916, #11775, #9642 ) ;
#9049 = CARTESIAN_POINT ( 'NONE',  ( 0.2772491572724534725, 0.03316537007306775281, 0.1000000000000000056 ) ) ;
#9050 = CARTESIAN_POINT ( 'NONE',  ( -0.2366442454162546727, 0.7123180523633572125, 0.2879035975964101546 ) ) ;
#9051 = CARTESIAN_POINT ( 'NONE',  ( 0.000000000000000000, 0.000000000000000000, 0.9000000000000000222 ) ) ;
#9052 = ORIENTED_EDGE ( 'NONE', *, *, #4464, .T. ) ;
#9053 = ORIENTED_EDGE ( 'NONE', *, *, #12113, .T. ) ;
#9054 = VECTOR ( 'NONE', #5716, 1000.000000000000000 ) ;
#9055 = ADVANCED_FACE ( 'NONE', ( #11805 ), #11931, .T. ) ;
#9056 = EDGE_CURVE ( 'NONE', #9511, #3784, #2, .T. ) ;
#9057 = VERTEX_POINT ( 'NONE', #11859 ) ;
#9058 = CIRCLE ( 'NONE', #9887, 0.08000000000000002942 ) ;
#9059 =( LENGTH_UNIT ( ) NAMED_UNIT ( * ) SI_UNIT ( .MILLI., .METRE. ) );
#9060 = DIRECTION ( 'NONE',  ( 0.000000000000000000, 0.000000000000000000, 1.000000000000000000 ) ) ;
#9061 = CARTESIAN_POINT ( 'NONE',  ( 0.03665650912911475046, 0.03625527285768950780, 0.1000000000000000056 ) ) ;
#9062 = EDGE_CURVE ( 'NONE', #11122, #8370, #12454, .T. ) ;
#9063 = DIRECTION ( 'NONE',  ( 0.000000000000000000, 0.000000000000000000, -1.000000000000000000 ) ) ;
#9064 = FACE_OUTER_BOUND ( 'NONE', #4935, .T. ) ;
#9065 = ORIENTED_EDGE ( 'NONE', *, *, #6781, .F. ) ;
#9066 = DIRECTION ( 'NONE',  ( 0.000000000000000000, 0.000000000000000000, 1.000000000000000000 ) ) ;
#9067 = CARTESIAN_POINT ( 'NONE',  ( -0.1131615436026759958, 0.7200000000000000844, 0.3200000000000000067 ) ) ;
#9068 = CARTESIAN_POINT ( 'NONE',  ( 0.2948190126206809980, 0.07230246479118460079, 0.1000000000000000056 ) ) ;
#9069 = VECTOR ( 'NONE', #1427, 1000.000000000000000 ) ;
#9070 = LINE ( 'NONE', #719, #442 ) ;
#9071 = DIRECTION ( 'NONE',  ( -1.000000000000000000, -4.429083366548880944E-12, 0.000000000000000000 ) ) ;
#9072 = ORIENTED_EDGE ( 'NONE', *, *, #1951, .F. ) ;
#9073 = ORIENTED_EDGE ( 'NONE', *, *, #2772, .T. ) ;
#9074 = DIRECTION ( 'NONE',  ( 0.000000000000000000, 0.000000000000000000, 1.000000000000000000 ) ) ;
#9075 = AXIS2_PLACEMENT_3D ( 'NONE', #6756, #11458, #10611 ) ;
#9076 = VECTOR ( 'NONE', #9237, 1000.000000000000000 ) ;
#9077 = CARTESIAN_POINT ( 'NONE',  ( 0.04328898540443489734, 0.1467157297628149948, 0.5999999999999999778 ) ) ;
#9078 = CARTESIAN_POINT ( 'NONE',  ( 0.3296229540443940120, 0.06965718586104639731, 0.000000000000000000 ) ) ;
#9079 = ORIENTED_EDGE ( 'NONE', *, *, #6378, .T. ) ;
#9080 = DIRECTION ( 'NONE',  ( 0.000000000000000000, 0.000000000000000000, 1.000000000000000000 ) ) ;
#9081 = LINE ( 'NONE', #8650, #3030 ) ;
#9082 = CARTESIAN_POINT ( 'NONE',  ( 0.2371676411332589995, 0.03318222410519704874, 0.000000000000000000 ) ) ;
#9083 = ORIENTED_EDGE ( 'NONE', *, *, #6519, .T. ) ;
#9084 = ORIENTED_EDGE ( 'NONE', *, *, #10540, .T. ) ;
#9085 = ADVANCED_FACE ( 'NONE', ( #3948 ), #6903, .T. ) ;
#9086 = ORIENTED_EDGE ( 'NONE', *, *, #5999, .F. ) ;
#9087 = AXIS2_PLACEMENT_3D ( 'NONE', #10579, #2459, #7558 ) ;
#9088 = ORIENTED_EDGE ( 'NONE', *, *, #11779, .F. ) ;
#9089 = LINE ( 'NONE', #3875, #5750 ) ;
#9090 = DIRECTION ( 'NONE',  ( -0.3162277577404050133, 0.9486833008093248365, 0.000000000000000000 ) ) ;
#9091 = DIRECTION ( 'NONE',  ( 0.000000000000000000, 0.000000000000000000, 1.000000000000000000 ) ) ;
#9092 = AXIS2_PLACEMENT_3D ( 'NONE', #10800, #11836, #3007 ) ;
#9093 = DIRECTION ( 'NONE',  ( -1.000000000000000000, -1.697769986809269869E-16, 0.000000000000000000 ) ) ;
#9094 = VERTEX_POINT ( 'NONE', #4976 ) ;
#9095 = CARTESIAN_POINT ( 'NONE',  ( 0.4000000000000000222, 0.7765685424949239080, 0.3765685424949237747 ) ) ;
#9096 = ADVANCED_FACE ( 'NONE', ( #4000 ), #3033, .T. ) ;
#9097 = LINE ( 'NONE', #374, #6018 ) ;
#9098 = EDGE_LOOP ( 'NONE', ( #7916, #9880, #12387, #11570 ) ) ;
#9099 = ORIENTED_EDGE ( 'NONE', *, *, #11133, .T. ) ;
#9100 = ORIENTED_EDGE ( 'NONE', *, *, #2417, .F. ) ;
#9101 = MANIFOLD_SOLID_BREP ( 'Imported1', #4641 ) ;
#9102 = CARTESIAN_POINT ( 'NONE',  ( 0.1811169281948309950, 0.1003524811048151916, 0.000000000000000000 ) ) ;
#9103 = CARTESIAN_POINT ( 'NONE',  ( 0.07046252174589111295, 0.05554728094672620187, 0.000000000000000000 ) ) ;
#9104 = CARTESIAN_POINT ( 'NONE',  ( 0.06182383598323769325, 0.03567202328416280155, 0.000000000000000000 ) ) ;
#9105 = ORIENTED_EDGE ( 'NONE', *, *, #708, .T. ) ;
#9106 = DIRECTION ( 'NONE',  ( 0.000000000000000000, 0.000000000000000000, -1.000000000000000000 ) ) ;
#9107 = DIRECTION ( 'NONE',  ( 1.000000000000000000, 0.000000000000000000, 0.000000000000000000 ) ) ;
#9108 = PRESENTATION_LAYER_ASSIGNMENT (  '', '', ( #1493 ) ) ;
#9109 = EDGE_CURVE ( 'NONE', #3566, #5089, #8959, .T. ) ;
#9110 = DIRECTION ( 'NONE',  ( -1.000000000000000000, 0.000000000000000000, 0.000000000000000000 ) ) ;
#9111 = ORIENTED_EDGE ( 'NONE', *, *, #6451, .F. ) ;
#9112 = ORIENTED_EDGE ( 'NONE', *, *, #3588, .T. ) ;
#9113 = SURFACE_STYLE_FILL_AREA ( #9949 ) ;
#9114 = ORIENTED_EDGE ( 'NONE', *, *, #8105, .T. ) ;
#9115 = ORIENTED_EDGE ( 'NONE', *, *, #10071, .F. ) ;
#9116 = ADVANCED_FACE ( 'NONE', ( #11269 ), #3289, .F. ) ;
#9117 =( BOUNDED_CURVE ( )  B_SPLINE_CURVE ( 3, ( #5121, #12012, #7109, #6155 ),
 .UNSPECIFIED., .F., .F. ) 
 B_SPLINE_CURVE_WITH_KNOTS ( ( 4, 4 ),
 ( 4.644051076073493434, 4.712388980384689674 ),
 .UNSPECIFIED. ) 
 CURVE ( )  GEOMETRIC_REPRESENTATION_ITEM ( )  RATIONAL_B_SPLINE_CURVE ( ( 1.000000000000000000, 0.9996108654318511810, 0.9996108654318511810, 1.000000000000000000 ) ) 
 REPRESENTATION_ITEM ( '' )  );
#9118 = EDGE_CURVE ( 'NONE', #9301, #11157, #4642, .T. ) ;
#9119 = VECTOR ( 'NONE', #6988, 1000.000000000000000 ) ;
#9120 = DIRECTION ( 'NONE',  ( 0.000000000000000000, -1.000000000000000000, 0.000000000000000000 ) ) ;
#9121 = DIRECTION ( 'NONE',  ( 0.000000000000000000, -0.7071067811865482389, 0.7071067811865467956 ) ) ;
#9122 = DIRECTION ( 'NONE',  ( 0.000000000000000000, 0.000000000000000000, 1.000000000000000000 ) ) ;
#9123 = LINE ( 'NONE', #8217, #112 ) ;
#9124 = EDGE_CURVE ( 'NONE', #6717, #8536, #929, .T. ) ;
#9125 = CARTESIAN_POINT ( 'NONE',  ( -0.4000000000000000222, -0.7200000000000000844, 0.4000000000000000222 ) ) ;
#9126 = ORIENTED_EDGE ( 'NONE', *, *, #5039, .T. ) ;
#9127 = EDGE_CURVE ( 'NONE', #9310, #6090, #10175, .T. ) ;
#9128 = DIRECTION ( 'NONE',  ( 0.000000000000000000, 0.000000000000000000, -1.000000000000000000 ) ) ;
#9129 = DIRECTION ( 'NONE',  ( 0.000000000000000000, 0.000000000000000000, 1.000000000000000000 ) ) ;
#9130 = LINE ( 'NONE', #275, #5319 ) ;
#9131 = CARTESIAN_POINT ( 'NONE',  ( 0.000000000000000000, 0.000000000000000000, 0.6953141487844890500 ) ) ;
#9132 = DIRECTION ( 'NONE',  ( -0.5143967251916414796, -0.8575523360775800796, 0.000000000000000000 ) ) ;
#9133 = VERTEX_POINT ( 'NONE', #2438 ) ;
#9134 = VERTEX_POINT ( 'NONE', #7223 ) ;
#9135 = EDGE_CURVE ( 'NONE', #11759, #2194, #12300, .T. ) ;
#9136 = SURFACE_SIDE_STYLE ('',( #5214 ) ) ;
#9137 = CARTESIAN_POINT ( 'NONE',  ( -0.1131615436026759958, -0.7145957609276060163, 0.2834995524190850325 ) ) ;
#9138 =( LENGTH_UNIT ( ) NAMED_UNIT ( * ) SI_UNIT ( .MILLI., .METRE. ) );
#9139 = CARTESIAN_POINT ( 'NONE',  ( 0.1692965698667100172, -0.1813925120511919731, 0.5999999999999999778 ) ) ;
#9140 = VERTEX_POINT ( 'NONE', #1470 ) ;
#9141 = DIRECTION ( 'NONE',  ( -0.000000000000000000, 1.000000000000000000, 0.000000000000000000 ) ) ;
#9142 = DIRECTION ( 'NONE',  ( 1.000000000000000000, 0.000000000000000000, 0.000000000000000000 ) ) ;
#9143 = CARTESIAN_POINT ( 'NONE',  ( -0.004222912608168378178, -0.09744290549092955722, 0.5999999999999999778 ) ) ;
#9144 = VERTEX_POINT ( 'NONE', #3471 ) ;
#9145 = ORIENTED_EDGE ( 'NONE', *, *, #497, .F. ) ;
#9146 = ORIENTED_EDGE ( 'NONE', *, *, #4148, .T. ) ;
#9147 = DIRECTION ( 'NONE',  ( 0.4653753323071734282, 0.8851134391025751169, 0.000000000000000000 ) ) ;
#9148 = CARTESIAN_POINT ( 'NONE',  ( 0.7299999999999999822, 0.1333707785769050191, 0.05000000000000000278 ) ) ;
#9149 = DIRECTION ( 'NONE',  ( 0.000000000000000000, 0.000000000000000000, -1.000000000000000000 ) ) ;
#9150 = FACE_OUTER_BOUND ( 'NONE', #7333, .T. ) ;
#9151 = DIRECTION ( 'NONE',  ( 0.000000000000000000, 0.000000000000000000, 1.000000000000000000 ) ) ;
#9152 = ORIENTED_EDGE ( 'NONE', *, *, #4702, .T. ) ;
#9153 = FACE_OUTER_BOUND ( 'NONE', #6491, .T. ) ;
#9154 = CARTESIAN_POINT ( 'NONE',  ( 0.2948190126206809980, 0.07230246479118460079, 0.1000000000000000056 ) ) ;
#9155 = VERTEX_POINT ( 'NONE', #9336 ) ;
#9156 = VERTEX_POINT ( 'NONE', #487 ) ;
#9157 = VERTEX_POINT ( 'NONE', #1280 ) ;
#9158 = EDGE_CURVE ( 'NONE', #7309, #1224, #12244, .T. ) ;
#9159 = CARTESIAN_POINT ( 'NONE',  ( 0.05398012541875850390, 0.06075182561583070129, 0.1000000000000000056 ) ) ;
#9160 = AXIS2_PLACEMENT_3D ( 'NONE', #243, #7933, #63 ) ;
#9161 = CARTESIAN_POINT ( 'NONE',  ( 0.4000000000000000222, 0.4000000000000000222, 0.000000000000000000 ) ) ;
#9162 = LINE ( 'NONE', #2273, #9606 ) ;
#9163 = ORIENTED_EDGE ( 'NONE', *, *, #9966, .T. ) ;
#9164 = DIRECTION ( 'NONE',  ( 0.000000000000000000, 0.2498780111313130825, 0.9682773257456043225 ) ) ;
#9165 = CARTESIAN_POINT ( 'NONE',  ( -0.1089302439440419934, 0.08899708045879850538, 0.5999999999999999778 ) ) ;
#9166 = DIRECTION ( 'NONE',  ( 0.000000000000000000, 2.489282864717550295E-15, -1.000000000000000000 ) ) ;
#9167 = ORIENTED_EDGE ( 'NONE', *, *, #2722, .F. ) ;
#9168 = ORIENTED_EDGE ( 'NONE', *, *, #2739, .T. ) ;
#9169 = ORIENTED_EDGE ( 'NONE', *, *, #12635, .T. ) ;
#9170 = UNCERTAINTY_MEASURE_WITH_UNIT (LENGTH_MEASURE( 1.000000000000000082E-05 ), #10197, 'distance_accuracy_value', 'NONE');
#9171 = VECTOR ( 'NONE', #5617, 1000.000000000000114 ) ;
#9172 = EDGE_CURVE ( 'NONE', #12658, #825, #9990, .T. ) ;
#9173 = CARTESIAN_POINT ( 'NONE',  ( 0.8000000000000000444, -0.7765685424949239080, 0.3765685424949237747 ) ) ;
#9174 = VECTOR ( 'NONE', #2234, 1000.000000000000000 ) ;
#9175 = AXIS2_PLACEMENT_3D ( 'NONE', #11234, #6349, #1440 ) ;
#9176 = LINE ( 'NONE', #12384, #11320 ) ;
#9177 = CARTESIAN_POINT ( 'NONE',  ( 0.8000000000000000444, -0.6960358778014988923, 0.2248101690442100009 ) ) ;
#9178 = PLANE ( 'NONE',  #4657 ) ;
#9179 = DIRECTION ( 'NONE',  ( -0.9862184610392528139, 0.1654483215550035247, 0.000000000000000000 ) ) ;
#9180 = ORIENTED_EDGE ( 'NONE', *, *, #11392, .F. ) ;
#9181 = AXIS2_PLACEMENT_3D ( 'NONE', #3718, #2807, #7518 ) ;
#9182 = FACE_OUTER_BOUND ( 'NONE', #1177, .T. ) ;
#9183 = LINE ( 'NONE', #5139, #1792 ) ;
#9184 = CARTESIAN_POINT ( 'NONE',  ( 0.8000000000000000444, -0.6612489735550610703, 0.07199926448865659467 ) ) ;
#9185 = ORIENTED_EDGE ( 'NONE', *, *, #9025, .F. ) ;
#9186 = EDGE_CURVE ( 'NONE', #9017, #6956, #4424, .T. ) ;
#9187 = EDGE_CURVE ( 'NONE', #6394, #6593, #7154, .T. ) ;
#9188 = LINE ( 'NONE', #2228, #6845 ) ;
#9189 = DIRECTION ( 'NONE',  ( -0.9660320202528649425, 0.2584223981124092462, 0.000000000000000000 ) ) ;
#9190 = ORIENTED_EDGE ( 'NONE', *, *, #6921, .T. ) ;
#9191 = VECTOR ( 'NONE', #10998, 1000.000000000000000 ) ;
#9192 = CIRCLE ( 'NONE', #4244, 0.002132052818930381573 ) ;
#9193 = VERTEX_POINT ( 'NONE', #300 ) ;
#9194 = EDGE_CURVE ( 'NONE', #9895, #5137, #5362, .T. ) ;
#9195 = ADVANCED_FACE ( 'NONE', ( #2317 ), #427, .T. ) ;
#9196 = AXIS2_PLACEMENT_3D ( 'NONE', #523, #4600, #594 ) ;
#9197 = EDGE_CURVE ( 'NONE', #9698, #9895, #9797, .T. ) ;
#9198 = DIRECTION ( 'NONE',  ( 0.000000000000000000, 0.000000000000000000, 1.000000000000000000 ) ) ;
#9199 = LINE ( 'NONE', #5342, #9662 ) ;
#9200 = DIRECTION ( 'NONE',  ( 0.000000000000000000, 0.000000000000000000, 1.000000000000000000 ) ) ;
#9201 = ORIENTED_EDGE ( 'NONE', *, *, #2326, .T. ) ;
#9202 = VECTOR ( 'NONE', #4376, 1000.000000000000000 ) ;
#9203 = CARTESIAN_POINT ( 'NONE',  ( 0.8000000000000000444, -0.7111815246139390201, 0.2834995524190850325 ) ) ;
#9204 = CARTESIAN_POINT ( 'NONE',  ( 0.2886864141051839749, 0.03315286465715609754, 0.1000000000000000056 ) ) ;
#9205 = EDGE_CURVE ( 'NONE', #2080, #10506, #1594, .T. ) ;
#9206 = EDGE_CURVE ( 'NONE', #788, #11126, #5488, .T. ) ;
#9207 = AXIS2_PLACEMENT_3D ( 'NONE', #9556, #713, #6608 ) ;
#9208 = DIRECTION ( 'NONE',  ( -0.2666073305033860863, -0.9638052351600183698, 0.000000000000000000 ) ) ;
#9209 = ORIENTED_EDGE ( 'NONE', *, *, #10909, .T. ) ;
#9210 = VERTEX_POINT ( 'NONE', #3540 ) ;
#9211 = ORIENTED_EDGE ( 'NONE', *, *, #2384, .T. ) ;
#9212 = CYLINDRICAL_SURFACE ( 'NONE', #499, 0.07999999999999998779 ) ;
#9213 = CIRCLE ( 'NONE', #2010, 0.08000000000000002942 ) ;
#9214 = CARTESIAN_POINT ( 'NONE',  ( -0.1131615436026759958, -0.7405531811372209061, 0.3973147252801209617 ) ) ;
#9215 = AXIS2_PLACEMENT_3D ( 'NONE', #9559, #10787, #6669 ) ;
#9216 = CARTESIAN_POINT ( 'NONE',  ( 0.2244975015936664930, 0.03316117662571935187, 0.1000000000000000056 ) ) ;
#9217 = DIRECTION ( 'NONE',  ( 1.000000000000000000, 0.000000000000000000, 0.000000000000000000 ) ) ;
#9218 = LINE ( 'NONE', #1409, #955 ) ;
#9219 = VERTEX_POINT ( 'NONE', #623 ) ;
#9220 = FACE_OUTER_BOUND ( 'NONE', #11469, .T. ) ;
#9221 = LINE ( 'NONE', #4192, #8061 ) ;
#9222 = ORIENTED_EDGE ( 'NONE', *, *, #3996, .T. ) ;
#9223 = VERTEX_POINT ( 'NONE', #1788 ) ;
#9224 = AXIS2_PLACEMENT_3D ( 'NONE', #5150, #11191, #10164 ) ;
#9225 = VERTEX_POINT ( 'NONE', #747 ) ;
#9226 = VECTOR ( 'NONE', #4334, 1000.000000000000000 ) ;
#9227 = AXIS2_PLACEMENT_3D ( 'NONE', #5950, #8961, #5098 ) ;
#9228 = LINE ( 'NONE', #569, #989 ) ;
#9229 = VECTOR ( 'NONE', #8903, 1000.000000000000227 ) ;
#9230 = AXIS2_PLACEMENT_3D ( 'NONE', #1413, #3352, #1339 ) ;
#9231 = CARTESIAN_POINT ( 'NONE',  ( 0.2917544852710104442, 0.06836647021013281256, 0.000000000000000000 ) ) ;
#9232 = PLANE ( 'NONE',  #9410 ) ;
#9233 = VERTEX_POINT ( 'NONE', #11534 ) ;
#9234 = LINE ( 'NONE', #8269, #612 ) ;
#9235 = CYLINDRICAL_SURFACE ( 'NONE', #5110, 0.001786442369628918033 ) ;
#9236 = VECTOR ( 'NONE', #10499, 1000.000000000000114 ) ;
#9237 = DIRECTION ( 'NONE',  ( 0.000000000000000000, 0.000000000000000000, -1.000000000000000000 ) ) ;
#9238 = ORIENTED_EDGE ( 'NONE', *, *, #5196, .F. ) ;
#9239 = VERTEX_POINT ( 'NONE', #7482 ) ;
#9240 = ORIENTED_EDGE ( 'NONE', *, *, #7373, .T. ) ;
#9241 = EDGE_CURVE ( 'NONE', #8158, #9057, #5687, .T. ) ;
#9242 = CIRCLE ( 'NONE', #2435, 0.07999999999999998779 ) ;
#9243 = VECTOR ( 'NONE', #731, 1000.000000000000000 ) ;
#9244 = DIRECTION ( 'NONE',  ( 0.000000000000000000, -0.7071067811865482389, 0.7071067811865467956 ) ) ;
#9245 = PRESENTATION_LAYER_ASSIGNMENT (  '', '', ( #8629 ) ) ;
#9246 = CARTESIAN_POINT ( 'NONE',  ( 0.03387712131695944789, 0.05876456305842749778, 0.000000000000000000 ) ) ;
#9247 = CARTESIAN_POINT ( 'NONE',  ( 0.8000000000000000444, -0.6612489735550610703, 0.07199926448865659467 ) ) ;
#9248 = DIRECTION ( 'NONE',  ( 0.000000000000000000, 0.000000000000000000, 1.000000000000000000 ) ) ;
#9249 = VERTEX_POINT ( 'NONE', #5554 ) ;
#9250 = DIRECTION ( 'NONE',  ( 0.000000000000000000, 0.000000000000000000, 1.000000000000000000 ) ) ;
#9251 = CARTESIAN_POINT ( 'NONE',  ( -0.1631615436026759847, 0.6645957609276059719, 0.2834995524190850325 ) ) ;
#9252 = FACE_OUTER_BOUND ( 'NONE', #7633, .T. ) ;
#9253 = ORIENTED_EDGE ( 'NONE', *, *, #3359, .T. ) ;
#9254 = VECTOR ( 'NONE', #10607, 1000.000000000000000 ) ;
#9255 = LINE ( 'NONE', #404, #10542 ) ;
#9256 = CARTESIAN_POINT ( 'NONE',  ( 0.2750000000000000222, -0.6612489735550610703, 0.07199926448865659467 ) ) ;
#9257 = CIRCLE ( 'NONE', #382, 0.002383970417192252545 ) ;
#9258 = EDGE_CURVE ( 'NONE', #1644, #9901, #4431, .T. ) ;
#9259 = STYLED_ITEM ( 'NONE', ( #6114 ), #4865 ) ;
#9260 = ORIENTED_EDGE ( 'NONE', *, *, #5077, .F. ) ;
#9261 = LINE ( 'NONE', #5267, #8977 ) ;
#9262 = VECTOR ( 'NONE', #11872, 1000.000000000000000 ) ;
#9263 = DIRECTION ( 'NONE',  ( 0.000000000000000000, 0.000000000000000000, 1.000000000000000000 ) ) ;
#9264 = CARTESIAN_POINT ( 'NONE',  ( -0.7680176002228089605, -0.1000000000000000056, 0.1451689417511649871 ) ) ;
#9265 = CARTESIAN_POINT ( 'NONE',  ( 0.1648850750808970034, 0.06332207658154428986, 0.000000000000000000 ) ) ;
#9266 = ORIENTED_EDGE ( 'NONE', *, *, #12354, .F. ) ;
#9267 = VECTOR ( 'NONE', #3572, 1000.000000000000227 ) ;
#9268 = CARTESIAN_POINT ( 'NONE',  ( -0.4000000000000000222, -0.7200000000000000844, 0.08000000000000000167 ) ) ;
#9269 = DIRECTION ( 'NONE',  ( 0.000000000000000000, 0.2498780111313130825, -0.9682773257456043225 ) ) ;
#9270 = DIRECTION ( 'NONE',  ( 0.000000000000000000, 0.000000000000000000, 1.000000000000000000 ) ) ;
#9271 = EDGE_CURVE ( 'NONE', #1833, #5236, #2798, .T. ) ;
#9272 = VERTEX_POINT ( 'NONE', #9473 ) ;
#9273 = ORIENTED_EDGE ( 'NONE', *, *, #8972, .F. ) ;
#9274 = EDGE_LOOP ( 'NONE', ( #4194, #9685, #2473, #4710 ) ) ;
#9275 = DIRECTION ( 'NONE',  ( 0.000000000000000000, 0.000000000000000000, 1.000000000000000000 ) ) ;
#9276 = VECTOR ( 'NONE', #8326, 1000.000000000000000 ) ;
#9277 = EDGE_CURVE ( 'NONE', #5351, #6192, #7322, .T. ) ;
#9278 = EDGE_CURVE ( 'NONE', #1224, #8969, #2693, .T. ) ;
#9279 = LINE ( 'NONE', #7222, #8620 ) ;
#9280 = CARTESIAN_POINT ( 'NONE',  ( -0.8499999999999999778, 0.1000000000000000056, 0.05000000000000000278 ) ) ;
#9281 = DIRECTION ( 'NONE',  ( -0.000000000000000000, 1.000000000000000000, 0.000000000000000000 ) ) ;
#9282 = CARTESIAN_POINT ( 'NONE',  ( 0.06236340267104529406, 0.06072916124237999480, 0.000000000000000000 ) ) ;
#9283 = EDGE_CURVE ( 'NONE', #5647, #6441, #10561, .T. ) ;
#9284 = VERTEX_POINT ( 'NONE', #12492 ) ;
#9285 = EDGE_CURVE ( 'NONE', #10340, #548, #1664, .T. ) ;
#9286 = PLANE ( 'NONE',  #9851 ) ;
#9287 = VECTOR ( 'NONE', #7753, 1000.000000000000000 ) ;
#9288 = CYLINDRICAL_SURFACE ( 'NONE', #4978, 0.08000000000000002942 ) ;
#9289 = ORIENTED_EDGE ( 'NONE', *, *, #5981, .F. ) ;
#9290 = VERTEX_POINT ( 'NONE', #7730 ) ;
#9291 = ORIENTED_EDGE ( 'NONE', *, *, #4797, .T. ) ;
#9292 = EDGE_CURVE ( 'NONE', #3407, #4760, #5739, .T. ) ;
#9293 = MANIFOLD_SOLID_BREP ( 'Imported2', #7739 ) ;
#9294 = DIRECTION ( 'NONE',  ( 0.000000000000000000, 0.000000000000000000, -1.000000000000000000 ) ) ;
#9295 = FACE_OUTER_BOUND ( 'NONE', #11685, .T. ) ;
#9296 = DIRECTION ( 'NONE',  ( 0.000000000000000000, 1.000000000000000000, 0.000000000000000000 ) ) ;
#9297 = VERTEX_POINT ( 'NONE', #2626 ) ;
#9298 = CARTESIAN_POINT ( 'NONE',  ( 0.1131615436026759958, 0.7487881638449269683, 0.4292252843472340040 ) ) ;
#9299 = DIRECTION ( 'NONE',  ( -0.9623536374700535356, 0.2718004349668278752, 0.000000000000000000 ) ) ;
#9300 = DIRECTION ( 'NONE',  ( 0.000000000000000000, 0.000000000000000000, 1.000000000000000000 ) ) ;
#9301 = VERTEX_POINT ( 'NONE', #6694 ) ;
#9302 = ORIENTED_EDGE ( 'NONE', *, *, #3011, .F. ) ;
#9303 = CARTESIAN_POINT ( 'NONE',  ( 0.3406934968279999865, -0.7010000000000000675, 0.09978294885600000330 ) ) ;
#9304 = VERTEX_POINT ( 'NONE', #4632 ) ;
#9305 = VECTOR ( 'NONE', #6562, 1000.000000000000000 ) ;
#9306 = DIRECTION ( 'NONE',  ( 0.000000000000000000, 0.2498780111313128605, 0.9682773257456044336 ) ) ;
#9307 = DIRECTION ( 'NONE',  ( -0.4082858805328271057, 0.9128541174566362493, 0.000000000000000000 ) ) ;
#9308 = CARTESIAN_POINT ( 'NONE',  ( 0.2366831626601859639, -0.8000000000000000444, 0.3200000000000000067 ) ) ;
#9309 = LINE ( 'NONE', #4401, #5290 ) ;
#9310 = VERTEX_POINT ( 'NONE', #8889 ) ;
#9311 = EDGE_CURVE ( 'NONE', #6549, #1794, #10690, .T. ) ;
#9312 = CARTESIAN_POINT ( 'NONE',  ( -0.3081987717257729797, -0.1661017834119890013, 0.5999999999999999778 ) ) ;
#9313 = MANIFOLD_SOLID_BREP ( 'Imported4', #9568 ) ;
#9314 = CARTESIAN_POINT ( 'NONE',  ( 0.3003486576435535071, 0.06494637556512269927, 0.000000000000000000 ) ) ;
#9315 = DIRECTION ( 'NONE',  ( 0.000000000000000000, 0.000000000000000000, -1.000000000000000000 ) ) ;
#9316 = EDGE_LOOP ( 'NONE', ( #7871, #436, #2913, #10629, #10854, #11943 ) ) ;
#9317 = CYLINDRICAL_SURFACE ( 'NONE', #8622, 0.08000000000000002942 ) ;
#9318 = VERTEX_POINT ( 'NONE', #7922 ) ;
#9319 = AXIS2_PLACEMENT_3D ( 'NONE', #7299, #3565, #7502 ) ;
#9320 = FACE_OUTER_BOUND ( 'NONE', #3462, .T. ) ;
#9321 = EDGE_CURVE ( 'NONE', #3844, #1547, #1970, .T. ) ;
#9322 = CARTESIAN_POINT ( 'NONE',  ( -0.2384031841765470172, 0.08610178341198850005, 0.5999999999999999778 ) ) ;
#9323 = DIRECTION ( 'NONE',  ( 0.7071067811865482389, 0.000000000000000000, -0.7071067811865467956 ) ) ;
#9324 = FACE_OUTER_BOUND ( 'NONE', #9098, .T. ) ;
#9325 = VERTEX_POINT ( 'NONE', #9917 ) ;
#9326 = CARTESIAN_POINT ( 'NONE',  ( 0.02399999996510350161, 0.1209970815754869838, 0.6099999999999999867 ) ) ;
#9327 = DIRECTION ( 'NONE',  ( 0.9618025924173376762, -0.2737439921154229405, 0.000000000000000000 ) ) ;
#9328 = DIRECTION ( 'NONE',  ( 0.000000000000000000, 0.000000000000000000, 1.000000000000000000 ) ) ;
#9329 = VERTEX_POINT ( 'NONE', #3151 ) ;
#9330 = ORIENTED_EDGE ( 'NONE', *, *, #7714, .F. ) ;
#9331 = ORIENTED_EDGE ( 'NONE', *, *, #9043, .T. ) ;
#9332 = CARTESIAN_POINT ( 'NONE',  ( 0.03913233982356739693, -1.112059828292720098, 0.000000000000000000 ) ) ;
#9333 = EDGE_CURVE ( 'NONE', #8128, #4419, #10750, .T. ) ;
#9334 = ADVANCED_FACE ( 'NONE', ( #8945 ), #7801, .T. ) ;
#9335 = CARTESIAN_POINT ( 'NONE',  ( 0.06095122367650519790, 0.06111594802666639459, 0.000000000000000000 ) ) ;
#9336 = CARTESIAN_POINT ( 'NONE',  ( 0.3289749507227605063, 0.06731460588542299839, 0.1000000000000000056 ) ) ;
#9337 = DIRECTION ( 'NONE',  ( 0.000000000000000000, -1.000000000000000000, 0.000000000000000000 ) ) ;
#9338 = PLANE ( 'NONE',  #2396 ) ;
#9339 = ORIENTED_EDGE ( 'NONE', *, *, #1541, .F. ) ;
#9340 = PLANE ( 'NONE',  #9020 ) ;
#9341 = CARTESIAN_POINT ( 'NONE',  ( 0.1131615436026759958, -0.7200000000000000844, 0.3200000000000000067 ) ) ;
#9342 = VERTEX_POINT ( 'NONE', #944 ) ;
#9343 = ADVANCED_FACE ( 'NONE', ( #2116 ), #167, .T. ) ;
#9344 = ORIENTED_EDGE ( 'NONE', *, *, #1789, .F. ) ;
#9345 = EDGE_CURVE ( 'NONE', #2525, #9134, #8753, .T. ) ;
#9346 = ORIENTED_EDGE ( 'NONE', *, *, #7071, .T. ) ;
#9347 = ORIENTED_EDGE ( 'NONE', *, *, #6888, .T. ) ;
#9348 = ADVANCED_FACE ( 'NONE', ( #6058 ), #1130, .F. ) ;
#9349 = EDGE_CURVE ( 'NONE', #4338, #10233, #11029, .T. ) ;
#9350 = ADVANCED_FACE ( 'NONE', ( #7083 ), #11002, .F. ) ;
#9351 = DIRECTION ( 'NONE',  ( -1.000000000000000000, 0.000000000000000000, 0.000000000000000000 ) ) ;
#9352 = CYLINDRICAL_SURFACE ( 'NONE', #4662, 0.0005462788761883903728 ) ;
#9353 = LINE ( 'NONE', #1681, #7977 ) ;
#9354 = ORIENTED_EDGE ( 'NONE', *, *, #2772, .F. ) ;
#9355 = LINE ( 'NONE', #771, #1233 ) ;
#9356 = CYLINDRICAL_SURFACE ( 'NONE', #2415, 0.002202372849727995616 ) ;
#9357 = CYLINDRICAL_SURFACE ( 'NONE', #9087, 0.0006112321405037213608 ) ;
#9358 = VERTEX_POINT ( 'NONE', #7868 ) ;
#9359 = ADVANCED_FACE ( 'NONE', ( #11788 ), #2958, .F. ) ;
#9360 = ORIENTED_EDGE ( 'NONE', *, *, #4063, .F. ) ;
#9361 = ORIENTED_EDGE ( 'NONE', *, *, #6289, .T. ) ;
#9362 = PRESENTATION_STYLE_ASSIGNMENT (( #590 ) ) ;
#9363 = DIRECTION ( 'NONE',  ( 1.000000000000000000, 0.000000000000000000, 0.000000000000000000 ) ) ;
#9364 = FACE_OUTER_BOUND ( 'NONE', #10207, .T. ) ;
#9365 = DIRECTION ( 'NONE',  ( -1.000000000000000000, 0.000000000000000000, 0.000000000000000000 ) ) ;
#9366 = EDGE_LOOP ( 'NONE', ( #6993, #10608, #3239, #6704, #3621, #4021, #12236 ) ) ;
#9367 = DIRECTION ( 'NONE',  ( 0.9794374168012576209, 0.2017482256915283378, 0.000000000000000000 ) ) ;
#9368 = LINE ( 'NONE', #527, #4467 ) ;
#9369 = DIRECTION ( 'NONE',  ( 0.000000000000000000, 0.000000000000000000, -1.000000000000000000 ) ) ;
#9370 = ORIENTED_EDGE ( 'NONE', *, *, #5700, .T. ) ;
#9371 = VECTOR ( 'NONE', #4242, 1000.000000000000000 ) ;
#9372 = PRESENTATION_STYLE_ASSIGNMENT (( #3711 ) ) ;
#9373 = VECTOR ( 'NONE', #3612, 1000.000000000000000 ) ;
#9374 = FACE_OUTER_BOUND ( 'NONE', #7122, .T. ) ;
#9375 = ORIENTED_EDGE ( 'NONE', *, *, #2745, .T. ) ;
#9376 = AXIS2_PLACEMENT_3D ( 'NONE', #3975, #1115, #10021 ) ;
#9377 = FACE_BOUND ( 'NONE', #5653, .T. ) ;
#9378 = DIRECTION ( 'NONE',  ( -0.9560498506241815742, 0.2932041662757884914, 0.000000000000000000 ) ) ;
#9379 = CARTESIAN_POINT ( 'NONE',  ( 0.08465898458357559719, 0.03328186957122985373, 0.1000000000000000056 ) ) ;
#9380 = CARTESIAN_POINT ( 'NONE',  ( -0.2366831626601859639, -0.7145957609276060163, 0.2967297185801399673 ) ) ;
#9381 = CARTESIAN_POINT ( 'NONE',  ( 0.3726698877962599799, 0.06712401199719210398, 0.000000000000000000 ) ) ;
#9382 = VERTEX_POINT ( 'NONE', #1017 ) ;
#9383 = CARTESIAN_POINT ( 'NONE',  ( 0.1692965698667100172, -0.1813925120511919731, 0.5999999999999999778 ) ) ;
#9384 = CARTESIAN_POINT ( 'NONE',  ( 0.1153768474558780066, 0.05586996692755619165, 0.000000000000000000 ) ) ;
#9385 = CIRCLE ( 'NONE', #9588, 0.07999999999999998779 ) ;
#9386 = CIRCLE ( 'NONE', #7338, 0.08000000000000001554 ) ;
#9387 = CARTESIAN_POINT ( 'NONE',  ( 0.2080850253259239890, 0.05493035291598479669, 0.000000000000000000 ) ) ;
#9388 = DIRECTION ( 'NONE',  ( 1.224646799147353207E-16, 1.000000000000000000, -0.000000000000000000 ) ) ;
#9389 = ORIENTED_EDGE ( 'NONE', *, *, #10894, .F. ) ;
#9390 = ORIENTED_EDGE ( 'NONE', *, *, #9974, .F. ) ;
#9391 = AXIS2_PLACEMENT_3D ( 'NONE', #1844, #12744, #11832 ) ;
#9392 = ORIENTED_EDGE ( 'NONE', *, *, #9283, .F. ) ;
#9393 = EDGE_CURVE ( 'NONE', #1399, #6340, #12219, .T. ) ;
#9394 = LINE ( 'NONE', #4370, #7426 ) ;
#9395 = SURFACE_STYLE_USAGE ( .BOTH. , #5733 ) ;
#9396 = CIRCLE ( 'NONE', #4882, 0.008764432359781778106 ) ;
#9397 = DIRECTION ( 'NONE',  ( 0.3162277577404048468, 0.9486833008093248365, 0.000000000000000000 ) ) ;
#9398 = DIRECTION ( 'NONE',  ( -0.3162277577404050133, -0.9486833008093248365, 0.000000000000000000 ) ) ;
#9399 = CYLINDRICAL_SURFACE ( 'NONE', #11500, 0.002383970417192252545 ) ;
#9400 = DIRECTION ( 'NONE',  ( 0.000000000000000000, 0.7071067811865482389, 0.7071067811865467956 ) ) ;
#9401 = ORIENTED_EDGE ( 'NONE', *, *, #6028, .T. ) ;
#9402 = CARTESIAN_POINT ( 'NONE',  ( -0.08226357805285371139, -0.1689970804587989928, 0.5999999999999999778 ) ) ;
#9403 = DIRECTION ( 'NONE',  ( 0.000000000000000000, 0.000000000000000000, 1.000000000000000000 ) ) ;
#9404 = ORIENTED_EDGE ( 'NONE', *, *, #7622, .T. ) ;
#9405 = ORIENTED_EDGE ( 'NONE', *, *, #4802, .F. ) ;
#9406 = AXIS2_PLACEMENT_3D ( 'NONE', #6450, #10367, #9400 ) ;
#9407 = ORIENTED_EDGE ( 'NONE', *, *, #11344, .T. ) ;
#9408 = EDGE_CURVE ( 'NONE', #11207, #7053, #1266, .T. ) ;
#9409 = VERTEX_POINT ( 'NONE', #11324 ) ;
#9410 = AXIS2_PLACEMENT_3D ( 'NONE', #5118, #200, #3233 ) ;
#9411 = CIRCLE ( 'NONE', #9830, 0.04999999999999999584 ) ;
#9412 = DIRECTION ( 'NONE',  ( 1.000000000000000000, 0.000000000000000000, 0.000000000000000000 ) ) ;
#9413 = EDGE_CURVE ( 'NONE', #4511, #6722, #2361, .T. ) ;
#9414 = CARTESIAN_POINT ( 'NONE',  ( -0.7800000000000000266, 0.1000000000000000056, 0.000000000000000000 ) ) ;
#9415 = FACE_OUTER_BOUND ( 'NONE', #9715, .T. ) ;
#9416 = VECTOR ( 'NONE', #7323, 1000.000000000000114 ) ;
#9417 = LINE ( 'NONE', #11287, #342 ) ;
#9418 = EDGE_LOOP ( 'NONE', ( #8736, #1798, #12421, #5558, #10811, #4655, #12014 ) ) ;
#9419 = VECTOR ( 'NONE', #1771, 1000.000000000000000 ) ;
#9420 = CARTESIAN_POINT ( 'NONE',  ( 0.3259544815329459833, 0.03764021005716109564, 0.000000000000000000 ) ) ;
#9421 = CARTESIAN_POINT ( 'NONE',  ( -0.2750000000000000222, 1.032485115250000085, 0.000000000000000000 ) ) ;
#9422 = FACE_OUTER_BOUND ( 'NONE', #8517, .T. ) ;
#9423 = ORIENTED_EDGE ( 'NONE', *, *, #7135, .T. ) ;
#9424 = AXIS2_PLACEMENT_3D ( 'NONE', #260, #1171, #11037 ) ;
#9425 = ORIENTED_EDGE ( 'NONE', *, *, #1934, .T. ) ;
#9426 = DIRECTION ( 'NONE',  ( 1.000000000000000000, 0.000000000000000000, 0.000000000000000000 ) ) ;
#9427 = EDGE_LOOP ( 'NONE', ( #2170, #10086, #4037, #11838 ) ) ;
#9428 = EDGE_CURVE ( 'NONE', #5109, #10975, #4864, .T. ) ;
#9429 = AXIS2_PLACEMENT_3D ( 'NONE', #3805, #8709, #4716 ) ;
#9430 = DIRECTION ( 'NONE',  ( 1.000000000000000000, 0.000000000000000000, 0.000000000000000000 ) ) ;
#9431 = CIRCLE ( 'NONE', #5116, 0.001408525117288646775 ) ;
#9432 = ADVANCED_FACE ( 'NONE', ( #12166 ), #6185, .T. ) ;
#9433 = ADVANCED_FACE ( 'NONE', ( #11193 ), #10106, .T. ) ;
#9434 = AXIS2_PLACEMENT_3D ( 'NONE', #12080, #9307, #5133 ) ;
#9435 = CARTESIAN_POINT ( 'NONE',  ( 0.1325464046206454027, 0.03927457950855609697, 0.1000000000000000056 ) ) ;
#9436 = DIRECTION ( 'NONE',  ( 0.000000000000000000, 0.000000000000000000, 1.000000000000000000 ) ) ;
#9437 = VERTEX_POINT ( 'NONE', #5343 ) ;
#9438 = CARTESIAN_POINT ( 'NONE',  ( 0.1394890696556770060, 0.07775684130489818324, 0.000000000000000000 ) ) ;
#9439 = LINE ( 'NONE', #7447, #11686 ) ;
#9440 = DIRECTION ( 'NONE',  ( 0.000000000000000000, -0.7071067811865482389, -0.7071067811865467956 ) ) ;
#9441 = EDGE_LOOP ( 'NONE', ( #1727, #1481, #6856, #9805 ) ) ;
#9442 = VECTOR ( 'NONE', #8365, 1000.000000000000227 ) ;
#9443 = ADVANCED_FACE ( 'NONE', ( #5405 ), #2240, .F. ) ;
#9444 = CARTESIAN_POINT ( 'NONE',  ( 0.000000000000000000, 0.000000000000000000, 0.000000000000000000 ) ) ;
#9445 = EDGE_CURVE ( 'NONE', #11091, #7613, #10199, .T. ) ;
#9446 = AXIS2_PLACEMENT_3D ( 'NONE', #2175, #4831, #6063 ) ;
#9447 = VERTEX_POINT ( 'NONE', #12039 ) ;
#9448 = AXIS2_PLACEMENT_3D ( 'NONE', #1791, #3796, #4828 ) ;
#9449 = VECTOR ( 'NONE', #2650, 1000.000000000000227 ) ;
#9450 = CARTESIAN_POINT ( 'NONE',  ( -0.2750000000000000222, -0.7200000000000000844, 0.000000000000000000 ) ) ;
#9451 = ADVANCED_FACE ( 'NONE', ( #10350 ), #12097, .T. ) ;
#9452 = CIRCLE ( 'NONE', #8841, 0.08000000000000002942 ) ;
#9453 = FACE_OUTER_BOUND ( 'NONE', #9925, .T. ) ;
#9454 = FACE_OUTER_BOUND ( 'NONE', #266, .T. ) ;
#9455 = AXIS2_PLACEMENT_3D ( 'NONE', #4731, #3887, #5770 ) ;
#9456 = FACE_OUTER_BOUND ( 'NONE', #7257, .T. ) ;
#9457 = DIRECTION ( 'NONE',  ( 0.1214745320488928304, -0.9925945486771033943, 0.000000000000000000 ) ) ;
#9458 = ORIENTED_EDGE ( 'NONE', *, *, #12423, .F. ) ;
#9459 = DIRECTION ( 'NONE',  ( 0.000000000000000000, 0.000000000000000000, -1.000000000000000000 ) ) ;
#9460 = AXIS2_PLACEMENT_3D ( 'NONE', #2042, #3978, #1064 ) ;
#9461 = DIRECTION ( 'NONE',  ( 0.000000000000000000, 0.000000000000000000, 1.000000000000000000 ) ) ;
#9462 = VECTOR ( 'NONE', #8888, 1000.000000000000114 ) ;
#9463 = FACE_OUTER_BOUND ( 'NONE', #6478, .T. ) ;
#9464 = DIRECTION ( 'NONE',  ( 0.000000000000000000, -1.000000000000000000, 0.000000000000000000 ) ) ;
#9465 = VERTEX_POINT ( 'NONE', #8297 ) ;
#9466 = ORIENTED_EDGE ( 'NONE', *, *, #10064, .F. ) ;
#9467 = EDGE_LOOP ( 'NONE', ( #3940, #1359, #4898, #5769 ) ) ;
#9468 = APPLICATION_CONTEXT ( 'automotive_design' ) ;
#9469 = CARTESIAN_POINT ( 'NONE',  ( -0.8000000000000000444, -0.4000000000000000222, 0.1417497762095429881 ) ) ;
#9470 = LINE ( 'NONE', #2623, #10003 ) ;
#9471 = CIRCLE ( 'NONE', #3921, 0.08000000000000001554 ) ;
#9472 = DIRECTION ( 'NONE',  ( 0.000000000000000000, 0.000000000000000000, 1.000000000000000000 ) ) ;
#9473 = CARTESIAN_POINT ( 'NONE',  ( 0.2775758572458389972, 0.03576804108687355044, 0.000000000000000000 ) ) ;
#9474 = DIRECTION ( 'NONE',  ( 0.000000000000000000, 0.000000000000000000, -1.000000000000000000 ) ) ;
#9475 = DIRECTION ( 'NONE',  ( 0.000000000000000000, 0.000000000000000000, 1.000000000000000000 ) ) ;
#9476 = ORIENTED_EDGE ( 'NONE', *, *, #7872, .F. ) ;
#9477 = EDGE_CURVE ( 'NONE', #3263, #2282, #6433, .T. ) ;
#9478 = DIRECTION ( 'NONE',  ( 0.000000000000000000, 0.000000000000000000, -1.000000000000000000 ) ) ;
#9479 = ORIENTED_EDGE ( 'NONE', *, *, #2905, .F. ) ;
#9480 = VERTEX_POINT ( 'NONE', #9078 ) ;
#9481 = AXIS2_PLACEMENT_3D ( 'NONE', #900, #7824, #1884 ) ;
#9482 = EDGE_LOOP ( 'NONE', ( #5103, #9209, #10113, #5176 ) ) ;
#9483 = VERTEX_POINT ( 'NONE', #412 ) ;
#9484 = DIRECTION ( 'NONE',  ( -1.000000000000000000, 0.000000000000000000, 0.000000000000000000 ) ) ;
#9485 = DIRECTION ( 'NONE',  ( 0.000000000000000000, 0.000000000000000000, 1.000000000000000000 ) ) ;
#9486 = EDGE_CURVE ( 'NONE', #5194, #12475, #2422, .T. ) ;
#9487 = AXIS2_PLACEMENT_3D ( 'NONE', #12404, #3574, #6670 ) ;
#9488 = CARTESIAN_POINT ( 'NONE',  ( 0.2154378365781960125, 0.09070175649226419612, 0.000000000000000000 ) ) ;
#9489 = LINE ( 'NONE', #12246, #970 ) ;
#9490 = ORIENTED_EDGE ( 'NONE', *, *, #5265, .F. ) ;
#9491 = DIRECTION ( 'NONE',  ( 0.9115026718108232284, 0.4112941517718561313, 0.000000000000000000 ) ) ;
#9492 = CYLINDRICAL_SURFACE ( 'NONE', #761, 0.007521220305133644382 ) ;
#9493 = CARTESIAN_POINT ( 'NONE',  ( 0.2829134475082419886, 0.06456551457694828522, 0.000000000000000000 ) ) ;
#9494 = ORIENTED_EDGE ( 'NONE', *, *, #11561, .T. ) ;
#9495 = ORIENTED_EDGE ( 'NONE', *, *, #3672, .F. ) ;
#9496 =( NAMED_UNIT ( * ) SI_UNIT ( $, .STERADIAN. ) SOLID_ANGLE_UNIT ( ) );
#9497 = EDGE_LOOP ( 'NONE', ( #1615, #2392, #6894, #12551 ) ) ;
#9498 = CARTESIAN_POINT ( 'NONE',  ( -0.2366831626601859639, 0.8000000000000000444, 0.3200000000000000067 ) ) ;
#9499 = ADVANCED_FACE ( 'NONE', ( #1324 ), #3386, .T. ) ;
#9500 = DIRECTION ( 'NONE',  ( 0.000000000000000000, 0.000000000000000000, -1.000000000000000000 ) ) ;
#9501 = CARTESIAN_POINT ( 'NONE',  ( -0.8000000000000000444, 0.8000000000000000444, 0.3200000000000000067 ) ) ;
#9502 = VERTEX_POINT ( 'NONE', #3203 ) ;
#9503 = CARTESIAN_POINT ( 'NONE',  ( -0.7680176002228089605, -0.05000000000000000278, 0.06999999999999999278 ) ) ;
#9504 = CARTESIAN_POINT ( 'NONE',  ( 0.1970904046462730042, 0.06828907263315558973, 0.1000000000000000056 ) ) ;
#9505 = CIRCLE ( 'NONE', #7448, 0.0007418670772529492672 ) ;
#9506 = CARTESIAN_POINT ( 'NONE',  ( 0.1394890696556770060, 0.07775684130489818324, 0.1000000000000000056 ) ) ;
#9507 = ORIENTED_EDGE ( 'NONE', *, *, #5196, .T. ) ;
#9508 = CARTESIAN_POINT ( 'NONE',  ( 0.2133435247917115085, 0.02634761969843244997, 0.000000000000000000 ) ) ;
#9509 = EDGE_CURVE ( 'NONE', #3625, #3337, #288, .T. ) ;
#9510 = EDGE_CURVE ( 'NONE', #7708, #9133, #8167, .T. ) ;
#9511 = VERTEX_POINT ( 'NONE', #1456 ) ;
#9512 = DIRECTION ( 'NONE',  ( 0.000000000000000000, 0.000000000000000000, 1.000000000000000000 ) ) ;
#9513 = ADVANCED_FACE ( 'NONE', ( #9324 ), #2304, .F. ) ;
#9514 = ADVANCED_FACE ( 'NONE', ( #8682 ), #4615, .F. ) ;
#9515 = DIRECTION ( 'NONE',  ( 0.000000000000000000, 0.000000000000000000, 1.000000000000000000 ) ) ;
#9516 = CARTESIAN_POINT ( 'NONE',  ( 0.04190391774405555214, 0.05456140616058289400, 0.1000000000000000056 ) ) ;
#9517 = PRESENTATION_STYLE_ASSIGNMENT (( #2806 ) ) ;
#9518 = DIRECTION ( 'NONE',  ( 1.000000000000000000, 0.000000000000000000, 0.000000000000000000 ) ) ;
#9519 = ORIENTED_EDGE ( 'NONE', *, *, #9118, .F. ) ;
#9520 = DIRECTION ( 'NONE',  ( 0.000000000000000000, 0.000000000000000000, 1.000000000000000000 ) ) ;
#9521 = LINE ( 'NONE', #3649, #2413 ) ;
#9522 = AXIS2_PLACEMENT_3D ( 'NONE', #4854, #10723, #11560 ) ;
#9523 = DIRECTION ( 'NONE',  ( -0.000000000000000000, 0.9682773257456045446, 0.2498780111313128882 ) ) ;
#9524 = DIRECTION ( 'NONE',  ( 0.000000000000000000, -1.000000000000000000, 3.252606517456511724E-15 ) ) ;
#9525 = ORIENTED_EDGE ( 'NONE', *, *, #8396, .F. ) ;
#9527 = ADVANCED_FACE ( 'NONE', ( #5469 ), #12474, .T. ) ;
#9526 = VERTEX_POINT ( 'NONE', #3582 ) ;
#9528 = ORIENTED_EDGE ( 'NONE', *, *, #3812, .F. ) ;
#9529 = CARTESIAN_POINT ( 'NONE',  ( 0.8000000000000000444, 0.7579941969697999715, 0.4648986639076029825 ) ) ;
#9530 = CARTESIAN_POINT ( 'NONE',  ( 0.1811169281948309950, 0.1003524811048151916, 0.1000000000000000056 ) ) ;
#9531 = CARTESIAN_POINT ( 'NONE',  ( -0.8000000000000000444, -0.8000000000000000444, 0.08000000000000000167 ) ) ;
#9532 = DIRECTION ( 'NONE',  ( -1.000000000000000000, 0.000000000000000000, 0.000000000000000000 ) ) ;
#9533 = ORIENTED_EDGE ( 'NONE', *, *, #3743, .F. ) ;
#9534 = PLANE ( 'NONE',  #7998 ) ;
#9535 = DIRECTION ( 'NONE',  ( 0.000000000000000000, 0.000000000000000000, -1.000000000000000000 ) ) ;
#9536 = VERTEX_POINT ( 'NONE', #6557 ) ;
#9537 = ORIENTED_EDGE ( 'NONE', *, *, #11862, .T. ) ;
#9538 = ORIENTED_EDGE ( 'NONE', *, *, #3290, .F. ) ;
#9539 = ORIENTED_EDGE ( 'NONE', *, *, #1862, .T. ) ;
#9540 = PRODUCT ( '3^1_Murata_Electronics_-_MM8930-2620RJ4(2)_Murata_Electronics_-_MM8930-2620RJ4', '3^1_Murata_Electronics_-_MM8930-2620RJ4(2)_Murata_Electronics_-_MM8930-2620RJ4', '', ( #12255 ) ) ;
#9541 = PLANE ( 'NONE',  #8414 ) ;
#9542 = PLANE ( 'NONE',  #3607 ) ;
#9543 = CARTESIAN_POINT ( 'NONE',  ( 0.8000000000000000444, 0.6612489735550610703, 0.2834995524190850325 ) ) ;
#9544 = DIRECTION ( 'NONE',  ( 0.000000000000000000, 0.7071067811865482389, -0.7071067811865467956 ) ) ;
#9545 = ORIENTED_EDGE ( 'NONE', *, *, #12349, .F. ) ;
#9546 = CARTESIAN_POINT ( 'NONE',  ( 0.2615535468668205299, 0.03535397098412690342, 0.000000000000000000 ) ) ;
#9547 = CARTESIAN_POINT ( 'NONE',  ( 0.2366831626601859639, 0.7145957609276060163, 0.2967297185801399673 ) ) ;
#9548 = DIRECTION ( 'NONE',  ( 0.8238199217038110200, -0.5668516001599771537, 0.000000000000000000 ) ) ;
#9549 = ORIENTED_EDGE ( 'NONE', *, *, #8144, .T. ) ;
#9550 = ORIENTED_EDGE ( 'NONE', *, *, #8168, .T. ) ;
#9551 = APPLICATION_PROTOCOL_DEFINITION ( 'draft international standard', 'automotive_design', 1998, #1302 ) ;
#9552 = ORIENTED_EDGE ( 'NONE', *, *, #5914, .T. ) ;
#9553 = EDGE_CURVE ( 'NONE', #8881, #6999, #7586, .T. ) ;
#9554 = LINE ( 'NONE', #2663, #2940 ) ;
#9555 = CARTESIAN_POINT ( 'NONE',  ( -0.3565617965058683336, 0.1498278992054360437, 0.6099999999999999867 ) ) ;
#9556 = CARTESIAN_POINT ( 'NONE',  ( 0.8000000000000000444, -0.6612489735550610703, 0.2334995524190849880 ) ) ;
#9557 = EDGE_LOOP ( 'NONE', ( #102, #2961, #5640, #11550 ) ) ;
#9558 = DIRECTION ( 'NONE',  ( 0.000000000000000000, 0.000000000000000000, -1.000000000000000000 ) ) ;
#9559 = CARTESIAN_POINT ( 'NONE',  ( 0.000000000000000000, 0.000000000000000000, 0.4000000000000000222 ) ) ;
#9560 = DIRECTION ( 'NONE',  ( 0.000000000000000000, 0.000000000000000000, 1.000000000000000000 ) ) ;
#9561 = ORIENTED_EDGE ( 'NONE', *, *, #10146, .T. ) ;
#9562 = ORIENTED_EDGE ( 'NONE', *, *, #5878, .F. ) ;
#9563 = EDGE_CURVE ( 'NONE', #7001, #433, #11040, .T. ) ;
#9564 = DIRECTION ( 'NONE',  ( -1.000000000000000000, 0.000000000000000000, 0.000000000000000000 ) ) ;
#9565 = CARTESIAN_POINT ( 'NONE',  ( 0.03252617467623630104, 0.03743922318909854996, 0.1000000000000000056 ) ) ;
#9566 = FACE_OUTER_BOUND ( 'NONE', #39, .T. ) ;
#9567 = ADVANCED_FACE ( 'NONE', ( #7654 ), #7715, .T. ) ;
#9568 = CLOSED_SHELL ( 'NONE', ( #5670, #8549, #11228, #5408, #351, #6833, #7304, #7710, #2659, #8411, #11161, #12504, #5515, #10804, #9433, #1238, #673 ) ) ;
#9569 = DIRECTION ( 'NONE',  ( 0.000000000000000000, 0.000000000000000000, 1.000000000000000000 ) ) ;
#9570 = DIRECTION ( 'NONE',  ( 0.000000000000000000, 0.000000000000000000, 1.000000000000000000 ) ) ;
#9571 = EDGE_CURVE ( 'NONE', #11851, #6249, #1767, .T. ) ;
#9572 = ORIENTED_EDGE ( 'NONE', *, *, #6978, .F. ) ;
#9573 = AXIS2_PLACEMENT_3D ( 'NONE', #11149, #3348, #9398 ) ;
#9574 = CARTESIAN_POINT ( 'NONE',  ( 0.1394058957968996038, 0.03730632075204060039, 0.000000000000000000 ) ) ;
#9575 = DIRECTION ( 'NONE',  ( 0.000000000000000000, 0.000000000000000000, 1.000000000000000000 ) ) ;
#9576 = DIRECTION ( 'NONE',  ( 0.000000000000000000, 0.000000000000000000, -1.000000000000000000 ) ) ;
#9577 = DIRECTION ( 'NONE',  ( 0.000000000000000000, 0.000000000000000000, 1.000000000000000000 ) ) ;
#9578 = ORIENTED_EDGE ( 'NONE', *, *, #5026, .T. ) ;
#9579 = EDGE_CURVE ( 'NONE', #4997, #9940, #10419, .T. ) ;
#9580 = EDGE_CURVE ( 'NONE', #10125, #633, #4039, .T. ) ;
#9581 = ORIENTED_EDGE ( 'NONE', *, *, #6502, .T. ) ;
#9582 = ADVANCED_FACE ( 'NONE', ( #8608 ), #12550, .T. ) ;
#9583 = LINE ( 'NONE', #5614, #14 ) ;
#9584 = CARTESIAN_POINT ( 'NONE',  ( 0.08653920420454340456, 0.06187004625164120586, 0.000000000000000000 ) ) ;
#9585 = LINE ( 'NONE', #11532, #7818 ) ;
#9586 = EDGE_CURVE ( 'NONE', #4558, #7332, #12358, .T. ) ;
#9587 = CARTESIAN_POINT ( 'NONE',  ( 0.08534271677865480632, 0.06112683642546569429, 0.000000000000000000 ) ) ;
#9588 = AXIS2_PLACEMENT_3D ( 'NONE', #6245, #11132, #6300 ) ;
#9589 = EDGE_CURVE ( 'NONE', #10065, #4578, #11860, .T. ) ;
#9590 = AXIS2_PLACEMENT_3D ( 'NONE', #4278, #5388, #2467 ) ;
#9591 = CYLINDRICAL_SURFACE ( 'NONE', #2033, 0.1055314931606540219 ) ;
#9592 = DIRECTION ( 'NONE',  ( 1.000000000000000000, 0.000000000000000000, 0.000000000000000000 ) ) ;
#9593 = ORIENTED_EDGE ( 'NONE', *, *, #4224, .T. ) ;
#9594 = AXIS2_PLACEMENT_3D ( 'NONE', #5604, #2746, #8425 ) ;
#9595 = DIRECTION ( 'NONE',  ( 0.000000000000000000, 0.000000000000000000, -1.000000000000000000 ) ) ;
#9596 = DIRECTION ( 'NONE',  ( 0.000000000000000000, 0.2498780111313130825, -0.9682773257456043225 ) ) ;
#9597 = ORIENTED_EDGE ( 'NONE', *, *, #923, .F. ) ;
#9598 = ORIENTED_EDGE ( 'NONE', *, *, #9271, .F. ) ;
#9599 = ADVANCED_FACE ( 'NONE', ( #3783, #7461 ), #11386, .T. ) ;
#9600 = EDGE_CURVE ( 'NONE', #3245, #5293, #8361, .T. ) ;
#9601 = EDGE_LOOP ( 'NONE', ( #4110, #6254, #3090, #10906 ) ) ;
#9602 =( BOUNDED_CURVE ( )  B_SPLINE_CURVE ( 3, ( #405, #12158, #3328, #6297 ),
 .UNSPECIFIED., .F., .F. ) 
 B_SPLINE_CURVE_WITH_KNOTS ( ( 4, 4 ),
 ( 4.644051076073493434, 4.712388980384689674 ),
 .UNSPECIFIED. ) 
 CURVE ( )  GEOMETRIC_REPRESENTATION_ITEM ( )  RATIONAL_B_SPLINE_CURVE ( ( 1.000000000000000000, 0.9996108654318511810, 0.9996108654318511810, 1.000000000000000000 ) ) 
 REPRESENTATION_ITEM ( '' )  );
#9603 = AXIS2_PLACEMENT_3D ( 'NONE', #3927, #162, #1013 ) ;
#9604 = AXIS2_PLACEMENT_3D ( 'NONE', #8201, #6464, #12245 ) ;
#9605 = VERTEX_POINT ( 'NONE', #5659 ) ;
#9606 = VECTOR ( 'NONE', #3115, 1000.000000000000000 ) ;
#9607 = DIRECTION ( 'NONE',  ( 0.000000000000000000, 0.000000000000000000, 1.000000000000000000 ) ) ;
#9608 = EDGE_CURVE ( 'NONE', #644, #10236, #7334, .T. ) ;
#9609 = LINE ( 'NONE', #7550, #12675 ) ;
#9610 = DIRECTION ( 'NONE',  ( 0.9999945824118804394, -0.003291678430375111555, 0.000000000000000000 ) ) ;
#9611 = DIRECTION ( 'NONE',  ( -3.944000862006944869E-12, -1.000000000000000000, 0.000000000000000000 ) ) ;
#9612 = CARTESIAN_POINT ( 'NONE',  ( 1.582892211534350002, -0.7544417638263170023, 0.2584995524190864535 ) ) ;
#9613 = EDGE_LOOP ( 'NONE', ( #4369, #4489, #1816, #4222 ) ) ;
#9614 = VECTOR ( 'NONE', #8067, 1000.000000000000000 ) ;
#9615 = CARTESIAN_POINT ( 'NONE',  ( 0.2750000000000000222, 0.7200000000000000844, 0.000000000000000000 ) ) ;
#9616 = DIRECTION ( 'NONE',  ( -0.2718004349668259878, -0.9623536374700539797, 0.000000000000000000 ) ) ;
#9617 = LINE ( 'NONE', #3754, #621 ) ;
#9618 = ORIENTED_EDGE ( 'NONE', *, *, #1747, .T. ) ;
#9619 = ORIENTED_EDGE ( 'NONE', *, *, #1624, .T. ) ;
#9620 = DIRECTION ( 'NONE',  ( 0.000000000000000000, -0.2498780111313130825, 0.9682773257456043225 ) ) ;
#9621 = VECTOR ( 'NONE', #9742, 1000.000000000000000 ) ;
#9622 = ORIENTED_EDGE ( 'NONE', *, *, #8489, .T. ) ;
#9623 = VECTOR ( 'NONE', #8154, 1000.000000000000000 ) ;
#9624 = PLANE ( 'NONE',  #8708 ) ;
#9625 = AXIS2_PLACEMENT_3D ( 'NONE', #8546, #10603, #2750 ) ;
#9626 = CIRCLE ( 'NONE', #10044, 0.007136291875316830638 ) ;
#9627 = DIRECTION ( 'NONE',  ( 0.000000000000000000, 1.000000000000000000, 0.000000000000000000 ) ) ;
#9628 = CARTESIAN_POINT ( 'NONE',  ( 0.8000000000000000444, 0.6612489735550610703, 0.2834995524190850325 ) ) ;
#9629 = ORIENTED_EDGE ( 'NONE', *, *, #3512, .T. ) ;
#9630 = CARTESIAN_POINT ( 'NONE',  ( 0.09261828412980088743, 0.05554728094672600064, 0.000000000000000000 ) ) ;
#9631 = LINE ( 'NONE', #1753, #3240 ) ;
#9632 = DIRECTION ( 'NONE',  ( 0.9620213048227808095, -0.2729743743780254084, 0.000000000000000000 ) ) ;
#9633 = ORIENTED_EDGE ( 'NONE', *, *, #3130, .F. ) ;
#9634 = EDGE_CURVE ( 'NONE', #1600, #532, #10409, .T. ) ;
#9635 = AXIS2_PLACEMENT_3D ( 'NONE', #10037, #9263, #3269 ) ;
#9636 = AXIS2_PLACEMENT_3D ( 'NONE', #337, #4283, #6424 ) ;
#9637 = ORIENTED_EDGE ( 'NONE', *, *, #4154, .F. ) ;
#9638 = VECTOR ( 'NONE', #3799, 1000.000000000000114 ) ;
#9639 = CIRCLE ( 'NONE', #358, 0.0006112321405037213608 ) ;
#9640 = CYLINDRICAL_SURFACE ( 'NONE', #11310, 0.08000000000000002942 ) ;
#9641 = CARTESIAN_POINT ( 'NONE',  ( 0.2750000000000000222, 0.6458549120936990517, 0.03035892037732969978 ) ) ;
#9642 = DIRECTION ( 'NONE',  ( 1.000000000000000000, 0.000000000000000000, 0.000000000000000000 ) ) ;
#9643 = CARTESIAN_POINT ( 'NONE',  ( 0.2366831626601859639, 0.7555824708144319724, 0.4555532247407950153 ) ) ;
#9644 = EDGE_LOOP ( 'NONE', ( #4795, #11503, #11012, #5406 ) ) ;
#9645 = CARTESIAN_POINT ( 'NONE',  ( 0.2272837770416690217, 0.05284039782020250042, 0.000000000000000000 ) ) ;
#9646 = EDGE_CURVE ( 'NONE', #9502, #5372, #610, .T. ) ;
#9647 = CARTESIAN_POINT ( 'NONE',  ( 0.2366831626601859639, 0.9322259197888769222, 0.4000000000000000222 ) ) ;
#9648 = CIRCLE ( 'NONE', #3467, 0.003369696899039689199 ) ;
#9649 = CARTESIAN_POINT ( 'NONE',  ( 0.03555557779316394912, 0.05548132986383180060, 0.000000000000000000 ) ) ;
#9650 = DIRECTION ( 'NONE',  ( 0.000000000000000000, 0.000000000000000000, -1.000000000000000000 ) ) ;
#9651 = AXIS2_PLACEMENT_3D ( 'NONE', #7606, #4700, #1665 ) ;
#9652 = EDGE_LOOP ( 'NONE', ( #2298, #11363, #5462, #12422 ) ) ;
#9653 = ORIENTED_EDGE ( 'NONE', *, *, #2418, .F. ) ;
#9654 = AXIS2_PLACEMENT_3D ( 'NONE', #6574, #1785, #6692 ) ;
#9655 = CARTESIAN_POINT ( 'NONE',  ( -0.4000000000000000222, -0.7405531811372209061, 0.3973147252801209617 ) ) ;
#9656 = AXIS2_PLACEMENT_3D ( 'NONE', #10720, #7693, #530 ) ;
#9657 =( NAMED_UNIT ( * ) PLANE_ANGLE_UNIT ( ) SI_UNIT ( $, .RADIAN. ) );
#9658 = AXIS2_PLACEMENT_3D ( 'NONE', #3919, #5856, #5992 ) ;
#9659 = DIRECTION ( 'NONE',  ( -0.9610687795681378542, 0.2763092487402660224, 0.000000000000000000 ) ) ;
#9660 = CARTESIAN_POINT ( 'NONE',  ( 0.3456388340676674886, 0.06713238599784519811, 0.000000000000000000 ) ) ;
#9661 = FILL_AREA_STYLE_COLOUR ( '', #12685 ) ;
#9662 = VECTOR ( 'NONE', #10481, 1000.000000000000000 ) ;
#9663 = LINE ( 'NONE', #749, #3895 ) ;
#9664 = EDGE_CURVE ( 'NONE', #2965, #1341, #12414, .T. ) ;
#9665 = DIRECTION ( 'NONE',  ( 0.000000000000000000, 0.000000000000000000, 1.000000000000000000 ) ) ;
#9666 = EDGE_LOOP ( 'NONE', ( #8359, #12503, #1310, #7366 ) ) ;
#9667 = DIRECTION ( 'NONE',  ( 0.000000000000000000, 0.000000000000000000, 1.000000000000000000 ) ) ;
#9668 = CARTESIAN_POINT ( 'NONE',  ( 0.1866831626601859750, 0.6645957609276059719, 0.4000000000000000222 ) ) ;
#9669 = ORIENTED_EDGE ( 'NONE', *, *, #5437, .F. ) ;
#9670 = AXIS2_PLACEMENT_3D ( 'NONE', #5534, #9515, #6678 ) ;
#9671 = ORIENTED_EDGE ( 'NONE', *, *, #10036, .T. ) ;
#9672 = EDGE_LOOP ( 'NONE', ( #1724, #8632, #8987, #1852 ) ) ;
#9673 = EDGE_CURVE ( 'NONE', #3497, #1396, #6877, .T. ) ;
#9674 = ADVANCED_FACE ( 'NONE', ( #4877 ), #10011, .T. ) ;
#9675 = VECTOR ( 'NONE', #5308, 1000.000000000000114 ) ;
#9676 = EDGE_LOOP ( 'NONE', ( #3563, #2352, #9933, #1606, #2848, #9996, #9771, #12273, #985, #8742, #6980, #11510, #7272, #12228, #11770, #2550, #3177, #5000, #12073, #9405, #11902, #3313, #5030, #7097, #11956, #1040, #385, #12542 ) ) ;
#9677 = DIRECTION ( 'NONE',  ( 0.000000000000000000, 0.7071067811865482389, 0.7071067811865467956 ) ) ;
#9678 = AXIS2_PLACEMENT_3D ( 'NONE', #8092, #4099, #2286 ) ;
#9679 = EDGE_CURVE ( 'NONE', #4786, #4563, #11456, .T. ) ;
#9680 = LINE ( 'NONE', #5758, #10187 ) ;
#9681 = EDGE_CURVE ( 'NONE', #3583, #10048, #3072, .T. ) ;
#9682 = CARTESIAN_POINT ( 'NONE',  ( 0.8000000000000000444, 0.7046741902800309765, 0.2582836310259130075 ) ) ;
#9683 = CYLINDRICAL_SURFACE ( 'NONE', #11247, 0.08000000000000002942 ) ;
#9684 = CARTESIAN_POINT ( 'NONE',  ( 0.2229590568833294817, 0.09070175649229740567, 0.000000000000000000 ) ) ;
#9685 = ORIENTED_EDGE ( 'NONE', *, *, #7944, .T. ) ;
#9686 = DIRECTION ( 'NONE',  ( 0.000000000000000000, 0.2498780111313130825, 0.9682773257456043225 ) ) ;
#9687 = CARTESIAN_POINT ( 'NONE',  ( 0.2366831626601859639, 0.7145957609276060163, 0.2967297185801399673 ) ) ;
#9688 = CARTESIAN_POINT ( 'NONE',  ( 0.1131615436026759958, -0.7145957609276060163, 0.4000000000000000222 ) ) ;
#9689 = VERTEX_POINT ( 'NONE', #867 ) ;
#9690 = EDGE_LOOP ( 'NONE', ( #987, #6581, #5749, #3437, #12312, #9180, #2124, #9425, #218, #2126, #107, #5667 ) ) ;
#9691 = CARTESIAN_POINT ( 'NONE',  ( -0.1631615436026759847, -0.7145957609276060163, 0.2834995524190850325 ) ) ;
#9692 = ORIENTED_EDGE ( 'NONE', *, *, #9285, .T. ) ;
#9693 = EDGE_CURVE ( 'NONE', #9702, #8969, #10671, .T. ) ;
#9694 = CIRCLE ( 'NONE', #1871, 0.08000000000000002942 ) ;
#9695 = DIRECTION ( 'NONE',  ( -0.2725263565186060721, -0.9621483175699543366, 0.000000000000000000 ) ) ;
#9696 = CARTESIAN_POINT ( 'NONE',  ( -0.1131615436026760096, 0.7134565741727723065, 0.2923153697564827569 ) ) ;
#9697 = CARTESIAN_POINT ( 'NONE',  ( 1.582892211534350002, -1.112059828292720098, 0.000000000000000000 ) ) ;
#9698 = VERTEX_POINT ( 'NONE', #1909 ) ;
#9699 = LINE ( 'NONE', #4993, #5994 ) ;
#9700 = PLANE ( 'NONE',  #972 ) ;
#9701 = DIRECTION ( 'NONE',  ( 0.000000000000000000, 0.000000000000000000, 1.000000000000000000 ) ) ;
#9702 = VERTEX_POINT ( 'NONE', #6942 ) ;
#9703 = VECTOR ( 'NONE', #3106, 1000.000000000000000 ) ;
#9704 = ORIENTED_EDGE ( 'NONE', *, *, #5811, .F. ) ;
#9705 = LINE ( 'NONE', #2941, #10493 ) ;
#9706 = AXIS2_PLACEMENT_3D ( 'NONE', #7857, #4883, #7974 ) ;
#9707 = LINE ( 'NONE', #866, #11277 ) ;
#9708 = DIRECTION ( 'NONE',  ( 0.9608658214993432978, -0.2770142109610840286, 0.000000000000000000 ) ) ;
#9709 = CARTESIAN_POINT ( 'NONE',  ( 0.7018290623389680238, -0.1900000000000000022, 0.000000000000000000 ) ) ;
#9710 = ORIENTED_EDGE ( 'NONE', *, *, #7314, .F. ) ;
#9711 = DIRECTION ( 'NONE',  ( 0.000000000000000000, 0.000000000000000000, -1.000000000000000000 ) ) ;
#9712 = CARTESIAN_POINT ( 'NONE',  ( -0.4449999999999999512, 0.000000000000000000, 0.6550000000000000266 ) ) ;
#9713 = CARTESIAN_POINT ( 'NONE',  ( 0.1335194816024656839, -0.2529466870190614225, 0.6099999999999999867 ) ) ;
#9714 = DIRECTION ( 'NONE',  ( -0.9614060831621595860, 0.2751333190633129533, 0.000000000000000000 ) ) ;
#9715 = EDGE_LOOP ( 'NONE', ( #4223, #1397, #6983, #2299 ) ) ;
#9716 = ORIENTED_EDGE ( 'NONE', *, *, #10765, .T. ) ;
#9717 = DIRECTION ( 'NONE',  ( 0.2770904718831250779, 0.9608438324678922893, 0.000000000000000000 ) ) ;
#9718 = EDGE_CURVE ( 'NONE', #4643, #2995, #8039, .T. ) ;
#9719 = FACE_OUTER_BOUND ( 'NONE', #12188, .T. ) ;
#9720 = ADVANCED_FACE ( 'NONE', ( #3002 ), #8808, .T. ) ;
#9721 = DIRECTION ( 'NONE',  ( 0.000000000000000000, 0.7071067811865482389, 0.7071067811865467956 ) ) ;
#9722 = DIRECTION ( 'NONE',  ( -0.9999967273034033877, -0.002558394512691781249, 0.000000000000000000 ) ) ;
#9723 = ORIENTED_EDGE ( 'NONE', *, *, #12674, .F. ) ;
#9724 = AXIS2_PLACEMENT_3D ( 'NONE', #12624, #10746, #3792 ) ;
#9725 = DIRECTION ( 'NONE',  ( 0.000000000000000000, 1.000000000000000000, 0.000000000000000000 ) ) ;
#9726 = COLOUR_RGB ( '',0.7490196078431372584, 0.7490196078431372584, 0.7490196078431372584 ) ;
#9727 = DIRECTION ( 'NONE',  ( 0.000000000000000000, 0.000000000000000000, 1.000000000000000000 ) ) ;
#9728 = ORIENTED_EDGE ( 'NONE', *, *, #8323, .T. ) ;
#9729 = CARTESIAN_POINT ( 'NONE',  ( 0.8000000000000000444, -0.7112489735550608927, 0.2334995524190849880 ) ) ;
#9730 = PLANE ( 'NONE',  #8895 ) ;
#9731 = VERTEX_POINT ( 'NONE', #2039 ) ;
#9732 = ORIENTED_EDGE ( 'NONE', *, *, #3201, .F. ) ;
#9733 = EDGE_LOOP ( 'NONE', ( #9360, #3059, #5729, #991 ) ) ;
#9734 = ORIENTED_EDGE ( 'NONE', *, *, #8372, .T. ) ;
#9735 = AXIS2_PLACEMENT_3D ( 'NONE', #1232, #7104, #7950 ) ;
#9736 = ADVANCED_FACE ( 'NONE', ( #9900 ), #5919, .T. ) ;
#9737 = CARTESIAN_POINT ( 'NONE',  ( 0.3263718206001665623, 0.03315270417769449612, 0.000000000000000000 ) ) ;
#9738 = DIRECTION ( 'NONE',  ( -1.000000000000000000, 0.000000000000000000, 0.000000000000000000 ) ) ;
#9739 = FACE_OUTER_BOUND ( 'NONE', #2686, .T. ) ;
#9740 = EDGE_CURVE ( 'NONE', #5225, #11920, #1979, .T. ) ;
#9741 = CARTESIAN_POINT ( 'NONE',  ( 0.1970904046462695069, 0.06927183681152200567, 0.000000000000000000 ) ) ;
#9742 = DIRECTION ( 'NONE',  ( 0.000000000000000000, 0.000000000000000000, 1.000000000000000000 ) ) ;
#9743 = EDGE_LOOP ( 'NONE', ( #8493, #10126, #7045, #1071 ) ) ;
#9744 = EDGE_CURVE ( 'NONE', #9272, #2080, #8784, .T. ) ;
#9745 = CARTESIAN_POINT ( 'NONE',  ( 0.8000000000000000444, 0.7046741902800309765, 0.2582836310259130075 ) ) ;
#9746 = CARTESIAN_POINT ( 'NONE',  ( 0.7299999999999999822, 0.1900000000000000022, 0.000000000000000000 ) ) ;
#9747 = CARTESIAN_POINT ( 'NONE',  ( 0.2917544852710104442, 0.06836647021013281256, 0.000000000000000000 ) ) ;
#9748 = VERTEX_POINT ( 'NONE', #9709 ) ;
#9749 = EDGE_LOOP ( 'NONE', ( #5797, #8329, #8816, #8818 ) ) ;
#9750 = DIRECTION ( 'NONE',  ( -1.000000000000000000, 0.000000000000000000, 0.000000000000000000 ) ) ;
#9751 = ORIENTED_EDGE ( 'NONE', *, *, #5985, .F. ) ;
#9752 = EDGE_CURVE ( 'NONE', #6956, #11656, #4814, .T. ) ;
#9753 = EDGE_CURVE ( 'NONE', #3497, #1399, #4247, .T. ) ;
#9754 = EDGE_CURVE ( 'NONE', #9536, #2311, #7961, .T. ) ;
#9755 = LINE ( 'NONE', #908, #10969 ) ;
#9756 = EDGE_CURVE ( 'NONE', #10124, #3811, #2382, .T. ) ;
#9757 = CARTESIAN_POINT ( 'NONE',  ( 0.1798890280879854864, 0.1042687375577332071, 0.000000000000000000 ) ) ;
#9758 = CARTESIAN_POINT ( 'NONE',  ( 0.3070183909477025019, 0.08786729072851130751, 0.000000000000000000 ) ) ;
#9759 = ORIENTED_EDGE ( 'NONE', *, *, #6345, .T. ) ;
#9760 = CARTESIAN_POINT ( 'NONE',  ( 0.2547853178277684760, 0.06699789738363649827, 0.000000000000000000 ) ) ;
#9761 = DIRECTION ( 'NONE',  ( 0.9999998193941022073, -0.0006010089539836901019, 0.000000000000000000 ) ) ;
#9762 = CARTESIAN_POINT ( 'NONE',  ( 0.2636223749452199505, -0.1813925120511929723, 0.5999999999999999778 ) ) ;
#9763 = ORIENTED_EDGE ( 'NONE', *, *, #4512, .F. ) ;
#9764 =( NAMED_UNIT ( * ) SI_UNIT ( $, .STERADIAN. ) SOLID_ANGLE_UNIT ( ) );
#9765 = EDGE_LOOP ( 'NONE', ( #4353, #8573, #10121, #2928, #2195, #11799, #5824, #2355, #12620, #8916, #5605, #3693, #660, #11201, #4085, #5940, #971, #9289, #11883, #1901, #6397, #10023, #4748, #6934, #4902, #264, #7059, #5231, #11142, #11107, #11833, #12351, #4307, #7421, #2337, #631, #10536, #11928 ) ) ;
#9766 = ORIENTED_EDGE ( 'NONE', *, *, #4719, .F. ) ;
#9767 = CARTESIAN_POINT ( 'NONE',  ( 0.2209186676388404935, 0.1061601682706413974, 0.000000000000000000 ) ) ;
#9768 = CARTESIAN_POINT ( 'NONE',  ( 0.08322585572047379310, 0.03317959062069669729, 0.000000000000000000 ) ) ;
#9769 = CARTESIAN_POINT ( 'NONE',  ( 0.2750000000000000222, 0.6612489735550610703, 0.1219992644886569999 ) ) ;
#9770 = DIRECTION ( 'NONE',  ( 0.000000000000000000, 0.000000000000000000, 1.000000000000000000 ) ) ;
#9771 = ORIENTED_EDGE ( 'NONE', *, *, #10072, .F. ) ;
#9772 = FACE_OUTER_BOUND ( 'NONE', #7496, .T. ) ;
#9773 = CARTESIAN_POINT ( 'NONE',  ( 0.02399999996510350161, -0.1209970815754869838, 0.6099999999999999867 ) ) ;
#9774 = FACE_OUTER_BOUND ( 'NONE', #2938, .T. ) ;
#9775 = PLANE ( 'NONE',  #7394 ) ;
#9776 = ORIENTED_EDGE ( 'NONE', *, *, #10858, .F. ) ;
#9777 = VERTEX_POINT ( 'NONE', #4947 ) ;
#9778 = CYLINDRICAL_SURFACE ( 'NONE', #1982, 0.08000000000000002942 ) ;
#9779 = DIRECTION ( 'NONE',  ( 0.000000000000000000, 0.000000000000000000, 1.000000000000000000 ) ) ;
#9780 = LINE ( 'NONE', #8822, #2869 ) ;
#9781 = LINE ( 'NONE', #9852, #3278 ) ;
#9782 = DIRECTION ( 'NONE',  ( 1.000000000000000000, 0.000000000000000000, 0.000000000000000000 ) ) ;
#9783 = ORIENTED_EDGE ( 'NONE', *, *, #12683, .F. ) ;
#9784 = FACE_OUTER_BOUND ( 'NONE', #6180, .T. ) ;
#9785 = CARTESIAN_POINT ( 'NONE',  ( 0.8000000000000000444, 0.6612489735550610703, 0.2334995524190849880 ) ) ;
#9786 = ORIENTED_EDGE ( 'NONE', *, *, #10287, .F. ) ;
#9787 = CYLINDRICAL_SURFACE ( 'NONE', #9446, 0.002126405575829302692 ) ;
#9788 = DIRECTION ( 'NONE',  ( 0.2728817417715209692, 0.9620475845859918218, 0.000000000000000000 ) ) ;
#9789 = ORIENTED_EDGE ( 'NONE', *, *, #10404, .T. ) ;
#9790 = ORIENTED_EDGE ( 'NONE', *, *, #516, .T. ) ;
#9791 = EDGE_CURVE ( 'NONE', #3245, #5812, #8874, .T. ) ;
#9792 = CIRCLE ( 'NONE', #8344, 0.08000000000000002942 ) ;
#9793 = VERTEX_POINT ( 'NONE', #927 ) ;
#9794 = ORIENTED_EDGE ( 'NONE', *, *, #6213, .T. ) ;
#9795 = DIRECTION ( 'NONE',  ( 0.000000000000000000, 0.000000000000000000, -1.000000000000000000 ) ) ;
#9796 = DIRECTION ( 'NONE',  ( 0.2718004349668259878, 0.9623536374700539797, 0.000000000000000000 ) ) ;
#9797 = CIRCLE ( 'NONE', #7949, 0.02000000000000000736 ) ;
#9798 = FACE_OUTER_BOUND ( 'NONE', #1657, .T. ) ;
#9799 = CARTESIAN_POINT ( 'NONE',  ( 0.2750000000000000222, -0.7112489735550608927, 0.1167497762095430075 ) ) ;
#9800 = VERTEX_POINT ( 'NONE', #7852 ) ;
#9801 = CARTESIAN_POINT ( 'NONE',  ( 0.2750000000000000222, 0.6612489735550610703, 0.2834995524190850325 ) ) ;
#9802 = LINE ( 'NONE', #3104, #5960 ) ;
#9803 = ADVANCED_FACE ( 'NONE', ( #7969 ), #5990, .F. ) ;
#9804 = CARTESIAN_POINT ( 'NONE',  ( 0.2750000000000000222, -0.5162425576250000425, 0.2834995524190850325 ) ) ;
#9805 = ORIENTED_EDGE ( 'NONE', *, *, #7634, .F. ) ;
#9806 = EDGE_LOOP ( 'NONE', ( #9794, #7144, #7180, #11827 ) ) ;
#9807 = CIRCLE ( 'NONE', #1772, 0.0009676454724394081743 ) ;
#9808 = AXIS2_PLACEMENT_3D ( 'NONE', #7051, #9888, #5048 ) ;
#9809 = CYLINDRICAL_SURFACE ( 'NONE', #10480, 0.008091146606939892891 ) ;
#9810 = VERTEX_POINT ( 'NONE', #12207 ) ;
#9811 = VECTOR ( 'NONE', #87, 1000.000000000000000 ) ;
#9812 = PRODUCT_RELATED_PRODUCT_CATEGORY ( 'part', '', ( #10152 ) ) ;
#9813 = DIRECTION ( 'NONE',  ( 1.000000000000000000, 0.000000000000000000, 0.000000000000000000 ) ) ;
#9814 = AXIS2_PLACEMENT_3D ( 'NONE', #6524, #10574, #1613 ) ;
#9815 = LINE ( 'NONE', #4083, #8988 ) ;
#9816 = DIRECTION ( 'NONE',  ( -0.0003097918584271994570, -0.9999999520145010923, 0.000000000000000000 ) ) ;
#9817 = ORIENTED_EDGE ( 'NONE', *, *, #1800, .F. ) ;
#9818 = CIRCLE ( 'NONE', #9196, 0.07999999999999998779 ) ;
#9819 = CARTESIAN_POINT ( 'NONE',  ( 0.1327194068840825691, 0.03617207361130524851, 0.1000000000000000056 ) ) ;
#9820 = FACE_OUTER_BOUND ( 'NONE', #4053, .T. ) ;
#9821 = EDGE_CURVE ( 'NONE', #12703, #4091, #4872, .T. ) ;
#9822 = FACE_OUTER_BOUND ( 'NONE', #3369, .T. ) ;
#9823 = ORIENTED_EDGE ( 'NONE', *, *, #11367, .F. ) ;
#9824 =( NAMED_UNIT ( * ) SI_UNIT ( $, .STERADIAN. ) SOLID_ANGLE_UNIT ( ) );
#9825 = ORIENTED_EDGE ( 'NONE', *, *, #2213, .F. ) ;
#9826 = ORIENTED_EDGE ( 'NONE', *, *, #1461, .T. ) ;
#9827 = EDGE_CURVE ( 'NONE', #5682, #12184, #5498, .T. ) ;
#9828 = ADVANCED_FACE ( 'NONE', ( #8096 ), #12082, .T. ) ;
#9829 = AXIS2_PLACEMENT_3D ( 'NONE', #898, #8114, #8713 ) ;
#9830 = AXIS2_PLACEMENT_3D ( 'NONE', #11505, #857, #12731 ) ;
#9831 = CARTESIAN_POINT ( 'NONE',  ( 0.2997486099693485451, 0.06543429113880830372, 0.1000000000000000056 ) ) ;
#9832 = CARTESIAN_POINT ( 'NONE',  ( -0.1631615436026759847, -0.6645957609276059719, 0.4000000000000000222 ) ) ;
#9833 = EDGE_CURVE ( 'NONE', #6613, #5491, #1150, .T. ) ;
#9834 = DIRECTION ( 'NONE',  ( 0.000000000000000000, 1.000000000000000000, 0.000000000000000000 ) ) ;
#9835 = ORIENTED_EDGE ( 'NONE', *, *, #6755, .F. ) ;
#9836 = EDGE_CURVE ( 'NONE', #4659, #3003, #7193, .T. ) ;
#9837 = DIRECTION ( 'NONE',  ( 0.000000000000000000, 0.000000000000000000, 1.000000000000000000 ) ) ;
#9838 = DIRECTION ( 'NONE',  ( 0.000000000000000000, 0.000000000000000000, -1.000000000000000000 ) ) ;
#9839 = CIRCLE ( 'NONE', #6343, 0.3999999999999999667 ) ;
#9841 = VECTOR ( 'NONE', #7400, 999.9999999999998863 ) ;
#9840 = DIRECTION ( 'NONE',  ( 0.000000000000000000, 0.000000000000000000, -1.000000000000000000 ) ) ;
#9842 = CARTESIAN_POINT ( 'NONE',  ( -0.2366831626601859639, -0.9322259197888769222, 0.4000000000000000222 ) ) ;
#9843 = ORIENTED_EDGE ( 'NONE', *, *, #12131, .F. ) ;
#9844 = CIRCLE ( 'NONE', #9424, 0.05000000000000000971 ) ;
#9845 = VERTEX_POINT ( 'NONE', #2402 ) ;
#9846 = VECTOR ( 'NONE', #6348, 1000.000000000000000 ) ;
#9847 = EDGE_CURVE ( 'NONE', #10, #6565, #10022, .T. ) ;
#9848 = PLANE ( 'NONE',  #3217 ) ;
#9849 = AXIS2_PLACEMENT_3D ( 'NONE', #1875, #12442, #894 ) ;
#9850 = CARTESIAN_POINT ( 'NONE',  ( 0.2750000000000000222, -0.8000000000000000444, 0.000000000000000000 ) ) ;
#9851 = AXIS2_PLACEMENT_3D ( 'NONE', #434, #5427, #8506 ) ;
#9852 = CARTESIAN_POINT ( 'NONE',  ( 0.4000000000000000222, 0.8000000000000000444, 0.2834995524190850325 ) ) ;
#9853 = DIRECTION ( 'NONE',  ( 0.000000000000000000, -1.000000000000000000, 0.000000000000000000 ) ) ;
#9854 = VERTEX_POINT ( 'NONE', #1183 ) ;
#9855 = CARTESIAN_POINT ( 'NONE',  ( 0.2569829841935725168, 0.04713008222614890191, 0.000000000000000000 ) ) ;
#9856 = AXIS2_PLACEMENT_3D ( 'NONE', #10428, #2558, #5555 ) ;
#9857 = ORIENTED_EDGE ( 'NONE', *, *, #2181, .F. ) ;
#9858 = DIRECTION ( 'NONE',  ( 0.000000000000000000, 0.000000000000000000, -1.000000000000000000 ) ) ;
#9859 = CARTESIAN_POINT ( 'NONE',  ( 0.2919940855020075055, 0.03549223951026469343, 0.000000000000000000 ) ) ;
#9860 = ORIENTED_EDGE ( 'NONE', *, *, #3776, .F. ) ;
#9861 = VERTEX_POINT ( 'NONE', #5203 ) ;
#9862 = VECTOR ( 'NONE', #12229, 1000.000000000000000 ) ;
#9863 = ORIENTED_EDGE ( 'NONE', *, *, #5632, .F. ) ;
#9864 = CIRCLE ( 'NONE', #5752, 0.08000000000000002942 ) ;
#9865 = ORIENTED_EDGE ( 'NONE', *, *, #3892, .F. ) ;
#9866 = AXIS2_PLACEMENT_3D ( 'NONE', #2306, #9141, #11327 ) ;
#9867 = AXIS2_PLACEMENT_3D ( 'NONE', #2898, #1922, #4963 ) ;
#9868 = DIRECTION ( 'NONE',  ( -0.0006614404711704317819, -0.9999997812482275261, 0.000000000000000000 ) ) ;
#9869 = DIRECTION ( 'NONE',  ( -0.0003401395747984926475, 0.9999999421525332943, 0.000000000000000000 ) ) ;
#9870 = EDGE_CURVE ( 'NONE', #3955, #4406, #11049, .T. ) ;
#9871 = PLANE ( 'NONE',  #9227 ) ;
#9872 = CIRCLE ( 'NONE', #6989, 0.03029438912076174925 ) ;
#9873 = CARTESIAN_POINT ( 'NONE',  ( -0.2750000000000000222, 0.7112489735550608927, 0.06099963224432789627 ) ) ;
#9874 = VERTEX_POINT ( 'NONE', #12150 ) ;
#9875 = CARTESIAN_POINT ( 'NONE',  ( 0.1587122455588625136, 0.03503749806839129288, 0.1000000000000000056 ) ) ;
#9876 = DIRECTION ( 'NONE',  ( -1.000000000000000000, 0.000000000000000000, 0.000000000000000000 ) ) ;
#9877 = CIRCLE ( 'NONE', #7615, 0.02649696840498844477 ) ;
#9878 = CYLINDRICAL_SURFACE ( 'NONE', #9914, 0.1973113365833469302 ) ;
#9879 = ORIENTED_EDGE ( 'NONE', *, *, #12662, .T. ) ;
#9880 = ORIENTED_EDGE ( 'NONE', *, *, #5584, .T. ) ;
#9882 = VECTOR ( 'NONE', #1843, 1000.000000000000000 ) ;
#9881 = DIRECTION ( 'NONE',  ( 0.000000000000000000, 0.000000000000000000, 1.000000000000000000 ) ) ;
#9883 = ORIENTED_EDGE ( 'NONE', *, *, #4437, .F. ) ;
#9884 = AXIS2_PLACEMENT_3D ( 'NONE', #2136, #2197, #2009 ) ;
#9885 = EDGE_CURVE ( 'NONE', #9134, #4683, #1367, .T. ) ;
#9886 = CARTESIAN_POINT ( 'NONE',  ( 0.2366831626601859639, -0.7200000000000000844, 0.3200000000000000067 ) ) ;
#9887 = AXIS2_PLACEMENT_3D ( 'NONE', #597, #657, #8471 ) ;
#9888 = DIRECTION ( 'NONE',  ( 0.000000000000000000, 0.000000000000000000, 1.000000000000000000 ) ) ;
#9889 = DIRECTION ( 'NONE',  ( -0.9623536374700540907, 0.2718004349668260433, 0.000000000000000000 ) ) ;
#9890 = ORIENTED_EDGE ( 'NONE', *, *, #2713, .T. ) ;
#9891 = FACE_OUTER_BOUND ( 'NONE', #2123, .T. ) ;
#9892 = CARTESIAN_POINT ( 'NONE',  ( 0.2366831626601859639, 0.7145957609276060163, 0.2834995524190850325 ) ) ;
#9893 = CARTESIAN_POINT ( 'NONE',  ( 0.2997486099693485451, 0.06543429113880830372, 0.000000000000000000 ) ) ;
#9894 = ORIENTED_EDGE ( 'NONE', *, *, #4846, .F. ) ;
#9895 = VERTEX_POINT ( 'NONE', #396 ) ;
#9896 = EDGE_LOOP ( 'NONE', ( #9519, #11405, #9032, #6900 ) ) ;
#9897 = ADVANCED_FACE ( 'NONE', ( #9064 ), #12022, .F. ) ;
#9898 = DIRECTION ( 'NONE',  ( 0.0006614404672198491908, 0.9999997812482303017, 0.000000000000000000 ) ) ;
#9899 = DIRECTION ( 'NONE',  ( 0.000000000000000000, 0.000000000000000000, 1.000000000000000000 ) ) ;
#9900 = FACE_OUTER_BOUND ( 'NONE', #8062, .T. ) ;
#9901 = VERTEX_POINT ( 'NONE', #4343 ) ;
#9902 = LINE ( 'NONE', #2947, #7826 ) ;
#9903 = VECTOR ( 'NONE', #10978, 1000.000000000000227 ) ;
#9904 = DIRECTION ( 'NONE',  ( 0.000000000000000000, 0.000000000000000000, 1.000000000000000000 ) ) ;
#9905 = EDGE_CURVE ( 'NONE', #10294, #10252, #8282, .T. ) ;
#9906 = ADVANCED_FACE ( 'NONE', ( #3189 ), #10153, .F. ) ;
#9907 = DIRECTION ( 'NONE',  ( 0.000000000000000000, 0.000000000000000000, -1.000000000000000000 ) ) ;
#9908 = DIRECTION ( 'NONE',  ( 0.000000000000000000, 1.000000000000000000, -8.131516293641279311E-16 ) ) ;
#9909 = ORIENTED_EDGE ( 'NONE', *, *, #5354, .F. ) ;
#9910 = ORIENTED_EDGE ( 'NONE', *, *, #4846, .T. ) ;
#9911 = EDGE_CURVE ( 'NONE', #4151, #2065, #1573, .T. ) ;
#9912 = DIRECTION ( 'NONE',  ( -1.000000000000000000, 0.000000000000000000, 0.000000000000000000 ) ) ;
#9913 = ADVANCED_FACE ( 'NONE', ( #7308 ), #11236, .T. ) ;
#9914 = AXIS2_PLACEMENT_3D ( 'NONE', #6792, #4847, #4983 ) ;
#9915 = LINE ( 'NONE', #1075, #7192 ) ;
#9916 = DIRECTION ( 'NONE',  ( 0.000000000000000000, 1.000000000000000000, 0.000000000000000000 ) ) ;
#9917 = CARTESIAN_POINT ( 'NONE',  ( 0.03721262874606354881, 0.05400531120201500918, 0.000000000000000000 ) ) ;
#9918 = ORIENTED_EDGE ( 'NONE', *, *, #10146, .F. ) ;
#9919 = DIRECTION ( 'NONE',  ( 1.000000000000000000, 0.000000000000000000, 0.000000000000000000 ) ) ;
#9920 = EDGE_CURVE ( 'NONE', #10048, #3955, #9309, .T. ) ;
#9921 = VERTEX_POINT ( 'NONE', #5136 ) ;
#9922 = LINE ( 'NONE', #9729, #11509 ) ;
#9923 = VECTOR ( 'NONE', #9788, 1000.000000000000000 ) ;
#9924 = ORIENTED_EDGE ( 'NONE', *, *, #12187, .F. ) ;
#9925 = EDGE_LOOP ( 'NONE', ( #12378, #4851, #12220, #1495 ) ) ;
#9926 = ORIENTED_EDGE ( 'NONE', *, *, #12261, .F. ) ;
#9927 = VERTEX_POINT ( 'NONE', #217 ) ;
#9928 = PRESENTATION_LAYER_ASSIGNMENT (  '', '', ( #8902 ) ) ;
#9929 = DIRECTION ( 'NONE',  ( 1.000000000000000000, 0.000000000000000000, 0.000000000000000000 ) ) ;
#9930 = CARTESIAN_POINT ( 'NONE',  ( -0.08226357805285371139, -0.1689970804587989928, 0.6099999999999999867 ) ) ;
#9931 = CARTESIAN_POINT ( 'NONE',  ( 0.8000000000000000444, -0.7112489735550608927, 0.2334995524190849880 ) ) ;
#9932 = CARTESIAN_POINT ( 'NONE',  ( 0.1816689591894035116, 0.09825163886282409220, 0.000000000000000000 ) ) ;
#9933 = ORIENTED_EDGE ( 'NONE', *, *, #8108, .F. ) ;
#9934 = DIRECTION ( 'NONE',  ( 3.862113743573760375E-12, 1.000000000000000000, 0.000000000000000000 ) ) ;
#9935 = DIRECTION ( 'NONE',  ( 0.4082858805325862428, -0.9128541174567438299, 0.000000000000000000 ) ) ;
#9936 = VERTEX_POINT ( 'NONE', #4161 ) ;
#9937 = EDGE_LOOP ( 'NONE', ( #5937, #740, #1002, #4937 ) ) ;
#9938 = FACE_OUTER_BOUND ( 'NONE', #7351, .T. ) ;
#9939 = VECTOR ( 'NONE', #973, 1000.000000000000000 ) ;
#9940 = VERTEX_POINT ( 'NONE', #6170 ) ;
#9941 = CARTESIAN_POINT ( 'NONE',  ( 0.03479498413630530834, 0.05676671052219979530, 0.1000000000000000056 ) ) ;
#9942 = DIRECTION ( 'NONE',  ( 0.3162277577404048468, 0.9486833008093248365, 0.000000000000000000 ) ) ;
#9943 = CARTESIAN_POINT ( 'NONE',  ( 0.3724934832593844725, 0.02632653573052175233, 0.000000000000000000 ) ) ;
#9944 = ORIENTED_EDGE ( 'NONE', *, *, #11562, .F. ) ;
#9945 = LINE ( 'NONE', #10786, #12350 ) ;
#9946 = CARTESIAN_POINT ( 'NONE',  ( 0.1692965698667100172, 0.2613925120511920164, 0.5999999999999999778 ) ) ;
#9947 = DIRECTION ( 'NONE',  ( -1.697769986809269869E-16, 1.000000000000000000, 0.000000000000000000 ) ) ;
#9948 = ORIENTED_EDGE ( 'NONE', *, *, #12120, .T. ) ;
#9949 = FILL_AREA_STYLE ('',( #1175 ) ) ;
#9950 = EDGE_LOOP ( 'NONE', ( #3854, #10649, #6224, #10884 ) ) ;
#9951 = EDGE_CURVE ( 'NONE', #4984, #6394, #10093, .T. ) ;
#9952 = ORIENTED_EDGE ( 'NONE', *, *, #8504, .T. ) ;
#9953 = DIRECTION ( 'NONE',  ( 0.000000000000000000, 0.000000000000000000, 1.000000000000000000 ) ) ;
#9954 = DIRECTION ( 'NONE',  ( 0.000000000000000000, -2.489282864717550295E-15, 1.000000000000000000 ) ) ;
#9955 = DIRECTION ( 'NONE',  ( 0.000000000000000000, 0.000000000000000000, 1.000000000000000000 ) ) ;
#9956 = VERTEX_POINT ( 'NONE', #5646 ) ;
#9957 = CARTESIAN_POINT ( 'NONE',  ( 0.08473363365101149736, 0.06271715177701281396, 0.000000000000000000 ) ) ;
#9958 = CARTESIAN_POINT ( 'NONE',  ( 0.2750000000000000222, -0.7046741902800299773, 0.2582836310259130075 ) ) ;
#9959 = DIRECTION ( 'NONE',  ( 0.000000000000000000, 0.000000000000000000, -1.000000000000000000 ) ) ;
#9960 = CARTESIAN_POINT ( 'NONE',  ( 0.3730769100861965337, 0.03317366262890300566, 0.000000000000000000 ) ) ;
#9961 = ADVANCED_FACE ( 'NONE', ( #2666 ), #8592, .F. ) ;
#9962 = ORIENTED_EDGE ( 'NONE', *, *, #6367, .T. ) ;
#9963 = ORIENTED_EDGE ( 'NONE', *, *, #12646, .F. ) ;
#9964 = DIRECTION ( 'NONE',  ( 0.000000000000000000, 0.000000000000000000, -1.000000000000000000 ) ) ;
#9965 = EDGE_CURVE ( 'NONE', #5786, #4566, #11564, .T. ) ;
#9966 = EDGE_CURVE ( 'NONE', #4602, #9193, #2729, .T. ) ;
#9967 = CARTESIAN_POINT ( 'NONE',  ( 0.3746908703272940344, 0.02813362042388030046, 0.000000000000000000 ) ) ;
#9968 = DIRECTION ( 'NONE',  ( -1.000000000000000000, 0.000000000000000000, 0.000000000000000000 ) ) ;
#9969 = DIRECTION ( 'NONE',  ( -0.9638023865703641002, 0.2666176281517604330, 0.000000000000000000 ) ) ;
#9970 = EDGE_LOOP ( 'NONE', ( #3409, #8272, #10834, #12023 ) ) ;
#9971 = CARTESIAN_POINT ( 'NONE',  ( 0.8000000000000000444, 0.7765685424949239080, 0.02343145750507626135 ) ) ;
#9972 = DIRECTION ( 'NONE',  ( 0.000000000000000000, -1.000000000000000000, 0.000000000000000000 ) ) ;
#9973 = EDGE_CURVE ( 'NONE', #4714, #10237, #7506, .T. ) ;
#9974 = EDGE_CURVE ( 'NONE', #11094, #8158, #12457, .T. ) ;
#9975 = DIRECTION ( 'NONE',  ( 0.000000000000000000, 1.000000000000000000, 0.000000000000000000 ) ) ;
#9976 = EDGE_CURVE ( 'NONE', #2209, #3870, #9818, .T. ) ;
#9977 = ORIENTED_EDGE ( 'NONE', *, *, #6765, .T. ) ;
#9978 = VERTEX_POINT ( 'NONE', #3506 ) ;
#9979 = ORIENTED_EDGE ( 'NONE', *, *, #4717, .F. ) ;
#9980 = ORIENTED_EDGE ( 'NONE', *, *, #12671, .F. ) ;
#9981 = ADVANCED_FACE ( 'NONE', ( #4539 ), #8669, .F. ) ;
#9982 = EDGE_CURVE ( 'NONE', #9480, #8287, #3436, .T. ) ;
#9983 = LINE ( 'NONE', #11746, #9229 ) ;
#9984 = DIRECTION ( 'NONE',  ( 0.000000000000000000, 0.000000000000000000, -1.000000000000000000 ) ) ;
#9985 = LINE ( 'NONE', #4062, #2022 ) ;
#9986 = FACE_OUTER_BOUND ( 'NONE', #3605, .T. ) ;
#9987 = EDGE_CURVE ( 'NONE', #3464, #9155, #4257, .T. ) ;
#9988 = ORIENTED_EDGE ( 'NONE', *, *, #7384, .F. ) ;
#9989 = ADVANCED_FACE ( 'NONE', ( #3570 ), #11428, .T. ) ;
#9990 = CIRCLE ( 'NONE', #11641, 0.008847179373249159165 ) ;
#9991 = DIRECTION ( 'NONE',  ( 0.000000000000000000, 0.000000000000000000, 1.000000000000000000 ) ) ;
#9992 = DIRECTION ( 'NONE',  ( -0.3162277577404050133, 0.9486833008093248365, 0.000000000000000000 ) ) ;
#9993 = VERTEX_POINT ( 'NONE', #3704 ) ;
#9994 = ORIENTED_EDGE ( 'NONE', *, *, #8398, .F. ) ;
#9995 = DIRECTION ( 'NONE',  ( 0.000000000000000000, -0.2498780111313130825, -0.9682773257456043225 ) ) ;
#9996 = ORIENTED_EDGE ( 'NONE', *, *, #9563, .F. ) ;
#9997 = MECHANICAL_DESIGN_GEOMETRIC_PRESENTATION_REPRESENTATION (  '', ( #1554 ), #2173 ) ;
#9998 = EDGE_CURVE ( 'NONE', #7905, #10845, #7640, .T. ) ;
#9999 = VECTOR ( 'NONE', #4044, 1000.000000000000114 ) ;
#10000 = DIRECTION ( 'NONE',  ( 0.9631366855587150111, -0.2690124995812890329, 0.000000000000000000 ) ) ;
#10001 = DIRECTION ( 'NONE',  ( 0.000000000000000000, 1.000000000000000000, 0.000000000000000000 ) ) ;
#10002 = CARTESIAN_POINT ( 'NONE',  ( 0.8000000000000000444, 0.7046741902800309765, 0.2582836310259130075 ) ) ;
#10003 = VECTOR ( 'NONE', #11530, 1000.000000000000000 ) ;
#10004 = VERTEX_POINT ( 'NONE', #7376 ) ;
#10005 = VECTOR ( 'NONE', #10843, 1000.000000000000114 ) ;
#10006 = DIRECTION ( 'NONE',  ( 1.000000000000000000, 0.000000000000000000, 0.000000000000000000 ) ) ;
#10007 = DIRECTION ( 'NONE',  ( 0.000000000000000000, 0.000000000000000000, 1.000000000000000000 ) ) ;
#10008 = FACE_OUTER_BOUND ( 'NONE', #6310, .T. ) ;
#10009 = VERTEX_POINT ( 'NONE', #9501 ) ;
#10010 =( NAMED_UNIT ( * ) SI_UNIT ( $, .STERADIAN. ) SOLID_ANGLE_UNIT ( ) );
#10011 = TOROIDAL_SURFACE ( 'NONE', #3412, 0.5025335823021011006, 0.03000000000000000236 ) ;
#10012 = ORIENTED_EDGE ( 'NONE', *, *, #2645, .F. ) ;
#10013 = EDGE_CURVE ( 'NONE', #11939, #1021, #10528, .T. ) ;
#10014 = ORIENTED_EDGE ( 'NONE', *, *, #7037, .T. ) ;
#10015 =( BOUNDED_CURVE ( )  B_SPLINE_CURVE ( 3, ( #2698, #11599, #627, #2631 ),
 .UNSPECIFIED., .F., .F. ) 
 B_SPLINE_CURVE_WITH_KNOTS ( ( 4, 4 ),
 ( 1.570796326794896558, 1.639134231106093020 ),
 .UNSPECIFIED. ) 
 CURVE ( )  GEOMETRIC_REPRESENTATION_ITEM ( )  RATIONAL_B_SPLINE_CURVE ( ( 1.000000000000000000, 0.9996108654318511810, 0.9996108654318511810, 1.000000000000000000 ) ) 
 REPRESENTATION_ITEM ( '' )  );
#10016 = AXIS2_PLACEMENT_3D ( 'NONE', #838, #12385, #5571 ) ;
#10017 = FILL_AREA_STYLE_COLOUR ( '', #7667 ) ;
#10018 = CIRCLE ( 'NONE', #6937, 0.005008107141486591897 ) ;
#10019 = FACE_OUTER_BOUND ( 'NONE', #10281, .T. ) ;
#10020 = CARTESIAN_POINT ( 'NONE',  ( 0.2270116684246125116, 0.05856514002168360794, 0.000000000000000000 ) ) ;
#10021 = DIRECTION ( 'NONE',  ( 0.000000000000000000, 0.7071067811865482389, 0.7071067811865467956 ) ) ;
#10022 = LINE ( 'NONE', #9125, #7134 ) ;
#10023 = ORIENTED_EDGE ( 'NONE', *, *, #752, .T. ) ;
#10024 = EDGE_CURVE ( 'NONE', #6861, #12090, #2817, .T. ) ;
#10025 = CARTESIAN_POINT ( 'NONE',  ( 0.8000000000000000444, -0.6612489735550610703, 0.2334995524190849880 ) ) ;
#10026 = DIRECTION ( 'NONE',  ( 1.000000000000000000, 0.000000000000000000, 0.000000000000000000 ) ) ;
#10027 = DIRECTION ( 'NONE',  ( -0.000000000000000000, 0.9682773257456045446, 0.2498780111313128882 ) ) ;
#10028 = VECTOR ( 'NONE', #4913, 1000.000000000000000 ) ;
#10029 = CARTESIAN_POINT ( 'NONE',  ( 0.3208341822578805180, 0.07286385395408728760, 0.000000000000000000 ) ) ;
#10030 = LINE ( 'NONE', #5262, #6785 ) ;
#10031 = ORIENTED_EDGE ( 'NONE', *, *, #9037, .T. ) ;
#10032 = CIRCLE ( 'NONE', #544, 0.002202372849727995616 ) ;
#10033 = ORIENTED_EDGE ( 'NONE', *, *, #11000, .T. ) ;
#10034 = AXIS2_PLACEMENT_3D ( 'NONE', #11969, #2831, #12085 ) ;
#10035 = CARTESIAN_POINT ( 'NONE',  ( -0.2750000000000000222, 1.032485115250000085, 0.000000000000000000 ) ) ;
#10036 = EDGE_CURVE ( 'NONE', #549, #7677, #1501, .T. ) ;
#10037 = CARTESIAN_POINT ( 'NONE',  ( 0.3016240585958779863, 0.07342803942762490821, 0.000000000000000000 ) ) ;
#10038 = AXIS2_PLACEMENT_3D ( 'NONE', #9768, #11637, #8991 ) ;
#10039 = CARTESIAN_POINT ( 'NONE',  ( 0.7018290623389680238, 0.09500000000000000111, 0.05000000000000000278 ) ) ;
#10040 = ORIENTED_EDGE ( 'NONE', *, *, #7314, .T. ) ;
#10041 = CIRCLE ( 'NONE', #2216, 0.4000000000000000222 ) ;
#10042 = DIRECTION ( 'NONE',  ( 0.000000000000000000, 0.000000000000000000, -1.000000000000000000 ) ) ;
#10043 = CARTESIAN_POINT ( 'NONE',  ( 0.4000000000000000222, 0.7200000000000000844, 0.3200000000000000067 ) ) ;
#10044 = AXIS2_PLACEMENT_3D ( 'NONE', #10848, #10007, #4202 ) ;
#10045 = DIRECTION ( 'NONE',  ( 0.000000000000000000, -0.2498780111313130825, 0.9682773257456043225 ) ) ;
#10046 = ORIENTED_EDGE ( 'NONE', *, *, #1468, .F. ) ;
#10047 = EDGE_LOOP ( 'NONE', ( #7943, #9550, #9865, #8203 ) ) ;
#10048 = VERTEX_POINT ( 'NONE', #12338 ) ;
#10049 = AXIS2_PLACEMENT_3D ( 'NONE', #2302, #5403, #11135 ) ;
#10050 = ORIENTED_EDGE ( 'NONE', *, *, #909, .F. ) ;
#10051 = CIRCLE ( 'NONE', #1817, 0.01672435063138640390 ) ;
#10052 = VECTOR ( 'NONE', #7374, 1000.000000000000000 ) ;
#10053 = ADVANCED_FACE ( 'NONE', ( #1633 ), #11372, .T. ) ;
#10054 = PLANE ( 'NONE',  #4914 ) ;
#10055 = LINE ( 'NONE', #1216, #1963 ) ;
#10056 = LINE ( 'NONE', #3222, #5122 ) ;
#10057 = CARTESIAN_POINT ( 'NONE',  ( -0.3852484646572160165, 0.1076272292649859824, 0.5999999999999999778 ) ) ;
#10058 = AXIS2_PLACEMENT_3D ( 'NONE', #7743, #11670, #7817 ) ;
#10059 = ORIENTED_EDGE ( 'NONE', *, *, #3764, .F. ) ;
#10060 = CARTESIAN_POINT ( 'NONE',  ( 0.8000000000000000444, 0.7112489735550608927, 0.2334995524190849880 ) ) ;
#10061 = FACE_OUTER_BOUND ( 'NONE', #11701, .T. ) ;
#10062 = ORIENTED_EDGE ( 'NONE', *, *, #4925, .T. ) ;
#10063 = AXIS2_PLACEMENT_3D ( 'NONE', #11332, #12170, #12223 ) ;
#10064 = EDGE_CURVE ( 'NONE', #2282, #7648, #10018, .T. ) ;
#10065 = VERTEX_POINT ( 'NONE', #1895 ) ;
#10066 = EDGE_CURVE ( 'NONE', #4052, #4636, #8989, .T. ) ;
#10067 = CYLINDRICAL_SURFACE ( 'NONE', #4317, 0.5999999999999999778 ) ;
#10068 = VERTEX_POINT ( 'NONE', #11882 ) ;
#10069 = VECTOR ( 'NONE', #103, 1000.000000000000000 ) ;
#10070 = CIRCLE ( 'NONE', #4506, 0.001644784887872575421 ) ;
#10071 = EDGE_CURVE ( 'NONE', #8032, #3784, #1996, .T. ) ;
#10072 = EDGE_CURVE ( 'NONE', #10373, #7001, #11763, .T. ) ;
#10073 = PLANE ( 'NONE',  #3153 ) ;
#10074 = AXIS2_PLACEMENT_3D ( 'NONE', #736, #9388, #2490 ) ;
#10075 = AXIS2_PLACEMENT_3D ( 'NONE', #4949, #6818, #10864 ) ;
#10076 = CARTESIAN_POINT ( 'NONE',  ( 0.1034732571207782059, 0.03624015974824445346, 0.000000000000000000 ) ) ;
#10077 = CARTESIAN_POINT ( 'NONE',  ( 0.2270116684246125116, 0.05856514002168360794, 0.000000000000000000 ) ) ;
#10078 = ORIENTED_EDGE ( 'NONE', *, *, #10179, .T. ) ;
#10079 = VECTOR ( 'NONE', #10225, 1000.000000000000000 ) ;
#10080 = CARTESIAN_POINT ( 'NONE',  ( 0.4000000000000000222, 0.8000000000000000444, 0.08000000000000000167 ) ) ;
#10081 = CARTESIAN_POINT ( 'NONE',  ( 0.1925666295662490091, 0.05718103188946949827, 0.000000000000000000 ) ) ;
#10082 = DIRECTION ( 'NONE',  ( 0.000000000000000000, -0.7071067811865482389, -0.7071067811865467956 ) ) ;
#10083 = ORIENTED_EDGE ( 'NONE', *, *, #5863, .F. ) ;
#10084 = ADVANCED_FACE ( 'NONE', ( #18 ), #5777, .T. ) ;
#10085 = ORIENTED_EDGE ( 'NONE', *, *, #7512, .F. ) ;
#10086 = ORIENTED_EDGE ( 'NONE', *, *, #10223, .T. ) ;
#10087 = CIRCLE ( 'NONE', #7411, 0.5000000000000000000 ) ;
#10088 = LINE ( 'NONE', #3928, #441 ) ;
#10089 = DIRECTION ( 'NONE',  ( 0.000000000000000000, 0.000000000000000000, 1.000000000000000000 ) ) ;
#10090 = CARTESIAN_POINT ( 'NONE',  ( 0.2548514224881954782, 0.04676505935380469853, 0.000000000000000000 ) ) ;
#10091 = VECTOR ( 'NONE', #5500, 1000.000000000000000 ) ;
#10092 = DIRECTION ( 'NONE',  ( 0.000000000000000000, 0.000000000000000000, 1.000000000000000000 ) ) ;
#10093 = LINE ( 'NONE', #4740, #4458 ) ;
#10094 = ORIENTED_EDGE ( 'NONE', *, *, #4925, .F. ) ;
#10095 = DIRECTION ( 'NONE',  ( 0.3736994014285030530, -0.9275498678626280524, 0.000000000000000000 ) ) ;
#10096 = CARTESIAN_POINT ( 'NONE',  ( -0.2384031841765470172, -0.1661017834119890013, 0.6099999999999999867 ) ) ;
#10097 = DIRECTION ( 'NONE',  ( -0.9364278369523449941, -0.3508602373891240300, 0.000000000000000000 ) ) ;
#10098 = CIRCLE ( 'NONE', #7015, 0.0008251076779710896959 ) ;
#10099 = CARTESIAN_POINT ( 'NONE',  ( 0.1350591374782403875, 0.06620965038194619179, 0.1000000000000000056 ) ) ;
#10100 = DIRECTION ( 'NONE',  ( -0.2229657576255280604, -0.9748262773061024955, 0.000000000000000000 ) ) ;
#10101 = ORIENTED_EDGE ( 'NONE', *, *, #5818, .T. ) ;
#10102 = ORIENTED_EDGE ( 'NONE', *, *, #440, .T. ) ;
#10103 = DIRECTION ( 'NONE',  ( -1.000000000000000000, 0.000000000000000000, 0.000000000000000000 ) ) ;
#10104 = VECTOR ( 'NONE', #10788, 1000.000000000000000 ) ;
#10105 = PLANE ( 'NONE',  #10049 ) ;
#10106 = CYLINDRICAL_SURFACE ( 'NONE', #10818, 0.08000000000000002942 ) ;
#10107 = ORIENTED_EDGE ( 'NONE', *, *, #12036, .T. ) ;
#10108 = LINE ( 'NONE', #414, #4504 ) ;
#10109 = DIRECTION ( 'NONE',  ( 0.000000000000000000, 0.000000000000000000, 1.000000000000000000 ) ) ;
#10110 = DIRECTION ( 'NONE',  ( -0.4472136033030539304, -0.8944271870983679928, 0.000000000000000000 ) ) ;
#10111 = VERTEX_POINT ( 'NONE', #9943 ) ;
#10112 = VERTEX_POINT ( 'NONE', #9758 ) ;
#10113 = ORIENTED_EDGE ( 'NONE', *, *, #1346, .T. ) ;
#10114 = EDGE_CURVE ( 'NONE', #9017, #9810, #1104, .T. ) ;
#10115 = AXIS2_PLACEMENT_3D ( 'NONE', #249, #2377, #12377 ) ;
#10116 = DIRECTION ( 'NONE',  ( -1.000000000000000000, 0.000000000000000000, 0.000000000000000000 ) ) ;
#10117 = CARTESIAN_POINT ( 'NONE',  ( 0.1790143979873144719, 0.1008980478479235970, 0.1000000000000000056 ) ) ;
#10118 = SURFACE_STYLE_USAGE ( .BOTH. , #7340 ) ;
#10119 = LINE ( 'NONE', #6260, #568 ) ;
#10120 = DIRECTION ( 'NONE',  ( -1.000000000000000000, 0.000000000000000000, 0.000000000000000000 ) ) ;
#10121 = ORIENTED_EDGE ( 'NONE', *, *, #11925, .T. ) ;
#10122 = PLANE ( 'NONE',  #3051 ) ;
#10123 = CARTESIAN_POINT ( 'NONE',  ( 0.8499999999999999778, 0.09000000000000001055, 0.05000000000000000278 ) ) ;
#10124 = VERTEX_POINT ( 'NONE', #4804 ) ;
#10125 = VERTEX_POINT ( 'NONE', #2085 ) ;
#10126 = ORIENTED_EDGE ( 'NONE', *, *, #1234, .T. ) ;
#10127 = ADVANCED_FACE ( 'NONE', ( #1956 ), #5900, .F. ) ;
#10128 = VECTOR ( 'NONE', #11313, 1000.000000000000000 ) ;
#10129 = CARTESIAN_POINT ( 'NONE',  ( 0.07270441200038449403, 0.06154316543321519672, 0.000000000000000000 ) ) ;
#10130 = EDGE_CURVE ( 'NONE', #2715, #11429, #8575, .T. ) ;
#10131 = EDGE_CURVE ( 'NONE', #5434, #11224, #1048, .T. ) ;
#10132 = DIRECTION ( 'NONE',  ( 0.000000000000000000, 0.000000000000000000, -1.000000000000000000 ) ) ;
#10133 = CARTESIAN_POINT ( 'NONE',  ( 0.1129548487986483940, 0.05730061016898909537, 0.000000000000000000 ) ) ;
#10134 = EDGE_LOOP ( 'NONE', ( #1176, #7519, #9894, #4056 ) ) ;
#10135 = VECTOR ( 'NONE', #711, 1000.000000000000000 ) ;
#10136 = DIRECTION ( 'NONE',  ( 1.000000000000000000, 0.000000000000000000, 0.000000000000000000 ) ) ;
#10137 = FACE_OUTER_BOUND ( 'NONE', #12144, .T. ) ;
#10138 = COLOUR_RGB ( '',0.8627450980392157298, 0.6274509803921568540, 0.05882352941176470507 ) ;
#10139 = CARTESIAN_POINT ( 'NONE',  ( 0.1193548020523574060, 0.05586416227129829826, 0.1000000000000000056 ) ) ;
#10140 = ORIENTED_EDGE ( 'NONE', *, *, #8396, .T. ) ;
#10141 = ORIENTED_EDGE ( 'NONE', *, *, #9679, .F. ) ;
#10142 = EDGE_CURVE ( 'NONE', #6441, #4414, #7764, .T. ) ;
#10143 = PRESENTATION_STYLE_ASSIGNMENT (( #6223 ) ) ;
#10144 = EDGE_CURVE ( 'NONE', #1533, #5772, #3898, .T. ) ;
#10145 = ORIENTED_EDGE ( 'NONE', *, *, #7476, .T. ) ;
#10146 = EDGE_CURVE ( 'NONE', #5941, #7424, #11695, .T. ) ;
#10147 = FACE_OUTER_BOUND ( 'NONE', #3688, .T. ) ;
#10148 = EDGE_CURVE ( 'NONE', #9318, #7694, #11669, .T. ) ;
#10149 = DIRECTION ( 'NONE',  ( -0.2572057851960550812, 0.9663566546889822417, 0.000000000000000000 ) ) ;
#10150 = DIRECTION ( 'NONE',  ( 0.000000000000000000, 0.000000000000000000, 1.000000000000000000 ) ) ;
#10151 = CARTESIAN_POINT ( 'NONE',  ( 0.1041318337685519929, 0.05988827687163190278, 0.000000000000000000 ) ) ;
#10152 = PRODUCT ( 'MM8930-2620RJ4', 'MM8930-2620RJ4', '', ( #646 ) ) ;
#10153 = CYLINDRICAL_SURFACE ( 'NONE', #3425, 0.0006537464457750876042 ) ;
#10154 = ORIENTED_EDGE ( 'NONE', *, *, #7618, .T. ) ;
#10155 = DIRECTION ( 'NONE',  ( 0.000000000000000000, -1.000000000000000000, 0.000000000000000000 ) ) ;
#10156 = CARTESIAN_POINT ( 'NONE',  ( 0.4000000000000000222, 0.7405531811372209061, 0.3973147252801209617 ) ) ;
#10157 = CYLINDRICAL_SURFACE ( 'NONE', #8599, 0.0007514218735937515381 ) ;
#10158 = ORIENTED_EDGE ( 'NONE', *, *, #10953, .T. ) ;
#10159 = CARTESIAN_POINT ( 'NONE',  ( 0.2272837770416690217, 0.05284039782020250042, 0.1000000000000000056 ) ) ;
#10160 = LINE ( 'NONE', #2410, #3076 ) ;
#10161 = ORIENTED_EDGE ( 'NONE', *, *, #7634, .T. ) ;
#10162 = ORIENTED_EDGE ( 'NONE', *, *, #11406, .F. ) ;
#10163 = DIRECTION ( 'NONE',  ( 0.000000000000000000, 0.000000000000000000, 1.000000000000000000 ) ) ;
#10164 = DIRECTION ( 'NONE',  ( 0.000000000000000000, 0.000000000000000000, 1.000000000000000000 ) ) ;
#10165 = DIRECTION ( 'NONE',  ( -0.004374478482263930400, 0.9999904319232301164, 0.000000000000000000 ) ) ;
#10166 = ORIENTED_EDGE ( 'NONE', *, *, #9477, .T. ) ;
#10167 = DIRECTION ( 'NONE',  ( 0.000000000000000000, 0.000000000000000000, -1.000000000000000000 ) ) ;
#10168 = CARTESIAN_POINT ( 'NONE',  ( 0.1132782499023349959, -0.7111815246139390201, 0.2834995524190850325 ) ) ;
#10169 = FACE_OUTER_BOUND ( 'NONE', #4515, .T. ) ;
#10170 = VERTEX_POINT ( 'NONE', #10911 ) ;
#10171 = EDGE_LOOP ( 'NONE', ( #3170, #8337, #3491, #11783 ) ) ;
#10172 = VERTEX_POINT ( 'NONE', #8861 ) ;
#10173 = DIRECTION ( 'NONE',  ( -0.8739805238844098323, -0.4859609489153758899, 0.000000000000000000 ) ) ;
#10174 = CARTESIAN_POINT ( 'NONE',  ( -0.4000000000000000222, -0.8000000000000000444, 0.3200000000000000067 ) ) ;
#10175 = LINE ( 'NONE', #4426, #11842 ) ;
#10176 = DIRECTION ( 'NONE',  ( -1.000000000000000000, 0.000000000000000000, 0.000000000000000000 ) ) ;
#10177 = CARTESIAN_POINT ( 'NONE',  ( 0.1131615436026760096, 0.7134565741727723065, 0.2923153697564827014 ) ) ;
#10178 = ORIENTED_EDGE ( 'NONE', *, *, #8898, .F. ) ;
#10179 = EDGE_CURVE ( 'NONE', #7542, #12734, #4930, .T. ) ;
#10180 = DIRECTION ( 'NONE',  ( 0.000000000000000000, 0.000000000000000000, 1.000000000000000000 ) ) ;
#10181 = DIRECTION ( 'NONE',  ( 0.000000000000000000, 0.000000000000000000, -1.000000000000000000 ) ) ;
#10182 = EDGE_LOOP ( 'NONE', ( #2135, #4957, #8387, #7041 ) ) ;
#10183 = ORIENTED_EDGE ( 'NONE', *, *, #8960, .F. ) ;
#10184 = ORIENTED_EDGE ( 'NONE', *, *, #9445, .F. ) ;
#10185 = CARTESIAN_POINT ( 'NONE',  ( 0.3092272891719090033, 0.08952350075660280015, 0.1000000000000000056 ) ) ;
#10186 = CLOSED_SHELL ( 'NONE', ( #11379, #9499, #12510, #8091, #8251, #1706, #10523, #9527, #847, #7288, #7236, #3694, #7931, #588, #4609, #25, #8525, #11636, #5093, #6849, #9116, #126, #1806, #10942, #6255, #8253, #3852, #7275, #11899, #8565, #1640, #1765, #9989, #7438, #2968, #11865, #347, #5625, #5317, #11720 ) ) ;
#10187 = VECTOR ( 'NONE', #2643, 1000.000000000000000 ) ;
#10188 = ADVANCED_FACE ( 'NONE', ( #7899 ), #10655, .T. ) ;
#10189 = CARTESIAN_POINT ( 'NONE',  ( 0.05035693046067019757, 0.06633579457256230660, 0.1000000000000000056 ) ) ;
#10190 = LINE ( 'NONE', #10077, #12704 ) ;
#10191 = EDGE_LOOP ( 'NONE', ( #390, #9114, #8901, #8068 ) ) ;
#10192 = CARTESIAN_POINT ( 'NONE',  ( 0.3726698877962599799, 0.06712401199719210398, 0.000000000000000000 ) ) ;
#10193 = CARTESIAN_POINT ( 'NONE',  ( 0.2150259140407244918, 0.09821168822973509738, 0.000000000000000000 ) ) ;
#10194 = DIRECTION ( 'NONE',  ( 0.000000000000000000, 0.000000000000000000, -1.000000000000000000 ) ) ;
#10195 = EDGE_LOOP ( 'NONE', ( #8125, #8119, #4866, #7319 ) ) ;
#10196 = ORIENTED_EDGE ( 'NONE', *, *, #12253, .T. ) ;
#10197 =( LENGTH_UNIT ( ) NAMED_UNIT ( * ) SI_UNIT ( .MILLI., .METRE. ) );
#10198 = ORIENTED_EDGE ( 'NONE', *, *, #6918, .T. ) ;
#10199 = CIRCLE ( 'NONE', #11852, 0.02101322849886479507 ) ;
#10200 = FACE_OUTER_BOUND ( 'NONE', #6773, .T. ) ;
#10201 =( GEOMETRIC_REPRESENTATION_CONTEXT ( 3 ) GLOBAL_UNCERTAINTY_ASSIGNED_CONTEXT ( ( #2547 ) ) GLOBAL_UNIT_ASSIGNED_CONTEXT ( ( #227, #8107, #10403 ) ) REPRESENTATION_CONTEXT ( 'NONE', 'WORKASPACE' ) );
#10202 = CIRCLE ( 'NONE', #4858, 0.007136291875316830638 ) ;
#10203 = ADVANCED_FACE ( 'NONE', ( #3769 ), #11820, .F. ) ;
#10204 = CARTESIAN_POINT ( 'NONE',  ( -0.8499999999999999778, -0.1000000000000000056, 0.000000000000000000 ) ) ;
#10205 = CARTESIAN_POINT ( 'NONE',  ( -0.4862667911510505370, 5.955050693147886261E-17, 0.6953141487844890500 ) ) ;
#10206 = CARTESIAN_POINT ( 'NONE',  ( -0.04000000087241269847, 0.1689970804587989928, 0.5999999999999999778 ) ) ;
#10207 = EDGE_LOOP ( 'NONE', ( #4592, #2959, #10083, #953 ) ) ;
#10208 = AXIS2_PLACEMENT_3D ( 'NONE', #475, #4413, #9518 ) ;
#10209 = CARTESIAN_POINT ( 'NONE',  ( 0.06426660694131140772, 0.05328548358096039939, 0.1000000000000000056 ) ) ;
#10210 = DIRECTION ( 'NONE',  ( 0.000000000000000000, 0.7071067811865482389, -0.7071067811865467956 ) ) ;
#10211 = CARTESIAN_POINT ( 'NONE',  ( 0.5999999999999999778, 7.531577814756221571E-17, 0.4299999999999999933 ) ) ;
#10212 = ORIENTED_EDGE ( 'NONE', *, *, #3126, .T. ) ;
#10213 = DIRECTION ( 'NONE',  ( 0.9631366855604261978, -0.2690124995751618786, 0.000000000000000000 ) ) ;
#10214 = DIRECTION ( 'NONE',  ( 0.000000000000000000, 0.000000000000000000, -1.000000000000000000 ) ) ;
#10215 = EDGE_CURVE ( 'NONE', #669, #9225, #739, .T. ) ;
#10216 = AXIS2_PLACEMENT_3D ( 'NONE', #8553, #10494, #6690 ) ;
#10217 = EDGE_CURVE ( 'NONE', #644, #825, #10190, .T. ) ;
#10218 = CIRCLE ( 'NONE', #4046, 0.002192976017588031418 ) ;
#10219 = ORIENTED_EDGE ( 'NONE', *, *, #9271, .T. ) ;
#10220 = FACE_OUTER_BOUND ( 'NONE', #8688, .T. ) ;
#10221 = VECTOR ( 'NONE', #5049, 1000.000000000000000 ) ;
#10222 = EDGE_CURVE ( 'NONE', #1034, #2194, #1236, .T. ) ;
#10223 = EDGE_CURVE ( 'NONE', #10935, #9382, #10974, .T. ) ;
#10224 = DIRECTION ( 'NONE',  ( -0.2758097329667140718, -0.9612122508586903313, 0.000000000000000000 ) ) ;
#10225 = DIRECTION ( 'NONE',  ( 0.000000000000000000, 0.000000000000000000, 1.000000000000000000 ) ) ;
#10226 = DIRECTION ( 'NONE',  ( 0.000000000000000000, 0.000000000000000000, 1.000000000000000000 ) ) ;
#10227 = EDGE_LOOP ( 'NONE', ( #1990, #849, #6179, #5263 ) ) ;
#10228 = AXIS2_PLACEMENT_3D ( 'NONE', #897, #1033, #4 ) ;
#10229 = CYLINDRICAL_SURFACE ( 'NONE', #10889, 0.08000000000000002942 ) ;
#10230 = CARTESIAN_POINT ( 'NONE',  ( 0.3271418792962970112, 0.07230623777738301450, 0.000000000000000000 ) ) ;
#10231 = VECTOR ( 'NONE', #6525, 1000.000000000000000 ) ;
#10232 = CYLINDRICAL_SURFACE ( 'NONE', #1404, 0.08000000000000002942 ) ;
#10233 = VERTEX_POINT ( 'NONE', #2140 ) ;
#10234 = CIRCLE ( 'NONE', #7353, 0.08000000000000002942 ) ;
#10236 = VERTEX_POINT ( 'NONE', #11163 ) ;
#10235 = EDGE_CURVE ( 'NONE', #3159, #2964, #4084, .T. ) ;
#10237 = VERTEX_POINT ( 'NONE', #4260 ) ;
#10238 = DIRECTION ( 'NONE',  ( 0.000000000000000000, 0.7071067811865482389, 0.7071067811865467956 ) ) ;
#10239 = VECTOR ( 'NONE', #5140, 1000.000000000000000 ) ;
#10240 = DIRECTION ( 'NONE',  ( 0.000000000000000000, 0.2498780111313130825, -0.9682773257456043225 ) ) ;
#10241 = AXIS2_PLACEMENT_3D ( 'NONE', #3056, #10977, #21 ) ;
#10242 = DIRECTION ( 'NONE',  ( 0.05383136063548949607, -0.9985500411156826850, 0.000000000000000000 ) ) ;
#10243 = LINE ( 'NONE', #4508, #4923 ) ;
#10244 = FACE_OUTER_BOUND ( 'NONE', #9937, .T. ) ;
#10245 = ORIENTED_EDGE ( 'NONE', *, *, #1476, .T. ) ;
#10246 = FACE_OUTER_BOUND ( 'NONE', #3725, .T. ) ;
#10247 = DIRECTION ( 'NONE',  ( 0.000000000000000000, -0.7071067811865482389, -0.7071067811865467956 ) ) ;
#10248 = ORIENTED_EDGE ( 'NONE', *, *, #7233, .T. ) ;
#10249 = VERTEX_POINT ( 'NONE', #3176 ) ;
#10250 = VECTOR ( 'NONE', #230, 1000.000000000000000 ) ;
#10251 = CIRCLE ( 'NONE', #157, 0.08000000000000002942 ) ;
#10252 = VERTEX_POINT ( 'NONE', #1424 ) ;
#10253 = EDGE_CURVE ( 'NONE', #5352, #2282, #11949, .T. ) ;
#10254 = CARTESIAN_POINT ( 'NONE',  ( 0.7299999999999999822, 0.1900000000000000022, 0.000000000000000000 ) ) ;
#10255 = VECTOR ( 'NONE', #10959, 1000.000000000000000 ) ;
#10256 = VECTOR ( 'NONE', #10045, 1000.000000000000114 ) ;
#10257 = DIRECTION ( 'NONE',  ( 0.000000000000000000, 0.000000000000000000, 1.000000000000000000 ) ) ;
#10258 = DIRECTION ( 'NONE',  ( -0.9625001767075089809, 0.2712810532234311012, 0.000000000000000000 ) ) ;
#10259 = ORIENTED_EDGE ( 'NONE', *, *, #210, .F. ) ;
#10260 = CYLINDRICAL_SURFACE ( 'NONE', #1028, 0.08000000000000002942 ) ;
#10261 = CARTESIAN_POINT ( 'NONE',  ( 0.6518290623389679794, -0.1900000000000000022, 0.05000000000000000278 ) ) ;
#10262 = VECTOR ( 'NONE', #12117, 1000.000000000000000 ) ;
#10263 = CARTESIAN_POINT ( 'NONE',  ( 0.09405849332537849494, 0.05867293286349470338, 0.000000000000000000 ) ) ;
#10264 = VERTEX_POINT ( 'NONE', #4331 ) ;
#10265 = EDGE_LOOP ( 'NONE', ( #7641, #12105, #4517, #1191 ) ) ;
#10266 = PRODUCT_CONTEXT ( 'NONE', #6840, 'mechanical' ) ;
#10267 = ORIENTED_EDGE ( 'NONE', *, *, #9646, .T. ) ;
#10268 = CIRCLE ( 'NONE', #585, 0.08000000000000001554 ) ;
#10269 = EDGE_CURVE ( 'NONE', #11429, #2027, #9162, .T. ) ;
#10270 = VECTOR ( 'NONE', #1317, 1000.000000000000114 ) ;
#10271 = CIRCLE ( 'NONE', #11104, 0.5300000000000000266 ) ;
#10272 = LINE ( 'NONE', #6346, #6033 ) ;
#10273 = VECTOR ( 'NONE', #1323, 1000.000000000000000 ) ;
#10274 = CARTESIAN_POINT ( 'NONE',  ( -0.2131049635573146195, 0.1619964474767344731, 0.5999999999999999778 ) ) ;
#10275 = CARTESIAN_POINT ( 'NONE',  ( -0.8000000000000000444, 0.8000000000000000444, 0.000000000000000000 ) ) ;
#10276 = CARTESIAN_POINT ( 'NONE',  ( 0.7018290623389680238, 0.1900000000000000022, 0.05000000000000000278 ) ) ;
#10277 = ORIENTED_EDGE ( 'NONE', *, *, #10765, .F. ) ;
#10278 = DIRECTION ( 'NONE',  ( 0.000000000000000000, 1.000000000000000000, 0.000000000000000000 ) ) ;
#10279 = DIRECTION ( 'NONE',  ( 0.000000000000000000, 0.000000000000000000, 1.000000000000000000 ) ) ;
#10280 = DIRECTION ( 'NONE',  ( -3.944000862006944869E-12, -1.000000000000000000, 0.000000000000000000 ) ) ;
#10281 = EDGE_LOOP ( 'NONE', ( #5706, #5105 ) ) ;
#10282 = AXIS2_PLACEMENT_3D ( 'NONE', #6025, #12, #1100 ) ;
#10283 = DIRECTION ( 'NONE',  ( 0.000000000000000000, 0.000000000000000000, 1.000000000000000000 ) ) ;
#10284 = CARTESIAN_POINT ( 'NONE',  ( 0.1866831626601859750, 0.6645957609276059719, 0.4000000000000000222 ) ) ;
#10285 = VECTOR ( 'NONE', #10727, 1000.000000000000000 ) ;
#10286 = ORIENTED_EDGE ( 'NONE', *, *, #8030, .T. ) ;
#10287 = EDGE_CURVE ( 'NONE', #5137, #8795, #136, .T. ) ;
#10288 = CARTESIAN_POINT ( 'NONE',  ( -0.8000000000000000444, 0.8000000000000000444, 0.08000000000000000167 ) ) ;
#10289 = AXIS2_PLACEMENT_3D ( 'NONE', #1305, #4156, #1249 ) ;
#10290 = DIRECTION ( 'NONE',  ( 1.000000000000000000, 0.000000000000000000, 0.000000000000000000 ) ) ;
#10291 = EDGE_CURVE ( 'NONE', #8494, #11373, #7052, .T. ) ;
#10292 = DIRECTION ( 'NONE',  ( 0.000000000000000000, 0.000000000000000000, 1.000000000000000000 ) ) ;
#10293 = ADVANCED_FACE ( 'NONE', ( #4199 ), #3361, .F. ) ;
#10294 = VERTEX_POINT ( 'NONE', #6085 ) ;
#10295 = AXIS2_PLACEMENT_3D ( 'NONE', #1353, #11951, #8082 ) ;
#10296 = DIRECTION ( 'NONE',  ( 1.000000000000000000, 0.000000000000000000, 0.000000000000000000 ) ) ;
#10297 = CARTESIAN_POINT ( 'NONE',  ( 0.1970904046462730042, 0.06828907263315558973, 0.000000000000000000 ) ) ;
#10298 = UNCERTAINTY_MEASURE_WITH_UNIT (LENGTH_MEASURE( 1.000000000000000082E-05 ), #9138, 'distance_accuracy_value', 'NONE');
#10299 = CARTESIAN_POINT ( 'NONE',  ( -0.3081987717257729797, -0.08610178341198850005, 0.6099999999999999867 ) ) ;
#10300 = VERTEX_POINT ( 'NONE', #8202 ) ;
#10301 = EDGE_LOOP ( 'NONE', ( #3408, #8141, #6844, #12416 ) ) ;
#10302 = EDGE_CURVE ( 'NONE', #6913, #3870, #12194, .T. ) ;
#10303 = ADVANCED_FACE ( 'NONE', ( #3307 ), #9232, .F. ) ;
#10304 = ORIENTED_EDGE ( 'NONE', *, *, #7535, .F. ) ;
#10305 = CARTESIAN_POINT ( 'NONE',  ( 0.8000000000000000444, 0.7111815246139390201, 0.2834995524190850325 ) ) ;
#10306 = CARTESIAN_POINT ( 'NONE',  ( 0.1836338809727375010, 0.09741034912183159367, 0.000000000000000000 ) ) ;
#10307 = EDGE_CURVE ( 'NONE', #10554, #3609, #7106, .T. ) ;
#10308 = LINE ( 'NONE', #5291, #6986 ) ;
#10309 = DIRECTION ( 'NONE',  ( 1.000000000000000000, 0.000000000000000000, 0.000000000000000000 ) ) ;
#10310 = VERTEX_POINT ( 'NONE', #6215 ) ;
#10311 = DIRECTION ( 'NONE',  ( 0.000000000000000000, 0.000000000000000000, 1.000000000000000000 ) ) ;
#10312 = VECTOR ( 'NONE', #8777, 1000.000000000000000 ) ;
#10313 = DIRECTION ( 'NONE',  ( -0.9999994097867574983, -0.001086474176731000310, 0.000000000000000000 ) ) ;
#10314 = EDGE_LOOP ( 'NONE', ( #7686, #8748, #11004, #4266 ) ) ;
#10315 = VERTEX_POINT ( 'NONE', #12136 ) ;
#10316 = ORIENTED_EDGE ( 'NONE', *, *, #1835, .F. ) ;
#10317 = VERTEX_POINT ( 'NONE', #4144 ) ;
#10318 = AXIS2_PLACEMENT_3D ( 'NONE', #7736, #7808, #4832 ) ;
#10319 = LINE ( 'NONE', #10129, #3674 ) ;
#10320 = ORIENTED_EDGE ( 'NONE', *, *, #10530, .F. ) ;
#10321 = DIRECTION ( 'NONE',  ( 0.000000000000000000, 0.000000000000000000, -1.000000000000000000 ) ) ;
#10322 = CARTESIAN_POINT ( 'NONE',  ( 0.1631615436026759847, -0.7145957609276060163, 0.2834995524190850325 ) ) ;
#10323 = ORIENTED_EDGE ( 'NONE', *, *, #6364, .T. ) ;
#10324 = DIRECTION ( 'NONE',  ( 0.000000000000000000, 0.000000000000000000, -1.000000000000000000 ) ) ;
#10325 = DIRECTION ( 'NONE',  ( 0.9620213048227808095, -0.2729743743780254084, 0.000000000000000000 ) ) ;
#10326 = DIRECTION ( 'NONE',  ( -0.8000000104689519720, 0.5999999860413971486, 0.000000000000000000 ) ) ;
#10327 = EDGE_LOOP ( 'NONE', ( #8683, #4206, #2180, #2599 ) ) ;
#10328 = ORIENTED_EDGE ( 'NONE', *, *, #1410, .T. ) ;
#10329 = DIRECTION ( 'NONE',  ( -0.9999983465869110022, -0.001818467333809000016, 0.000000000000000000 ) ) ;
#10330 = VERTEX_POINT ( 'NONE', #8976 ) ;
#10331 = PRODUCT_DEFINITION_CONTEXT ( 'detailed design', #1302, 'design' ) ;
#10332 = PRESENTATION_LAYER_ASSIGNMENT (  '', '', ( #11991 ) ) ;
#10333 = CARTESIAN_POINT ( 'NONE',  ( 0.8000000000000000444, -0.6960358778014988923, 0.2248101690442100009 ) ) ;
#10334 = CARTESIAN_POINT ( 'NONE',  ( 0.8000000000000000444, 0.8000000000000000444, 0.000000000000000000 ) ) ;
#10335 = DIRECTION ( 'NONE',  ( -0.003291678434346405335, -0.9999945824118673388, 0.000000000000000000 ) ) ;
#10336 = ORIENTED_EDGE ( 'NONE', *, *, #9109, .F. ) ;
#10337 = CARTESIAN_POINT ( 'NONE',  ( -0.09334158133009319569, 0.6645957609276059719, 0.4000000000000000222 ) ) ;
#10338 = PLANE ( 'NONE',  #12293 ) ;
#10339 = DIRECTION ( 'NONE',  ( -4.407263316210243349E-12, -1.000000000000000000, 0.000000000000000000 ) ) ;
#10340 = VERTEX_POINT ( 'NONE', #10133 ) ;
#10341 = EDGE_CURVE ( 'NONE', #6145, #5352, #6950, .T. ) ;
#10342 = CARTESIAN_POINT ( 'NONE',  ( -0.7800000000000000266, -0.1225276258470749946, 0.05000000000000000278 ) ) ;
#10343 = LINE ( 'NONE', #4408, #7821 ) ;
#10344 = AXIS2_PLACEMENT_3D ( 'NONE', #4660, #8526, #11498 ) ;
#10345 = ORIENTED_EDGE ( 'NONE', *, *, #9038, .T. ) ;
#10346 = DIRECTION ( 'NONE',  ( 0.000000000000000000, 0.000000000000000000, 1.000000000000000000 ) ) ;
#10347 = CARTESIAN_POINT ( 'NONE',  ( -0.7738754645990779668, -0.1000000000000000056, 0.05585786437626905770 ) ) ;
#10348 = CARTESIAN_POINT ( 'NONE',  ( 0.2948103581690544872, 0.06967328794037221107, 0.1000000000000000056 ) ) ;
#10349 = CARTESIAN_POINT ( 'NONE',  ( -0.2384031841765470172, 0.1661017834119890013, 0.5999999999999999778 ) ) ;
#10350 = FACE_OUTER_BOUND ( 'NONE', #10376, .T. ) ;
#10351 = ORIENTED_EDGE ( 'NONE', *, *, #7865, .F. ) ;
#10352 = LINE ( 'NONE', #354, #12753 ) ;
#10353 = ADVANCED_FACE ( 'NONE', ( #8079 ), #5305, .T. ) ;
#10354 = CARTESIAN_POINT ( 'NONE',  ( 0.3092331965106679958, 0.08721450602993020829, 0.000000000000000000 ) ) ;
#10355 = LINE ( 'NONE', #12481, #3738 ) ;
#10356 = CARTESIAN_POINT ( 'NONE',  ( 0.2941845782070834914, 0.06542169217347129639, 0.000000000000000000 ) ) ;
#10357 = ORIENTED_EDGE ( 'NONE', *, *, #851, .F. ) ;
#10358 = ORIENTED_EDGE ( 'NONE', *, *, #9241, .T. ) ;
#10359 = ORIENTED_EDGE ( 'NONE', *, *, #8069, .F. ) ;
#10360 = EDGE_CURVE ( 'NONE', #6394, #1261, #11032, .T. ) ;
#10361 = DIRECTION ( 'NONE',  ( -0.9615570232677776996, 0.2746053368097759462, 0.000000000000000000 ) ) ;
#10362 = CARTESIAN_POINT ( 'NONE',  ( -0.05271326587692699850, -0.04683434844109950201, 0.5999999999999999778 ) ) ;
#10363 = CARTESIAN_POINT ( 'NONE',  ( 0.2187869229859329967, 0.05530536313800479831, 0.1000000000000000056 ) ) ;
#10364 = EDGE_CURVE ( 'NONE', #889, #5580, #9417, .T. ) ;
#10365 = CARTESIAN_POINT ( 'NONE',  ( 0.8000000000000000444, -0.7306244867775300023, 0.07199926448865659467 ) ) ;
#10366 = ADVANCED_FACE ( 'NONE', ( #7357 ), #1546, .T. ) ;
#10367 = DIRECTION ( 'NONE',  ( 1.000000000000000000, 0.000000000000000000, 0.000000000000000000 ) ) ;
#10368 = EDGE_LOOP ( 'NONE', ( #2067, #8993, #10357, #9013 ) ) ;
#10369 = CYLINDRICAL_SURFACE ( 'NONE', #2231, 0.08000000000000002942 ) ;
#10370 = DIRECTION ( 'NONE',  ( 0.9618025924173457808, -0.2737439921153946298, 0.000000000000000000 ) ) ;
#10371 = ORIENTED_EDGE ( 'NONE', *, *, #11235, .F. ) ;
#10372 = ORIENTED_EDGE ( 'NONE', *, *, #9428, .T. ) ;
#10373 = VERTEX_POINT ( 'NONE', #5441 ) ;
#10374 = EDGE_CURVE ( 'NONE', #4792, #6078, #8801, .T. ) ;
#10375 = EDGE_CURVE ( 'NONE', #2680, #12658, #9489, .T. ) ;
#10376 = EDGE_LOOP ( 'NONE', ( #6334, #1621, #10184, #6878 ) ) ;
#10377 = FACE_OUTER_BOUND ( 'NONE', #8800, .T. ) ;
#10378 = EDGE_CURVE ( 'NONE', #1396, #5772, #2576, .T. ) ;
#10379 = DIRECTION ( 'NONE',  ( 0.000000000000000000, 0.000000000000000000, 1.000000000000000000 ) ) ;
#10380 = EDGE_CURVE ( 'NONE', #11013, #9861, #4058, .T. ) ;
#10381 = FACE_OUTER_BOUND ( 'NONE', #6583, .T. ) ;
#10382 = CARTESIAN_POINT ( 'NONE',  ( -0.8000000000000000444, 0.4000000000000000222, 0.07199926448865659467 ) ) ;
#10383 = VERTEX_POINT ( 'NONE', #10382 ) ;
#10384 = DIRECTION ( 'NONE',  ( -0.2021199724428329458, -0.9793607694510274575, 0.000000000000000000 ) ) ;
#10385 = CYLINDRICAL_SURFACE ( 'NONE', #2016, 0.08000000000000002942 ) ;
#10386 = DIRECTION ( 'NONE',  ( 0.000000000000000000, 0.000000000000000000, -1.000000000000000000 ) ) ;
#10387 = ORIENTED_EDGE ( 'NONE', *, *, #11634, .T. ) ;
#10388 = ORIENTED_EDGE ( 'NONE', *, *, #11817, .F. ) ;
#10389 = ORIENTED_EDGE ( 'NONE', *, *, #456, .T. ) ;
#10390 = ADVANCED_FACE ( 'NONE', ( #1614 ), #574, .T. ) ;
#10391 = CARTESIAN_POINT ( 'NONE',  ( 0.2366831626601859639, -0.7405531811372209061, 0.3973147252801209617 ) ) ;
#10392 = DIRECTION ( 'NONE',  ( 0.000000000000000000, -1.000000000000000000, 0.000000000000000000 ) ) ;
#10393 = CARTESIAN_POINT ( 'NONE',  ( 0.2948103581690544872, 0.06967328794037221107, 0.000000000000000000 ) ) ;
#10394 = ORIENTED_EDGE ( 'NONE', *, *, #9740, .F. ) ;
#10395 = LINE ( 'NONE', #2531, #9267 ) ;
#10396 = DIRECTION ( 'NONE',  ( -1.000000000000000000, 0.000000000000000000, 0.000000000000000000 ) ) ;
#10397 = DIRECTION ( 'NONE',  ( 0.000000000000000000, 0.000000000000000000, 1.000000000000000000 ) ) ;
#10398 = EDGE_LOOP ( 'NONE', ( #1977, #4324, #700, #5391 ) ) ;
#10399 = LINE ( 'NONE', #1569, #4779 ) ;
#10400 = PRESENTATION_LAYER_ASSIGNMENT (  '', '', ( #3199 ) ) ;
#10401 = ORIENTED_EDGE ( 'NONE', *, *, #12512, .F. ) ;
#10402 = AXIS2_PLACEMENT_3D ( 'NONE', #8335, #12266, #6233 ) ;
#10403 =( NAMED_UNIT ( * ) SI_UNIT ( $, .STERADIAN. ) SOLID_ANGLE_UNIT ( ) );
#10404 = EDGE_CURVE ( 'NONE', #4430, #12224, #9213, .T. ) ;
#10405 = AXIS2_PLACEMENT_3D ( 'NONE', #5868, #9782, #2169 ) ;
#10406 = FACE_OUTER_BOUND ( 'NONE', #4470, .T. ) ;
#10407 = DIRECTION ( 'NONE',  ( 0.000000000000000000, 1.000000000000000000, 0.000000000000000000 ) ) ;
#10408 = CARTESIAN_POINT ( 'NONE',  ( 0.2917544852710104442, 0.06836647021013281256, 0.1000000000000000056 ) ) ;
#10409 = LINE ( 'NONE', #803, #2186 ) ;
#10410 = ORIENTED_EDGE ( 'NONE', *, *, #997, .F. ) ;
#10411 = DIRECTION ( 'NONE',  ( 0.000000000000000000, 0.000000000000000000, 1.000000000000000000 ) ) ;
#10412 = CARTESIAN_POINT ( 'NONE',  ( 0.2166628698080144966, 0.04151327488531900145, 0.1000000000000000056 ) ) ;
#10413 = AXIS2_PLACEMENT_3D ( 'NONE', #8419, #12409, #1705 ) ;
#10414 = AXIS2_PLACEMENT_3D ( 'NONE', #10076, #8133, #10132 ) ;
#10415 = CYLINDRICAL_SURFACE ( 'NONE', #12596, 0.05000000000000002359 ) ;
#10416 = DIRECTION ( 'NONE',  ( 0.000000000000000000, 0.000000000000000000, 1.000000000000000000 ) ) ;
#10417 = ORIENTED_EDGE ( 'NONE', *, *, #9509, .T. ) ;
#10418 = ORIENTED_EDGE ( 'NONE', *, *, #1781, .T. ) ;
#10419 = CIRCLE ( 'NONE', #1987, 0.001010159697840785865 ) ;
#10420 = ORIENTED_EDGE ( 'NONE', *, *, #6059, .T. ) ;
#10421 = CARTESIAN_POINT ( 'NONE',  ( 0.2750000000000000222, 0.4000000000000000222, -0.1417497762095429881 ) ) ;
#10422 = EDGE_CURVE ( 'NONE', #2633, #10956, #9353, .T. ) ;
#10423 = SURFACE_STYLE_FILL_AREA ( #10558 ) ;
#10424 = VECTOR ( 'NONE', #10309, 1000.000000000000000 ) ;
#10425 = FACE_OUTER_BOUND ( 'NONE', #4857, .T. ) ;
#10426 = DIRECTION ( 'NONE',  ( -1.000000000000000000, -1.224646799147355672E-16, 0.000000000000000000 ) ) ;
#10427 = AXIS2_PLACEMENT_3D ( 'NONE', #11502, #1750, #2593 ) ;
#10428 = CARTESIAN_POINT ( 'NONE',  ( 0.08673703654456119128, 0.05260312050078429225, 0.1000000000000000056 ) ) ;
#10429 = DIRECTION ( 'NONE',  ( 0.000000000000000000, 0.000000000000000000, -1.000000000000000000 ) ) ;
#10430 = VERTEX_POINT ( 'NONE', #2454 ) ;
#10431 = DIRECTION ( 'NONE',  ( 0.000000000000000000, 0.000000000000000000, -1.000000000000000000 ) ) ;
#10432 = DIRECTION ( 'NONE',  ( 0.2729102181661069992, 0.9620395068917533266, 0.000000000000000000 ) ) ;
#10433 = EDGE_LOOP ( 'NONE', ( #186, #8485, #6026, #1221, #3054, #7675, #239, #122, #6222, #4185, #9088 ) ) ;
#10434 = VERTEX_POINT ( 'NONE', #11483 ) ;
#10435 = ORIENTED_EDGE ( 'NONE', *, *, #5192, .F. ) ;
#10436 = ORIENTED_EDGE ( 'NONE', *, *, #8610, .F. ) ;
#10437 = CIRCLE ( 'NONE', #8181, 0.08000000000000002942 ) ;
#10438 = EDGE_CURVE ( 'NONE', #3230, #549, #8579, .T. ) ;
#10439 = CIRCLE ( 'NONE', #4896, 0.003066740010375757202 ) ;
#10440 = DIRECTION ( 'NONE',  ( 0.000000000000000000, -0.2498780111313130825, 0.9682773257456043225 ) ) ;
#10441 = LINE ( 'NONE', #7682, #710 ) ;
#10442 = EDGE_CURVE ( 'NONE', #756, #5296, #12386, .T. ) ;
#10443 = DIRECTION ( 'NONE',  ( 0.000000000000000000, -0.7071067811865482389, 0.7071067811865467956 ) ) ;
#10444 = CIRCLE ( 'NONE', #11496, 0.02023294601800594908 ) ;
#10445 = DIRECTION ( 'NONE',  ( -0.9940203044597298865, -0.1091953951491817371, 0.000000000000000000 ) ) ;
#10446 = ORIENTED_EDGE ( 'NONE', *, *, #5816, .T. ) ;
#10447 = EDGE_CURVE ( 'NONE', #4919, #12318, #11357, .T. ) ;
#10448 = AXIS2_PLACEMENT_3D ( 'NONE', #12026, #9315, #6292 ) ;
#10449 = LINE ( 'NONE', #10515, #12563 ) ;
#10450 = LINE ( 'NONE', #642, #3045 ) ;
#10451 = DIRECTION ( 'NONE',  ( 1.000000000000000000, 0.000000000000000000, 0.000000000000000000 ) ) ;
#10452 = EDGE_LOOP ( 'NONE', ( #8642, #12032, #4239, #5496 ) ) ;
#10453 = VECTOR ( 'NONE', #8864, 1000.000000000000000 ) ;
#10454 = ORIENTED_EDGE ( 'NONE', *, *, #1393, .T. ) ;
#10455 = DIRECTION ( 'NONE',  ( 0.000000000000000000, 0.000000000000000000, 1.000000000000000000 ) ) ;
#10456 = ORIENTED_EDGE ( 'NONE', *, *, #3681, .T. ) ;
#10457 = VECTOR ( 'NONE', #896, 1000.000000000000000 ) ;
#10458 = EDGE_CURVE ( 'NONE', #1012, #9318, #1487, .T. ) ;
#10459 = EDGE_CURVE ( 'NONE', #10310, #1887, #10437, .T. ) ;
#10460 = CIRCLE ( 'NONE', #2858, 0.08000000000000002942 ) ;
#10461 = CARTESIAN_POINT ( 'NONE',  ( 0.2270116684246125116, 0.05856514002168360794, 0.1000000000000000056 ) ) ;
#10462 = VECTOR ( 'NONE', #2345, 1000.000000000000000 ) ;
#10463 = EDGE_CURVE ( 'NONE', #9793, #7204, #505, .T. ) ;
#10464 = LINE ( 'NONE', #12656, #8781 ) ;
#10465 = PRODUCT ( 'Murata Logo 3^1_Murata_Electronics_-_MM8930-2620RJ4(2)_Murata_Electronics_-_MM8930-2620RJ4', 'Murata Logo 3^1_Murata_Electronics_-_MM8930-2620RJ4(2)_Murata_Electronics_-_MM8930-2620RJ4', '', ( #10266 ) ) ;
#10466 = DIRECTION ( 'NONE',  ( 0.000000000000000000, 0.000000000000000000, -1.000000000000000000 ) ) ;
#10467 = ORIENTED_EDGE ( 'NONE', *, *, #11976, .T. ) ;
#10468 = CARTESIAN_POINT ( 'NONE',  ( 0.000000000000000000, 0.000000000000000000, 0.8699999999999999956 ) ) ;
#10469 = CARTESIAN_POINT ( 'NONE',  ( -0.4000000000000000222, -0.7765685424949239080, 0.3765685424949237747 ) ) ;
#10470 = CARTESIAN_POINT ( 'NONE',  ( 0.1131615436026759958, -0.7200000000000000844, 0.3200000000000000067 ) ) ;
#10471 = ORIENTED_EDGE ( 'NONE', *, *, #4196, .F. ) ;
#10472 = TOROIDAL_SURFACE ( 'NONE', #9039, 0.4699999999999999734, 0.03000000000000000236 ) ;
#10473 = AXIS2_PLACEMENT_3D ( 'NONE', #2685, #2549, #10416 ) ;
#10474 = VERTEX_POINT ( 'NONE', #12515 ) ;
#10475 = CIRCLE ( 'NONE', #6164, 0.08000000000000002942 ) ;
#10476 = LINE ( 'NONE', #11382, #7953 ) ;
#10477 = CIRCLE ( 'NONE', #1625, 0.08000000000000002942 ) ;
#10478 = CARTESIAN_POINT ( 'NONE',  ( -0.4000000000000000222, -0.7200000000000000844, 0.3200000000000000067 ) ) ;
#10479 = DIRECTION ( 'NONE',  ( 0.000000000000000000, 1.000000000000000000, 0.000000000000000000 ) ) ;
#10480 = AXIS2_PLACEMENT_3D ( 'NONE', #12277, #7383, #12592 ) ;
#10481 = DIRECTION ( 'NONE',  ( 0.000000000000000000, 0.000000000000000000, 1.000000000000000000 ) ) ;
#10482 = DIRECTION ( 'NONE',  ( 0.000000000000000000, 0.000000000000000000, -1.000000000000000000 ) ) ;
#10483 = ORIENTED_EDGE ( 'NONE', *, *, #8705, .F. ) ;
#10484 = LINE ( 'NONE', #11584, #11511 ) ;
#10485 = VECTOR ( 'NONE', #11448, 1000.000000000000000 ) ;
#10486 = LINE ( 'NONE', #6493, #12507 ) ;
#10487 = CIRCLE ( 'NONE', #12138, 0.006351713868063179648 ) ;
#10488 = CARTESIAN_POINT ( 'NONE',  ( 0.1836338809727350030, 0.09825163886282409220, 0.1000000000000000056 ) ) ;
#10489 = CARTESIAN_POINT ( 'NONE',  ( 0.06189057156060299991, 0.06177419333460469619, 0.000000000000000000 ) ) ;
#10490 = VERTEX_POINT ( 'NONE', #7624 ) ;
#10491 = ORIENTED_EDGE ( 'NONE', *, *, #9951, .T. ) ;
#10492 = ORIENTED_EDGE ( 'NONE', *, *, #5951, .T. ) ;
#10493 = VECTOR ( 'NONE', #9953, 1000.000000000000000 ) ;
#10494 = DIRECTION ( 'NONE',  ( 0.000000000000000000, 0.000000000000000000, -1.000000000000000000 ) ) ;
#10495 = CARTESIAN_POINT ( 'NONE',  ( -0.1866831626601859750, 0.7145957609276060163, 0.4000000000000000222 ) ) ;
#10496 = VECTOR ( 'NONE', #4214, 1000.000000000000114 ) ;
#10497 = DIRECTION ( 'NONE',  ( 0.000000000000000000, 0.000000000000000000, 1.000000000000000000 ) ) ;
#10498 = CARTESIAN_POINT ( 'NONE',  ( 0.03023322875819575359, 0.02905534533374659958, 0.1000000000000000056 ) ) ;
#10499 = DIRECTION ( 'NONE',  ( -0.3576606756629536754, 0.9338516162026595513, 0.000000000000000000 ) ) ;
#10500 = CARTESIAN_POINT ( 'NONE',  ( 0.4000000000000000222, 0.4000000000000000222, 0.000000000000000000 ) ) ;
#10501 = ORIENTED_EDGE ( 'NONE', *, *, #2181, .T. ) ;
#10502 = CARTESIAN_POINT ( 'NONE',  ( 0.1131615436026759958, 0.7145957609276060163, 0.2967297185801399673 ) ) ;
#10503 = EDGE_CURVE ( 'NONE', #8219, #9956, #5934, .T. ) ;
#10504 = DIRECTION ( 'NONE',  ( -1.000000000000000000, 0.000000000000000000, 0.000000000000000000 ) ) ;
#10505 = ORIENTED_EDGE ( 'NONE', *, *, #1057, .T. ) ;
#10506 = VERTEX_POINT ( 'NONE', #8386 ) ;
#10507 = CIRCLE ( 'NONE', #2245, 0.0008830172618225721332 ) ;
#10508 = ORIENTED_EDGE ( 'NONE', *, *, #4547, .F. ) ;
#10509 = ORIENTED_EDGE ( 'NONE', *, *, #51, .F. ) ;
#10510 = CARTESIAN_POINT ( 'NONE',  ( -0.1131615436026759958, -0.7200000000000000844, 0.3200000000000000067 ) ) ;
#10511 = LINE ( 'NONE', #2843, #298 ) ;
#10512 = CARTESIAN_POINT ( 'NONE',  ( 0.2050745024916884873, 0.09722892405136669691, 0.000000000000000000 ) ) ;
#10513 = DIRECTION ( 'NONE',  ( -1.000000000000000000, 0.000000000000000000, 0.000000000000000000 ) ) ;
#10514 = VERTEX_POINT ( 'NONE', #12322 ) ;
#10515 = CARTESIAN_POINT ( 'NONE',  ( 0.2201212738959474891, 0.07702871965215429828, 0.000000000000000000 ) ) ;
#10516 = DIRECTION ( 'NONE',  ( -0.2681308641996781872, 0.9633824991474225774, 0.000000000000000000 ) ) ;
#10517 = EDGE_CURVE ( 'NONE', #10315, #4905, #3490, .T. ) ;
#10518 = FACE_OUTER_BOUND ( 'NONE', #8763, .T. ) ;
#10519 = VERTEX_POINT ( 'NONE', #6465 ) ;
#10520 = VERTEX_POINT ( 'NONE', #2847 ) ;
#10521 = ORIENTED_EDGE ( 'NONE', *, *, #5268, .T. ) ;
#10522 = CIRCLE ( 'NONE', #12581, 0.001147022812668636958 ) ;
#10523 = ADVANCED_FACE ( 'NONE', ( #10639 ), #1882, .T. ) ;
#10524 = EDGE_CURVE ( 'NONE', #2694, #11288, #1737, .T. ) ;
#10525 = CARTESIAN_POINT ( 'NONE',  ( 0.8000000000000000444, -0.4000000000000000222, 0.07199926448865659467 ) ) ;
#10526 = DIRECTION ( 'NONE',  ( 0.000000000000000000, 0.000000000000000000, -1.000000000000000000 ) ) ;
#10527 = EDGE_CURVE ( 'NONE', #6567, #5351, #3207, .T. ) ;
#10528 = LINE ( 'NONE', #11304, #7766 ) ;
#10529 = ORIENTED_EDGE ( 'NONE', *, *, #5589, .T. ) ;
#10530 = EDGE_CURVE ( 'NONE', #4498, #1482, #138, .T. ) ;
#10531 = DIRECTION ( 'NONE',  ( 0.000000000000000000, 0.000000000000000000, -1.000000000000000000 ) ) ;
#10532 = CARTESIAN_POINT ( 'NONE',  ( -0.4000000000000000222, -0.7200000000000000844, 0.4000000000000000222 ) ) ;
#10533 = AXIS2_PLACEMENT_3D ( 'NONE', #11390, #9523, #8491 ) ;
#10534 = ADVANCED_FACE ( 'NONE', ( #7987 ), #1811, .F. ) ;
#10535 = DIRECTION ( 'NONE',  ( 0.000000000000000000, -1.000000000000000000, 0.000000000000000000 ) ) ;
#10536 = ORIENTED_EDGE ( 'NONE', *, *, #2545, .F. ) ;
#10537 = DIRECTION ( 'NONE',  ( -1.000000000000000000, 0.000000000000000000, 0.000000000000000000 ) ) ;
#10538 = ORIENTED_EDGE ( 'NONE', *, *, #4372, .T. ) ;
#10539 = EDGE_CURVE ( 'NONE', #1794, #6406, #5823, .T. ) ;
#10540 = EDGE_CURVE ( 'NONE', #3362, #4177, #11919, .T. ) ;
#10541 = CARTESIAN_POINT ( 'NONE',  ( 0.1390179589796421977, 0.05801304451646480120, 0.1000000000000000056 ) ) ;
#10542 = VECTOR ( 'NONE', #8997, 1000.000000000000114 ) ;
#10543 = CARTESIAN_POINT ( 'NONE',  ( -0.4068465942575619776, -0.1000000000000000056, 0.05000000000000000278 ) ) ;
#10544 = CARTESIAN_POINT ( 'NONE',  ( 0.1098009430318816065, 0.05825911988164559491, 0.000000000000000000 ) ) ;
#10545 = DIRECTION ( 'NONE',  ( 0.000000000000000000, 0.000000000000000000, 1.000000000000000000 ) ) ;
#10546 = DIRECTION ( 'NONE',  ( 1.000000000000000000, 0.000000000000000000, 0.000000000000000000 ) ) ;
#10547 = ORIENTED_EDGE ( 'NONE', *, *, #10215, .F. ) ;
#10548 = LINE ( 'NONE', #10602, #10485 ) ;
#10549 = FACE_OUTER_BOUND ( 'NONE', #5565, .T. ) ;
#10550 = VECTOR ( 'NONE', #11176, 1000.000000000000000 ) ;
#10551 = LINE ( 'NONE', #10676, #4772 ) ;
#10552 = CARTESIAN_POINT ( 'NONE',  ( 0.2917544852710104442, 0.06836647021013281256, 0.1000000000000000056 ) ) ;
#10553 =( GEOMETRIC_REPRESENTATION_CONTEXT ( 3 ) GLOBAL_UNCERTAINTY_ASSIGNED_CONTEXT ( ( #8663 ) ) GLOBAL_UNIT_ASSIGNED_CONTEXT ( ( #5581, #4658, #9496 ) ) REPRESENTATION_CONTEXT ( 'NONE', 'WORKASPACE' ) );
#10554 = VERTEX_POINT ( 'NONE', #5689 ) ;
#10555 = ORIENTED_EDGE ( 'NONE', *, *, #3995, .T. ) ;
#10556 = EDGE_CURVE ( 'NONE', #9927, #899, #8056, .T. ) ;
#10557 = LINE ( 'NONE', #1720, #733 ) ;
#10558 = FILL_AREA_STYLE ('',( #2555 ) ) ;
#10559 = DIRECTION ( 'NONE',  ( -1.000000000000000000, 0.000000000000000000, 0.000000000000000000 ) ) ;
#10560 = DIRECTION ( 'NONE',  ( 0.000000000000000000, 0.000000000000000000, 1.000000000000000000 ) ) ;
#10561 = LINE ( 'NONE', #6636, #6919 ) ;
#10562 = DIRECTION ( 'NONE',  ( 0.000000000000000000, -1.000000000000000000, 0.000000000000000000 ) ) ;
#10563 = DIRECTION ( 'NONE',  ( -1.000000000000000000, 0.000000000000000000, 0.000000000000000000 ) ) ;
#10564 = ORIENTED_EDGE ( 'NONE', *, *, #8798, .F. ) ;
#10565 = DIRECTION ( 'NONE',  ( 0.4653753323071734282, -0.8851134391025751169, 0.000000000000000000 ) ) ;
#10566 = LINE ( 'NONE', #2444, #228 ) ;
#10567 = ORIENTED_EDGE ( 'NONE', *, *, #11392, .T. ) ;
#10568 = ORIENTED_EDGE ( 'NONE', *, *, #5264, .F. ) ;
#10569 = ORIENTED_EDGE ( 'NONE', *, *, #8899, .T. ) ;
#10570 = ORIENTED_EDGE ( 'NONE', *, *, #2621, .T. ) ;
#10571 = DIRECTION ( 'NONE',  ( -1.000000000000000000, 0.000000000000000000, 0.000000000000000000 ) ) ;
#10572 = CARTESIAN_POINT ( 'NONE',  ( 0.8000000000000000444, -0.4000000000000000222, 0.000000000000000000 ) ) ;
#10573 = EDGE_CURVE ( 'NONE', #11288, #2882, #2172, .T. ) ;
#10574 = DIRECTION ( 'NONE',  ( 0.7982149218191910700, 0.6023727571738139996, 0.000000000000000000 ) ) ;
#10575 = CARTESIAN_POINT ( 'NONE',  ( 0.1153768474558780066, 0.05586996692755619165, 0.000000000000000000 ) ) ;
#10576 = VERTEX_POINT ( 'NONE', #768 ) ;
#10577 = CARTESIAN_POINT ( 'NONE',  ( 0.8000000000000000444, -0.6612489735550610703, 0.1219992644886569999 ) ) ;
#10578 = DIRECTION ( 'NONE',  ( 0.000000000000000000, 0.000000000000000000, 1.000000000000000000 ) ) ;
#10579 = CARTESIAN_POINT ( 'NONE',  ( 0.2997499940147945185, 0.06482306056529039962, 0.000000000000000000 ) ) ;
#10580 = ORIENTED_EDGE ( 'NONE', *, *, #10781, .F. ) ;
#10581 = ORIENTED_EDGE ( 'NONE', *, *, #6688, .F. ) ;
#10582 = CARTESIAN_POINT ( 'NONE',  ( 0.03913233982356739693, -1.112059828292720098, 0.000000000000000000 ) ) ;
#10583 = ORIENTED_EDGE ( 'NONE', *, *, #2183, .F. ) ;
#10584 = EDGE_CURVE ( 'NONE', #7880, #6824, #10712, .T. ) ;
#10585 = LINE ( 'NONE', #6725, #4582 ) ;
#10586 = DIRECTION ( 'NONE',  ( -0.9621778292990132986, -0.2724221444843262785, 0.000000000000000000 ) ) ;
#10587 = CARTESIAN_POINT ( 'NONE',  ( 0.1571402551370909839, 0.03597915983027454717, 0.000000000000000000 ) ) ;
#10588 = ORIENTED_EDGE ( 'NONE', *, *, #445, .T. ) ;
#10589 = CARTESIAN_POINT ( 'NONE',  ( 0.2054260905944104987, 0.06828907263315558973, 0.000000000000000000 ) ) ;
#10590 = DIRECTION ( 'NONE',  ( 0.000000000000000000, 0.000000000000000000, 1.000000000000000000 ) ) ;
#10591 = DIRECTION ( 'NONE',  ( 0.9080958435672259466, 0.4187623895431969445, 0.000000000000000000 ) ) ;
#10592 = ORIENTED_EDGE ( 'NONE', *, *, #3567, .T. ) ;
#10593 = DIRECTION ( 'NONE',  ( 0.000000000000000000, -1.000000000000000000, 0.000000000000000000 ) ) ;
#10594 = VERTEX_POINT ( 'NONE', #9684 ) ;
#10595 = EDGE_CURVE ( 'NONE', #7929, #12200, #12642, .T. ) ;
#10596 = DIRECTION ( 'NONE',  ( 0.000000000000000000, 0.000000000000000000, 1.000000000000000000 ) ) ;
#10597 = CARTESIAN_POINT ( 'NONE',  ( -0.2750000000000000222, -0.7765685424949239080, 0.02343145750507626135 ) ) ;
#10598 = PLANE ( 'NONE',  #311 ) ;
#10599 = DIRECTION ( 'NONE',  ( 0.000000000000000000, 0.000000000000000000, -1.000000000000000000 ) ) ;
#10600 = ORIENTED_EDGE ( 'NONE', *, *, #10738, .F. ) ;
#10601 = VECTOR ( 'NONE', #6132, 1000.000000000000000 ) ;
#10602 = CARTESIAN_POINT ( 'NONE',  ( 0.8000000000000000444, 0.7046741902800309765, 0.2582836310259130075 ) ) ;
#10603 = DIRECTION ( 'NONE',  ( 0.000000000000000000, 0.000000000000000000, -1.000000000000000000 ) ) ;
#10604 = EDGE_CURVE ( 'NONE', #3010, #2190, #9081, .T. ) ;
#10605 = EDGE_CURVE ( 'NONE', #5351, #11682, #11984, .T. ) ;
#10606 = DIRECTION ( 'NONE',  ( 0.000000000000000000, 0.000000000000000000, 1.000000000000000000 ) ) ;
#10607 = DIRECTION ( 'NONE',  ( 0.000000000000000000, 0.000000000000000000, 1.000000000000000000 ) ) ;
#10608 = ORIENTED_EDGE ( 'NONE', *, *, #8890, .T. ) ;
#10609 = ORIENTED_EDGE ( 'NONE', *, *, #255, .F. ) ;
#10610 = ADVANCED_FACE ( 'NONE', ( #11006 ), #234, .F. ) ;
#10611 = DIRECTION ( 'NONE',  ( 1.000000000000000000, 0.000000000000000000, 0.000000000000000000 ) ) ;
#10612 = ADVANCED_FACE ( 'NONE', ( #2775 ), #10948, .T. ) ;
#10613 = AXIS2_PLACEMENT_3D ( 'NONE', #10039, #11728, #4115 ) ;
#10614 = DIRECTION ( 'NONE',  ( 0.000000000000000000, 0.000000000000000000, 1.000000000000000000 ) ) ;
#10615 = DIRECTION ( 'NONE',  ( 0.000000000000000000, 0.000000000000000000, 1.000000000000000000 ) ) ;
#10616 = CARTESIAN_POINT ( 'NONE',  ( -0.1866831626601859750, -0.7145957609276060163, 0.4000000000000000222 ) ) ;
#10617 = AXIS2_PLACEMENT_3D ( 'NONE', #2538, #4610, #9564 ) ;
#10618 = DIRECTION ( 'NONE',  ( 0.000000000000000000, 0.000000000000000000, -1.000000000000000000 ) ) ;
#10619 = EDGE_LOOP ( 'NONE', ( #2730, #7991, #11544, #9860 ) ) ;
#10620 = CIRCLE ( 'NONE', #2584, 0.05000000000000001665 ) ;
#10621 = DIRECTION ( 'NONE',  ( 0.000000000000000000, 0.000000000000000000, 1.000000000000000000 ) ) ;
#10622 = DIRECTION ( 'NONE',  ( 0.000000000000000000, 0.000000000000000000, 1.000000000000000000 ) ) ;
#10623 = EDGE_CURVE ( 'NONE', #4052, #7613, #12584, .T. ) ;
#10624 = ORIENTED_EDGE ( 'NONE', *, *, #2980, .F. ) ;
#10625 = VECTOR ( 'NONE', #8933, 1000.000000000000000 ) ;
#10626 = CARTESIAN_POINT ( 'NONE',  ( 0.2636223749452199505, -0.1813925120511929723, 0.5999999999999999778 ) ) ;
#10627 = CARTESIAN_POINT ( 'NONE',  ( 0.000000000000000000, 0.000000000000000000, 0.000000000000000000 ) ) ;
#10628 = EDGE_LOOP ( 'NONE', ( #8040, #4745, #5720, #1319 ) ) ;
#10629 = ORIENTED_EDGE ( 'NONE', *, *, #11147, .T. ) ;
#10630 = ORIENTED_EDGE ( 'NONE', *, *, #10747, .T. ) ;
#10631 = CIRCLE ( 'NONE', #10216, 0.04999999999999999584 ) ;
#10632 = AXIS2_PLACEMENT_3D ( 'NONE', #2986, #75, #9942 ) ;
#10633 = ORIENTED_EDGE ( 'NONE', *, *, #5163, .F. ) ;
#10634 = VECTOR ( 'NONE', #5325, 1000.000000000000000 ) ;
#10635 = PLANE ( 'NONE',  #1196 ) ;
#10636 = CARTESIAN_POINT ( 'NONE',  ( 0.8000000000000000444, 0.4000000000000000222, 0.2834995524190850325 ) ) ;
#10637 = CARTESIAN_POINT ( 'NONE',  ( 0.2798247592475764933, 0.03312752572621634889, 0.1000000000000000056 ) ) ;
#10638 = CARTESIAN_POINT ( 'NONE',  ( -0.004222912608168371239, -0.09744290549092954334, 0.5999999999999999778 ) ) ;
#10639 = FACE_OUTER_BOUND ( 'NONE', #5830, .T. ) ;
#10640 = EDGE_LOOP ( 'NONE', ( #1329, #5843, #1969, #9052 ) ) ;
#10641 = VECTOR ( 'NONE', #1793, 1000.000000000000000 ) ;
#10642 = LINE ( 'NONE', #7687, #7219 ) ;
#10643 = CARTESIAN_POINT ( 'NONE',  ( 0.3008524015297938670, -0.2522015871793990005, 0.5999999999999999778 ) ) ;
#10644 = PLANE ( 'NONE',  #7651 ) ;
#10645 = ORIENTED_EDGE ( 'NONE', *, *, #4799, .T. ) ;
#10646 = ORIENTED_EDGE ( 'NONE', *, *, #7522, .F. ) ;
#10647 = DIRECTION ( 'NONE',  ( 0.000000000000000000, 0.000000000000000000, 1.000000000000000000 ) ) ;
#10648 = VECTOR ( 'NONE', #1517, 1000.000000000000000 ) ;
#10649 = ORIENTED_EDGE ( 'NONE', *, *, #2907, .T. ) ;
#10650 = VECTOR ( 'NONE', #9129, 1000.000000000000000 ) ;
#10651 = LINE ( 'NONE', #5774, #449 ) ;
#10652 = VECTOR ( 'NONE', #732, 1000.000000000000000 ) ;
#10653 = VECTOR ( 'NONE', #7098, 1000.000000000000000 ) ;
#10654 = CARTESIAN_POINT ( 'NONE',  ( 0.3122743859297760216, 0.03529323006768165377, 0.000000000000000000 ) ) ;
#10655 = PLANE ( 'NONE',  #534 ) ;
#10656 = ORIENTED_EDGE ( 'NONE', *, *, #11561, .F. ) ;
#10657 = LINE ( 'NONE', #856, #3087 ) ;
#10658 = CARTESIAN_POINT ( 'NONE',  ( 0.2272837770416690217, 0.05284039782020250042, 0.000000000000000000 ) ) ;
#10659 = CARTESIAN_POINT ( 'NONE',  ( -0.2750000000000000222, -0.7200000000000000844, 0.08000000000000000167 ) ) ;
#10660 = ORIENTED_EDGE ( 'NONE', *, *, #7113, .T. ) ;
#10661 = SURFACE_SIDE_STYLE ('',( #794 ) ) ;
#10662 = EDGE_CURVE ( 'NONE', #10520, #7335, #7352, .T. ) ;
#10663 = VECTOR ( 'NONE', #8931, 1000.000000000000000 ) ;
#10664 = ORIENTED_EDGE ( 'NONE', *, *, #1296, .T. ) ;
#10665 = VECTOR ( 'NONE', #6322, 1000.000000000000000 ) ;
#10666 = VECTOR ( 'NONE', #5520, 1000.000000000000114 ) ;
#10667 = DIRECTION ( 'NONE',  ( 0.000000000000000000, 0.000000000000000000, 1.000000000000000000 ) ) ;
#10668 = DIRECTION ( 'NONE',  ( -1.000000000000000000, 0.000000000000000000, 0.000000000000000000 ) ) ;
#10669 = CARTESIAN_POINT ( 'NONE',  ( 0.2254866931837574973, 0.06122091647642889656, 0.1000000000000000056 ) ) ;
#10670 = VECTOR ( 'NONE', #9795, 1000.000000000000000 ) ;
#10671 = LINE ( 'NONE', #11965, #9811 ) ;
#10672 = ORIENTED_EDGE ( 'NONE', *, *, #10924, .T. ) ;
#10673 = CARTESIAN_POINT ( 'NONE',  ( -0.2750000000000000222, 0.7112489735550608927, 0.2334995524190849880 ) ) ;
#10674 = DIRECTION ( 'NONE',  ( 0.9679447249515873430, -0.2511633122858428768, 0.000000000000000000 ) ) ;
#10675 = VECTOR ( 'NONE', #3209, 1000.000000000000000 ) ;
#10676 = CARTESIAN_POINT ( 'NONE',  ( 0.07270441200038449403, 0.06154316543321519672, 0.1000000000000000056 ) ) ;
#10677 = CARTESIAN_POINT ( 'NONE',  ( 0.8000000000000000444, 0.6612489735550610703, 0.1219992644886569999 ) ) ;
#10678 = EDGE_CURVE ( 'NONE', #7501, #9993, #7141, .T. ) ;
#10679 = VERTEX_POINT ( 'NONE', #11328 ) ;
#10680 = EDGE_LOOP ( 'NONE', ( #4809, #3620, #11640, #2141 ) ) ;
#10681 = VECTOR ( 'NONE', #1980, 1000.000000000000000 ) ;
#10682 = CARTESIAN_POINT ( 'NONE',  ( 0.2355732365017234875, 0.04062310122641939886, 0.1000000000000000056 ) ) ;
#10683 = AXIS2_PLACEMENT_3D ( 'NONE', #8815, #2950, #6882 ) ;
#10684 = EDGE_CURVE ( 'NONE', #9144, #7708, #4302, .T. ) ;
#10685 = DIRECTION ( 'NONE',  ( 0.7071067811865482389, 0.000000000000000000, -0.7071067811865467956 ) ) ;
#10686 = EDGE_CURVE ( 'NONE', #6640, #8054, #12290, .T. ) ;
#10687 = CIRCLE ( 'NONE', #4301, 0.5699999999999999512 ) ;
#10688 = DIRECTION ( 'NONE',  ( -0.4472136033030539304, 0.8944271870983679928, 0.000000000000000000 ) ) ;
#10689 = DIRECTION ( 'NONE',  ( 0.000000000000000000, 0.000000000000000000, 1.000000000000000000 ) ) ;
#10690 = LINE ( 'NONE', #4964, #9999 ) ;
#10691 = VECTOR ( 'NONE', #8740, 1000.000000000000114 ) ;
#10692 = CARTESIAN_POINT ( 'NONE',  ( 0.1827416817334999999, 0.1031042345598482124, 0.000000000000000000 ) ) ;
#10693 = UNCERTAINTY_MEASURE_WITH_UNIT (LENGTH_MEASURE( 1.000000000000000082E-05 ), #7771, 'distance_accuracy_value', 'NONE');
#10694 = CARTESIAN_POINT ( 'NONE',  ( 0.2366831626601859639, 0.7765685424949239080, 0.3765685424949237747 ) ) ;
#10695 = ADVANCED_FACE ( 'NONE', ( #11258 ), #291, .F. ) ;
#10696 = ORIENTED_EDGE ( 'NONE', *, *, #10375, .T. ) ;
#10697 = EDGE_CURVE ( 'NONE', #8941, #4116, #5472, .T. ) ;
#10698 = CARTESIAN_POINT ( 'NONE',  ( 0.4000000000000000222, 0.7765685424949239080, 0.02343145750507624400 ) ) ;
#10699 = ADVANCED_FACE ( 'NONE', ( #2364 ), #416, .F. ) ;
#10700 = DIRECTION ( 'NONE',  ( 1.000000000000000000, 0.000000000000000000, 0.000000000000000000 ) ) ;
#10701 = ORIENTED_EDGE ( 'NONE', *, *, #5438, .T. ) ;
#10702 = AXIS2_PLACEMENT_3D ( 'NONE', #2079, #9035, #3957 ) ;
#10703 = EDGE_LOOP ( 'NONE', ( #8303, #7741, #9330, #11557 ) ) ;
#10704 = ORIENTED_EDGE ( 'NONE', *, *, #12253, .F. ) ;
#10705 = AXIS2_PLACEMENT_3D ( 'NONE', #4281, #8220, #2349 ) ;
#10706 = ORIENTED_EDGE ( 'NONE', *, *, #9847, .F. ) ;
#10707 = EDGE_CURVE ( 'NONE', #10920, #11422, #10032, .T. ) ;
#10708 = DIRECTION ( 'NONE',  ( 0.000000000000000000, 0.000000000000000000, -1.000000000000000000 ) ) ;
#10709 = CARTESIAN_POINT ( 'NONE',  ( 0.000000000000000000, 0.000000000000000000, 0.6953141487844890500 ) ) ;
#10710 = LINE ( 'NONE', #5882, #10052 ) ;
#10711 = DIRECTION ( 'NONE',  ( -1.000000000000000000, 0.000000000000000000, 0.000000000000000000 ) ) ;
#10712 = LINE ( 'NONE', #170, #8586 ) ;
#10713 = ORIENTED_EDGE ( 'NONE', *, *, #7689, .T. ) ;
#10714 = AXIS2_PLACEMENT_3D ( 'NONE', #7108, #2206, #2142 ) ;
#10715 = CYLINDRICAL_SURFACE ( 'NONE', #9481, 0.05000000000000002359 ) ;
#10716 = CARTESIAN_POINT ( 'NONE',  ( 0.1131615436026759958, 0.8000000000000000444, 0.3200000000000000067 ) ) ;
#10717 = CYLINDRICAL_SURFACE ( 'NONE', #10931, 0.05000000000000002359 ) ;
#10718 = ORIENTED_EDGE ( 'NONE', *, *, #605, .T. ) ;
#10719 = ORIENTED_EDGE ( 'NONE', *, *, #2873, .F. ) ;
#10720 = CARTESIAN_POINT ( 'NONE',  ( 0.2924591884407760078, 0.07084999806661300414, 0.000000000000000000 ) ) ;
#10721 = ORIENTED_EDGE ( 'NONE', *, *, #8018, .T. ) ;
#10722 = AXIS2_PLACEMENT_3D ( 'NONE', #5548, #1589, #12428 ) ;
#10723 = DIRECTION ( 'NONE',  ( 1.000000000000000000, 0.000000000000000000, 0.000000000000000000 ) ) ;
#10724 = DIRECTION ( 'NONE',  ( 0.000000000000000000, -1.000000000000000000, 0.000000000000000000 ) ) ;
#10725 = DIRECTION ( 'NONE',  ( 1.000000000000000000, 0.000000000000000000, 0.000000000000000000 ) ) ;
#10726 = VERTEX_POINT ( 'NONE', #10168 ) ;
#10727 = DIRECTION ( 'NONE',  ( -1.000000000000000000, 0.000000000000000000, 0.000000000000000000 ) ) ;
#10728 = LINE ( 'NONE', #658, #2210 ) ;
#10729 = DIRECTION ( 'NONE',  ( 0.000000000000000000, 0.000000000000000000, 1.000000000000000000 ) ) ;
#10730 = ORIENTED_EDGE ( 'NONE', *, *, #4443, .F. ) ;
#10731 = ORIENTED_EDGE ( 'NONE', *, *, #8644, .F. ) ;
#10732 = ORIENTED_EDGE ( 'NONE', *, *, #10130, .T. ) ;
#10733 = CARTESIAN_POINT ( 'NONE',  ( 0.5999999999999999778, -7.347880794884117764E-17, 0.8699999999999999956 ) ) ;
#10734 = VECTOR ( 'NONE', #3670, 1000.000000000000114 ) ;
#10735 = DIRECTION ( 'NONE',  ( -0.7982149218210504715, -0.6023727571713499707, 0.000000000000000000 ) ) ;
#10736 = CARTESIAN_POINT ( 'NONE',  ( 0.06458127416065180537, 0.05260312050078400081, 0.1000000000000000056 ) ) ;
#10737 = ORIENTED_EDGE ( 'NONE', *, *, #9754, .F. ) ;
#10738 = EDGE_CURVE ( 'NONE', #11611, #6192, #5409, .T. ) ;
#10739 = CARTESIAN_POINT ( 'NONE',  ( 0.8000000000000000444, -0.7111815246139390201, 0.2834995524190850325 ) ) ;
#10740 = FACE_OUTER_BOUND ( 'NONE', #1883, .T. ) ;
#10741 = DIRECTION ( 'NONE',  ( 0.000000000000000000, -1.000000000000000000, 0.000000000000000000 ) ) ;
#10742 = EDGE_LOOP ( 'NONE', ( #2836, #9115, #4065 ) ) ;
#10743 = VERTEX_POINT ( 'NONE', #5276 ) ;
#10744 = AXIS2_PLACEMENT_3D ( 'NONE', #9444, #1641, #7382 ) ;
#10745 = CARTESIAN_POINT ( 'NONE',  ( -0.2750000000000000222, 1.032485115250000085, 0.000000000000000000 ) ) ;
#10746 = DIRECTION ( 'NONE',  ( 0.000000000000000000, 0.000000000000000000, 1.000000000000000000 ) ) ;
#10747 = EDGE_CURVE ( 'NONE', #10112, #1930, #353, .T. ) ;
#10748 = DIRECTION ( 'NONE',  ( 0.000000000000000000, 0.000000000000000000, -1.000000000000000000 ) ) ;
#10749 = DIRECTION ( 'NONE',  ( -0.9620395068935422289, 0.2729102181598012100, 0.000000000000000000 ) ) ;
#10750 = LINE ( 'NONE', #11845, #4030 ) ;
#10751 = VERTEX_POINT ( 'NONE', #10230 ) ;
#10752 = CIRCLE ( 'NONE', #652, 0.05000000000000001665 ) ;
#10753 = PLANE ( 'NONE',  #1826 ) ;
#10754 =( GEOMETRIC_REPRESENTATION_CONTEXT ( 3 ) GLOBAL_UNCERTAINTY_ASSIGNED_CONTEXT ( ( #11733 ) ) GLOBAL_UNIT_ASSIGNED_CONTEXT ( ( #6159, #3120, #6091 ) ) REPRESENTATION_CONTEXT ( 'NONE', 'WORKASPACE' ) );
#10755 = DIRECTION ( 'NONE',  ( 0.008334506089943616997, 0.9999652674009416042, 0.000000000000000000 ) ) ;
#10756 = VERTEX_POINT ( 'NONE', #1327 ) ;
#10757 = LINE ( 'NONE', #1988, #3894 ) ;
#10758 = CARTESIAN_POINT ( 'NONE',  ( 0.2886864141051839749, 0.03315286465715609754, 0.000000000000000000 ) ) ;
#10759 = VERTEX_POINT ( 'NONE', #9204 ) ;
#10760 = ADVANCED_FACE ( 'NONE', ( #3277 ), #5221, .F. ) ;
#10761 = ORIENTED_EDGE ( 'NONE', *, *, #5422, .T. ) ;
#10762 = VERTEX_POINT ( 'NONE', #1390 ) ;
#10763 = ORIENTED_EDGE ( 'NONE', *, *, #7699, .F. ) ;
#10764 = CIRCLE ( 'NONE', #5219, 0.1055314931606540219 ) ;
#10765 = EDGE_CURVE ( 'NONE', #11020, #5682, #2307, .T. ) ;
#10766 = CARTESIAN_POINT ( 'NONE',  ( 0.2853552715473199886, 0.06389003032547301009, 0.000000000000000000 ) ) ;
#10767 = DIRECTION ( 'NONE',  ( 0.000000000000000000, 0.000000000000000000, 1.000000000000000000 ) ) ;
#10768 = CARTESIAN_POINT ( 'NONE',  ( 0.000000000000000000, 0.000000000000000000, 0.000000000000000000 ) ) ;
#10769 = CARTESIAN_POINT ( 'NONE',  ( 0.8000000000000000444, 0.7111815246139390201, 0.2834995524190850325 ) ) ;
#10770 = ORIENTED_EDGE ( 'NONE', *, *, #6664, .T. ) ;
#10771 = CARTESIAN_POINT ( 'NONE',  ( -0.4000000000000000222, -0.7405531811372209061, 0.3973147252801209617 ) ) ;
#10772 = CARTESIAN_POINT ( 'NONE',  ( 0.4000000000000000222, 0.7200000000000000844, 0.000000000000000000 ) ) ;
#10773 = FACE_OUTER_BOUND ( 'NONE', #12733, .T. ) ;
#10774 = ORIENTED_EDGE ( 'NONE', *, *, #11841, .T. ) ;
#10775 = ADVANCED_FACE ( 'NONE', ( #7328 ), #3457, .F. ) ;
#10776 = ORIENTED_EDGE ( 'NONE', *, *, #3660, .T. ) ;
#10777 = EDGE_CURVE ( 'NONE', #2323, #4922, #8429, .T. ) ;
#10778 = FACE_OUTER_BOUND ( 'NONE', #2131, .T. ) ;
#10779 = ORIENTED_EDGE ( 'NONE', *, *, #3643, .F. ) ;
#10780 = ADVANCED_FACE ( 'NONE', ( #7214 ), #6436, .T. ) ;
#10781 = EDGE_CURVE ( 'NONE', #3790, #5961, #6335, .T. ) ;
#10782 = DIRECTION ( 'NONE',  ( -0.2743157578032339172, -0.9616396752530739223, 0.000000000000000000 ) ) ;
#10783 = CARTESIAN_POINT ( 'NONE',  ( -0.2750000000000000222, 0.5162425576250000425, 0.2834995524190850325 ) ) ;
#10784 = DIRECTION ( 'NONE',  ( 0.000000000000000000, -0.2498780111313130825, 0.9682773257456043225 ) ) ;
#10785 = ORIENTED_EDGE ( 'NONE', *, *, #7072, .F. ) ;
#10786 = CARTESIAN_POINT ( 'NONE',  ( 0.08714640885898909672, 0.06059912315654360226, 0.000000000000000000 ) ) ;
#10787 = DIRECTION ( 'NONE',  ( 0.000000000000000000, 0.000000000000000000, 1.000000000000000000 ) ) ;
#10788 = DIRECTION ( 'NONE',  ( 0.000000000000000000, 0.000000000000000000, -1.000000000000000000 ) ) ;
#10789 = ORIENTED_EDGE ( 'NONE', *, *, #7872, .T. ) ;
#10790 = EDGE_CURVE ( 'NONE', #4578, #9483, #4491, .T. ) ;
#10791 = ORIENTED_EDGE ( 'NONE', *, *, #7622, .F. ) ;
#10792 = ORIENTED_EDGE ( 'NONE', *, *, #2660, .F. ) ;
#10793 = CARTESIAN_POINT ( 'NONE',  ( 0.8000000000000000444, -0.7200000000000000844, 0.3200000000000000067 ) ) ;
#10794 = CARTESIAN_POINT ( 'NONE',  ( 0.1129548487986483940, 0.05730061016898909537, 0.000000000000000000 ) ) ;
#10795 = FILL_AREA_STYLE_COLOUR ( '', #12264 ) ;
#10796 = DIRECTION ( 'NONE',  ( -0.0003401395747984926475, 0.9999999421525332943, 0.000000000000000000 ) ) ;
#10797 = EDGE_LOOP ( 'NONE', ( #4336, #1009, #3873, #5274 ) ) ;
#10798 = LINE ( 'NONE', #10739, #1419 ) ;
#10799 = CARTESIAN_POINT ( 'NONE',  ( 0.3296229540443940120, 0.06965718586104639731, 0.1000000000000000056 ) ) ;
#10800 = CARTESIAN_POINT ( 'NONE',  ( 0.2750000000000000222, -1.032485115250000085, 0.000000000000000000 ) ) ;
#10801 = FACE_OUTER_BOUND ( 'NONE', #11555, .T. ) ;
#10802 = ORIENTED_EDGE ( 'NONE', *, *, #9187, .T. ) ;
#10803 = VERTEX_POINT ( 'NONE', #8487 ) ;
#10804 = ADVANCED_FACE ( 'NONE', ( #2612 ), #2546, .F. ) ;
#10805 = CARTESIAN_POINT ( 'NONE',  ( 0.1098009430318816065, 0.05825911988164559491, 0.000000000000000000 ) ) ;
#10806 = DIRECTION ( 'NONE',  ( 0.000000000000000000, 0.000000000000000000, 1.000000000000000000 ) ) ;
#10807 = AXIS2_PLACEMENT_3D ( 'NONE', #5168, #1936, #4187 ) ;
#10808 = CARTESIAN_POINT ( 'NONE',  ( 0.2636223749452199505, 0.2613925120511920164, 0.6099999999999999867 ) ) ;
#10809 = LINE ( 'NONE', #5673, #12130 ) ;
#10810 = SURFACE_STYLE_FILL_AREA ( #5019 ) ;
#10811 = ORIENTED_EDGE ( 'NONE', *, *, #10442, .T. ) ;
#10812 = DIRECTION ( 'NONE',  ( -0.2744113093880179988, -0.9616124132310031047, 0.000000000000000000 ) ) ;
#10813 = ORIENTED_EDGE ( 'NONE', *, *, #11959, .T. ) ;
#10814 = CARTESIAN_POINT ( 'NONE',  ( 0.8000000000000000444, -0.6612489735550610703, 0.07199926448865659467 ) ) ;
#10815 = CARTESIAN_POINT ( 'NONE',  ( 0.3549024655052674948, 0.04657129264206689989, 0.1000000000000000056 ) ) ;
#10816 = ORIENTED_EDGE ( 'NONE', *, *, #5281, .T. ) ;
#10817 = EDGE_LOOP ( 'NONE', ( #888, #7574, #5459, #12004 ) ) ;
#10818 = AXIS2_PLACEMENT_3D ( 'NONE', #11067, #12286, #6248 ) ;
#10819 = ORIENTED_EDGE ( 'NONE', *, *, #742, .F. ) ;
#10820 = EDGE_CURVE ( 'NONE', #5212, #5020, #8193, .T. ) ;
#10821 = ORIENTED_EDGE ( 'NONE', *, *, #9966, .F. ) ;
#10822 = CIRCLE ( 'NONE', #10617, 0.5999999999999999778 ) ;
#10823 = CIRCLE ( 'NONE', #12681, 0.04999999999999999584 ) ;
#10824 = CARTESIAN_POINT ( 'NONE',  ( 0.07812067172237710522, 0.06018441917743400094, 0.1000000000000000056 ) ) ;
#10825 = CARTESIAN_POINT ( 'NONE',  ( 0.2050745024916924841, 0.09821168822973509738, 0.000000000000000000 ) ) ;
#10826 = VECTOR ( 'NONE', #1968, 1000.000000000000114 ) ;
#10827 = CARTESIAN_POINT ( 'NONE',  ( 0.1634110501841749830, 0.03320504595170924861, 0.000000000000000000 ) ) ;
#10828 = LINE ( 'NONE', #9799, #8786 ) ;
#10829 = ORIENTED_EDGE ( 'NONE', *, *, #4613, .T. ) ;
#10830 = CARTESIAN_POINT ( 'NONE',  ( 0.4000000000000000222, 0.7200000000000000844, 0.3200000000000000067 ) ) ;
#10831 = CARTESIAN_POINT ( 'NONE',  ( -0.1866831626601859750, -0.6645957609276059719, 0.4000000000000000222 ) ) ;
#10832 = FACE_OUTER_BOUND ( 'NONE', #309, .T. ) ;
#10833 = ORIENTED_EDGE ( 'NONE', *, *, #4422, .F. ) ;
#10834 = ORIENTED_EDGE ( 'NONE', *, *, #344, .F. ) ;
#10835 = CARTESIAN_POINT ( 'NONE',  ( 0.3027721760888564817, 0.07309795328946680493, 0.000000000000000000 ) ) ;
#10836 = VERTEX_POINT ( 'NONE', #12553 ) ;
#10837 = ADVANCED_FACE ( 'NONE', ( #6626 ), #2810, .T. ) ;
#10838 = AXIS2_PLACEMENT_3D ( 'NONE', #10393, #8528, #1562 ) ;
#10839 = LINE ( 'NONE', #8076, #2518 ) ;
#10840 = EDGE_CURVE ( 'NONE', #10519, #3673, #614, .T. ) ;
#10841 = EDGE_CURVE ( 'NONE', #9249, #5582, #10486, .T. ) ;
#10842 = VECTOR ( 'NONE', #5883, 1000.000000000000227 ) ;
#10843 = DIRECTION ( 'NONE',  ( -0.9999999939098688229, 0.0001103642249269659982, 0.000000000000000000 ) ) ;
#10844 = DIRECTION ( 'NONE',  ( 0.000000000000000000, 0.000000000000000000, -1.000000000000000000 ) ) ;
#10845 = VERTEX_POINT ( 'NONE', #1580 ) ;
#10846 = VECTOR ( 'NONE', #7028, 1000.000000000000000 ) ;
#10847 = DIRECTION ( 'NONE',  ( 0.000000000000000000, 0.000000000000000000, -1.000000000000000000 ) ) ;
#10848 = CARTESIAN_POINT ( 'NONE',  ( 0.1325464046206454027, 0.03927457950855609697, 0.000000000000000000 ) ) ;
#10849 = LINE ( 'NONE', #6806, #6820 ) ;
#10850 = ORIENTED_EDGE ( 'NONE', *, *, #9693, .F. ) ;
#10851 = VECTOR ( 'NONE', #399, 1000.000000000000000 ) ;
#10852 = EDGE_CURVE ( 'NONE', #8273, #192, #12677, .T. ) ;
#10853 = ADVANCED_FACE ( 'NONE', ( #10549 ), #6747, .T. ) ;
#10854 = ORIENTED_EDGE ( 'NONE', *, *, #7355, .T. ) ;
#10855 = EDGE_LOOP ( 'NONE', ( #10358, #418, #1315, #12031 ) ) ;
#10856 = VECTOR ( 'NONE', #9972, 1000.000000000000000 ) ;
#10857 = AXIS2_PLACEMENT_3D ( 'NONE', #9165, #2334, #2276 ) ;
#10858 = EDGE_CURVE ( 'NONE', #10956, #11027, #8706, .T. ) ;
#10859 = DIRECTION ( 'NONE',  ( 0.000000000000000000, 0.000000000000000000, 1.000000000000000000 ) ) ;
#10860 = CARTESIAN_POINT ( 'NONE',  ( 0.03665650912911475046, 0.03625527285768950780, 0.000000000000000000 ) ) ;
#10861 = CARTESIAN_POINT ( 'NONE',  ( -0.4000000000000000222, 0.000000000000000000, 0.6099999999999999867 ) ) ;
#10862 = DIRECTION ( 'NONE',  ( 0.000000000000000000, 0.000000000000000000, -1.000000000000000000 ) ) ;
#10863 = ORIENTED_EDGE ( 'NONE', *, *, #10036, .F. ) ;
#10864 = DIRECTION ( 'NONE',  ( -1.000000000000000000, 0.000000000000000000, 0.000000000000000000 ) ) ;
#10865 = CARTESIAN_POINT ( 'NONE',  ( 0.3208341822578805180, 0.07286385395408728760, 0.000000000000000000 ) ) ;
#10867 = CIRCLE ( 'NONE', #11895, 0.5000000000000000000 ) ;
#10866 = CARTESIAN_POINT ( 'NONE',  ( 0.2636223749452199505, 0.1813925120511929723, 0.6099999999999999867 ) ) ;
#10868 = CARTESIAN_POINT ( 'NONE',  ( 0.8499999999999999778, -0.09000000000000001055, 0.000000000000000000 ) ) ;
#10869 = ORIENTED_EDGE ( 'NONE', *, *, #8418, .T. ) ;
#10870 = VECTOR ( 'NONE', #3546, 1000.000000000000000 ) ;
#10871 = ORIENTED_EDGE ( 'NONE', *, *, #8331, .T. ) ;
#10872 = AXIS2_PLACEMENT_3D ( 'NONE', #10204, #8280, #1364 ) ;
#10873 = DIRECTION ( 'NONE',  ( -0.2572057851960550812, 0.9663566546889822417, 0.000000000000000000 ) ) ;
#10874 = VECTOR ( 'NONE', #2513, 1000.000000000000000 ) ;
#10875 = DIRECTION ( 'NONE',  ( -0.9625001767075089809, 0.2712810532234311012, 0.000000000000000000 ) ) ;
#10876 = AXIS2_PLACEMENT_3D ( 'NONE', #7346, #6395, #12054 ) ;
#10877 = CARTESIAN_POINT ( 'NONE',  ( 0.2829134475082419886, 0.06456551457694828522, 0.000000000000000000 ) ) ;
#10878 = ORIENTED_EDGE ( 'NONE', *, *, #3765, .T. ) ;
#10879 = CARTESIAN_POINT ( 'NONE',  ( 0.1972447703832500288, 0.08945878578258649461, 0.1000000000000000056 ) ) ;
#10880 = VECTOR ( 'NONE', #4966, 1000.000000000000000 ) ;
#10881 = EDGE_LOOP ( 'NONE', ( #2205, #12630, #8451, #863 ) ) ;
#10882 = CARTESIAN_POINT ( 'NONE',  ( -0.3081987717257729797, -0.08610178341198850005, 0.6099999999999999867 ) ) ;
#10883 = VERTEX_POINT ( 'NONE', #1654 ) ;
#10884 = ORIENTED_EDGE ( 'NONE', *, *, #7135, .F. ) ;
#10885 = AXIS2_PLACEMENT_3D ( 'NONE', #5017, #12762, #9721 ) ;
#10886 = ORIENTED_EDGE ( 'NONE', *, *, #9885, .F. ) ;
#10887 = AXIS2_PLACEMENT_3D ( 'NONE', #4758, #8432, #3724 ) ;
#10888 = EDGE_LOOP ( 'NONE', ( #647, #5876, #7843, #4820 ) ) ;
#10889 = AXIS2_PLACEMENT_3D ( 'NONE', #1516, #12289, #8171 ) ;
#10890 = PRESENTATION_LAYER_ASSIGNMENT (  '', '', ( #9259 ) ) ;
#10891 = FACE_OUTER_BOUND ( 'NONE', #3281, .T. ) ;
#10892 = DIRECTION ( 'NONE',  ( 0.000000000000000000, 0.000000000000000000, 1.000000000000000000 ) ) ;
#10893 = LINE ( 'NONE', #5169, #6156 ) ;
#10894 = EDGE_CURVE ( 'NONE', #2995, #12208, #12099, .T. ) ;
#10895 = VECTOR ( 'NONE', #8746, 1000.000000000000000 ) ;
#10896 = LINE ( 'NONE', #2072, #531 ) ;
#10897 = VERTEX_POINT ( 'NONE', #12418 ) ;
#10898 = EDGE_CURVE ( 'NONE', #10330, #12523, #1848, .T. ) ;
#10899 = DIRECTION ( 'NONE',  ( 0.000000000000000000, -0.7071067811865482389, 0.7071067811865467956 ) ) ;
#10900 = VECTOR ( 'NONE', #10095, 999.9999999999998863 ) ;
#10901 = DIRECTION ( 'NONE',  ( -0.4174740978821619430, 0.9086888233039268625, 0.000000000000000000 ) ) ;
#10902 = ORIENTED_EDGE ( 'NONE', *, *, #2723, .F. ) ;
#10903 = ORIENTED_EDGE ( 'NONE', *, *, #6102, .F. ) ;
#10905 = AXIS2_PLACEMENT_3D ( 'NONE', #11240, #2405, #10278 ) ;
#10904 = DIRECTION ( 'NONE',  ( 0.000000000000000000, 0.000000000000000000, 1.000000000000000000 ) ) ;
#10906 = ORIENTED_EDGE ( 'NONE', *, *, #1992, .T. ) ;
#10907 = AXIS2_PLACEMENT_3D ( 'NONE', #11579, #8421, #3520 ) ;
#10908 = DIRECTION ( 'NONE',  ( 0.000000000000000000, -0.9682773257456045446, 0.2498780111313128882 ) ) ;
#10909 = EDGE_CURVE ( 'NONE', #7003, #1551, #3585, .T. ) ;
#10910 = LINE ( 'NONE', #11762, #12480 ) ;
#10911 = CARTESIAN_POINT ( 'NONE',  ( 0.4000000000000000222, -4.898587196589413075E-17, 0.6099999999999999867 ) ) ;
#10912 = ORIENTED_EDGE ( 'NONE', *, *, #6776, .F. ) ;
#10913 = CARTESIAN_POINT ( 'NONE',  ( 0.02399999996510350161, 0.1209970815754869838, 0.5999999999999999778 ) ) ;
#10914 = DIRECTION ( 'NONE',  ( 0.000000000000000000, 0.000000000000000000, -1.000000000000000000 ) ) ;
#10915 = CARTESIAN_POINT ( 'NONE',  ( 0.1836338809727350030, 0.09825163886282409220, 0.000000000000000000 ) ) ;
#10916 = ORIENTED_EDGE ( 'NONE', *, *, #6041, .T. ) ;
#10917 = ORIENTED_EDGE ( 'NONE', *, *, #1876, .F. ) ;
#10918 = EDGE_CURVE ( 'NONE', #3866, #10124, #7657, .T. ) ;
#10919 = EDGE_CURVE ( 'NONE', #9382, #6508, #3659, .T. ) ;
#10920 = VERTEX_POINT ( 'NONE', #12616 ) ;
#10921 = VECTOR ( 'NONE', #8865, 1000.000000000000000 ) ;
#10922 =( BOUNDED_CURVE ( )  B_SPLINE_CURVE ( 3, ( #5723, #8431, #808, #7402 ),
 .UNSPECIFIED., .F., .F. ) 
 B_SPLINE_CURVE_WITH_KNOTS ( ( 4, 4 ),
 ( 4.644051076073493434, 4.712388980384689674 ),
 .UNSPECIFIED. ) 
 CURVE ( )  GEOMETRIC_REPRESENTATION_ITEM ( )  RATIONAL_B_SPLINE_CURVE ( ( 1.000000000000000000, 0.9996108654318511810, 0.9996108654318511810, 1.000000000000000000 ) ) 
 REPRESENTATION_ITEM ( '' )  );
#10923 = EDGE_CURVE ( 'NONE', #3625, #644, #9521, .T. ) ;
#10924 = EDGE_CURVE ( 'NONE', #5089, #11920, #5794, .T. ) ;
#10925 = CARTESIAN_POINT ( 'NONE',  ( -0.1302635769361649987, 0.1049970796212819912, 0.5999999999999999778 ) ) ;
#10926 = EDGE_CURVE ( 'NONE', #494, #9605, #11691, .T. ) ;
#10927 = DIRECTION ( 'NONE',  ( -0.9160311291998097794, -0.4011071806100228176, 0.000000000000000000 ) ) ;
#10928 = DIRECTION ( 'NONE',  ( -0.9621483175714866665, 0.2725263565131959553, 0.000000000000000000 ) ) ;
#10929 = VERTEX_POINT ( 'NONE', #7719 ) ;
#10930 = LINE ( 'NONE', #12746, #7399 ) ;
#10931 = AXIS2_PLACEMENT_3D ( 'NONE', #5888, #5827, #4790 ) ;
#10932 = DIRECTION ( 'NONE',  ( 0.000000000000000000, 0.000000000000000000, 1.000000000000000000 ) ) ;
#10933 = LINE ( 'NONE', #7787, #2503 ) ;
#10934 = CARTESIAN_POINT ( 'NONE',  ( 0.2366831626601859639, 0.7145957609276060163, 0.4000000000000000222 ) ) ;
#10935 = VERTEX_POINT ( 'NONE', #11643 ) ;
#10936 = ADVANCED_FACE ( 'NONE', ( #5922 ), #5067, .T. ) ;
#10937 = EDGE_CURVE ( 'NONE', #5194, #2461, #10041, .T. ) ;
#10938 = ORIENTED_EDGE ( 'NONE', *, *, #7302, .F. ) ;
#10939 = FACE_OUTER_BOUND ( 'NONE', #343, .T. ) ;
#10940 = CIRCLE ( 'NONE', #9706, 0.4000000000000000222 ) ;
#10941 = ADVANCED_FACE ( 'NONE', ( #7070 ), #11712, .F. ) ;
#10942 = ADVANCED_FACE ( 'NONE', ( #2043 ), #11904, .T. ) ;
#10943 = CARTESIAN_POINT ( 'NONE',  ( 0.2207860652538845003, 0.08251642869073258502, 0.000000000000000000 ) ) ;
#10944 = CARTESIAN_POINT ( 'NONE',  ( 0.000000000000000000, 0.000000000000000000, 0.9000000000000000222 ) ) ;
#10945 = CARTESIAN_POINT ( 'NONE',  ( -0.2750000000000000222, 0.1856180708474700070, 0.07199926448865659467 ) ) ;
#10946 = ORIENTED_EDGE ( 'NONE', *, *, #1197, .F. ) ;
#10947 = LINE ( 'NONE', #8947, #8838 ) ;
#10948 = CYLINDRICAL_SURFACE ( 'NONE', #11885, 0.08000000000000002942 ) ;
#10949 = UNCERTAINTY_MEASURE_WITH_UNIT (LENGTH_MEASURE( 1.000000000000000082E-05 ), #11401, 'distance_accuracy_value', 'NONE');
#10950 = LINE ( 'NONE', #9082, #5967 ) ;
#10951 = AXIS2_PLACEMENT_3D ( 'NONE', #11331, #543, #12363 ) ;
#10952 = EDGE_LOOP ( 'NONE', ( #5284, #1054, #4121, #1802 ) ) ;
#10954 = EDGE_LOOP ( 'NONE', ( #6007, #3108, #6456, #11957 ) ) ;
#10953 = EDGE_CURVE ( 'NONE', #375, #5959, #2884, .T. ) ;
#10955 = ORIENTED_EDGE ( 'NONE', *, *, #6217, .F. ) ;
#10956 = VERTEX_POINT ( 'NONE', #1065 ) ;
#10957 = STYLED_ITEM ( 'NONE', ( #9362 ), #780 ) ;
#10958 = VECTOR ( 'NONE', #156, 1000.000000000000227 ) ;
#10959 = DIRECTION ( 'NONE',  ( -0.7682212795973758501, -0.6401843996644799306, 0.000000000000000000 ) ) ;
#10960 = CARTESIAN_POINT ( 'NONE',  ( 0.1692965698667100172, -0.2613925120511920164, 0.5999999999999999778 ) ) ;
#10961 = PLANE ( 'NONE',  #7581 ) ;
#10962 = DIRECTION ( 'NONE',  ( 0.000000000000000000, 0.000000000000000000, 1.000000000000000000 ) ) ;
#10963 = ORIENTED_EDGE ( 'NONE', *, *, #4076, .F. ) ;
#10964 = DIRECTION ( 'NONE',  ( 0.000000000000000000, 0.000000000000000000, 1.000000000000000000 ) ) ;
#10965 = LINE ( 'NONE', #7282, #6827 ) ;
#10966 = EDGE_LOOP ( 'NONE', ( #7959, #11589, #12125, #11097, #4390, #10916, #2992, #3391 ) ) ;
#10967 = ORIENTED_EDGE ( 'NONE', *, *, #8643, .F. ) ;
#10968 = LINE ( 'NONE', #191, #7834 ) ;
#10969 = VECTOR ( 'NONE', #2787, 999.9999999999998863 ) ;
#10970 = ORIENTED_EDGE ( 'NONE', *, *, #8798, .T. ) ;
#10971 = ADVANCED_FACE ( 'NONE', ( #10740 ), #10992, .F. ) ;
#10972 = LINE ( 'NONE', #5896, #9939 ) ;
#10973 = CARTESIAN_POINT ( 'NONE',  ( 0.8000000000000000444, -0.8000000000000000444, 0.000000000000000000 ) ) ;
#10974 = LINE ( 'NONE', #8134, #6535 ) ;
#10975 = VERTEX_POINT ( 'NONE', #1912 ) ;
#10976 = FACE_OUTER_BOUND ( 'NONE', #5877, .T. ) ;
#10977 = DIRECTION ( 'NONE',  ( -1.000000000000000000, 0.000000000000000000, 0.000000000000000000 ) ) ;
#10978 = DIRECTION ( 'NONE',  ( 0.9999967273034033877, 0.002558394512691781249, 0.000000000000000000 ) ) ;
#10979 = VERTEX_POINT ( 'NONE', #2948 ) ;
#10980 = SURFACE_STYLE_USAGE ( .BOTH. , #207 ) ;
#10981 = VERTEX_POINT ( 'NONE', #4881 ) ;
#10982 = VERTEX_POINT ( 'NONE', #9773 ) ;
#10983 = EDGE_CURVE ( 'NONE', #502, #1833, #35, .T. ) ;
#10984 = FACE_OUTER_BOUND ( 'NONE', #5544, .T. ) ;
#10985 = DIRECTION ( 'NONE',  ( -0.000000000000000000, 0.9682773257456045446, 0.2498780111313128882 ) ) ;
#10986 = PRESENTATION_STYLE_ASSIGNMENT (( #31 ) ) ;
#10987 = DIRECTION ( 'NONE',  ( -1.000000000000000000, 0.000000000000000000, 0.000000000000000000 ) ) ;
#10988 = PRODUCT_RELATED_PRODUCT_CATEGORY ( 'part', '', ( #12107 ) ) ;
#10989 = EDGE_LOOP ( 'NONE', ( #2979, #9001, #5997, #3376 ) ) ;
#10990 = DIRECTION ( 'NONE',  ( 0.000000000000000000, 0.000000000000000000, 1.000000000000000000 ) ) ;
#10991 = DIRECTION ( 'NONE',  ( 0.2743157578032339172, 0.9616396752530739223, 0.000000000000000000 ) ) ;
#10992 = PLANE ( 'NONE',  #11266 ) ;
#10993 = CARTESIAN_POINT ( 'NONE',  ( 0.3184490626700725024, 0.06484347110378320400, 0.1000000000000000056 ) ) ;
#10994 = DIRECTION ( 'NONE',  ( 0.9988127069845650352, 0.04871525804268650450, 0.000000000000000000 ) ) ;
#10995 = ORIENTED_EDGE ( 'NONE', *, *, #9791, .F. ) ;
#10996 = VERTEX_POINT ( 'NONE', #9068 ) ;
#10997 = EDGE_CURVE ( 'NONE', #9793, #5945, #12747, .T. ) ;
#10998 = DIRECTION ( 'NONE',  ( 1.000000000000000000, 0.000000000000000000, 0.000000000000000000 ) ) ;
#10999 = DIRECTION ( 'NONE',  ( -1.000000000000000000, 0.000000000000000000, 0.000000000000000000 ) ) ;
#11000 = EDGE_CURVE ( 'NONE', #6967, #1533, #6968, .T. ) ;
#11001 = SURFACE_SIDE_STYLE ('',( #7082 ) ) ;
#11002 = PLANE ( 'NONE',  #10405 ) ;
#11003 = EDGE_CURVE ( 'NONE', #5695, #5510, #3920, .T. ) ;
#11004 = ORIENTED_EDGE ( 'NONE', *, *, #2342, .F. ) ;
#11005 = DIRECTION ( 'NONE',  ( 0.000000000000000000, -1.000000000000000000, 0.000000000000000000 ) ) ;
#11006 = FACE_OUTER_BOUND ( 'NONE', #10191, .T. ) ;
#11007 = CYLINDRICAL_SURFACE ( 'NONE', #5333, 0.02603537894814255543 ) ;
#11008 = ORIENTED_EDGE ( 'NONE', *, *, #6282, .T. ) ;
#11009 = ORIENTED_EDGE ( 'NONE', *, *, #9847, .T. ) ;
#11010 = EDGE_CURVE ( 'NONE', #9155, #8287, #2101, .T. ) ;
#11011 = EDGE_CURVE ( 'NONE', #6613, #9447, #10867, .T. ) ;
#11012 = ORIENTED_EDGE ( 'NONE', *, *, #816, .T. ) ;
#11013 = VERTEX_POINT ( 'NONE', #10865 ) ;
#11014 = DIRECTION ( 'NONE',  ( 0.000000000000000000, 0.000000000000000000, 1.000000000000000000 ) ) ;
#11015 = EDGE_CURVE ( 'NONE', #4015, #3531, #7014, .T. ) ;
#11016 = DIRECTION ( 'NONE',  ( -0.000000000000000000, -1.000000000000000000, -0.000000000000000000 ) ) ;
#11017 = FACE_OUTER_BOUND ( 'NONE', #1553, .T. ) ;
#11018 = CARTESIAN_POINT ( 'NONE',  ( 0.2939863460378184801, 0.06773317779398360661, 0.000000000000000000 ) ) ;
#11019 = VECTOR ( 'NONE', #2498, 1000.000000000000000 ) ;
#11020 = VERTEX_POINT ( 'NONE', #4950 ) ;
#11021 = CIRCLE ( 'NONE', #5261, 0.001194625730631837957 ) ;
#11022 = LINE ( 'NONE', #10831, #775 ) ;
#11023 = DIRECTION ( 'NONE',  ( 0.000000000000000000, 0.000000000000000000, -1.000000000000000000 ) ) ;
#11024 = ORIENTED_EDGE ( 'NONE', *, *, #6059, .F. ) ;
#11025 = ORIENTED_EDGE ( 'NONE', *, *, #6847, .F. ) ;
#11026 = DIRECTION ( 'NONE',  ( 0.000000000000000000, 1.000000000000000000, 0.000000000000000000 ) ) ;
#11027 = VERTEX_POINT ( 'NONE', #2156 ) ;
#11028 = VECTOR ( 'NONE', #6168, 1000.000000000000000 ) ;
#11029 = CIRCLE ( 'NONE', #3214, 0.002389116095951372438 ) ;
#11030 = DIRECTION ( 'NONE',  ( 0.000000000000000000, 0.000000000000000000, -1.000000000000000000 ) ) ;
#11031 = CARTESIAN_POINT ( 'NONE',  ( 0.3266446739591120085, 0.06542160229417839923, 0.1000000000000000056 ) ) ;
#11032 = LINE ( 'NONE', #2204, #11060 ) ;
#11033 = VECTOR ( 'NONE', #9074, 1000.000000000000000 ) ;
#11034 = VERTEX_POINT ( 'NONE', #9958 ) ;
#11035 = AXIS2_PLACEMENT_3D ( 'NONE', #11105, #12193, #446 ) ;
#11036 = DIRECTION ( 'NONE',  ( 0.000000000000000000, 0.000000000000000000, -1.000000000000000000 ) ) ;
#11037 = DIRECTION ( 'NONE',  ( 0.000000000000000000, 6.505213034913025026E-15, 1.000000000000000000 ) ) ;
#11038 = LINE ( 'NONE', #6276, #9076 ) ;
#11039 = VERTEX_POINT ( 'NONE', #11971 ) ;
#11040 = CIRCLE ( 'NONE', #9181, 0.05000000000000002359 ) ;
#11041 = EDGE_LOOP ( 'NONE', ( #9633, #2007, #12252, #8867, #967, #1957, #6278, #5532, #4863, #6069 ) ) ;
#11042 = ORIENTED_EDGE ( 'NONE', *, *, #10684, .F. ) ;
#11043 = VECTOR ( 'NONE', #11863, 1000.000000000000000 ) ;
#11044 = FILL_AREA_STYLE ('',( #7116 ) ) ;
#11045 = AXIS2_PLACEMENT_3D ( 'NONE', #5971, #3962, #1828 ) ;
#11046 = DIRECTION ( 'NONE',  ( 0.000000000000000000, 0.000000000000000000, 1.000000000000000000 ) ) ;
#11047 = DIRECTION ( 'NONE',  ( 0.000000000000000000, 0.000000000000000000, -1.000000000000000000 ) ) ;
#11048 = DIRECTION ( 'NONE',  ( -0.001661185369841609513, 0.9999986202306316851, 0.000000000000000000 ) ) ;
#11049 = LINE ( 'NONE', #2289, #6520 ) ;
#11050 = ORIENTED_EDGE ( 'NONE', *, *, #1693, .T. ) ;
#11051 = DIRECTION ( 'NONE',  ( 0.000000000000000000, 0.000000000000000000, -1.000000000000000000 ) ) ;
#11052 = DIRECTION ( 'NONE',  ( -0.9611013479620761357, 0.2761959430286408668, 0.000000000000000000 ) ) ;
#11053 = EDGE_CURVE ( 'NONE', #3343, #10434, #1120, .T. ) ;
#11054 = CARTESIAN_POINT ( 'NONE',  ( 0.2750000000000000222, -0.5162425576250000425, 0.000000000000000000 ) ) ;
#11055 = VECTOR ( 'NONE', #9475, 1000.000000000000000 ) ;
#11056 = EDGE_CURVE ( 'NONE', #7075, #788, #6103, .T. ) ;
#11057 = LINE ( 'NONE', #5331, #2109 ) ;
#11058 = DIRECTION ( 'NONE',  ( -0.000000000000000000, 1.000000000000000000, 0.000000000000000000 ) ) ;
#11059 = ORIENTED_EDGE ( 'NONE', *, *, #7565, .F. ) ;
#11060 = VECTOR ( 'NONE', #6152, 1000.000000000000000 ) ;
#11061 = ORIENTED_EDGE ( 'NONE', *, *, #5433, .T. ) ;
#11062 = VECTOR ( 'NONE', #1959, 1000.000000000000227 ) ;
#11063 = PLANE ( 'NONE',  #943 ) ;
#11064 = LINE ( 'NONE', #5215, #6757 ) ;
#11065 =( LENGTH_UNIT ( ) NAMED_UNIT ( * ) SI_UNIT ( .MILLI., .METRE. ) );
#11066 = AXIS2_PLACEMENT_3D ( 'NONE', #727, #4555, #8539 ) ;
#11067 = CARTESIAN_POINT ( 'NONE',  ( -0.4000000000000000222, -0.7200000000000000844, 0.3200000000000000067 ) ) ;
#11068 = ORIENTED_EDGE ( 'NONE', *, *, #4942, .T. ) ;
#11069 = AXIS2_PLACEMENT_3D ( 'NONE', #6376, #9327, #12222 ) ;
#11070 = DIRECTION ( 'NONE',  ( 0.000000000000000000, 0.000000000000000000, 1.000000000000000000 ) ) ;
#11071 = ADVANCED_FACE ( 'NONE', ( #3379 ), #4166, .F. ) ;
#11072 = CARTESIAN_POINT ( 'NONE',  ( 0.8000000000000000444, 0.4000000000000000222, 0.2834995524190850325 ) ) ;
#11073 = AXIS2_PLACEMENT_3D ( 'NONE', #5826, #12519, #2850 ) ;
#11074 = FACE_OUTER_BOUND ( 'NONE', #2462, .T. ) ;
#11075 = ORIENTED_EDGE ( 'NONE', *, *, #521, .F. ) ;
#11076 = ORIENTED_EDGE ( 'NONE', *, *, #12239, .F. ) ;
#11077 = ORIENTED_EDGE ( 'NONE', *, *, #9486, .F. ) ;
#11078 = ADVANCED_FACE ( 'NONE', ( #8340 ), #1257, .F. ) ;
#11079 = AXIS2_PLACEMENT_3D ( 'NONE', #1805, #5756, #9677 ) ;
#11080 = ADVANCED_FACE ( 'NONE', ( #9252 ), #3445, .T. ) ;
#11081 = DIRECTION ( 'NONE',  ( -1.697769986809269869E-16, 1.000000000000000000, 0.000000000000000000 ) ) ;
#11082 = VECTOR ( 'NONE', #9876, 1000.000000000000000 ) ;
#11083 = AXIS2_PLACEMENT_3D ( 'NONE', #12178, #2318, #4316 ) ;
#11084 = LINE ( 'NONE', #10362, #7182 ) ;
#11085 = EDGE_CURVE ( 'NONE', #4305, #1138, #4688, .T. ) ;
#11086 = EDGE_CURVE ( 'NONE', #2048, #10803, #8388, .T. ) ;
#11087 = CARTESIAN_POINT ( 'NONE',  ( 0.3214868792987120028, 0.07228149986488210943, 0.000000000000000000 ) ) ;
#11088 = EDGE_CURVE ( 'NONE', #262, #1597, #3193, .T. ) ;
#11089 = DIRECTION ( 'NONE',  ( -0.9999999912247068412, 0.0001324786253722609760, 0.000000000000000000 ) ) ;
#11090 = AXIS2_PLACEMENT_3D ( 'NONE', #12490, #7728, #9397 ) ;
#11091 = VERTEX_POINT ( 'NONE', #4349 ) ;
#11092 = DIRECTION ( 'NONE',  ( 0.9999986202306316851, 0.001661185369841609513, 0.000000000000000000 ) ) ;
#11093 = CARTESIAN_POINT ( 'NONE',  ( -0.08226357805285371139, 0.08899708045879850538, 0.6099999999999999867 ) ) ;
#11094 = VERTEX_POINT ( 'NONE', #9184 ) ;
#11095 = CIRCLE ( 'NONE', #12541, 0.08000000000000002942 ) ;
#11096 = ORIENTED_EDGE ( 'NONE', *, *, #8249, .F. ) ;
#11097 = ORIENTED_EDGE ( 'NONE', *, *, #5497, .T. ) ;
#11098 = CIRCLE ( 'NONE', #5754, 0.0003500000000000222768 ) ;
#11099 = EDGE_CURVE ( 'NONE', #2008, #4430, #2407, .T. ) ;
#11100 = VECTOR ( 'NONE', #4391, 1000.000000000000000 ) ;
#11101 = CIRCLE ( 'NONE', #5557, 0.08000000000000002942 ) ;
#11102 = CARTESIAN_POINT ( 'NONE',  ( 0.2680689580882860135, 0.05952450839880559647, 0.1000000000000000056 ) ) ;
#11103 = VECTOR ( 'NONE', #6720, 1000.000000000000000 ) ;
#11104 = AXIS2_PLACEMENT_3D ( 'NONE', #90, #3074, #3135 ) ;
#11105 = CARTESIAN_POINT ( 'NONE',  ( 0.2643987431665235088, 0.05486680628937880277, 0.000000000000000000 ) ) ;
#11106 = DIRECTION ( 'NONE',  ( -1.000000000000000000, 0.000000000000000000, 0.000000000000000000 ) ) ;
#11107 = ORIENTED_EDGE ( 'NONE', *, *, #9976, .F. ) ;
#11108 = AXIS2_PLACEMENT_3D ( 'NONE', #10944, #2115, #9968 ) ;
#11109 = PLANE ( 'NONE',  #8868 ) ;
#11110 = LINE ( 'NONE', #6929, #8195 ) ;
#11111 = CARTESIAN_POINT ( 'NONE',  ( 0.3513352955696160129, 0.1912158729996289996, 0.6099999999999999867 ) ) ;
#11112 = ORIENTED_EDGE ( 'NONE', *, *, #8887, .T. ) ;
#11113 = VERTEX_POINT ( 'NONE', #10211 ) ;
#11114 = VERTEX_POINT ( 'NONE', #5207 ) ;
#11115 = CIRCLE ( 'NONE', #4945, 0.08000000000000002942 ) ;
#11116 = ORIENTED_EDGE ( 'NONE', *, *, #8018, .F. ) ;
#11117 = VECTOR ( 'NONE', #789, 1000.000000000000000 ) ;
#11118 = DIRECTION ( 'NONE',  ( 0.000000000000000000, 0.000000000000000000, 1.000000000000000000 ) ) ;
#11119 = DIRECTION ( 'NONE',  ( 1.000000000000000000, 0.000000000000000000, 0.000000000000000000 ) ) ;
#11120 = LINE ( 'NONE', #10334, #11857 ) ;
#11121 = DIRECTION ( 'NONE',  ( 0.000000000000000000, -0.2498780111313130825, -0.9682773257456043225 ) ) ;
#11122 = VERTEX_POINT ( 'NONE', #2226 ) ;
#11123 = FACE_OUTER_BOUND ( 'NONE', #7723, .T. ) ;
#11124 = CARTESIAN_POINT ( 'NONE',  ( 0.1161643973624987836, 0.04105864155184475034, 0.000000000000000000 ) ) ;
#11125 = DIRECTION ( 'NONE',  ( 0.000000000000000000, 1.000000000000000000, 0.000000000000000000 ) ) ;
#11126 = VERTEX_POINT ( 'NONE', #5395 ) ;
#11127 = VECTOR ( 'NONE', #5885, 1000.000000000000000 ) ;
#11128 = DIRECTION ( 'NONE',  ( 0.000000000000000000, 0.000000000000000000, 1.000000000000000000 ) ) ;
#11129 = CARTESIAN_POINT ( 'NONE',  ( -0.2750000000000000222, 0.4000000000000000222, 0.000000000000000000 ) ) ;
#11130 = ORIENTED_EDGE ( 'NONE', *, *, #2411, .T. ) ;
#11131 = VERTEX_POINT ( 'NONE', #8286 ) ;
#11132 = DIRECTION ( 'NONE',  ( 0.000000000000000000, 0.000000000000000000, 1.000000000000000000 ) ) ;
#11133 = EDGE_CURVE ( 'NONE', #2655, #8219, #12211, .T. ) ;
#11134 = AXIS2_PLACEMENT_3D ( 'NONE', #11222, #5189, #4265 ) ;
#11135 = DIRECTION ( 'NONE',  ( 0.000000000000000000, 0.000000000000000000, -1.000000000000000000 ) ) ;
#11136 = FACE_OUTER_BOUND ( 'NONE', #4968, .T. ) ;
#11137 = CARTESIAN_POINT ( 'NONE',  ( 0.3456323243405575174, 0.04611915850731080485, 0.000000000000000000 ) ) ;
#11138 = ORIENTED_EDGE ( 'NONE', *, *, #2731, .F. ) ;
#11139 = DIRECTION ( 'NONE',  ( 1.000000000000000000, 0.000000000000000000, 0.000000000000000000 ) ) ;
#11140 = DIRECTION ( 'NONE',  ( 0.4472136033030539304, 0.8944271870983677708, 0.000000000000000000 ) ) ;
#11141 = LINE ( 'NONE', #8115, #10675 ) ;
#11142 = ORIENTED_EDGE ( 'NONE', *, *, #10302, .T. ) ;
#11143 = ORIENTED_EDGE ( 'NONE', *, *, #521, .T. ) ;
#11144 = ORIENTED_EDGE ( 'NONE', *, *, #2344, .F. ) ;
#11145 = AXIS2_PLACEMENT_3D ( 'NONE', #11614, #4006, #9935 ) ;
#11146 = DIRECTION ( 'NONE',  ( 0.000000000000000000, 0.000000000000000000, -1.000000000000000000 ) ) ;
#11147 = EDGE_CURVE ( 'NONE', #5963, #3211, #9130, .T. ) ;
#11148 = CARTESIAN_POINT ( 'NONE',  ( 0.03721262874606354881, 0.05400531120201500918, 0.000000000000000000 ) ) ;
#11149 = CARTESIAN_POINT ( 'NONE',  ( -0.08226357805285371139, 0.1689970804587989928, 0.5999999999999999778 ) ) ;
#11150 = CARTESIAN_POINT ( 'NONE',  ( -0.2366831626601859639, -0.7145957609276060163, 0.4000000000000000222 ) ) ;
#11151 = VECTOR ( 'NONE', #9596, 1000.000000000000114 ) ;
#11152 = CARTESIAN_POINT ( 'NONE',  ( 0.1132782499023349959, 0.7111815246139390201, 0.2834995524190850325 ) ) ;
#11153 = VERTEX_POINT ( 'NONE', #12272 ) ;
#11154 = DIRECTION ( 'NONE',  ( 0.000000000000000000, 0.000000000000000000, 1.000000000000000000 ) ) ;
#11155 = DIRECTION ( 'NONE',  ( 0.000000000000000000, 0.000000000000000000, 1.000000000000000000 ) ) ;
#11156 = ORIENTED_EDGE ( 'NONE', *, *, #10378, .T. ) ;
#11157 = VERTEX_POINT ( 'NONE', #4216 ) ;
#11158 = ORIENTED_EDGE ( 'NONE', *, *, #1778, .T. ) ;
#11159 = EDGE_CURVE ( 'NONE', #5713, #4200, #5258, .T. ) ;
#11160 = DIRECTION ( 'NONE',  ( -0.9999652674009416042, 0.008334506089943625670, 0.000000000000000000 ) ) ;
#11161 = ADVANCED_FACE ( 'NONE', ( #12086 ), #3259, .T. ) ;
#11162 = CYLINDRICAL_SURFACE ( 'NONE', #9604, 0.3999999999999999667 ) ;
#11163 = CARTESIAN_POINT ( 'NONE',  ( 0.2272837770416690217, 0.05284039782020250042, 0.000000000000000000 ) ) ;
#11164 = ORIENTED_EDGE ( 'NONE', *, *, #12303, .F. ) ;
#11165 = ADVANCED_FACE ( 'NONE', ( #6238 ), #6344, .T. ) ;
#11166 = AXIS2_PLACEMENT_3D ( 'NONE', #852, #3763, #1748 ) ;
#11167 = CARTESIAN_POINT ( 'NONE',  ( 0.000000000000000000, 0.000000000000000000, 0.8699999999999999956 ) ) ;
#11168 = FACE_OUTER_BOUND ( 'NONE', #7397, .T. ) ;
#11169 = AXIS2_PLACEMENT_3D ( 'NONE', #6341, #6600, #1688 ) ;
#11170 = LINE ( 'NONE', #3311, #212 ) ;
#11171 = ORIENTED_EDGE ( 'NONE', *, *, #10595, .F. ) ;
#11172 = ORIENTED_EDGE ( 'NONE', *, *, #5560, .T. ) ;
#11173 = VERTEX_POINT ( 'NONE', #466 ) ;
#11174 = ADVANCED_FACE ( 'NONE', ( #4405 ), #10157, .F. ) ;
#11175 = EDGE_CURVE ( 'NONE', #5772, #10249, #3050, .T. ) ;
#11176 = DIRECTION ( 'NONE',  ( 1.000000000000000000, 0.000000000000000000, 0.000000000000000000 ) ) ;
#11177 = CARTESIAN_POINT ( 'NONE',  ( 0.03721262874606354881, 0.05400531120201500918, 0.1000000000000000056 ) ) ;
#11178 = EDGE_CURVE ( 'NONE', #2998, #9854, #1699, .T. ) ;
#11179 = DIRECTION ( 'NONE',  ( 0.000000000000000000, 0.000000000000000000, -1.000000000000000000 ) ) ;
#11180 = DIRECTION ( 'NONE',  ( -1.000000000000000000, 0.000000000000000000, 0.000000000000000000 ) ) ;
#11181 = ORIENTED_EDGE ( 'NONE', *, *, #5416, .T. ) ;
#11182 = PLANE ( 'NONE',  #11942 ) ;
#11183 = DIRECTION ( 'NONE',  ( -1.000000000000000000, 0.000000000000000000, 0.000000000000000000 ) ) ;
#11184 = CARTESIAN_POINT ( 'NONE',  ( 0.2372937532905824987, 0.03403797429745984704, 0.000000000000000000 ) ) ;
#11185 = EDGE_LOOP ( 'NONE', ( #4626, #6737, #7895, #1351 ) ) ;
#11186 = CARTESIAN_POINT ( 'NONE',  ( 0.07046252174589111295, 0.05554728094672620187, 0.1000000000000000056 ) ) ;
#11187 = DIRECTION ( 'NONE',  ( 0.000000000000000000, 0.000000000000000000, 1.000000000000000000 ) ) ;
#11188 = ORIENTED_EDGE ( 'NONE', *, *, #4799, .F. ) ;
#11189 = EDGE_LOOP ( 'NONE', ( #8459, #10903, #238, #9201 ) ) ;
#11190 = CARTESIAN_POINT ( 'NONE',  ( -0.1132782499023349959, -0.7111815246139390201, 0.2834995524190850325 ) ) ;
#11191 = DIRECTION ( 'NONE',  ( -1.000000000000000000, 0.000000000000000000, 0.000000000000000000 ) ) ;
#11192 = CARTESIAN_POINT ( 'NONE',  ( 0.08322585572047379310, 0.03317959062069669729, 0.1000000000000000056 ) ) ;
#11193 = FACE_OUTER_BOUND ( 'NONE', #2925, .T. ) ;
#11194 = ORIENTED_EDGE ( 'NONE', *, *, #3113, .T. ) ;
#11195 = CARTESIAN_POINT ( 'NONE',  ( 0.2366831626601859639, -0.7145957609276060163, 0.2834995524190850325 ) ) ;
#11196 = DIRECTION ( 'NONE',  ( 0.000000000000000000, 1.000000000000000000, 0.000000000000000000 ) ) ;
#11197 = LINE ( 'NONE', #2246, #6361 ) ;
#11198 = ORIENTED_EDGE ( 'NONE', *, *, #9194, .T. ) ;
#11199 = ORIENTED_EDGE ( 'NONE', *, *, #10360, .F. ) ;
#11200 = ADVANCED_FACE ( 'NONE', ( #1567 ), #8412, .T. ) ;
#11201 = ORIENTED_EDGE ( 'NONE', *, *, #6862, .T. ) ;
#11202 = FACE_OUTER_BOUND ( 'NONE', #11489, .T. ) ;
#11203 = DIRECTION ( 'NONE',  ( 0.4859609489153759454, -0.8739805238844098323, 0.000000000000000000 ) ) ;
#11204 = SURFACE_STYLE_FILL_AREA ( #8001 ) ;
#11205 = LINE ( 'NONE', #2372, #10262 ) ;
#11206 = CARTESIAN_POINT ( 'NONE',  ( -0.2366831626601859639, -0.7200000000000000844, 0.3200000000000000067 ) ) ;
#11207 = VERTEX_POINT ( 'NONE', #5593 ) ;
#11208 = DIRECTION ( 'NONE',  ( 1.000000000000000000, 0.000000000000000000, 0.000000000000000000 ) ) ;
#11209 = EDGE_CURVE ( 'NONE', #476, #2341, #10251, .T. ) ;
#11210 = FACE_OUTER_BOUND ( 'NONE', #12064, .T. ) ;
#11211 = EDGE_LOOP ( 'NONE', ( #12280, #4073, #1845, #5879, #3039, #10418, #3480, #12053, #11172 ) ) ;
#11212 = EDGE_LOOP ( 'NONE', ( #6082, #4998, #3945, #2763 ) ) ;
#11213 = ORIENTED_EDGE ( 'NONE', *, *, #11461, .F. ) ;
#11214 = DIRECTION ( 'NONE',  ( 0.000000000000000000, -0.2498780111313130825, 0.9682773257456043225 ) ) ;
#11215 = CIRCLE ( 'NONE', #6500, 0.08000000000000002942 ) ;
#11216 = DIRECTION ( 'NONE',  ( 0.000000000000000000, 0.000000000000000000, 1.000000000000000000 ) ) ;
#11217 = DIRECTION ( 'NONE',  ( -0.000000000000000000, 1.000000000000000000, 0.000000000000000000 ) ) ;
#11218 = ORIENTED_EDGE ( 'NONE', *, *, #10217, .F. ) ;
#11219 = CARTESIAN_POINT ( 'NONE',  ( 0.2209186676388404935, 0.1061601682706413974, 0.1000000000000000056 ) ) ;
#11220 = CARTESIAN_POINT ( 'NONE',  ( 0.09314442535600500617, 0.05540032510077769895, 0.000000000000000000 ) ) ;
#11221 = EDGE_CURVE ( 'NONE', #263, #11122, #8532, .T. ) ;
#11222 = CARTESIAN_POINT ( 'NONE',  ( 0.1131615436026759958, -0.7200000000000000844, 0.3200000000000000067 ) ) ;
#11223 = EDGE_LOOP ( 'NONE', ( #6243, #12534, #10833, #11615 ) ) ;
#11224 = VERTEX_POINT ( 'NONE', #5650 ) ;
#11225 = DIRECTION ( 'NONE',  ( 1.000000000000000000, 0.000000000000000000, 0.000000000000000000 ) ) ;
#11226 = EDGE_LOOP ( 'NONE', ( #5027, #6153, #12268, #6839 ) ) ;
#11227 = VECTOR ( 'NONE', #5273, 1000.000000000000000 ) ;
#11228 = ADVANCED_FACE ( 'NONE', ( #12461 ), #2794, .F. ) ;
#11229 = ADVANCED_FACE ( 'NONE', ( #1637 ), #3635, .T. ) ;
#11230 = CARTESIAN_POINT ( 'NONE',  ( -0.1131615436026759958, 0.7145957609276060163, 0.4000000000000000222 ) ) ;
#11231 = PRESENTATION_LAYER_ASSIGNMENT (  '', '', ( #8159 ) ) ;
#11232 = CIRCLE ( 'NONE', #723, 0.05000000000000002359 ) ;
#11233 = DIRECTION ( 'NONE',  ( 0.9086888233039268625, 0.4174740978821619430, 0.000000000000000000 ) ) ;
#11234 = CARTESIAN_POINT ( 'NONE',  ( 0.3577131917521730320, 0.05991968665045279557, 0.1000000000000000056 ) ) ;
#11235 = EDGE_CURVE ( 'NONE', #467, #8169, #11432, .T. ) ;
#11236 = PLANE ( 'NONE',  #7341 ) ;
#11237 = ORIENTED_EDGE ( 'NONE', *, *, #8563, .F. ) ;
#11238 = EDGE_CURVE ( 'NONE', #6913, #7954, #3455, .T. ) ;
#11239 = AXIS2_PLACEMENT_3D ( 'NONE', #3843, #11901, #10796 ) ;
#11240 = CARTESIAN_POINT ( 'NONE',  ( 0.8000000000000000444, -0.8000000000000000444, 0.000000000000000000 ) ) ;
#11241 = LINE ( 'NONE', #7311, #4060 ) ;
#11242 = DIRECTION ( 'NONE',  ( -1.000000000000000000, 0.000000000000000000, 0.000000000000000000 ) ) ;
#11243 = ORIENTED_EDGE ( 'NONE', *, *, #3696, .T. ) ;
#11244 = DIRECTION ( 'NONE',  ( 0.000000000000000000, 0.000000000000000000, 1.000000000000000000 ) ) ;
#11245 = CARTESIAN_POINT ( 'NONE',  ( 0.8000000000000000444, -0.7046741902800299773, 0.2582836310259130075 ) ) ;
#11246 = CIRCLE ( 'NONE', #4661, 0.002285570146055603165 ) ;
#11247 = AXIS2_PLACEMENT_3D ( 'NONE', #3556, #2575, #10443 ) ;
#11248 = ORIENTED_EDGE ( 'NONE', *, *, #11053, .T. ) ;
#11249 = EDGE_CURVE ( 'NONE', #3330, #9210, #7997, .T. ) ;
#11250 = DIRECTION ( 'NONE',  ( 1.000000000000000000, 0.000000000000000000, 0.000000000000000000 ) ) ;
#11251 = VECTOR ( 'NONE', #9365, 1000.000000000000000 ) ;
#11252 = DIRECTION ( 'NONE',  ( -1.000000000000000000, 0.000000000000000000, 0.000000000000000000 ) ) ;
#11253 = DIRECTION ( 'NONE',  ( 0.5143967251870379398, 0.8575523360803416484, 0.000000000000000000 ) ) ;
#11254 = DIRECTION ( 'NONE',  ( -1.000000000000000000, 0.000000000000000000, 0.000000000000000000 ) ) ;
#11255 = ORIENTED_EDGE ( 'NONE', *, *, #10926, .F. ) ;
#11256 = CIRCLE ( 'NONE', #6116, 0.004114330729707376365 ) ;
#11257 = CYLINDRICAL_SURFACE ( 'NONE', #1838, 0.08000000000000002942 ) ;
#11258 = FACE_OUTER_BOUND ( 'NONE', #874, .T. ) ;
#11259 = VECTOR ( 'NONE', #11610, 1000.000000000000000 ) ;
#11260 = CARTESIAN_POINT ( 'NONE',  ( 0.3540435295462950327, 0.06027009165201199781, 0.1000000000000000056 ) ) ;
#11261 = VERTEX_POINT ( 'NONE', #5528 ) ;
#11262 = VECTOR ( 'NONE', #9665, 1000.000000000000000 ) ;
#11263 = ORIENTED_EDGE ( 'NONE', *, *, #1149, .T. ) ;
#11264 = ORIENTED_EDGE ( 'NONE', *, *, #1718, .F. ) ;
#11265 = DIRECTION ( 'NONE',  ( 1.000000000000000000, 0.000000000000000000, 0.000000000000000000 ) ) ;
#11266 = AXIS2_PLACEMENT_3D ( 'NONE', #5857, #10027, #11835 ) ;
#11267 = CARTESIAN_POINT ( 'NONE',  ( 0.6664737232796406063, 0.09500000000000000111, 0.01464466094067265294 ) ) ;
#11268 = VECTOR ( 'NONE', #1740, 1000.000000000000000 ) ;
#11269 = FACE_OUTER_BOUND ( 'NONE', #7570, .T. ) ;
#11270 = DIRECTION ( 'NONE',  ( -0.000000000000000000, -1.000000000000000000, -0.000000000000000000 ) ) ;
#11271 = LINE ( 'NONE', #12180, #8170 ) ;
#11272 = VERTEX_POINT ( 'NONE', #4605 ) ;
#11273 = LINE ( 'NONE', #2506, #10665 ) ;
#11274 = FACE_BOUND ( 'NONE', #5905, .T. ) ;
#11275 = VERTEX_POINT ( 'NONE', #659 ) ;
#11276 = VERTEX_POINT ( 'NONE', #2533 ) ;
#11277 = VECTOR ( 'NONE', #9954, 1000.000000000000000 ) ;
#11278 = AXIS2_PLACEMENT_3D ( 'NONE', #717, #3510, #6481 ) ;
#11279 = ORIENTED_EDGE ( 'NONE', *, *, #10291, .F. ) ;
#11280 = VECTOR ( 'NONE', #4705, 1000.000000000000000 ) ;
#11281 = CIRCLE ( 'NONE', #5741, 0.0008412897409926101003 ) ;
#11282 = CYLINDRICAL_SURFACE ( 'NONE', #3260, 0.04999999999999999584 ) ;
#11283 = VECTOR ( 'NONE', #7354, 1000.000000000000000 ) ;
#11284 = ADVANCED_FACE ( 'NONE', ( #6734 ), #2670, .T. ) ;
#11285 = VECTOR ( 'NONE', #8950, 1000.000000000000000 ) ;
#11286 = CARTESIAN_POINT ( 'NONE',  ( 0.2030612219375029781, 0.06828907263315558973, 0.1000000000000000056 ) ) ;
#11287 = CARTESIAN_POINT ( 'NONE',  ( 0.02652351076370424929, 0.02899812594526204879, 0.000000000000000000 ) ) ;
#11288 = VERTEX_POINT ( 'NONE', #600 ) ;
#11289 = CARTESIAN_POINT ( 'NONE',  ( 0.3753695148212495281, 0.03034647427004994943, 0.1000000000000000056 ) ) ;
#11290 = FACE_OUTER_BOUND ( 'NONE', #6769, .T. ) ;
#11291 = VECTOR ( 'NONE', #11918, 1000.000000000000114 ) ;
#11292 = FACE_OUTER_BOUND ( 'NONE', #9441, .T. ) ;
#11293 = EDGE_LOOP ( 'NONE', ( #7344, #6428, #9466, #7828 ) ) ;
#11294 = ORIENTED_EDGE ( 'NONE', *, *, #4134, .F. ) ;
#11295 = ORIENTED_EDGE ( 'NONE', *, *, #6367, .F. ) ;
#11296 = CIRCLE ( 'NONE', #4510, 0.0008412897409926101003 ) ;
#11297 = VECTOR ( 'NONE', #10647, 1000.000000000000000 ) ;
#11298 = CIRCLE ( 'NONE', #9658, 0.005008107141486408884 ) ;
#11299 = EDGE_CURVE ( 'NONE', #12703, #2636, #4543, .T. ) ;
#11300 = DIRECTION ( 'NONE',  ( 0.000000000000000000, 0.000000000000000000, 1.000000000000000000 ) ) ;
#11301 = AXIS2_PLACEMENT_3D ( 'NONE', #8233, #5272, #12218 ) ;
#11302 = CARTESIAN_POINT ( 'NONE',  ( 0.2750000000000000222, -0.7200000000000000844, 0.08000000000000000167 ) ) ;
#11303 = DIRECTION ( 'NONE',  ( -1.000000000000000000, 0.000000000000000000, 0.000000000000000000 ) ) ;
#11304 = CARTESIAN_POINT ( 'NONE',  ( 0.7299999999999999822, 0.1900000000000000022, 0.05000000000000000278 ) ) ;
#11305 = EDGE_LOOP ( 'NONE', ( #12226, #2790, #4729, #5815 ) ) ;
#11306 = DIRECTION ( 'NONE',  ( -0.001086474172257098809, 0.9999994097867622722, 0.000000000000000000 ) ) ;
#11307 = CARTESIAN_POINT ( 'NONE',  ( 0.1131615436026759958, -0.7178090042607759846, 0.3091810369155370553 ) ) ;
#11308 = CARTESIAN_POINT ( 'NONE',  ( 0.06458127416065180537, 0.05260312050078400081, 0.000000000000000000 ) ) ;
#11309 = ORIENTED_EDGE ( 'NONE', *, *, #9718, .F. ) ;
#11310 = AXIS2_PLACEMENT_3D ( 'NONE', #5465, #924, #4025 ) ;
#11311 = EDGE_CURVE ( 'NONE', #225, #2965, #12605, .T. ) ;
#11312 = ADVANCED_FACE ( 'NONE', ( #11627 ), #8596, .T. ) ;
#11313 = DIRECTION ( 'NONE',  ( 0.000000000000000000, 0.000000000000000000, 1.000000000000000000 ) ) ;
#11314 = CARTESIAN_POINT ( 'NONE',  ( 0.2366831626601859639, -0.7246033112302809887, 0.3355089773090989547 ) ) ;
#11315 = VECTOR ( 'NONE', #10531, 1000.000000000000000 ) ;
#11316 = ORIENTED_EDGE ( 'NONE', *, *, #11329, .T. ) ;
#11317 = DIRECTION ( 'NONE',  ( 0.000000000000000000, 0.000000000000000000, 1.000000000000000000 ) ) ;
#11318 = ADVANCED_FACE ( 'NONE', ( #3708 ), #6545, .T. ) ;
#11319 = EDGE_CURVE ( 'NONE', #1933, #3671, #9694, .T. ) ;
#11320 = VECTOR ( 'NONE', #5132, 1000.000000000000000 ) ;
#11321 = FACE_OUTER_BOUND ( 'NONE', #12711, .T. ) ;
#11322 = CARTESIAN_POINT ( 'NONE',  ( 0.1131615436026759958, -0.7765685424949239080, 0.3765685424949237747 ) ) ;
#11323 = DIRECTION ( 'NONE',  ( 0.000000000000000000, 0.000000000000000000, 1.000000000000000000 ) ) ;
#11324 = CARTESIAN_POINT ( 'NONE',  ( 0.3263718206001665623, 0.03315270417769449612, 0.1000000000000000056 ) ) ;
#11325 = ORIENTED_EDGE ( 'NONE', *, *, #5106, .F. ) ;
#11326 = VECTOR ( 'NONE', #9164, 1000.000000000000114 ) ;
#11327 = DIRECTION ( 'NONE',  ( 1.000000000000000000, 0.000000000000000000, 0.000000000000000000 ) ) ;
#11328 = CARTESIAN_POINT ( 'NONE',  ( 0.3275185278131149680, 0.03432414033187365654, 0.000000000000000000 ) ) ;
#11329 = EDGE_CURVE ( 'NONE', #9290, #8327, #10849, .T. ) ;
#11330 = EDGE_CURVE ( 'NONE', #5835, #7648, #141, .T. ) ;
#11331 = CARTESIAN_POINT ( 'NONE',  ( -0.04000000087241269847, 0.1689970804587989928, 0.6099999999999999867 ) ) ;
#11332 = CARTESIAN_POINT ( 'NONE',  ( -0.1631615436026759847, -0.7145957609276060163, 0.4000000000000000222 ) ) ;
#11333 = VERTEX_POINT ( 'NONE', #4018 ) ;
#11334 = ORIENTED_EDGE ( 'NONE', *, *, #10697, .T. ) ;
#11335 = ORIENTED_EDGE ( 'NONE', *, *, #9646, .F. ) ;
#11336 = EDGE_CURVE ( 'NONE', #1930, #3577, #2089, .T. ) ;
#11337 = LINE ( 'NONE', #9332, #11630 ) ;
#11338 = EDGE_CURVE ( 'NONE', #3609, #2967, #2024, .T. ) ;
#11339 = VECTOR ( 'NONE', #204, 1000.000000000000114 ) ;
#11340 = CARTESIAN_POINT ( 'NONE',  ( 0.1866831626601859750, 0.6645957609276059719, 0.4000000000000000222 ) ) ;
#11341 =( LENGTH_UNIT ( ) NAMED_UNIT ( * ) SI_UNIT ( .MILLI., .METRE. ) );
#11342 = CARTESIAN_POINT ( 'NONE',  ( -0.1131615436026759958, 0.7200000000000000844, 0.3200000000000000067 ) ) ;
#11343 = CARTESIAN_POINT ( 'NONE',  ( 0.1390179589796421977, 0.05801304451646480120, 0.000000000000000000 ) ) ;
#11344 = EDGE_CURVE ( 'NONE', #954, #10009, #6037, .T. ) ;
#11345 = ORIENTED_EDGE ( 'NONE', *, *, #12512, .T. ) ;
#11346 = DIRECTION ( 'NONE',  ( 0.000000000000000000, 1.000000000000000000, 0.000000000000000000 ) ) ;
#11347 = AXIS2_PLACEMENT_3D ( 'NONE', #2563, #6580, #3604 ) ;
#11348 = CARTESIAN_POINT ( 'NONE',  ( 0.2680689580882860135, 0.05952450839880559647, 0.000000000000000000 ) ) ;
#11349 = EDGE_LOOP ( 'NONE', ( #7199, #9190, #3884, #5370 ) ) ;
#11350 = EDGE_LOOP ( 'NONE', ( #420, #106, #4670, #1742 ) ) ;
#11351 = ORIENTED_EDGE ( 'NONE', *, *, #1133, .F. ) ;
#11352 = ORIENTED_EDGE ( 'NONE', *, *, #1938, .F. ) ;
#11353 = AXIS2_PLACEMENT_3D ( 'NONE', #12751, #6881, #6748 ) ;
#11354 = DIRECTION ( 'NONE',  ( 1.000000000000000000, 0.000000000000000000, 0.000000000000000000 ) ) ;
#11355 = LINE ( 'NONE', #500, #8443 ) ;
#11356 = CARTESIAN_POINT ( 'NONE',  ( 0.2366831626601859639, 0.7145957609276060163, 0.2967297185801399673 ) ) ;
#11357 = LINE ( 'NONE', #8516, #6538 ) ;
#11358 = EDGE_LOOP ( 'NONE', ( #8129, #10389, #81, #9260 ) ) ;
#11359 = CARTESIAN_POINT ( 'NONE',  ( -0.8000000000000000444, 0.7200000000000000844, 0.000000000000000000 ) ) ;
#11360 = DIRECTION ( 'NONE',  ( 0.000000000000000000, 0.000000000000000000, 1.000000000000000000 ) ) ;
#11361 = DIRECTION ( 'NONE',  ( 0.000000000000000000, -1.000000000000000000, 0.000000000000000000 ) ) ;
#11362 = ORIENTED_EDGE ( 'NONE', *, *, #11178, .T. ) ;
#11363 = ORIENTED_EDGE ( 'NONE', *, *, #4512, .T. ) ;
#11364 =( NAMED_UNIT ( * ) PLANE_ANGLE_UNIT ( ) SI_UNIT ( $, .RADIAN. ) );
#11365 = ORIENTED_EDGE ( 'NONE', *, *, #8625, .F. ) ;
#11366 = AXIS2_PLACEMENT_3D ( 'NONE', #10866, #9907, #2104 ) ;
#11367 = EDGE_CURVE ( 'NONE', #3121, #5910, #11888, .T. ) ;
#11368 = DIRECTION ( 'NONE',  ( 0.000000000000000000, -1.000000000000000000, 0.000000000000000000 ) ) ;
#11369 = VECTOR ( 'NONE', #1628, 1000.000000000000000 ) ;
#11370 = DIRECTION ( 'NONE',  ( 0.000000000000000000, 0.000000000000000000, -1.000000000000000000 ) ) ;
#11371 = CARTESIAN_POINT ( 'NONE',  ( 1.582892211534350002, 0.3184124295728944509, 0.000000000000000000 ) ) ;
#11372 = CYLINDRICAL_SURFACE ( 'NONE', #10838, 0.002629191094686765713 ) ;
#11373 = VERTEX_POINT ( 'NONE', #1960 ) ;
#11374 = LINE ( 'NONE', #7703, #6187 ) ;
#11375 = PLANE ( 'NONE',  #547 ) ;
#11376 = DIRECTION ( 'NONE',  ( 1.000000000000000000, 0.000000000000000000, 0.000000000000000000 ) ) ;
#11377 = ORIENTED_EDGE ( 'NONE', *, *, #6775, .T. ) ;
#11378 = DIRECTION ( 'NONE',  ( 0.000000000000000000, 0.000000000000000000, 1.000000000000000000 ) ) ;
#11379 = ADVANCED_FACE ( 'NONE', ( #1108 ), #80, .T. ) ;
#11380 = AXIS2_PLACEMENT_3D ( 'NONE', #7761, #11689, #2859 ) ;
#11381 = ORIENTED_EDGE ( 'NONE', *, *, #9740, .T. ) ;
#11382 = CARTESIAN_POINT ( 'NONE',  ( 0.3726698877962599799, 0.06712401199719210398, 0.000000000000000000 ) ) ;
#11383 = FACE_OUTER_BOUND ( 'NONE', #1745, .T. ) ;
#11384 = CARTESIAN_POINT ( 'NONE',  ( 0.3492201352550940441, 0.05661155346480119949, 0.1000000000000000056 ) ) ;
#11385 = CARTESIAN_POINT ( 'NONE',  ( 0.2750000000000000222, -0.7111815246139390201, 0.2834995524190850325 ) ) ;
#11386 = PLANE ( 'NONE',  #1564 ) ;
#11387 = ORIENTED_EDGE ( 'NONE', *, *, #7760, .T. ) ;
#11388 = DIRECTION ( 'NONE',  ( 0.000000000000000000, 0.000000000000000000, 1.000000000000000000 ) ) ;
#11389 = CARTESIAN_POINT ( 'NONE',  ( 0.2366831626601860195, -0.7134565741727723065, 0.2923153697564827014 ) ) ;
#11390 = CARTESIAN_POINT ( 'NONE',  ( 0.8000000000000000444, -0.6960358778014988923, 0.2248101690442100009 ) ) ;
#11391 = CARTESIAN_POINT ( 'NONE',  ( 0.2355732365017234875, 0.04062310122641939886, 0.000000000000000000 ) ) ;
#11392 = EDGE_CURVE ( 'NONE', #4511, #7527, #7855, .T. ) ;
#11393 = ORIENTED_EDGE ( 'NONE', *, *, #4625, .F. ) ;
#11394 = ORIENTED_EDGE ( 'NONE', *, *, #4345, .T. ) ;
#11395 = ORIENTED_EDGE ( 'NONE', *, *, #9349, .T. ) ;
#11396 = LINE ( 'NONE', #9655, #4971 ) ;
#11397 = EDGE_CURVE ( 'NONE', #8054, #8795, #4090, .T. ) ;
#11398 = CARTESIAN_POINT ( 'NONE',  ( 0.000000000000000000, -0.08899708045879850538, 0.5999999999999999778 ) ) ;
#11399 = ADVANCED_FACE ( 'NONE', ( #2991 ), #2689, .F. ) ;
#11400 = CARTESIAN_POINT ( 'NONE',  ( 0.03026751967273264704, 0.03316953316205449587, 0.000000000000000000 ) ) ;
#11401 =( LENGTH_UNIT ( ) NAMED_UNIT ( * ) SI_UNIT ( .MILLI., .METRE. ) );
#11402 = DIRECTION ( 'NONE',  ( 0.000000000000000000, 0.000000000000000000, 1.000000000000000000 ) ) ;
#11403 = CARTESIAN_POINT ( 'NONE',  ( 0.2684055889956325491, 0.05942869800156520138, 0.000000000000000000 ) ) ;
#11404 = EDGE_CURVE ( 'NONE', #1533, #3497, #11767, .T. ) ;
#11405 = ORIENTED_EDGE ( 'NONE', *, *, #3421, .T. ) ;
#11406 = EDGE_CURVE ( 'NONE', #8689, #308, #11824, .T. ) ;
#11407 = CARTESIAN_POINT ( 'NONE',  ( 0.1052965690291930018, 0.2293925109345039959, 0.5999999999999999778 ) ) ;
#11408 = CARTESIAN_POINT ( 'NONE',  ( 0.2948190126206809980, 0.07230246479118460079, 0.000000000000000000 ) ) ;
#11409 = ORIENTED_EDGE ( 'NONE', *, *, #4385, .T. ) ;
#11410 = ORIENTED_EDGE ( 'NONE', *, *, #10573, .F. ) ;
#11411 = VERTEX_POINT ( 'NONE', #4996 ) ;
#11412 = EDGE_LOOP ( 'NONE', ( #12572, #250, #2889, #11279, #11590, #1079, #5013 ) ) ;
#11413 = ADVANCED_FACE ( 'NONE', ( #7842 ), #8924, .T. ) ;
#11414 = CARTESIAN_POINT ( 'NONE',  ( 0.2636223749452199505, -0.1813925120511929723, 0.6099999999999999867 ) ) ;
#11415 = CARTESIAN_POINT ( 'NONE',  ( -0.1131615436026759958, -0.7145957609276060163, 0.4000000000000000222 ) ) ;
#11416 = CARTESIAN_POINT ( 'NONE',  ( 0.3577132303796519697, 0.06026968664832139944, 0.1000000000000000056 ) ) ;
#11417 = CARTESIAN_POINT ( 'NONE',  ( 0.8000000000000000444, -0.7046741902800299773, 0.2582836310259130075 ) ) ;
#11418 = ORIENTED_EDGE ( 'NONE', *, *, #7805, .T. ) ;
#11419 = CARTESIAN_POINT ( 'NONE',  ( 0.1052965690291930018, -0.2293925109345039959, 0.5999999999999999778 ) ) ;
#11420 = LINE ( 'NONE', #8654, #5728 ) ;
#11421 = LINE ( 'NONE', #2580, #1453 ) ;
#11422 = VERTEX_POINT ( 'NONE', #12663 ) ;
#11423 = ORIENTED_EDGE ( 'NONE', *, *, #1541, .T. ) ;
#11424 = ORIENTED_EDGE ( 'NONE', *, *, #4095, .T. ) ;
#11425 = AXIS2_PLACEMENT_3D ( 'NONE', #7883, #11016, #4910 ) ;
#11426 = SURFACE_STYLE_FILL_AREA ( #11044 ) ;
#11427 = FACE_OUTER_BOUND ( 'NONE', #5190, .T. ) ;
#11428 = CYLINDRICAL_SURFACE ( 'NONE', #10427, 0.08000000000000001554 ) ;
#11429 = VERTEX_POINT ( 'NONE', #7769 ) ;
#11430 = DIRECTION ( 'NONE',  ( 0.4653753323071734282, -0.8851134391025751169, 0.000000000000000000 ) ) ;
#11431 = CARTESIAN_POINT ( 'NONE',  ( 0.4000000000000000222, 0.7200000000000000844, 0.3200000000000000067 ) ) ;
#11432 = LINE ( 'NONE', #9506, #1813 ) ;
#11433 = VERTEX_POINT ( 'NONE', #11699 ) ;
#11434 = FILL_AREA_STYLE ('',( #7451 ) ) ;
#11435 = VECTOR ( 'NONE', #1735, 1000.000000000000000 ) ;
#11436 = ORIENTED_EDGE ( 'NONE', *, *, #11406, .T. ) ;
#11437 = CIRCLE ( 'NONE', #1760, 0.08000000000000002942 ) ;
#11438 = CIRCLE ( 'NONE', #10402, 0.01672435063138640390 ) ;
#11439 = CARTESIAN_POINT ( 'NONE',  ( 0.1587122455588625136, 0.03503749806839129288, 0.000000000000000000 ) ) ;
#11440 = AXIS2_PLACEMENT_3D ( 'NONE', #3795, #5803, #2826 ) ;
#11441 = LINE ( 'NONE', #7650, #2257 ) ;
#11442 = EDGE_CURVE ( 'NONE', #10897, #6441, #3105, .T. ) ;
#11443 = LINE ( 'NONE', #10544, #12096 ) ;
#11444 = CARTESIAN_POINT ( 'NONE',  ( 0.3275735132183335008, 0.07022410117517211003, 0.000000000000000000 ) ) ;
#11445 = CARTESIAN_POINT ( 'NONE',  ( 0.07421570504762169118, 0.06609180736169850690, 0.000000000000000000 ) ) ;
#11446 = VERTEX_POINT ( 'NONE', #1900 ) ;
#11447 = ADVANCED_FACE ( 'NONE', ( #9822 ), #5846, .T. ) ;
#11448 = DIRECTION ( 'NONE',  ( 1.000000000000000000, 0.000000000000000000, 0.000000000000000000 ) ) ;
#11449 = DIRECTION ( 'NONE',  ( 0.000000000000000000, 0.000000000000000000, 1.000000000000000000 ) ) ;
#11450 = AXIS2_PLACEMENT_3D ( 'NONE', #10745, #1918, #938 ) ;
#11451 = CIRCLE ( 'NONE', #3019, 0.04999999999999999584 ) ;
#11452 = DIRECTION ( 'NONE',  ( 0.000000000000000000, 0.000000000000000000, 1.000000000000000000 ) ) ;
#11453 = FACE_OUTER_BOUND ( 'NONE', #2393, .T. ) ;
#11454 = ORIENTED_EDGE ( 'NONE', *, *, #10820, .F. ) ;
#11455 = ORIENTED_EDGE ( 'NONE', *, *, #3363, .F. ) ;
#11456 = CIRCLE ( 'NONE', #11239, 0.008764432359781778106 ) ;
#11457 = VERTEX_POINT ( 'NONE', #12732 ) ;
#11458 = DIRECTION ( 'NONE',  ( -0.000000000000000000, 1.000000000000000000, 0.000000000000000000 ) ) ;
#11459 = FACE_OUTER_BOUND ( 'NONE', #7420, .T. ) ;
#11460 = VECTOR ( 'NONE', #2188, 1000.000000000000227 ) ;
#11461 = EDGE_CURVE ( 'NONE', #7927, #6999, #3902, .T. ) ;
#11462 = CARTESIAN_POINT ( 'NONE',  ( -0.8000000000000000444, 0.8000000000000000444, 0.4000000000000000222 ) ) ;
#11463 = VECTOR ( 'NONE', #2468, 1000.000000000000000 ) ;
#11464 = CARTESIAN_POINT ( 'NONE',  ( -0.08226357805285371139, 0.1689970804587989928, 0.6099999999999999867 ) ) ;
#11465 = CARTESIAN_POINT ( 'NONE',  ( 0.06236340267104529406, 0.06072916124237999480, 0.000000000000000000 ) ) ;
#11466 = ORIENTED_EDGE ( 'NONE', *, *, #8183, .T. ) ;
#11467 = CARTESIAN_POINT ( 'NONE',  ( 0.2365664563605270054, 0.7111815246139390201, 0.2834995524190850325 ) ) ;
#11468 = FACE_BOUND ( 'NONE', #1571, .T. ) ;
#11469 = EDGE_LOOP ( 'NONE', ( #9825, #575, #360, #8190, #4396, #6452 ) ) ;
#11470 = EDGE_CURVE ( 'NONE', #9358, #4997, #5904, .T. ) ;
#11471 = ORIENTED_EDGE ( 'NONE', *, *, #10623, .F. ) ;
#11472 = EDGE_CURVE ( 'NONE', #7954, #12184, #3180, .T. ) ;
#11473 = ORIENTED_EDGE ( 'NONE', *, *, #10584, .F. ) ;
#11474 = ORIENTED_EDGE ( 'NONE', *, *, #560, .F. ) ;
#11475 = VECTOR ( 'NONE', #4526, 1000.000000000000000 ) ;
#11476 = AXIS2_PLACEMENT_3D ( 'NONE', #336, #4282, #11183 ) ;
#11477 = EDGE_CURVE ( 'NONE', #8536, #9698, #11170, .T. ) ;
#11478 = ADVANCED_FACE ( 'NONE', ( #7362 ), #3366, .T. ) ;
#11479 = EDGE_CURVE ( 'NONE', #9225, #6883, #1172, .T. ) ;
#11480 = FACE_OUTER_BOUND ( 'NONE', #875, .T. ) ;
#11481 = CARTESIAN_POINT ( 'NONE',  ( 0.8000000000000000444, -0.7111815246139390201, 0.2834995524190850325 ) ) ;
#11482 = DIRECTION ( 'NONE',  ( 1.000000000000000000, 0.000000000000000000, 0.000000000000000000 ) ) ;
#11483 = CARTESIAN_POINT ( 'NONE',  ( 0.03303291651098660270, 0.05545179432888040078, 0.000000000000000000 ) ) ;
#11484 = ORIENTED_EDGE ( 'NONE', *, *, #5800, .F. ) ;
#11485 = AXIS2_PLACEMENT_3D ( 'NONE', #5458, #8100, #11242 ) ;
#11486 = DIRECTION ( 'NONE',  ( 0.000000000000000000, 0.000000000000000000, -1.000000000000000000 ) ) ;
#11487 = CARTESIAN_POINT ( 'NONE',  ( 0.3275185278131149680, 0.03432414033187365654, 0.000000000000000000 ) ) ;
#11488 = CYLINDRICAL_SURFACE ( 'NONE', #4348, 0.05000000000000001665 ) ;
#11489 = EDGE_LOOP ( 'NONE', ( #2469, #9926, #1515, #2904 ) ) ;
#11490 = CIRCLE ( 'NONE', #7167, 0.003120411519700041266 ) ;
#11491 = ADVANCED_FACE ( 'NONE', ( #8138 ), #4335, .T. ) ;
#11492 = EDGE_LOOP ( 'NONE', ( #5124, #4195, #9598, #1085 ) ) ;
#11493 = EDGE_CURVE ( 'NONE', #12070, #2264, #5374, .T. ) ;
#11494 =( NAMED_UNIT ( * ) SI_UNIT ( $, .STERADIAN. ) SOLID_ANGLE_UNIT ( ) );
#11495 = EDGE_LOOP ( 'NONE', ( #8869, #12622, #7179, #9578 ) ) ;
#11496 = AXIS2_PLACEMENT_3D ( 'NONE', #10090, #11047, #1250 ) ;
#11497 = AXIS2_PLACEMENT_3D ( 'NONE', #2770, #9484, #6588 ) ;
#11498 = DIRECTION ( 'NONE',  ( 0.003267179202020180796, -0.9999946627557879664, 0.000000000000000000 ) ) ;
#11499 = AXIS2_PLACEMENT_3D ( 'NONE', #11936, #6977, #10899 ) ;
#11500 = AXIS2_PLACEMENT_3D ( 'NONE', #8697, #2695, #3598 ) ;
#11501 = DIRECTION ( 'NONE',  ( 0.000000000000000000, 0.000000000000000000, -1.000000000000000000 ) ) ;
#11502 = CARTESIAN_POINT ( 'NONE',  ( 0.1692965698667100172, -0.1813925120511919731, 0.5999999999999999778 ) ) ;
#11503 = ORIENTED_EDGE ( 'NONE', *, *, #664, .T. ) ;
#11504 = DIRECTION ( 'NONE',  ( -1.000000000000000000, 0.000000000000000000, 0.000000000000000000 ) ) ;
#11505 = CARTESIAN_POINT ( 'NONE',  ( -0.1866831626601859750, -0.7145957609276060163, 0.4000000000000000222 ) ) ;
#11506 = DIRECTION ( 'NONE',  ( 1.000000000000000000, 0.000000000000000000, 0.000000000000000000 ) ) ;
#11507 = ORIENTED_EDGE ( 'NONE', *, *, #7948, .F. ) ;
#11508 = VECTOR ( 'NONE', #100, 1000.000000000000000 ) ;
#11509 = VECTOR ( 'NONE', #4051, 1000.000000000000000 ) ;
#11510 = ORIENTED_EDGE ( 'NONE', *, *, #9905, .F. ) ;
#11511 = VECTOR ( 'NONE', #6559, 1000.000000000000000 ) ;
#11512 = CARTESIAN_POINT ( 'NONE',  ( 0.2615535468668205299, 0.03535397098412690342, 0.000000000000000000 ) ) ;
#11513 = CARTESIAN_POINT ( 'NONE',  ( 0.2229590568833294817, 0.08538246062808670100, 0.000000000000000000 ) ) ;
#11514 = CARTESIAN_POINT ( 'NONE',  ( 0.3513352955696160129, -0.1912158729996289996, 0.6099999999999999867 ) ) ;
#11515 = CARTESIAN_POINT ( 'NONE',  ( 0.1054327468312544064, 0.03531536155320089826, 0.000000000000000000 ) ) ;
#11516 = DIRECTION ( 'NONE',  ( 0.000000000000000000, -0.2498780111313130825, -0.9682773257456043225 ) ) ;
#11517 = ORIENTED_EDGE ( 'NONE', *, *, #11088, .F. ) ;
#11518 = CARTESIAN_POINT ( 'NONE',  ( -0.2366831626601859639, 0.7145957609276060163, 0.2967297185801399673 ) ) ;
#11519 = CIRCLE ( 'NONE', #5983, 0.05000000000000001665 ) ;
#11520 = DIRECTION ( 'NONE',  ( 0.000000000000000000, 0.000000000000000000, 1.000000000000000000 ) ) ;
#11521 = VECTOR ( 'NONE', #2483, 1000.000000000000000 ) ;
#11522 = CARTESIAN_POINT ( 'NONE',  ( 0.06250322219966450432, 0.03328186957122985373, 0.000000000000000000 ) ) ;
#11523 = DIRECTION ( 'NONE',  ( 0.000000000000000000, 1.000000000000000000, 0.000000000000000000 ) ) ;
#11524 = ORIENTED_EDGE ( 'NONE', *, *, #5011, .F. ) ;
#11525 = ORIENTED_EDGE ( 'NONE', *, *, #4153, .F. ) ;
#11526 = VERTEX_POINT ( 'NONE', #2144 ) ;
#11527 = AXIS2_PLACEMENT_3D ( 'NONE', #8738, #3973, #11705 ) ;
#11528 = EDGE_CURVE ( 'NONE', #2461, #7500, #5245, .T. ) ;
#11529 = LINE ( 'NONE', #7529, #3416 ) ;
#11530 = DIRECTION ( 'NONE',  ( 0.000000000000000000, 0.000000000000000000, 1.000000000000000000 ) ) ;
#11531 = AXIS2_PLACEMENT_3D ( 'NONE', #12535, #9558, #8594 ) ;
#11532 = CARTESIAN_POINT ( 'NONE',  ( 0.04190391774405555214, 0.05456140616058289400, 0.000000000000000000 ) ) ;
#11533 = FACE_OUTER_BOUND ( 'NONE', #6272, .T. ) ;
#11534 = CARTESIAN_POINT ( 'NONE',  ( 0.2050745024916924841, 0.09821168822973509738, 0.000000000000000000 ) ) ;
#11535 = LINE ( 'NONE', #7534, #366 ) ;
#11536 = DIRECTION ( 'NONE',  ( 0.000000000000000000, 0.000000000000000000, 1.000000000000000000 ) ) ;
#11537 = EDGE_LOOP ( 'NONE', ( #10286, #4111, #9100, #8292, #12637 ) ) ;
#11538 = CARTESIAN_POINT ( 'NONE',  ( 0.3247421682507374840, 0.08681255800184049798, 0.1000000000000000056 ) ) ;
#11539 = DIRECTION ( 'NONE',  ( -0.05317988631951154482, 0.9985849486603750602, 0.000000000000000000 ) ) ;
#11540 = ORIENTED_EDGE ( 'NONE', *, *, #1078, .T. ) ;
#11541 = ORIENTED_EDGE ( 'NONE', *, *, #2005, .F. ) ;
#11542 = EDGE_LOOP ( 'NONE', ( #4382, #6841, #3678, #1388 ) ) ;
#11543 = EDGE_CURVE ( 'NONE', #5961, #8128, #11038, .T. ) ;
#11544 = ORIENTED_EDGE ( 'NONE', *, *, #1534, .F. ) ;
#11545 = CARTESIAN_POINT ( 'NONE',  ( 0.2365664563605270054, -0.7111815246139390201, 0.2834995524190850325 ) ) ;
#11546 = CARTESIAN_POINT ( 'NONE',  ( 0.3016240585958779863, 0.07342803942762490821, 0.1000000000000000056 ) ) ;
#11547 = VECTOR ( 'NONE', #6157, 1000.000000000000000 ) ;
#11548 = LINE ( 'NONE', #2708, #1165 ) ;
#11549 = DIRECTION ( 'NONE',  ( 0.000000000000000000, 0.000000000000000000, 1.000000000000000000 ) ) ;
#11550 = ORIENTED_EDGE ( 'NONE', *, *, #1380, .F. ) ;
#11551 = CARTESIAN_POINT ( 'NONE',  ( 0.1132782499023349959, 0.7111815246139390201, 0.2834995524190850325 ) ) ;
#11552 = CARTESIAN_POINT ( 'NONE',  ( 0.1131615436026759958, 0.7145957609276060163, 0.4000000000000000222 ) ) ;
#11553 = LINE ( 'NONE', #3619, #2912 ) ;
#11554 = ORIENTED_EDGE ( 'NONE', *, *, #7207, .F. ) ;
#11555 = EDGE_LOOP ( 'NONE', ( #9823, #11894, #11164, #7560 ) ) ;
#11556 = CARTESIAN_POINT ( 'NONE',  ( 0.07098866297209469045, 0.05540032510077769895, 0.1000000000000000056 ) ) ;
#11557 = ORIENTED_EDGE ( 'NONE', *, *, #3698, .F. ) ;
#11558 = ADVANCED_FACE ( 'NONE', ( #5380 ), #2277, .F. ) ;
#11559 = VECTOR ( 'NONE', #2923, 1000.000000000000000 ) ;
#11560 = DIRECTION ( 'NONE',  ( 0.000000000000000000, 0.000000000000000000, -1.000000000000000000 ) ) ;
#11561 = EDGE_CURVE ( 'NONE', #1261, #6702, #8207, .T. ) ;
#11562 = EDGE_CURVE ( 'NONE', #6090, #9921, #1661, .T. ) ;
#11563 = FACE_OUTER_BOUND ( 'NONE', #8949, .T. ) ;
#11564 = LINE ( 'NONE', #9628, #11251 ) ;
#11565 = ORIENTED_EDGE ( 'NONE', *, *, #2573, .F. ) ;
#11566 = CARTESIAN_POINT ( 'NONE',  ( 0.3190216502994290271, 0.06541332007093510204, 0.1000000000000000056 ) ) ;
#11567 = CARTESIAN_POINT ( 'NONE',  ( 0.1636720784317060029, 0.03626065694547629670, 0.000000000000000000 ) ) ;
#11568 = VECTOR ( 'NONE', #10504, 1000.000000000000000 ) ;
#11569 = DIRECTION ( 'NONE',  ( -1.000000000000000000, 0.000000000000000000, 0.000000000000000000 ) ) ;
#11570 = ORIENTED_EDGE ( 'NONE', *, *, #7150, .F. ) ;
#11571 = EDGE_CURVE ( 'NONE', #454, #10009, #2208, .T. ) ;
#11572 = FACE_OUTER_BOUND ( 'NONE', #9601, .T. ) ;
#11573 = EDGE_CURVE ( 'NONE', #9223, #483, #1241, .T. ) ;
#11574 = ORIENTED_EDGE ( 'NONE', *, *, #6356, .T. ) ;
#11575 = FACE_OUTER_BOUND ( 'NONE', #12151, .T. ) ;
#11576 = VECTOR ( 'NONE', #11300, 1000.000000000000000 ) ;
#11577 = AXIS2_PLACEMENT_3D ( 'NONE', #11186, #8224, #10213 ) ;
#11578 = EDGE_CURVE ( 'NONE', #9342, #10836, #1247, .T. ) ;
#11579 = CARTESIAN_POINT ( 'NONE',  ( 0.000000000000000000, 0.000000000000000000, 0.7205211221380689590 ) ) ;
#11580 = CARTESIAN_POINT ( 'NONE',  ( 0.3223082145454339575, 0.08955696703382430568, 0.000000000000000000 ) ) ;
#11581 = DIRECTION ( 'NONE',  ( 0.000000000000000000, 0.7071067811865482389, 0.7071067811865467956 ) ) ;
#11582 = CARTESIAN_POINT ( 'NONE',  ( 0.2187869229859329967, 0.05530536313800479831, 0.000000000000000000 ) ) ;
#11583 = ORIENTED_EDGE ( 'NONE', *, *, #12683, .T. ) ;
#11584 = CARTESIAN_POINT ( 'NONE',  ( 0.8000000000000000444, 0.7112489735550608927, 0.1219992644886569999 ) ) ;
#11585 = DIRECTION ( 'NONE',  ( 0.000000000000000000, 0.000000000000000000, 1.000000000000000000 ) ) ;
#11586 = CIRCLE ( 'NONE', #12003, 0.002533531845429126770 ) ;
#11587 = PLANE ( 'NONE',  #2238 ) ;
#11588 = AXIS2_PLACEMENT_3D ( 'NONE', #583, #5641, #12452 ) ;
#11589 = ORIENTED_EDGE ( 'NONE', *, *, #2110, .T. ) ;
#11590 = ORIENTED_EDGE ( 'NONE', *, *, #4835, .F. ) ;
#11591 = DIRECTION ( 'NONE',  ( 1.000000000000000000, 0.000000000000000000, 0.000000000000000000 ) ) ;
#11592 = CARTESIAN_POINT ( 'NONE',  ( -0.8000000000000000444, 0.4000000000000000222, -0.1417497762095429881 ) ) ;
#11593 = CARTESIAN_POINT ( 'NONE',  ( 0.3511977805307100464, 0.03574914923577444947, 0.1000000000000000056 ) ) ;
#11594 = CARTESIAN_POINT ( 'NONE',  ( -0.1631615436026759847, 0.7145957609276060163, 0.2834995524190850325 ) ) ;
#11595 = CARTESIAN_POINT ( 'NONE',  ( 0.1771277703162369987, 0.02637695354424850203, 0.000000000000000000 ) ) ;
#11596 = CARTESIAN_POINT ( 'NONE',  ( 0.1932796393766944842, 0.05697613247385209523, 0.000000000000000000 ) ) ;
#11597 = ORIENTED_EDGE ( 'NONE', *, *, #5480, .F. ) ;
#11598 = EDGE_CURVE ( 'NONE', #9854, #2323, #8257, .T. ) ;
#11599 = CARTESIAN_POINT ( 'NONE',  ( 0.1131615436026760096, -0.7134565741727723065, 0.2923153697564827569 ) ) ;
#11600 = DIRECTION ( 'NONE',  ( -0.2932041662820409900, -0.9560498506222638859, 0.000000000000000000 ) ) ;
#11601 = ORIENTED_EDGE ( 'NONE', *, *, #5353, .T. ) ;
#11602 = ORIENTED_EDGE ( 'NONE', *, *, #12227, .T. ) ;
#11603 = ORIENTED_EDGE ( 'NONE', *, *, #5897, .F. ) ;
#11604 = VERTEX_POINT ( 'NONE', #5123 ) ;
#11605 = CARTESIAN_POINT ( 'NONE',  ( 0.2366831626601860195, -0.7134565741727723065, 0.2923153697564827014 ) ) ;
#11606 = DIRECTION ( 'NONE',  ( 0.001086474176730999226, -0.9999994097867574983, 0.000000000000000000 ) ) ;
#11607 = LINE ( 'NONE', #520, #10457 ) ;
#11608 = EDGE_CURVE ( 'NONE', #11682, #11034, #409, .T. ) ;
#11609 = CARTESIAN_POINT ( 'NONE',  ( -0.1131615436026760096, 0.7134565741727723065, 0.2923153697564827569 ) ) ;
#11610 = DIRECTION ( 'NONE',  ( 0.000000000000000000, 0.000000000000000000, 1.000000000000000000 ) ) ;
#11611 = VERTEX_POINT ( 'NONE', #6338 ) ;
#11612 = DIRECTION ( 'NONE',  ( 1.000000000000000000, 0.000000000000000000, 0.000000000000000000 ) ) ;
#11613 = CARTESIAN_POINT ( 'NONE',  ( 0.3481238589692844942, 0.03316537007306775281, 0.000000000000000000 ) ) ;
#11614 = CARTESIAN_POINT ( 'NONE',  ( 0.1154419125532819973, 0.05758671931590179927, 0.000000000000000000 ) ) ;
#11615 = ORIENTED_EDGE ( 'NONE', *, *, #6738, .F. ) ;
#11616 = ORIENTED_EDGE ( 'NONE', *, *, #679, .T. ) ;
#11617 = CYLINDRICAL_SURFACE ( 'NONE', #12133, 0.004296673257286007588 ) ;
#11618 = ORIENTED_EDGE ( 'NONE', *, *, #2978, .T. ) ;
#11619 = UNCERTAINTY_MEASURE_WITH_UNIT (LENGTH_MEASURE( 1.000000000000000082E-05 ), #6472, 'distance_accuracy_value', 'NONE');
#11620 = DIRECTION ( 'NONE',  ( -0.9638023865703641002, 0.2666176281517604330, 0.000000000000000000 ) ) ;
#11621 = EDGE_CURVE ( 'NONE', #5355, #9940, #1429, .T. ) ;
#11622 = DIRECTION ( 'NONE',  ( 0.000000000000000000, 0.000000000000000000, 1.000000000000000000 ) ) ;
#11623 = DIRECTION ( 'NONE',  ( 0.000000000000000000, 1.000000000000000000, 0.000000000000000000 ) ) ;
#11624 = VERTEX_POINT ( 'NONE', #3422 ) ;
#11625 = DIRECTION ( 'NONE',  ( 0.000000000000000000, 0.000000000000000000, 1.000000000000000000 ) ) ;
#11626 = DIRECTION ( 'NONE',  ( -0.9625001767075089809, 0.2712810532234311012, 0.000000000000000000 ) ) ;
#11627 = FACE_OUTER_BOUND ( 'NONE', #5334, .T. ) ;
#11628 = ORIENTED_EDGE ( 'NONE', *, *, #7087, .F. ) ;
#11629 = ADVANCED_FACE ( 'NONE', ( #10008 ), #7499, .T. ) ;
#11630 = VECTOR ( 'NONE', #11081, 1000.000000000000000 ) ;
#11631 = EDGE_CURVE ( 'NONE', #4069, #4521, #1449, .T. ) ;
#11632 = ORIENTED_EDGE ( 'NONE', *, *, #9186, .T. ) ;
#11633 = EDGE_CURVE ( 'NONE', #12734, #8139, #11958, .T. ) ;
#11634 = EDGE_CURVE ( 'NONE', #7436, #293, #830, .T. ) ;
#11635 = DIRECTION ( 'NONE',  ( -1.000000000000000000, 0.000000000000000000, 0.000000000000000000 ) ) ;
#11636 = ADVANCED_FACE ( 'NONE', ( #10518 ), #5638, .T. ) ;
#11637 = DIRECTION ( 'NONE',  ( 0.07118653011131127750, -0.9974630208337106341, 0.000000000000000000 ) ) ;
#11638 = FILL_AREA_STYLE ('',( #7713 ) ) ;
#11639 = CARTESIAN_POINT ( 'NONE',  ( 0.000000000000000000, 0.000000000000000000, 0.4000000000000000222 ) ) ;
#11640 = ORIENTED_EDGE ( 'NONE', *, *, #1702, .F. ) ;
#11641 = AXIS2_PLACEMENT_3D ( 'NONE', #10363, #8184, #7413 ) ;
#11642 = CYLINDRICAL_SURFACE ( 'NONE', #9042, 0.001408525117288646775 ) ;
#11643 = CARTESIAN_POINT ( 'NONE',  ( 0.1161643973624987836, 0.04105864155184475034, 0.000000000000000000 ) ) ;
#11644 = FACE_OUTER_BOUND ( 'NONE', #2837, .T. ) ;
#11645 = DIRECTION ( 'NONE',  ( -0.9999997812482301907, 0.0006614404672198490823, 0.000000000000000000 ) ) ;
#11646 = ORIENTED_EDGE ( 'NONE', *, *, #1435, .T. ) ;
#11647 = EDGE_CURVE ( 'NONE', #7301, #4973, #11553, .T. ) ;
#11648 = MECHANICAL_DESIGN_GEOMETRIC_PRESENTATION_REPRESENTATION (  '', ( #12254 ), #12468 ) ;
#11649 = ORIENTED_EDGE ( 'NONE', *, *, #11000, .F. ) ;
#11650 = CARTESIAN_POINT ( 'NONE',  ( -0.7299999999999999822, 0.1000000000000000056, 0.05000000000000000278 ) ) ;
#11651 = DIRECTION ( 'NONE',  ( -1.000000000000000000, 0.000000000000000000, 0.000000000000000000 ) ) ;
#11652 = LINE ( 'NONE', #11400, #2037 ) ;
#11653 = FACE_OUTER_BOUND ( 'NONE', #9652, .T. ) ;
#11654 = AXIS2_PLACEMENT_3D ( 'NONE', #471, #12034, #5337 ) ;
#11655 = CARTESIAN_POINT ( 'NONE',  ( 0.2798247592475764933, 0.03312752572621634889, 0.000000000000000000 ) ) ;
#11656 = VERTEX_POINT ( 'NONE', #2714 ) ;
#11657 = AXIS2_PLACEMENT_3D ( 'NONE', #9044, #3175, #4143 ) ;
#11658 = CARTESIAN_POINT ( 'NONE',  ( 0.8000000000000000444, 0.6612489735550610703, 0.07199926448865659467 ) ) ;
#11659 = FACE_OUTER_BOUND ( 'NONE', #4985, .T. ) ;
#11660 = ORIENTED_EDGE ( 'NONE', *, *, #445, .F. ) ;
#11661 = AXIS2_PLACEMENT_3D ( 'NONE', #6744, #3523, #10599 ) ;
#11662 = DIRECTION ( 'NONE',  ( -0.8494611925640621619, -0.5276510990490222985, 0.000000000000000000 ) ) ;
#11663 = DIRECTION ( 'NONE',  ( 0.000000000000000000, 6.505213034913025026E-15, 1.000000000000000000 ) ) ;
#11664 = ORIENTED_EDGE ( 'NONE', *, *, #7947, .T. ) ;
#11665 = EDGE_LOOP ( 'NONE', ( #645, #94, #9407, #2937 ) ) ;
#11666 = EDGE_LOOP ( 'NONE', ( #10600, #1758, #11628, #7671, #10471, #9944, #512, #5186, #8921, #10538, #2839, #6121 ) ) ;
#11667 = AXIS2_PLACEMENT_3D ( 'NONE', #9488, #573, #698 ) ;
#11668 = ORIENTED_EDGE ( 'NONE', *, *, #5894, .F. ) ;
#11669 = CIRCLE ( 'NONE', #6120, 0.08000000000000002942 ) ;
#11670 = DIRECTION ( 'NONE',  ( 0.000000000000000000, 0.000000000000000000, -1.000000000000000000 ) ) ;
#11671 = DIRECTION ( 'NONE',  ( -0.000000000000000000, 1.000000000000000000, 0.000000000000000000 ) ) ;
#11672 = LINE ( 'NONE', #12708, #7177 ) ;
#11673 =( BOUNDED_CURVE ( )  B_SPLINE_CURVE ( 3, ( #4417, #235, #4365, #4180 ),
 .UNSPECIFIED., .F., .F. ) 
 B_SPLINE_CURVE_WITH_KNOTS ( ( 4, 4 ),
 ( 1.570796326794896558, 1.639134231106093020 ),
 .UNSPECIFIED. ) 
 CURVE ( )  GEOMETRIC_REPRESENTATION_ITEM ( )  RATIONAL_B_SPLINE_CURVE ( ( 1.000000000000000000, 0.9996108654318511810, 0.9996108654318511810, 1.000000000000000000 ) ) 
 REPRESENTATION_ITEM ( '' )  );
#11674 = CARTESIAN_POINT ( 'NONE',  ( 0.07421570504762169118, 0.06609180736169850690, 0.1000000000000000056 ) ) ;
#11675 = DIRECTION ( 'NONE',  ( 0.000000000000000000, 0.000000000000000000, 1.000000000000000000 ) ) ;
#11676 = ORIENTED_EDGE ( 'NONE', *, *, #12415, .F. ) ;
#11677 = VECTOR ( 'NONE', #2560, 1000.000000000000000 ) ;
#11678 = CARTESIAN_POINT ( 'NONE',  ( 0.8000000000000000444, -0.7112489735550608927, 0.1219992644886569999 ) ) ;
#11679 = DIRECTION ( 'NONE',  ( 0.8575523360803415374, -0.5143967251870378288, 0.000000000000000000 ) ) ;
#11680 = CARTESIAN_POINT ( 'NONE',  ( 0.2643992958824054607, 0.05987491340036499993, 0.1000000000000000056 ) ) ;
#11681 = ORIENTED_EDGE ( 'NONE', *, *, #12348, .T. ) ;
#11682 = VERTEX_POINT ( 'NONE', #6657 ) ;
#11683 = CARTESIAN_POINT ( 'NONE',  ( 0.1364911956989959818, 0.03332770763521999968, 0.1000000000000000056 ) ) ;
#11684 = VECTOR ( 'NONE', #1349, 1000.000000000000227 ) ;
#11685 = EDGE_LOOP ( 'NONE', ( #9653, #9835, #7060, #9476 ) ) ;
#11686 = VECTOR ( 'NONE', #598, 1000.000000000000000 ) ;
#11687 = APPLICATION_CONTEXT ( 'automotive_design' ) ;
#11688 = ADVANCED_FACE ( 'NONE', ( #1619 ), #5509, .T. ) ;
#11689 = DIRECTION ( 'NONE',  ( 0.000000000000000000, 0.000000000000000000, 1.000000000000000000 ) ) ;
#11690 = AXIS2_PLACEMENT_3D ( 'NONE', #3580, #7517, #8482 ) ;
#11691 = CIRCLE ( 'NONE', #760, 0.005722022522296680083 ) ;
#11692 = ADVANCED_BREP_SHAPE_REPRESENTATION ( '', ( #4823, #10744 ), #7896 ) ;
#11693 = VECTOR ( 'NONE', #4088, 1000.000000000000114 ) ;
#11694 = DIRECTION ( 'NONE',  ( 0.000000000000000000, 0.000000000000000000, 1.000000000000000000 ) ) ;
#11695 = LINE ( 'NONE', #6865, #6731 ) ;
#11696 = ORIENTED_EDGE ( 'NONE', *, *, #11634, .F. ) ;
#11697 = DIRECTION ( 'NONE',  ( 0.000000000000000000, 0.000000000000000000, 1.000000000000000000 ) ) ;
#11698 = CARTESIAN_POINT ( 'NONE',  ( 0.000000000000000000, 0.000000000000000000, 0.4299999999999999933 ) ) ;
#11699 = CARTESIAN_POINT ( 'NONE',  ( 0.3012896779263249947, 0.07228116532637619829, 0.000000000000000000 ) ) ;
#11700 = ORIENTED_EDGE ( 'NONE', *, *, #4879, .T. ) ;
#11701 = EDGE_LOOP ( 'NONE', ( #4579, #4608, #8241, #4931 ) ) ;
#11702 = EDGE_CURVE ( 'NONE', #7501, #12070, #9617, .T. ) ;
#11703 = VECTOR ( 'NONE', #965, 1000.000000000000000 ) ;
#11704 = AXIS2_PLACEMENT_3D ( 'NONE', #12051, #4002, #3164 ) ;
#11705 = DIRECTION ( 'NONE',  ( 0.000000000000000000, -0.7071067811865482389, 0.7071067811865467956 ) ) ;
#11706 = DIRECTION ( 'NONE',  ( 0.000000000000000000, 0.000000000000000000, -1.000000000000000000 ) ) ;
#11707 = EDGE_CURVE ( 'NONE', #11656, #7332, #2284, .T. ) ;
#11708 = VECTOR ( 'NONE', #11214, 1000.000000000000114 ) ;
#11709 = DIRECTION ( 'NONE',  ( 1.000000000000000000, 0.000000000000000000, 0.000000000000000000 ) ) ;
#11710 = ORIENTED_EDGE ( 'NONE', *, *, #5450, .F. ) ;
#11711 = CARTESIAN_POINT ( 'NONE',  ( 0.3027721760888564817, 0.07309795328946680493, 0.1000000000000000056 ) ) ;
#11712 = PLANE ( 'NONE',  #7165 ) ;
#11713 = VECTOR ( 'NONE', #6563, 1000.000000000000000 ) ;
#11714 = CARTESIAN_POINT ( 'NONE',  ( -0.2750000000000000222, 0.6612489735550610703, 0.2834995524190850325 ) ) ;
#11715 = DIRECTION ( 'NONE',  ( 1.000000000000000000, 0.000000000000000000, 0.000000000000000000 ) ) ;
#11716 = VECTOR ( 'NONE', #3665, 1000.000000000000000 ) ;
#11717 = ORIENTED_EDGE ( 'NONE', *, *, #4876, .T. ) ;
#11718 = VECTOR ( 'NONE', #2921, 1000.000000000000114 ) ;
#11719 = ORIENTED_EDGE ( 'NONE', *, *, #1230, .T. ) ;
#11720 = ADVANCED_FACE ( 'NONE', ( #11292 ), #4653, .T. ) ;
#11721 = CYLINDRICAL_SURFACE ( 'NONE', #4243, 0.04999999999999999584 ) ;
#11722 = CIRCLE ( 'NONE', #795, 0.05000000000000000971 ) ;
#11723 = DIRECTION ( 'NONE',  ( -1.000000000000000000, 0.000000000000000000, 0.000000000000000000 ) ) ;
#11724 = AXIS2_PLACEMENT_3D ( 'NONE', #6879, #5007, #8743 ) ;
#11725 = CARTESIAN_POINT ( 'NONE',  ( 0.5699999999999999512, 0.000000000000000000, 0.8699999999999999956 ) ) ;
#11726 = EDGE_CURVE ( 'NONE', #4402, #1021, #11421, .T. ) ;
#11727 = LINE ( 'NONE', #6693, #1622 ) ;
#11728 = DIRECTION ( 'NONE',  ( 0.000000000000000000, -1.000000000000000000, 0.000000000000000000 ) ) ;
#11729 = EDGE_CURVE ( 'NONE', #11446, #7424, #3729, .T. ) ;
#11730 = ORIENTED_EDGE ( 'NONE', *, *, #1588, .F. ) ;
#11731 = AXIS2_PLACEMENT_3D ( 'NONE', #11444, #474, #2608 ) ;
#11732 = DIRECTION ( 'NONE',  ( -0.8786698883186273568, 0.4774298140691791703, 0.000000000000000000 ) ) ;
#11733 = UNCERTAINTY_MEASURE_WITH_UNIT (LENGTH_MEASURE( 1.000000000000000082E-05 ), #6159, 'distance_accuracy_value', 'NONE');
#11734 = LINE ( 'NONE', #10156, #12721 ) ;
#11735 = ORIENTED_EDGE ( 'NONE', *, *, #4552, .T. ) ;
#11736 = CARTESIAN_POINT ( 'NONE',  ( -0.1866831626601859750, -0.7145957609276060163, 0.2834995524190850325 ) ) ;
#11737 = DIRECTION ( 'NONE',  ( 0.000000000000000000, 0.000000000000000000, -1.000000000000000000 ) ) ;
#11738 = ORIENTED_EDGE ( 'NONE', *, *, #3288, .F. ) ;
#11739 = CIRCLE ( 'NONE', #5149, 0.004296673257286007588 ) ;
#11740 = ORIENTED_EDGE ( 'NONE', *, *, #6331, .T. ) ;
#11741 = ADVANCED_FACE ( 'NONE', ( #703 ), #9357, .F. ) ;
#11742 = ADVANCED_FACE ( 'NONE', ( #8655 ), #11488, .T. ) ;
#11743 = ORIENTED_EDGE ( 'NONE', *, *, #8262, .T. ) ;
#11744 = CIRCLE ( 'NONE', #11531, 0.0008251076779710896959 ) ;
#11745 = EDGE_LOOP ( 'NONE', ( #1246, #5872, #1946, #7750 ) ) ;
#11746 = CARTESIAN_POINT ( 'NONE',  ( 0.1925666295662490091, 0.05718103188946949827, 0.1000000000000000056 ) ) ;
#11747 = ADVANCED_FACE ( 'NONE', ( #9422 ), #2653, .T. ) ;
#11748 = PLANE ( 'NONE',  #5886 ) ;
#11749 = DIRECTION ( 'NONE',  ( -1.000000000000000000, 0.000000000000000000, 0.000000000000000000 ) ) ;
#11750 = DIRECTION ( 'NONE',  ( 0.000000000000000000, 0.000000000000000000, -1.000000000000000000 ) ) ;
#11751 = ORIENTED_EDGE ( 'NONE', *, *, #5302, .F. ) ;
#11752 = CIRCLE ( 'NONE', #8044, 0.001832452116682253091 ) ;
#11753 = LINE ( 'NONE', #6714, #11718 ) ;
#11754 = DIRECTION ( 'NONE',  ( -1.000000000000000000, 0.000000000000000000, 0.000000000000000000 ) ) ;
#11755 = FACE_OUTER_BOUND ( 'NONE', #119, .T. ) ;
#11756 = ORIENTED_EDGE ( 'NONE', *, *, #3068, .T. ) ;
#11757 = ORIENTED_EDGE ( 'NONE', *, *, #7391, .T. ) ;
#11758 = DIRECTION ( 'NONE',  ( 0.9651971998477587578, -0.2615231641863598466, 0.000000000000000000 ) ) ;
#11759 = VERTEX_POINT ( 'NONE', #6597 ) ;
#11760 = VECTOR ( 'NONE', #4149, 1000.000000000000000 ) ;
#11761 = LINE ( 'NONE', #3701, #10135 ) ;
#11762 = CARTESIAN_POINT ( 'NONE',  ( 0.3672011682404744959, 0.03609545426964839987, 0.000000000000000000 ) ) ;
#11763 = LINE ( 'NONE', #7952, #329 ) ;
#11764 = ORIENTED_EDGE ( 'NONE', *, *, #3892, .T. ) ;
#11765 = DIRECTION ( 'NONE',  ( -1.000000000000000000, 0.000000000000000000, 0.000000000000000000 ) ) ;
#11766 = CARTESIAN_POINT ( 'NONE',  ( 0.2366831626601859639, -0.7200000000000000844, 0.4000000000000000222 ) ) ;
#11767 = LINE ( 'NONE', #11954, #406 ) ;
#11768 = VERTEX_POINT ( 'NONE', #8520 ) ;
#11769 = EDGE_CURVE ( 'NONE', #7904, #2209, #8676, .T. ) ;
#11770 = ORIENTED_EDGE ( 'NONE', *, *, #11967, .T. ) ;
#11771 = VECTOR ( 'NONE', #6911, 1000.000000000000000 ) ;
#11772 = ORIENTED_EDGE ( 'NONE', *, *, #11015, .F. ) ;
#11773 = CARTESIAN_POINT ( 'NONE',  ( 0.1014214561521830094, 0.06429034440840708520, 0.1000000000000000056 ) ) ;
#11774 = LINE ( 'NONE', #3000, #6966 ) ;
#11775 = DIRECTION ( 'NONE',  ( 0.000000000000000000, 0.000000000000000000, 1.000000000000000000 ) ) ;
#11776 = DIRECTION ( 'NONE',  ( 1.000000000000000000, 0.000000000000000000, 0.000000000000000000 ) ) ;
#11777 = ORIENTED_EDGE ( 'NONE', *, *, #10556, .T. ) ;
#11778 = CARTESIAN_POINT ( 'NONE',  ( -0.7446446609406726092, 0.1000000000000000056, 0.01464466094067265987 ) ) ;
#11779 = EDGE_CURVE ( 'NONE', #2633, #1837, #1944, .T. ) ;
#11780 = CARTESIAN_POINT ( 'NONE',  ( 0.06557364123081391161, 0.03601309922746600417, 0.000000000000000000 ) ) ;
#11781 = CARTESIAN_POINT ( 'NONE',  ( -0.4000000000000000222, -0.7200000000000000844, 0.3200000000000000067 ) ) ;
#11782 = FACE_OUTER_BOUND ( 'NONE', #1853, .T. ) ;
#11783 = ORIENTED_EDGE ( 'NONE', *, *, #6201, .F. ) ;
#11784 = VERTEX_POINT ( 'NONE', #1886 ) ;
#11785 = DIRECTION ( 'NONE',  ( -1.000000000000000000, 0.000000000000000000, 0.000000000000000000 ) ) ;
#11786 = CARTESIAN_POINT ( 'NONE',  ( 0.3724934832593844725, 0.02632653573052175233, 0.000000000000000000 ) ) ;
#11787 = CARTESIAN_POINT ( 'NONE',  ( 0.06021424604468440800, 0.06308506178807390952, 0.000000000000000000 ) ) ;
#11788 = FACE_OUTER_BOUND ( 'NONE', #10703, .T. ) ;
#11789 = ORIENTED_EDGE ( 'NONE', *, *, #12561, .T. ) ;
#11790 = AXIS2_PLACEMENT_3D ( 'NONE', #814, #3468, #7410 ) ;
#11791 = DIRECTION ( 'NONE',  ( -1.000000000000000000, 0.000000000000000000, 0.000000000000000000 ) ) ;
#11792 = PRODUCT_DEFINITION_FORMATION_WITH_SPECIFIED_SOURCE ( 'ANY', '', #9540, .NOT_KNOWN. ) ;
#11793 = ADVANCED_FACE ( 'NONE', ( #5958 ), #8967, .T. ) ;
#11794 = ORIENTED_EDGE ( 'NONE', *, *, #4011, .F. ) ;
#11795 = CARTESIAN_POINT ( 'NONE',  ( -0.1131615436026759958, 0.7200000000000000844, 0.4000000000000000222 ) ) ;
#11796 = LINE ( 'NONE', #7468, #9305 ) ;
#11797 = ORIENTED_EDGE ( 'NONE', *, *, #4063, .T. ) ;
#11798 = ORIENTED_EDGE ( 'NONE', *, *, #2477, .T. ) ;
#11799 = ORIENTED_EDGE ( 'NONE', *, *, #2183, .T. ) ;
#11800 = EDGE_CURVE ( 'NONE', #4116, #5442, #12715, .T. ) ;
#11801 = EDGE_CURVE ( 'NONE', #5562, #4987, #121, .T. ) ;
#11802 = ORIENTED_EDGE ( 'NONE', *, *, #11702, .T. ) ;
#11803 = CARTESIAN_POINT ( 'NONE',  ( 0.1353083968147044125, 0.03847779929167929880, 0.000000000000000000 ) ) ;
#11804 = ADVANCED_FACE ( 'NONE', ( #10832 ), #902, .T. ) ;
#11805 = FACE_OUTER_BOUND ( 'NONE', #567, .T. ) ;
#11806 = ADVANCED_FACE ( 'NONE', ( #7690 ), #4918, .T. ) ;
#11807 = CARTESIAN_POINT ( 'NONE',  ( 0.1322382268728281851, 0.06408085066565021026, 0.000000000000000000 ) ) ;
#11808 = CARTESIAN_POINT ( 'NONE',  ( 0.09261828412980088743, 0.05554728094672600064, 0.1000000000000000056 ) ) ;
#11809 = ORIENTED_EDGE ( 'NONE', *, *, #6519, .F. ) ;
#11810 = FACE_OUTER_BOUND ( 'NONE', #11665, .T. ) ;
#11811 = DIRECTION ( 'NONE',  ( 0.002264353184131698803, -0.9999974363490425899, 0.000000000000000000 ) ) ;
#11812 = CARTESIAN_POINT ( 'NONE',  ( 0.1571402551370909839, 0.03597915983027454717, 0.000000000000000000 ) ) ;
#11813 = ORIENTED_EDGE ( 'NONE', *, *, #3405, .F. ) ;
#11814 = ORIENTED_EDGE ( 'NONE', *, *, #2329, .T. ) ;
#11815 = DIRECTION ( 'NONE',  ( -1.000000000000000000, 0.000000000000000000, 0.000000000000000000 ) ) ;
#11816 = ORIENTED_EDGE ( 'NONE', *, *, #7863, .T. ) ;
#11817 = EDGE_CURVE ( 'NONE', #5070, #6078, #9, .T. ) ;
#11818 = CYLINDRICAL_SURFACE ( 'NONE', #871, 0.003369696899038590251 ) ;
#11819 = CARTESIAN_POINT ( 'NONE',  ( -0.2366831626601859639, 0.7145957609276060163, 0.4000000000000000222 ) ) ;
#11820 = PLANE ( 'NONE',  #2199 ) ;
#11821 = ORIENTED_EDGE ( 'NONE', *, *, #6886, .F. ) ;
#11822 = CARTESIAN_POINT ( 'NONE',  ( 0.1587122455588695080, 0.03320504595170924861, 0.1000000000000000056 ) ) ;
#11823 = CARTESIAN_POINT ( 'NONE',  ( 0.1171234050409619976, 0.03448822239446525106, 0.000000000000000000 ) ) ;
#11824 = LINE ( 'NONE', #9893, #7647 ) ;
#11825 = EDGE_LOOP ( 'NONE', ( #5045, #5976, #4010, #5564 ) ) ;
#11826 =( LENGTH_UNIT ( ) NAMED_UNIT ( * ) SI_UNIT ( .MILLI., .METRE. ) );
#11827 = ORIENTED_EDGE ( 'NONE', *, *, #7699, .T. ) ;
#11828 = ORIENTED_EDGE ( 'NONE', *, *, #3124, .T. ) ;
#11829 = CARTESIAN_POINT ( 'NONE',  ( 0.4000000000000000222, 0.7765685424949239080, 0.3765685424949237747 ) ) ;
#11830 = CYLINDRICAL_SURFACE ( 'NONE', #974, 0.04999999999999999584 ) ;
#11831 = FACE_OUTER_BOUND ( 'NONE', #1910, .T. ) ;
#11832 = DIRECTION ( 'NONE',  ( 1.000000000000000000, 0.000000000000000000, 0.000000000000000000 ) ) ;
#11833 = ORIENTED_EDGE ( 'NONE', *, *, #11769, .F. ) ;
#11834 = CARTESIAN_POINT ( 'NONE',  ( -0.8499999999999999778, 0.1000000000000000056, 0.000000000000000000 ) ) ;
#11835 = DIRECTION ( 'NONE',  ( 1.000000000000000000, 0.000000000000000000, 0.000000000000000000 ) ) ;
#11836 = DIRECTION ( 'NONE',  ( 1.000000000000000000, 0.000000000000000000, 0.000000000000000000 ) ) ;
#11837 = CARTESIAN_POINT ( 'NONE',  ( 0.7299999999999999822, 0.1900000000000000022, 0.1000000000000000056 ) ) ;
#11838 = ORIENTED_EDGE ( 'NONE', *, *, #11621, .F. ) ;
#11839 = ORIENTED_EDGE ( 'NONE', *, *, #1474, .T. ) ;
#11840 = DIRECTION ( 'NONE',  ( 1.000000000000000000, 0.000000000000000000, 0.000000000000000000 ) ) ;
#11841 = EDGE_CURVE ( 'NONE', #5945, #6471, #421, .T. ) ;
#11842 = VECTOR ( 'NONE', #4507, 1000.000000000000000 ) ;
#11843 = CYLINDRICAL_SURFACE ( 'NONE', #12757, 0.002603910244099755678 ) ;
#11844 = SURFACE_STYLE_FILL_AREA ( #8166 ) ;
#11845 = CARTESIAN_POINT ( 'NONE',  ( -1.700737646469700234E-17, -0.08899708045879850538, 0.5999999999999999778 ) ) ;
#11846 = VERTEX_POINT ( 'NONE', #8911 ) ;
#11847 = CARTESIAN_POINT ( 'NONE',  ( -0.2750000000000000222, -0.7111815246139390201, 0.2834995524190850325 ) ) ;
#11848 = ORIENTED_EDGE ( 'NONE', *, *, #10997, .F. ) ;
#11849 = CARTESIAN_POINT ( 'NONE',  ( 0.3223082145454339575, 0.08955696703382430568, 0.000000000000000000 ) ) ;
#11850 = ORIENTED_EDGE ( 'NONE', *, *, #8177, .T. ) ;
#11851 = VERTEX_POINT ( 'NONE', #11680 ) ;
#11852 = AXIS2_PLACEMENT_3D ( 'NONE', #8234, #7137, #3453 ) ;
#11853 = EDGE_LOOP ( 'NONE', ( #956, #1535, #5791, #3107, #1537, #6925 ) ) ;
#11854 = ORIENTED_EDGE ( 'NONE', *, *, #10364, .F. ) ;
#11855 = ADVANCED_FACE ( 'NONE', ( #5041 ), #10644, .F. ) ;
#11856 = AXIS2_PLACEMENT_3D ( 'NONE', #7862, #11785, #2953 ) ;
#11857 = VECTOR ( 'NONE', #3319, 1000.000000000000000 ) ;
#11858 = DIRECTION ( 'NONE',  ( -0.9999946627557741996, -0.003267179206177230500, 0.000000000000000000 ) ) ;
#11859 = CARTESIAN_POINT ( 'NONE',  ( 0.2750000000000000222, -0.7112489735550608927, 0.1219992644886569999 ) ) ;
#11860 = CIRCLE ( 'NONE', #11661, 0.04999999999999999584 ) ;
#11861 = LINE ( 'NONE', #1217, #9021 ) ;
#11862 = EDGE_CURVE ( 'NONE', #3211, #9993, #7940, .T. ) ;
#11863 = DIRECTION ( 'NONE',  ( 0.000000000000000000, 0.000000000000000000, 1.000000000000000000 ) ) ;
#11864 = EDGE_LOOP ( 'NONE', ( #1601, #11381, #6160, #6659 ) ) ;
#11865 = ADVANCED_FACE ( 'NONE', ( #3883 ), #9878, .F. ) ;
#11866 = CARTESIAN_POINT ( 'NONE',  ( 0.2558220416522875018, 0.03277019182142075493, 0.000000000000000000 ) ) ;
#11867 = DIRECTION ( 'NONE',  ( 0.000000000000000000, -1.000000000000000000, 0.000000000000000000 ) ) ;
#11868 = ORIENTED_EDGE ( 'NONE', *, *, #11344, .F. ) ;
#11869 = EDGE_LOOP ( 'NONE', ( #10633, #3196, #6907, #10730 ) ) ;
#11870 = AXIS2_PLACEMENT_3D ( 'NONE', #1660, #680, #4694 ) ;
#11871 = VECTOR ( 'NONE', #8385, 999.9999999999998863 ) ;
#11872 = DIRECTION ( 'NONE',  ( 0.000000000000000000, 0.000000000000000000, 1.000000000000000000 ) ) ;
#11873 = ORIENTED_EDGE ( 'NONE', *, *, #4134, .T. ) ;
#11874 = EDGE_CURVE ( 'NONE', #9895, #6717, #843, .T. ) ;
#11875 = ADVANCED_FACE ( 'NONE', ( #11755 ), #10717, .F. ) ;
#11876 = VECTOR ( 'NONE', #12533, 1000.000000000000000 ) ;
#11877 = EDGE_CURVE ( 'NONE', #5875, #2362, #8717, .T. ) ;
#11878 = CARTESIAN_POINT ( 'NONE',  ( 0.2366831626601859639, -0.7145957609276060163, 0.2967297185801399673 ) ) ;
#11879 = VECTOR ( 'NONE', #8845, 1000.000000000000000 ) ;
#11880 = EDGE_CURVE ( 'NONE', #12200, #8509, #7889, .T. ) ;
#11881 = LINE ( 'NONE', #3052, #4439 ) ;
#11882 = CARTESIAN_POINT ( 'NONE',  ( -0.1075617986720861230, -0.09310241639405300584, 0.5999999999999999778 ) ) ;
#11883 = ORIENTED_EDGE ( 'NONE', *, *, #3427, .F. ) ;
#11884 = ADVANCED_FACE ( 'NONE', ( #10773 ), #8850, .T. ) ;
#11885 = AXIS2_PLACEMENT_3D ( 'NONE', #10043, #2120, #7685 ) ;
#11886 = DIRECTION ( 'NONE',  ( -0.9999999939098688229, 0.0001103642250404199900, 0.000000000000000000 ) ) ;
#11887 = CARTESIAN_POINT ( 'NONE',  ( 0.2547853178277684760, 0.06699789738363649827, 0.1000000000000000056 ) ) ;
#11888 = LINE ( 'NONE', #10915, #10921 ) ;
#11889 = ORIENTED_EDGE ( 'NONE', *, *, #3126, .F. ) ;
#11890 = VECTOR ( 'NONE', #3440, 1000.000000000000000 ) ;
#11891 = ORIENTED_EDGE ( 'NONE', *, *, #4633, .T. ) ;
#11892 = ADVANCED_FACE ( 'NONE', ( #10061 ), #9288, .T. ) ;
#11893 = ADVANCED_FACE ( 'NONE', ( #8127 ), #12124, .T. ) ;
#11894 = ORIENTED_EDGE ( 'NONE', *, *, #7512, .T. ) ;
#11895 = AXIS2_PLACEMENT_3D ( 'NONE', #6945, #7913, #3075 ) ;
#11896 = CIRCLE ( 'NONE', #5312, 0.002319970208163568172 ) ;
#11897 = CARTESIAN_POINT ( 'NONE',  ( 0.1972447703832500288, 0.08945878578258649461, 0.000000000000000000 ) ) ;
#11898 = CYLINDRICAL_SURFACE ( 'NONE', #5944, 0.0007514218735937012311 ) ;
#11899 = ADVANCED_FACE ( 'NONE', ( #6077 ), #1414, .F. ) ;
#11900 = DIRECTION ( 'NONE',  ( 0.000000000000000000, 0.000000000000000000, 1.000000000000000000 ) ) ;
#11901 = DIRECTION ( 'NONE',  ( 0.000000000000000000, 0.000000000000000000, -1.000000000000000000 ) ) ;
#11902 = ORIENTED_EDGE ( 'NONE', *, *, #8954, .F. ) ;
#11903 = LINE ( 'NONE', #12676, #6178 ) ;
#11904 = CYLINDRICAL_SURFACE ( 'NONE', #2624, 0.07999999999999998779 ) ;
#11905 = AXIS2_PLACEMENT_3D ( 'NONE', #6741, #6044, #10735 ) ;
#11907 = AXIS2_PLACEMENT_3D ( 'NONE', #1832, #11569, #2735 ) ;
#11906 = CARTESIAN_POINT ( 'NONE',  ( -0.2365664563605270054, -0.7111815246139390201, 0.2834995524190850325 ) ) ;
#11908 = DIRECTION ( 'NONE',  ( 0.000000000000000000, 0.000000000000000000, 1.000000000000000000 ) ) ;
#11909 = EDGE_LOOP ( 'NONE', ( #10359, #3608, #4280, #11471 ) ) ;
#11910 = VECTOR ( 'NONE', #2764, 1000.000000000000000 ) ;
#11911 = EDGE_LOOP ( 'NONE', ( #10955, #6601, #6536, #1634, #1325, #9458 ) ) ;
#11912 = CIRCLE ( 'NONE', #1194, 0.08000000000000002942 ) ;
#11913 = DIRECTION ( 'NONE',  ( 0.000000000000000000, 0.7071067811865482389, -0.7071067811865467956 ) ) ;
#11914 = CIRCLE ( 'NONE', #11497, 0.08000000000000002942 ) ;
#11915 = VECTOR ( 'NONE', #3530, 1000.000000000000114 ) ;
#11916 = CYLINDRICAL_SURFACE ( 'NONE', #11108, 0.5000000000000000000 ) ;
#11917 = ORIENTED_EDGE ( 'NONE', *, *, #5437, .T. ) ;
#11918 = DIRECTION ( 'NONE',  ( -0.8575523360803415374, 0.5143967251870378288, 0.000000000000000000 ) ) ;
#11919 = LINE ( 'NONE', #7086, #9621 ) ;
#11920 = VERTEX_POINT ( 'NONE', #6206 ) ;
#11921 = LINE ( 'NONE', #950, #11285 ) ;
#11922 = ORIENTED_EDGE ( 'NONE', *, *, #10503, .T. ) ;
#11923 = EDGE_LOOP ( 'NONE', ( #8956, #11198, #2510, #6039 ) ) ;
#11924 = CIRCLE ( 'NONE', #2441, 0.05000000000000002359 ) ;
#11925 = EDGE_CURVE ( 'NONE', #1887, #482, #5295, .T. ) ;
#11926 = ORIENTED_EDGE ( 'NONE', *, *, #9836, .T. ) ;
#11927 = CIRCLE ( 'NONE', #2446, 0.05000000000000002359 ) ;
#11928 = ORIENTED_EDGE ( 'NONE', *, *, #4173, .T. ) ;
#11929 = AXIS2_PLACEMENT_3D ( 'NONE', #4230, #12095, #9006 ) ;
#11930 = CARTESIAN_POINT ( 'NONE',  ( 0.3692846560191499483, 0.03316536806220055089, 0.000000000000000000 ) ) ;
#11931 = PLANE ( 'NONE',  #9160 ) ;
#11932 = DIRECTION ( 'NONE',  ( -1.000000000000000000, 0.000000000000000000, 0.000000000000000000 ) ) ;
#11933 = CIRCLE ( 'NONE', #2063, 0.003217860069563214468 ) ;
#11934 = CARTESIAN_POINT ( 'NONE',  ( 0.2060042911389755038, 0.05554681583739910083, 0.000000000000000000 ) ) ;
#11935 = VERTEX_POINT ( 'NONE', #11093 ) ;
#11936 = CARTESIAN_POINT ( 'NONE',  ( 0.8000000000000000444, -0.7200000000000000844, 0.3200000000000000067 ) ) ;
#11937 = ADVANCED_FACE ( 'NONE', ( #2193 ), #6265, .F. ) ;
#11938 = CARTESIAN_POINT ( 'NONE',  ( -0.4000000000000000222, -0.7200000000000000844, 0.3200000000000000067 ) ) ;
#11939 = VERTEX_POINT ( 'NONE', #10123 ) ;
#11940 = ORIENTED_EDGE ( 'NONE', *, *, #132, .T. ) ;
#11942 = AXIS2_PLACEMENT_3D ( 'NONE', #1312, #5256, #9250 ) ;
#11941 = DIRECTION ( 'NONE',  ( 0.2755504690503010057, 0.9612866060682210279, 0.000000000000000000 ) ) ;
#11943 = ORIENTED_EDGE ( 'NONE', *, *, #3405, .T. ) ;
#11944 = VECTOR ( 'NONE', #11118, 1000.000000000000000 ) ;
#11945 = PRODUCT_DEFINITION ( 'UNKNOWN', '', #1278, #12526 ) ;
#11946 = CARTESIAN_POINT ( 'NONE',  ( 0.08772940361472320037, 0.03601309922746600417, 0.000000000000000000 ) ) ;
#11947 = VECTOR ( 'NONE', #1739, 1000.000000000000000 ) ;
#11948 = DIRECTION ( 'NONE',  ( -0.5999999860413970376, 0.8000000104689519720, 0.000000000000000000 ) ) ;
#11949 = LINE ( 'NONE', #1292, #957 ) ;
#11950 = ORIENTED_EDGE ( 'NONE', *, *, #2477, .F. ) ;
#11951 = DIRECTION ( 'NONE',  ( -1.000000000000000000, 0.000000000000000000, 0.000000000000000000 ) ) ;
#11952 = DIRECTION ( 'NONE',  ( 0.000000000000000000, 0.000000000000000000, -1.000000000000000000 ) ) ;
#11953 = EDGE_CURVE ( 'NONE', #8370, #5297, #4068, .T. ) ;
#11954 = CARTESIAN_POINT ( 'NONE',  ( 0.1497302240989401845, 0.06712819375075448902, 0.000000000000000000 ) ) ;
#11955 = ORIENTED_EDGE ( 'NONE', *, *, #12190, .F. ) ;
#11956 = ORIENTED_EDGE ( 'NONE', *, *, #9965, .F. ) ;
#11957 = ORIENTED_EDGE ( 'NONE', *, *, #3204, .F. ) ;
#11958 = CIRCLE ( 'NONE', #6403, 0.05000000000000002359 ) ;
#11959 = EDGE_CURVE ( 'NONE', #10233, #4325, #9031, .T. ) ;
#11960 = EDGE_CURVE ( 'NONE', #5087, #10996, #188, .T. ) ;
#11961 = LINE ( 'NONE', #11415, #10091 ) ;
#11962 = DIRECTION ( 'NONE',  ( 0.000000000000000000, 1.000000000000000000, -8.131516293641279311E-16 ) ) ;
#11963 = CYLINDRICAL_SURFACE ( 'NONE', #6706, 0.08000000000000002942 ) ;
#11964 = ADVANCED_FACE ( 'NONE', ( #11210 ), #12055, .F. ) ;
#11965 = CARTESIAN_POINT ( 'NONE',  ( 0.4000000000000000222, 0.7200000000000000844, 0.4000000000000000222 ) ) ;
#11966 = VERTEX_POINT ( 'NONE', #306 ) ;
#11967 = EDGE_CURVE ( 'NONE', #7112, #352, #9221, .T. ) ;
#11968 = CARTESIAN_POINT ( 'NONE',  ( -0.2750000000000000222, -0.7046741902800299773, 0.2582836310259130075 ) ) ;
#11969 = CARTESIAN_POINT ( 'NONE',  ( 0.2060042911389755038, 0.05554681583739910083, 0.000000000000000000 ) ) ;
#11970 = AXIS2_PLACEMENT_3D ( 'NONE', #2261, #7229, #9992 ) ;
#11971 = CARTESIAN_POINT ( 'NONE',  ( 0.2886864141051839749, 0.03315286465715609754, 0.000000000000000000 ) ) ;
#11972 = LINE ( 'NONE', #10099, #4366 ) ;
#11973 = FACE_OUTER_BOUND ( 'NONE', #7031, .T. ) ;
#11974 = VERTEX_POINT ( 'NONE', #2322 ) ;
#11975 = ORIENTED_EDGE ( 'NONE', *, *, #1799, .F. ) ;
#11976 = EDGE_CURVE ( 'NONE', #7309, #8194, #10965, .T. ) ;
#11977 = CARTESIAN_POINT ( 'NONE',  ( 0.2263258372114170247, 0.06170276195080430515, 0.000000000000000000 ) ) ;
#11978 = AXIS2_PLACEMENT_3D ( 'NONE', #11348, #6455, #10370 ) ;
#11979 = DIRECTION ( 'NONE',  ( 0.000000000000000000, 0.000000000000000000, -1.000000000000000000 ) ) ;
#11980 = LINE ( 'NONE', #10349, #5349 ) ;
#11981 = DIRECTION ( 'NONE',  ( -0.9620395068935422289, 0.2729102181598012100, 0.000000000000000000 ) ) ;
#11982 = EDGE_LOOP ( 'NONE', ( #3166, #2432, #3029, #1184 ) ) ;
#11983 = CARTESIAN_POINT ( 'NONE',  ( -0.1131615436026759958, 0.7405531811372209061, 0.3973147252801209617 ) ) ;
#11984 = LINE ( 'NONE', #6062, #10846 ) ;
#11985 = UNCERTAINTY_MEASURE_WITH_UNIT (LENGTH_MEASURE( 1.000000000000000082E-05 ), #12464, 'distance_accuracy_value', 'NONE');
#11986 = CARTESIAN_POINT ( 'NONE',  ( 0.2209186676388404935, 0.1061601682706413974, 0.000000000000000000 ) ) ;
#11987 = ORIENTED_EDGE ( 'NONE', *, *, #10894, .T. ) ;
#11988 = VERTEX_POINT ( 'NONE', #5174 ) ;
#11989 = ORIENTED_EDGE ( 'NONE', *, *, #5501, .T. ) ;
#11990 = ORIENTED_EDGE ( 'NONE', *, *, #11493, .F. ) ;
#11991 = STYLED_ITEM ( 'NONE', ( #1248 ), #709 ) ;
#11992 = STYLED_ITEM ( 'NONE', ( #10143 ), #1068 ) ;
#11993 = CARTESIAN_POINT ( 'NONE',  ( 0.7018290623389680238, 0.09500000000000000111, 0.05000000000000000278 ) ) ;
#11994 = CARTESIAN_POINT ( 'NONE',  ( 0.2366831626601859639, -0.7145957609276060163, 0.4000000000000000222 ) ) ;
#11995 = DIRECTION ( 'NONE',  ( 0.6467730502742551346, -0.7626825168042964398, 0.000000000000000000 ) ) ;
#11996 = DIRECTION ( 'NONE',  ( 0.000000000000000000, 0.000000000000000000, 1.000000000000000000 ) ) ;
#11997 = ORIENTED_EDGE ( 'NONE', *, *, #7063, .F. ) ;
#11998 = FACE_OUTER_BOUND ( 'NONE', #1638, .T. ) ;
#11999 = FACE_OUTER_BOUND ( 'NONE', #11537, .T. ) ;
#12000 = ORIENTED_EDGE ( 'NONE', *, *, #9029, .T. ) ;
#12001 = ORIENTED_EDGE ( 'NONE', *, *, #11631, .T. ) ;
#12002 = CARTESIAN_POINT ( 'NONE',  ( 0.1631615436026759847, 0.7145957609276060163, 0.4000000000000000222 ) ) ;
#12003 = AXIS2_PLACEMENT_3D ( 'NONE', #7697, #5839, #11620 ) ;
#12004 = ORIENTED_EDGE ( 'NONE', *, *, #2978, .F. ) ;
#12005 = EDGE_CURVE ( 'NONE', #8940, #476, #4136, .T. ) ;
#12006 = CARTESIAN_POINT ( 'NONE',  ( -0.1131615436026759958, 0.7145957609276060163, 0.4000000000000000222 ) ) ;
#12007 = EDGE_CURVE ( 'NONE', #9861, #110, #9097, .T. ) ;
#12008 = DIRECTION ( 'NONE',  ( 0.000000000000000000, 0.000000000000000000, -1.000000000000000000 ) ) ;
#12009 = DIRECTION ( 'NONE',  ( 1.000000000000000000, 0.000000000000000000, 0.000000000000000000 ) ) ;
#12010 = ORIENTED_EDGE ( 'NONE', *, *, #2734, .T. ) ;
#12011 = PLANE ( 'NONE',  #10295 ) ;
#12012 = CARTESIAN_POINT ( 'NONE',  ( -0.1132004608466073842, -0.7123180523633572125, 0.2879035975964101546 ) ) ;
#12013 = CARTESIAN_POINT ( 'NONE',  ( 0.03479498413630530834, 0.05676671052219979530, 0.000000000000000000 ) ) ;
#12014 = ORIENTED_EDGE ( 'NONE', *, *, #7345, .T. ) ;
#12015 = ORIENTED_EDGE ( 'NONE', *, *, #10378, .F. ) ;
#12016 = ORIENTED_EDGE ( 'NONE', *, *, #6378, .F. ) ;
#12017 = ADVANCED_FACE ( 'NONE', ( #11999 ), #3353, .F. ) ;
#12018 = LINE ( 'NONE', #7727, #7893 ) ;
#12019 = LINE ( 'NONE', #3555, #11944 ) ;
#12020 = DIRECTION ( 'NONE',  ( -0.4187623895423636666, 0.9080958435676104168, 0.000000000000000000 ) ) ;
#12021 = CARTESIAN_POINT ( 'NONE',  ( 0.1798890280879854864, 0.1042687375577332071, 0.1000000000000000056 ) ) ;
#12022 = CYLINDRICAL_SURFACE ( 'NONE', #2604, 0.002132052818930381573 ) ;
#12023 = ORIENTED_EDGE ( 'NONE', *, *, #5984, .F. ) ;
#12024 = CYLINDRICAL_SURFACE ( 'NONE', #1849, 0.05000000000000002359 ) ;
#12025 = CARTESIAN_POINT ( 'NONE',  ( 0.1041318337685519929, 0.05988827687163190278, 0.000000000000000000 ) ) ;
#12026 = CARTESIAN_POINT ( 'NONE',  ( 0.2636223749452199505, 0.1813925120511929723, 0.6099999999999999867 ) ) ;
#12027 = EDGE_CURVE ( 'NONE', #6624, #481, #2082, .T. ) ;
#12028 = ADVANCED_FACE ( 'NONE', ( #6643 ), #7610, .T. ) ;
#12029 = FACE_OUTER_BOUND ( 'NONE', #9672, .T. ) ;
#12030 = CARTESIAN_POINT ( 'NONE',  ( 0.4813203788666904348, -5.894474613434837959E-17, 0.6913203788665051031 ) ) ;
#12031 = ORIENTED_EDGE ( 'NONE', *, *, #9974, .T. ) ;
#12032 = ORIENTED_EDGE ( 'NONE', *, *, #5112, .T. ) ;
#12033 = ADVANCED_FACE ( 'NONE', ( #8447 ), #1729, .F. ) ;
#12034 = DIRECTION ( 'NONE',  ( 0.000000000000000000, 0.000000000000000000, 1.000000000000000000 ) ) ;
#12035 = EDGE_CURVE ( 'NONE', #5510, #1069, #10522, .T. ) ;
#12036 = EDGE_CURVE ( 'NONE', #10233, #10920, #3547, .T. ) ;
#12037 = CARTESIAN_POINT ( 'NONE',  ( 0.3860788799391040027, 0.1046092656745439969, 0.5999999999999999778 ) ) ;
#12038 = CARTESIAN_POINT ( 'NONE',  ( 0.2372937532905824987, 0.03403797429745984704, 0.1000000000000000056 ) ) ;
#12039 = CARTESIAN_POINT ( 'NONE',  ( -0.5000000000000000000, 0.000000000000000000, 0.7205211221380689590 ) ) ;
#12040 = VERTEX_POINT ( 'NONE', #435 ) ;
#12041 = DIRECTION ( 'NONE',  ( 0.000000000000000000, 0.000000000000000000, 1.000000000000000000 ) ) ;
#12042 = DIRECTION ( 'NONE',  ( 0.000000000000000000, 1.000000000000000000, 0.000000000000000000 ) ) ;
#12043 = EDGE_CURVE ( 'NONE', #5491, #8080, #7439, .T. ) ;
#12044 = CARTESIAN_POINT ( 'NONE',  ( 0.4000000000000000222, 0.7200000000000000844, 0.08000000000000000167 ) ) ;
#12045 = EDGE_LOOP ( 'NONE', ( #9843, #10140, #9669, #6311 ) ) ;
#12046 = ORIENTED_EDGE ( 'NONE', *, *, #3204, .T. ) ;
#12047 = ORIENTED_EDGE ( 'NONE', *, *, #9664, .F. ) ;
#12048 = LINE ( 'NONE', #297, #5467 ) ;
#12049 = LINE ( 'NONE', #10117, #2235 ) ;
#12050 = DIRECTION ( 'NONE',  ( 0.000000000000000000, 0.2498780111313128605, -0.9682773257456044336 ) ) ;
#12051 = CARTESIAN_POINT ( 'NONE',  ( 0.04116822922987724981, 0.05490115611964570264, 0.000000000000000000 ) ) ;
#12052 = DIRECTION ( 'NONE',  ( 0.2666176281577909424, 0.9638023865686958791, 0.000000000000000000 ) ) ;
#12053 = ORIENTED_EDGE ( 'NONE', *, *, #7128, .T. ) ;
#12054 = DIRECTION ( 'NONE',  ( -0.4472136033030539304, 0.8944271870983679928, 0.000000000000000000 ) ) ;
#12055 = CYLINDRICAL_SURFACE ( 'NONE', #2480, 0.02000000000000000736 ) ;
#12056 = ORIENTED_EDGE ( 'NONE', *, *, #6366, .T. ) ;
#12057 = ORIENTED_EDGE ( 'NONE', *, *, #6605, .F. ) ;
#12058 = ORIENTED_EDGE ( 'NONE', *, *, #8317, .F. ) ;
#12059 = VECTOR ( 'NONE', #11179, 1000.000000000000000 ) ;
#12060 = PRESENTATION_LAYER_ASSIGNMENT (  '', '', ( #8554 ) ) ;
#12061 = FACE_OUTER_BOUND ( 'NONE', #6713, .T. ) ;
#12062 = DIRECTION ( 'NONE',  ( -1.000000000000000000, 0.000000000000000000, 0.000000000000000000 ) ) ;
#12063 = CARTESIAN_POINT ( 'NONE',  ( -0.1058682591426789860, -0.1661017834119890013, 0.5999999999999999778 ) ) ;
#12064 = EDGE_LOOP ( 'NONE', ( #7162, #4449, #10555, #4948 ) ) ;
#12065 = CIRCLE ( 'NONE', #9808, 0.005898555105921623673 ) ;
#12066 = DIRECTION ( 'NONE',  ( 0.000000000000000000, 0.000000000000000000, 1.000000000000000000 ) ) ;
#12067 = DIRECTION ( 'NONE',  ( 0.000000000000000000, 0.000000000000000000, 1.000000000000000000 ) ) ;
#12068 = DIRECTION ( 'NONE',  ( 0.07118653010773934309, -0.9974630208339655413, 0.000000000000000000 ) ) ;
#12069 = ORIENTED_EDGE ( 'NONE', *, *, #7321, .F. ) ;
#12070 = VERTEX_POINT ( 'NONE', #2507 ) ;
#12071 = PRESENTATION_STYLE_ASSIGNMENT (( #10980 ) ) ;
#12072 = VECTOR ( 'NONE', #6623, 1000.000000000000114 ) ;
#12073 = ORIENTED_EDGE ( 'NONE', *, *, #6131, .T. ) ;
#12074 = EDGE_CURVE ( 'NONE', #6866, #10679, #1880, .T. ) ;
#12075 = ORIENTED_EDGE ( 'NONE', *, *, #6386, .T. ) ;
#12076 = VECTOR ( 'NONE', #185, 1000.000000000000000 ) ;
#12077 =( NAMED_UNIT ( * ) SI_UNIT ( $, .STERADIAN. ) SOLID_ANGLE_UNIT ( ) );
#12078 = VECTOR ( 'NONE', #12600, 1000.000000000000000 ) ;
#12079 = FACE_OUTER_BOUND ( 'NONE', #7018, .T. ) ;
#12080 = CARTESIAN_POINT ( 'NONE',  ( 0.1300706431758625881, 0.06687207007524129110, 0.000000000000000000 ) ) ;
#12081 = DIRECTION ( 'NONE',  ( 0.4472136033030539304, -0.8944271870983677708, 0.000000000000000000 ) ) ;
#12082 = PLANE ( 'NONE',  #12696 ) ;
#12083 = EDGE_LOOP ( 'NONE', ( #363, #5237, #9339 ) ) ;
#12084 = CARTESIAN_POINT ( 'NONE',  ( 0.1131615436026759958, -0.7145957609276060163, 0.2967297185801399673 ) ) ;
#12085 = DIRECTION ( 'NONE',  ( 0.9588045026312279617, -0.2840667628112864551, 0.000000000000000000 ) ) ;
#12086 = FACE_OUTER_BOUND ( 'NONE', #8274, .T. ) ;
#12087 = PLANE ( 'NONE',  #6036 ) ;
#12088 = CARTESIAN_POINT ( 'NONE',  ( 0.2223753670193565068, 0.03592087229841244705, 0.000000000000000000 ) ) ;
#12089 = EDGE_CURVE ( 'NONE', #9329, #4325, #7540, .T. ) ;
#12090 = VERTEX_POINT ( 'NONE', #11408 ) ;
#12091 = ORIENTED_EDGE ( 'NONE', *, *, #7960, .F. ) ;
#12092 = AXIS2_PLACEMENT_3D ( 'NONE', #5206, #10755, #947 ) ;
#12093 = CYLINDRICAL_SURFACE ( 'NONE', #111, 0.0008742527306412146895 ) ;
#12094 = DIRECTION ( 'NONE',  ( 0.2737439921154228850, 0.9618025924173376762, 0.000000000000000000 ) ) ;
#12095 = DIRECTION ( 'NONE',  ( 0.000000000000000000, 0.000000000000000000, -1.000000000000000000 ) ) ;
#12096 = VECTOR ( 'NONE', #2677, 1000.000000000000114 ) ;
#12097 = CYLINDRICAL_SURFACE ( 'NONE', #324, 0.02101322849886479507 ) ;
#12098 = ORIENTED_EDGE ( 'NONE', *, *, #5037, .T. ) ;
#12099 = CIRCLE ( 'NONE', #9625, 0.002603910244099755678 ) ;
#12100 = CARTESIAN_POINT ( 'NONE',  ( 0.03275747044388209461, 0.03314877993137484852, 0.000000000000000000 ) ) ;
#12101 = CARTESIAN_POINT ( 'NONE',  ( 0.09036216624733069136, 0.06785076973058179473, 0.000000000000000000 ) ) ;
#12102 = TOROIDAL_SURFACE ( 'NONE', #7580, 0.6300000000000000044, 0.03000000000000000236 ) ;
#12103 = DIRECTION ( 'NONE',  ( -0.3736994014285030530, 0.9275498678626280524, 0.000000000000000000 ) ) ;
#12104 = ADVANCED_FACE ( 'NONE', ( #8313, #4433, #11274, #5680, #11468, #5428 ), #1671, .F. ) ;
#12105 = ORIENTED_EDGE ( 'NONE', *, *, #10686, .T. ) ;
#12106 = EDGE_LOOP ( 'NONE', ( #4434, #10813, #3533, #6046 ) ) ;
#12107 = PRODUCT ( '5^1_Murata_Electronics_-_MM8930-2620RJ4(2)_Murata_Electronics_-_MM8930-2620RJ4', '5^1_Murata_Electronics_-_MM8930-2620RJ4(2)_Murata_Electronics_-_MM8930-2620RJ4', '', ( #1432 ) ) ;
#12108 = ORIENTED_EDGE ( 'NONE', *, *, #12582, .T. ) ;
#12109 = VECTOR ( 'NONE', #11858, 1000.000000000000227 ) ;
#12110 = DIRECTION ( 'NONE',  ( 1.000000000000000000, 0.000000000000000000, 0.000000000000000000 ) ) ;
#12111 = CIRCLE ( 'NONE', #5737, 0.003226195697451047714 ) ;
#12112 = EDGE_CURVE ( 'NONE', #192, #3899, #3406, .T. ) ;
#12113 = EDGE_CURVE ( 'NONE', #1586, #12040, #6510, .T. ) ;
#12114 = VECTOR ( 'NONE', #2761, 1000.000000000000000 ) ;
#12115 = LINE ( 'NONE', #2370, #12743 ) ;
#12116 = DIRECTION ( 'NONE',  ( 0.000000000000000000, 0.000000000000000000, 1.000000000000000000 ) ) ;
#12117 = DIRECTION ( 'NONE',  ( -1.000000000000000000, 0.000000000000000000, 0.000000000000000000 ) ) ;
#12118 = DIRECTION ( 'NONE',  ( 0.000000000000000000, 0.000000000000000000, -1.000000000000000000 ) ) ;
#12119 = VECTOR ( 'NONE', #5288, 1000.000000000000000 ) ;
#12120 = EDGE_CURVE ( 'NONE', #5372, #3312, #634, .T. ) ;
#12121 = ORIENTED_EDGE ( 'NONE', *, *, #1951, .T. ) ;
#12122 = EDGE_CURVE ( 'NONE', #7101, #9304, #9505, .T. ) ;
#12123 = DIRECTION ( 'NONE',  ( 0.000000000000000000, 0.000000000000000000, -1.000000000000000000 ) ) ;
#12124 = CYLINDRICAL_SURFACE ( 'NONE', #3324, 0.08000000000000002942 ) ;
#12125 = ORIENTED_EDGE ( 'NONE', *, *, #3184, .T. ) ;
#12126 = AXIS2_PLACEMENT_3D ( 'NONE', #7721, #5609, #9524 ) ;
#12127 = ORIENTED_EDGE ( 'NONE', *, *, #4835, .T. ) ;
#12128 = ORIENTED_EDGE ( 'NONE', *, *, #2223, .F. ) ;
#12129 = CIRCLE ( 'NONE', #2436, 0.4000000000000000222 ) ;
#12130 = VECTOR ( 'NONE', #12491, 1000.000000000000114 ) ;
#12131 = EDGE_CURVE ( 'NONE', #8298, #7111, #10566, .T. ) ;
#12132 = DIRECTION ( 'NONE',  ( 0.000000000000000000, 0.000000000000000000, 1.000000000000000000 ) ) ;
#12133 = AXIS2_PLACEMENT_3D ( 'NONE', #1744, #2782, #848 ) ;
#12134 = CIRCLE ( 'NONE', #5347, 0.08000000000000002942 ) ;
#12135 = CARTESIAN_POINT ( 'NONE',  ( -0.8000000000000000444, 0.7112489735550608927, 0.2334995524190849880 ) ) ;
#12136 = CARTESIAN_POINT ( 'NONE',  ( 0.1300706431758625881, 0.06687207007524129110, 0.1000000000000000056 ) ) ;
#12137 = ORIENTED_EDGE ( 'NONE', *, *, #1410, .F. ) ;
#12138 = AXIS2_PLACEMENT_3D ( 'NONE', #4680, #10545, #9708 ) ;
#12139 = FACE_OUTER_BOUND ( 'NONE', #9274, .T. ) ;
#12140 = DIRECTION ( 'NONE',  ( -1.000000000000000000, 0.000000000000000000, 0.000000000000000000 ) ) ;
#12141 = DIRECTION ( 'NONE',  ( 0.000000000000000000, 1.000000000000000000, 0.000000000000000000 ) ) ;
#12142 = ORIENTED_EDGE ( 'NONE', *, *, #210, .T. ) ;
#12143 = ORIENTED_EDGE ( 'NONE', *, *, #10524, .F. ) ;
#12144 = EDGE_LOOP ( 'NONE', ( #5204, #9084, #6701, #2951 ) ) ;
#12145 = VECTOR ( 'NONE', #2999, 1000.000000000000000 ) ;
#12146 = AXIS2_PLACEMENT_3D ( 'NONE', #4471, #12602, #3706 ) ;
#12147 = CARTESIAN_POINT ( 'NONE',  ( 0.2366831626601859639, -0.7200000000000000844, 0.3200000000000000067 ) ) ;
#12148 = DIRECTION ( 'NONE',  ( 0.000000000000000000, 0.000000000000000000, -1.000000000000000000 ) ) ;
#12149 = CARTESIAN_POINT ( 'NONE',  ( 0.1131615436026759958, -0.7145957609276060163, 0.4000000000000000222 ) ) ;
#12150 = CARTESIAN_POINT ( 'NONE',  ( -0.2366831626601859639, -0.7405531811372209061, 0.3973147252801209617 ) ) ;
#12151 = EDGE_LOOP ( 'NONE', ( #189, #9163, #2738, #1466 ) ) ;
#12152 = EDGE_CURVE ( 'NONE', #2264, #5963, #7874, .T. ) ;
#12153 = FACE_OUTER_BOUND ( 'NONE', #1917, .T. ) ;
#12154 = DIRECTION ( 'NONE',  ( -0.9620475845859918218, 0.2728817417715209692, 0.000000000000000000 ) ) ;
#12155 = ORIENTED_EDGE ( 'NONE', *, *, #516, .F. ) ;
#12156 = CIRCLE ( 'NONE', #6603, 0.4000000000000000222 ) ;
#12157 = DIRECTION ( 'NONE',  ( -1.000000000000000000, 0.000000000000000000, 0.000000000000000000 ) ) ;
#12158 = CARTESIAN_POINT ( 'NONE',  ( -0.1132004608466073842, -0.7123180523633572125, 0.2879035975964101546 ) ) ;
#12159 = VERTEX_POINT ( 'NONE', #12305 ) ;
#12160 = ORIENTED_EDGE ( 'NONE', *, *, #920, .T. ) ;
#12161 = CARTESIAN_POINT ( 'NONE',  ( 0.2260769531978870095, 0.06263785259247579840, 0.000000000000000000 ) ) ;
#12162 = ADVANCED_FACE ( 'NONE', ( #3477 ), #7419, .F. ) ;
#12163 = AXIS2_PLACEMENT_3D ( 'NONE', #6220, #7110, #10082 ) ;
#12164 = CARTESIAN_POINT ( 'NONE',  ( 0.2244975015936664930, 0.03316117662571935187, 0.1000000000000000056 ) ) ;
#12165 = DIRECTION ( 'NONE',  ( 0.000000000000000000, 0.000000000000000000, 1.000000000000000000 ) ) ;
#12166 = FACE_OUTER_BOUND ( 'NONE', #3190, .T. ) ;
#12167 = EDGE_LOOP ( 'NONE', ( #5449, #7806, #1587, #11484, #9994, #12665 ) ) ;
#12168 = DIRECTION ( 'NONE',  ( 1.000000000000000000, 0.000000000000000000, 0.000000000000000000 ) ) ;
#12169 = DIRECTION ( 'NONE',  ( -1.000000000000000000, 0.000000000000000000, 0.000000000000000000 ) ) ;
#12170 = DIRECTION ( 'NONE',  ( 0.000000000000000000, 0.000000000000000000, -1.000000000000000000 ) ) ;
#12171 = ORIENTED_EDGE ( 'NONE', *, *, #3158, .F. ) ;
#12172 = VERTEX_POINT ( 'NONE', #1532 ) ;
#12173 = ORIENTED_EDGE ( 'NONE', *, *, #1197, .T. ) ;
#12174 = AXIS2_PLACEMENT_3D ( 'NONE', #629, #7487, #9478 ) ;
#12175 = DIRECTION ( 'NONE',  ( -0.4859609489153758899, 0.8739805238844098323, 0.000000000000000000 ) ) ;
#12176 = ADVANCED_FACE ( 'NONE', ( #1989 ), #4900, .F. ) ;
#12177 = LINE ( 'NONE', #11148, #1609 ) ;
#12178 = CARTESIAN_POINT ( 'NONE',  ( 0.005035104363309150441, 0.09083224569817320571, 0.6099999999999999867 ) ) ;
#12179 = VECTOR ( 'NONE', #10432, 1000.000000000000227 ) ;
#12180 = CARTESIAN_POINT ( 'NONE',  ( 0.8000000000000000444, 0.6531129835260510719, 0.05848394812495020384 ) ) ;
#12181 = ORIENTED_EDGE ( 'NONE', *, *, #3823, .T. ) ;
#12182 = DIRECTION ( 'NONE',  ( 0.9615570232695251907, -0.2746053368036566744, 0.000000000000000000 ) ) ;
#12183 = DIRECTION ( 'NONE',  ( 0.9621483175699543366, -0.2725263565186061276, 0.000000000000000000 ) ) ;
#12184 = VERTEX_POINT ( 'NONE', #6896 ) ;
#12185 = EDGE_CURVE ( 'NONE', #8969, #192, #2301, .T. ) ;
#12186 = ORIENTED_EDGE ( 'NONE', *, *, #9408, .F. ) ;
#12187 = EDGE_CURVE ( 'NONE', #12237, #8941, #1023, .T. ) ;
#12188 = EDGE_LOOP ( 'NONE', ( #4204, #3392, #9786, #11365 ) ) ;
#12189 = CIRCLE ( 'NONE', #5410, 0.002219109945572012976 ) ;
#12190 = EDGE_CURVE ( 'NONE', #5660, #10743, #887, .T. ) ;
#12191 = EDGE_CURVE ( 'NONE', #7613, #201, #1059, .T. ) ;
#12192 = DIRECTION ( 'NONE',  ( -1.000000000000000000, 0.000000000000000000, 0.000000000000000000 ) ) ;
#12193 = DIRECTION ( 'NONE',  ( 0.000000000000000000, 0.000000000000000000, 1.000000000000000000 ) ) ;
#12194 = LINE ( 'NONE', #12063, #4465 ) ;
#12195 = EDGE_LOOP ( 'NONE', ( #12441, #11394, #7076, #10995 ) ) ;
#12196 = DIRECTION ( 'NONE',  ( 0.000000000000000000, 0.000000000000000000, 1.000000000000000000 ) ) ;
#12197 = CARTESIAN_POINT ( 'NONE',  ( 0.3070183909477025019, 0.08786729072851130751, 0.000000000000000000 ) ) ;
#12198 = VECTOR ( 'NONE', #9750, 1000.000000000000000 ) ;
#12199 = DIRECTION ( 'NONE',  ( -1.000000000000000000, 0.000000000000000000, 0.000000000000000000 ) ) ;
#12200 = VERTEX_POINT ( 'NONE', #5809 ) ;
#12201 = EDGE_CURVE ( 'NONE', #10317, #3380, #12771, .T. ) ;
#12202 = ORIENTED_EDGE ( 'NONE', *, *, #7005, .T. ) ;
#12203 = ORIENTED_EDGE ( 'NONE', *, *, #2485, .F. ) ;
#12204 = SURFACE_SIDE_STYLE ('',( #11426 ) ) ;
#12205 = LINE ( 'NONE', #7065, #9846 ) ;
#12206 = FACE_OUTER_BOUND ( 'NONE', #10952, .T. ) ;
#12207 = CARTESIAN_POINT ( 'NONE',  ( 0.1631615436026759847, 0.6645957609276059719, 0.2834995524190850325 ) ) ;
#12208 = VERTEX_POINT ( 'NONE', #4706 ) ;
#12209 = LINE ( 'NONE', #2224, #10900 ) ;
#12210 = DIRECTION ( 'NONE',  ( 1.000000000000000000, 0.000000000000000000, 0.000000000000000000 ) ) ;
#12211 = LINE ( 'NONE', #1371, #975 ) ;
#12212 = ORIENTED_EDGE ( 'NONE', *, *, #10360, .T. ) ;
#12213 = CARTESIAN_POINT ( 'NONE',  ( 0.06557364123081391161, 0.03601309922746600417, 0.1000000000000000056 ) ) ;
#12214 = LINE ( 'NONE', #11245, #1416 ) ;
#12215 = EDGE_LOOP ( 'NONE', ( #4122, #6793, #626, #7758, #5690 ) ) ;
#12216 = CARTESIAN_POINT ( 'NONE',  ( 0.3577132303796519697, 0.06026968664832139944, 0.000000000000000000 ) ) ;
#12217 = CARTESIAN_POINT ( 'NONE',  ( 0.8000000000000000444, -0.7306244867775300023, 0.07199926448865659467 ) ) ;
#12218 = DIRECTION ( 'NONE',  ( -0.4265879867313678853, 0.9044460678097275830, 0.000000000000000000 ) ) ;
#12219 = LINE ( 'NONE', #9265, #939 ) ;
#12220 = ORIENTED_EDGE ( 'NONE', *, *, #4196, .T. ) ;
#12221 = CARTESIAN_POINT ( 'NONE',  ( -0.4000000000000000222, -0.7765685424949239080, 0.3765685424949237747 ) ) ;
#12222 = DIRECTION ( 'NONE',  ( 0.000000000000000000, 0.000000000000000000, -1.000000000000000000 ) ) ;
#12223 = DIRECTION ( 'NONE',  ( 0.000000000000000000, -1.000000000000000000, 0.000000000000000000 ) ) ;
#12224 = VERTEX_POINT ( 'NONE', #3800 ) ;
#12225 = ORIENTED_EDGE ( 'NONE', *, *, #3833, .T. ) ;
#12226 = ORIENTED_EDGE ( 'NONE', *, *, #5848, .F. ) ;
#12227 = EDGE_CURVE ( 'NONE', #2920, #5647, #3868, .T. ) ;
#12228 = ORIENTED_EDGE ( 'NONE', *, *, #2340, .T. ) ;
#12229 = DIRECTION ( 'NONE',  ( 0.000000000000000000, -1.000000000000000000, 0.000000000000000000 ) ) ;
#12230 =( NAMED_UNIT ( * ) SI_UNIT ( $, .STERADIAN. ) SOLID_ANGLE_UNIT ( ) );
#12231 = DIRECTION ( 'NONE',  ( 1.000000000000000000, 0.000000000000000000, 0.000000000000000000 ) ) ;
#12232 = DIRECTION ( 'NONE',  ( 0.000000000000000000, 0.000000000000000000, 1.000000000000000000 ) ) ;
#12233 = VERTEX_POINT ( 'NONE', #1929 ) ;
#12234 = DIRECTION ( 'NONE',  ( -0.000000000000000000, 1.000000000000000000, 0.000000000000000000 ) ) ;
#12235 = DIRECTION ( 'NONE',  ( 0.000000000000000000, 0.000000000000000000, 1.000000000000000000 ) ) ;
#12236 = ORIENTED_EDGE ( 'NONE', *, *, #10858, .T. ) ;
#12237 = VERTEX_POINT ( 'NONE', #12632 ) ;
#12238 = ORIENTED_EDGE ( 'NONE', *, *, #988, .F. ) ;
#12239 = EDGE_CURVE ( 'NONE', #3589, #7707, #6423, .T. ) ;
#12240 = CARTESIAN_POINT ( 'NONE',  ( 0.000000000000000000, 0.000000000000000000, 0.5999999999999999778 ) ) ;
#12241 = ADVANCED_FACE ( 'NONE', ( #951 ), #3739, .T. ) ;
#12242 = AXIS2_PLACEMENT_3D ( 'NONE', #3216, #11265, #6257 ) ;
#12243 = EDGE_CURVE ( 'NONE', #5647, #10111, #5613, .T. ) ;
#12244 = CIRCLE ( 'NONE', #2785, 0.04999999999999999584 ) ;
#12245 = DIRECTION ( 'NONE',  ( -0.9631211616430400690, 0.2690680731624640609, 0.000000000000000000 ) ) ;
#12246 = CARTESIAN_POINT ( 'NONE',  ( 0.2272837770416690217, 0.05284039782020250042, 0.1000000000000000056 ) ) ;
#12247 = ORIENTED_EDGE ( 'NONE', *, *, #10517, .T. ) ;
#12248 = CARTESIAN_POINT ( 'NONE',  ( 0.02399999996510350161, 0.1209970815754869838, 0.5999999999999999778 ) ) ;
#12249 = DIRECTION ( 'NONE',  ( 0.000000000000000000, 0.7071067811865482389, 0.7071067811865467956 ) ) ;
#12250 = DIRECTION ( 'NONE',  ( 0.000000000000000000, 0.000000000000000000, -1.000000000000000000 ) ) ;
#12251 = ORIENTED_EDGE ( 'NONE', *, *, #4381, .T. ) ;
#12252 = ORIENTED_EDGE ( 'NONE', *, *, #8625, .T. ) ;
#12253 = EDGE_CURVE ( 'NONE', #7707, #12366, #8634, .T. ) ;
#12254 = STYLED_ITEM ( 'NONE', ( #8149 ), #5076 ) ;
#12255 = PRODUCT_CONTEXT ( 'NONE', #9468, 'mechanical' ) ;
#12256 = ADVANCED_FACE ( 'NONE', ( #7876 ), #1866, .F. ) ;
#12257 = ORIENTED_EDGE ( 'NONE', *, *, #12674, .T. ) ;
#12258 = ADVANCED_FACE ( 'NONE', ( #5747 ), #9730, .T. ) ;
#12259 = AXIS2_PLACEMENT_3D ( 'NONE', #6891, #5932, #9853 ) ;
#12260 = CYLINDRICAL_SURFACE ( 'NONE', #8081, 0.002200797785891653834 ) ;
#12261 = EDGE_CURVE ( 'NONE', #4791, #263, #11796, .T. ) ;
#12262 = CIRCLE ( 'NONE', #6719, 0.002272417239729635982 ) ;
#12263 = ADVANCED_FACE ( 'NONE', ( #5608 ), #5473, .T. ) ;
#12264 = COLOUR_RGB ( '',0.9803921568627450567, 0.8862745098039215286, 0.6784313725490196401 ) ;
#12265 = DIRECTION ( 'NONE',  ( 1.000000000000000000, 0.000000000000000000, 0.000000000000000000 ) ) ;
#12266 = DIRECTION ( 'NONE',  ( 0.000000000000000000, 0.000000000000000000, 1.000000000000000000 ) ) ;
#12267 = DIRECTION ( 'NONE',  ( 0.000000000000000000, 0.000000000000000000, 1.000000000000000000 ) ) ;
#12268 = ORIENTED_EDGE ( 'NONE', *, *, #2269, .F. ) ;
#12269 = AXIS2_PLACEMENT_3D ( 'NONE', #11582, #6681, #5719 ) ;
#12270 = LINE ( 'NONE', #3191, #8226 ) ;
#12271 = LINE ( 'NONE', #3378, #11890 ) ;
#12272 = CARTESIAN_POINT ( 'NONE',  ( 0.3730769100861965337, 0.03317366262890300566, 0.1000000000000000056 ) ) ;
#12273 = ORIENTED_EDGE ( 'NONE', *, *, #7544, .F. ) ;
#12274 = EDGE_CURVE ( 'NONE', #3983, #10519, #1581, .T. ) ;
#12275 = DIRECTION ( 'NONE',  ( -4.395304079399130666E-12, -1.000000000000000000, 0.000000000000000000 ) ) ;
#12276 = ADVANCED_FACE ( 'NONE', ( #9463 ), #4567, .F. ) ;
#12277 = CARTESIAN_POINT ( 'NONE',  ( 0.1239451649580298048, 0.03883911253889365395, 0.000000000000000000 ) ) ;
#12278 = AXIS2_PLACEMENT_3D ( 'NONE', #9003, #7021, #7981 ) ;
#12279 = VECTOR ( 'NONE', #978, 1000.000000000000000 ) ;
#12280 = ORIENTED_EDGE ( 'NONE', *, *, #12027, .T. ) ;
#12281 = VECTOR ( 'NONE', #8789, 1000.000000000000114 ) ;
#12282 = ADVANCED_FACE ( 'NONE', ( #2684 ), #3723, .T. ) ;
#12283 = CYLINDRICAL_SURFACE ( 'NONE', #5989, 0.08000000000000002942 ) ;
#12284 = LINE ( 'NONE', #8350, #2215 ) ;
#12285 = PLANE ( 'NONE',  #11301 ) ;
#12286 = DIRECTION ( 'NONE',  ( 1.000000000000000000, 0.000000000000000000, 0.000000000000000000 ) ) ;
#12287 = ORIENTED_EDGE ( 'NONE', *, *, #6377, .T. ) ;
#12288 = CIRCLE ( 'NONE', #3848, 0.002319970208163568172 ) ;
#12289 = DIRECTION ( 'NONE',  ( 1.000000000000000000, 0.000000000000000000, 0.000000000000000000 ) ) ;
#12290 = LINE ( 'NONE', #1269, #6739 ) ;
#12291 = DIRECTION ( 'NONE',  ( 0.07118653010745067122, -0.9974630208339861914, 0.000000000000000000 ) ) ;
#12292 = ORIENTED_EDGE ( 'NONE', *, *, #11397, .F. ) ;
#12293 = AXIS2_PLACEMENT_3D ( 'NONE', #9314, #12154, #3323 ) ;
#12294 = ORIENTED_EDGE ( 'NONE', *, *, #1086, .T. ) ;
#12295 = ORIENTED_EDGE ( 'NONE', *, *, #11608, .T. ) ;
#12296 = LINE ( 'NONE', #10305, #9371 ) ;
#12297 = AXIS2_PLACEMENT_3D ( 'NONE', #10412, #11585, #12478 ) ;
#12298 = LINE ( 'NONE', #6317, #12539 ) ;
#12299 = VECTOR ( 'NONE', #6088, 1000.000000000000114 ) ;
#12300 = LINE ( 'NONE', #9216, #6703 ) ;
#12301 = DIRECTION ( 'NONE',  ( 0.000000000000000000, -1.000000000000000000, 0.000000000000000000 ) ) ;
#12302 = ORIENTED_EDGE ( 'NONE', *, *, #11319, .F. ) ;
#12303 = EDGE_CURVE ( 'NONE', #2062, #4708, #12419, .T. ) ;
#12304 = PLANE ( 'NONE',  #566 ) ;
#12305 = CARTESIAN_POINT ( 'NONE',  ( 0.06250322219966450432, 0.03328186957122985373, 0.1000000000000000056 ) ) ;
#12306 = ORIENTED_EDGE ( 'NONE', *, *, #2983, .T. ) ;
#12307 = ORIENTED_EDGE ( 'NONE', *, *, #3435, .F. ) ;
#12308 = AXIS2_PLACEMENT_3D ( 'NONE', #2540, #1709, #5657 ) ;
#12309 = VECTOR ( 'NONE', #9369, 1000.000000000000000 ) ;
#12310 = EDGE_LOOP ( 'NONE', ( #7184, #5029, #12506, #7765, #9370, #437, #6899, #8229 ) ) ;
#12311 = CIRCLE ( 'NONE', #9230, 0.5000000000000000000 ) ;
#12312 = ORIENTED_EDGE ( 'NONE', *, *, #4797, .F. ) ;
#12313 = VECTOR ( 'NONE', #836, 1000.000000000000000 ) ;
#12314 = PRODUCT ( '2^1_Murata_Electronics_-_MM8930-2620RJ4(2)_Murata_Electronics_-_MM8930-2620RJ4', '2^1_Murata_Electronics_-_MM8930-2620RJ4(2)_Murata_Electronics_-_MM8930-2620RJ4', '', ( #6661 ) ) ;
#12315 = LINE ( 'NONE', #5238, #5536 ) ;
#12316 = CIRCLE ( 'NONE', #6774, 0.003081184845696518289 ) ;
#12317 = CARTESIAN_POINT ( 'NONE',  ( 0.3208341822578805180, 0.07286385395408728760, 0.1000000000000000056 ) ) ;
#12318 = VERTEX_POINT ( 'NONE', #4494 ) ;
#12319 = EDGE_CURVE ( 'NONE', #6640, #8773, #674, .T. ) ;
#12320 = AXIS2_PLACEMENT_3D ( 'NONE', #6191, #7331, #10110 ) ;
#12321 = DIRECTION ( 'NONE',  ( -0.9862184610392528139, 0.1654483215550035247, 0.000000000000000000 ) ) ;
#12322 = CARTESIAN_POINT ( 'NONE',  ( -0.8000000000000000444, -0.7200000000000000844, 0.000000000000000000 ) ) ;
#12323 = ORIENTED_EDGE ( 'NONE', *, *, #7302, .T. ) ;
#12324 = CARTESIAN_POINT ( 'NONE',  ( 0.3728439860350399870, 0.06474124773625750118, 0.1000000000000000056 ) ) ;
#12325 = DIRECTION ( 'NONE',  ( -0.9438323189660271506, 0.3304248078991823823, 0.000000000000000000 ) ) ;
#12326 = CIRCLE ( 'NONE', #1405, 0.08000000000000002942 ) ;
#12327 = DIRECTION ( 'NONE',  ( 0.000000000000000000, 1.000000000000000000, 0.000000000000000000 ) ) ;
#12328 = ORIENTED_EDGE ( 'NONE', *, *, #176, .F. ) ;
#12329 = ORIENTED_EDGE ( 'NONE', *, *, #10678, .F. ) ;
#12330 = ORIENTED_EDGE ( 'NONE', *, *, #11319, .T. ) ;
#12331 = CIRCLE ( 'NONE', #1000, 0.04999999999999999584 ) ;
#12332 = AXIS2_PLACEMENT_3D ( 'NONE', #8157, #11187, #7318 ) ;
#12333 = CIRCLE ( 'NONE', #6791, 0.04999999999999999584 ) ;
#12334 = CIRCLE ( 'NONE', #12544, 0.08000000000000002942 ) ;
#12335 = EDGE_CURVE ( 'NONE', #5210, #669, #10355, .T. ) ;
#12336 = CARTESIAN_POINT ( 'NONE',  ( -0.1089302439440419934, -0.08899708045879850538, 0.6099999999999999867 ) ) ;
#12337 = LINE ( 'NONE', #11371, #5484 ) ;
#12338 = CARTESIAN_POINT ( 'NONE',  ( -0.2366831626601859639, 0.7405531811372209061, 0.3973147252801209617 ) ) ;
#12339 = ORIENTED_EDGE ( 'NONE', *, *, #3660, .F. ) ;
#12340 = DIRECTION ( 'NONE',  ( -0.9080958435672259466, -0.4187623895431969445, 0.000000000000000000 ) ) ;
#12341 = DIRECTION ( 'NONE',  ( -1.000000000000000000, 0.000000000000000000, 0.000000000000000000 ) ) ;
#12342 = DIRECTION ( 'NONE',  ( 0.3162277577404048468, -0.9486833008093248365, 0.000000000000000000 ) ) ;
#12343 = ORIENTED_EDGE ( 'NONE', *, *, #12274, .F. ) ;
#12344 = AXIS2_PLACEMENT_3D ( 'NONE', #11773, #4943, #6874 ) ;
#12345 = APPLICATION_CONTEXT ( 'automotive_design' ) ;
#12346 = CARTESIAN_POINT ( 'NONE',  ( 0.1636720784317060029, 0.03626065694547629670, 0.000000000000000000 ) ) ;
#12347 = DIRECTION ( 'NONE',  ( -0.6045378097511919790, -0.7965764474180940802, 0.000000000000000000 ) ) ;
#12348 = EDGE_CURVE ( 'NONE', #2492, #5145, #5542, .T. ) ;
#12349 = EDGE_CURVE ( 'NONE', #5862, #3583, #10922, .T. ) ;
#12350 = VECTOR ( 'NONE', #8025, 1000.000000000000000 ) ;
#12351 = ORIENTED_EDGE ( 'NONE', *, *, #2418, .T. ) ;
#12352 = CARTESIAN_POINT ( 'NONE',  ( 0.2798182615460610423, 0.03539993367623234938, 0.1000000000000000056 ) ) ;
#12353 = EDGE_CURVE ( 'NONE', #5020, #10897, #1655, .T. ) ;
#12354 = EDGE_CURVE ( 'NONE', #8474, #3943, #6631, .T. ) ;
#12355 = DIRECTION ( 'NONE',  ( 0.000000000000000000, 0.000000000000000000, 1.000000000000000000 ) ) ;
#12356 = FACE_OUTER_BOUND ( 'NONE', #8464, .T. ) ;
#12357 = CARTESIAN_POINT ( 'NONE',  ( 0.3433600727938604935, 0.03607628901961270479, 0.000000000000000000 ) ) ;
#12358 = LINE ( 'NONE', #2542, #12072 ) ;
#12359 = ORIENTED_EDGE ( 'NONE', *, *, #6104, .F. ) ;
#12360 = CIRCLE ( 'NONE', #6811, 0.4000000000000000222 ) ;
#12361 = LINE ( 'NONE', #7464, #7602 ) ;
#12362 = DIRECTION ( 'NONE',  ( -0.000000000000000000, 1.000000000000000000, 0.000000000000000000 ) ) ;
#12363 = DIRECTION ( 'NONE',  ( 0.4472136033030539304, -0.8944271870983677708, 0.000000000000000000 ) ) ;
#12364 = DIRECTION ( 'NONE',  ( 0.000000000000000000, 0.000000000000000000, 1.000000000000000000 ) ) ;
#12365 = ORIENTED_EDGE ( 'NONE', *, *, #1468, .T. ) ;
#12367 = ADVANCED_FACE ( 'NONE', ( #8686 ), #735, .T. ) ;
#12366 = VERTEX_POINT ( 'NONE', #9387 ) ;
#12368 = EDGE_LOOP ( 'NONE', ( #7471, #3125, #11696, #822 ) ) ;
#12369 = PLANE ( 'NONE',  #1350 ) ;
#12370 = AXIS2_PLACEMENT_3D ( 'NONE', #3692, #10326, #3562 ) ;
#12371 = DIRECTION ( 'NONE',  ( 0.000000000000000000, 0.000000000000000000, 1.000000000000000000 ) ) ;
#12372 = DIRECTION ( 'NONE',  ( 0.000000000000000000, 1.000000000000000000, 0.000000000000000000 ) ) ;
#12373 = CARTESIAN_POINT ( 'NONE',  ( 0.09314442535600500617, 0.05540032510077769895, 0.1000000000000000056 ) ) ;
#12374 = FACE_OUTER_BOUND ( 'NONE', #12701, .T. ) ;
#12375 = ORIENTED_EDGE ( 'NONE', *, *, #10144, .T. ) ;
#12376 = DIRECTION ( 'NONE',  ( 0.000000000000000000, 0.000000000000000000, 1.000000000000000000 ) ) ;
#12377 = DIRECTION ( 'NONE',  ( 0.9615570232695251907, -0.2746053368036566744, 0.000000000000000000 ) ) ;
#12378 = ORIENTED_EDGE ( 'NONE', *, *, #2102, .T. ) ;
#12379 = ORIENTED_EDGE ( 'NONE', *, *, #721, .F. ) ;
#12380 = VERTEX_POINT ( 'NONE', #3459 ) ;
#12381 = ORIENTED_EDGE ( 'NONE', *, *, #9998, .T. ) ;
#12382 = AXIS2_PLACEMENT_3D ( 'NONE', #2835, #7673, #11663 ) ;
#12383 = CARTESIAN_POINT ( 'NONE',  ( 0.2150259140407244918, 0.09821168822973509738, 0.1000000000000000056 ) ) ;
#12384 = CARTESIAN_POINT ( 'NONE',  ( -0.09334158133009319569, -0.6645957609276059719, 0.4000000000000000222 ) ) ;
#12385 = DIRECTION ( 'NONE',  ( 0.000000000000000000, -1.000000000000000000, 0.000000000000000000 ) ) ;
#12386 = LINE ( 'NONE', #11417, #10231 ) ;
#12387 = ORIENTED_EDGE ( 'NONE', *, *, #9413, .F. ) ;
#12388 = LINE ( 'NONE', #11419, #1035 ) ;
#12389 = CARTESIAN_POINT ( 'NONE',  ( 0.2924591884407760078, 0.07084999806661300414, 0.000000000000000000 ) ) ;
#12390 = CARTESIAN_POINT ( 'NONE',  ( 0.000000000000000000, 0.000000000000000000, 0.6099999999999999867 ) ) ;
#12391 = ORIENTED_EDGE ( 'NONE', *, *, #9753, .T. ) ;
#12392 = ORIENTED_EDGE ( 'NONE', *, *, #8637, .F. ) ;
#12393 = DIRECTION ( 'NONE',  ( 0.000000000000000000, 1.000000000000000078E-15, 1.000000000000000000 ) ) ;
#12394 = VERTEX_POINT ( 'NONE', #11522 ) ;
#12395 = AXIS2_PLACEMENT_3D ( 'NONE', #6359, #6240, #2353 ) ;
#12396 = EDGE_CURVE ( 'NONE', #2636, #3380, #3745, .T. ) ;
#12397 = CARTESIAN_POINT ( 'NONE',  ( -0.8000000000000000444, 0.7765685424949239080, 0.3765685424949237747 ) ) ;
#12398 = AXIS2_PLACEMENT_3D ( 'NONE', #11230, #6863, #12655 ) ;
#12399 = LINE ( 'NONE', #12149, #12059 ) ;
#12400 = CARTESIAN_POINT ( 'NONE',  ( -0.2750000000000000222, -0.8000000000000000444, 0.000000000000000000 ) ) ;
#12401 = EDGE_LOOP ( 'NONE', ( #1623, #6517 ) ) ;
#12402 = CARTESIAN_POINT ( 'NONE',  ( 0.6518290623389679794, 0.1900000000000000022, 0.05000000000000000278 ) ) ;
#12403 = CARTESIAN_POINT ( 'NONE',  ( 0.1171234050409619976, 0.03448822239446525106, 0.1000000000000000056 ) ) ;
#12404 = CARTESIAN_POINT ( 'NONE',  ( 0.4000000000000000222, 0.7200000000000000844, 0.3200000000000000067 ) ) ;
#12405 = ORIENTED_EDGE ( 'NONE', *, *, #7805, .F. ) ;
#12406 = DIRECTION ( 'NONE',  ( 0.000000000000000000, 0.000000000000000000, 1.000000000000000000 ) ) ;
#12407 = ORIENTED_EDGE ( 'NONE', *, *, #10341, .T. ) ;
#12408 = EDGE_CURVE ( 'NONE', #3697, #8773, #4687, .T. ) ;
#12409 = DIRECTION ( 'NONE',  ( 0.9629219069766525863, -0.2697802829423363025, 0.000000000000000000 ) ) ;
#12410 = LINE ( 'NONE', #11513, #12559 ) ;
#12411 = DIRECTION ( 'NONE',  ( 0.000000000000000000, 0.000000000000000000, 1.000000000000000000 ) ) ;
#12412 = ADVANCED_FACE ( 'NONE', ( #3586 ), #10415, .F. ) ;
#12413 = CARTESIAN_POINT ( 'NONE',  ( 0.2643992958824054607, 0.05987491340036499993, 0.000000000000000000 ) ) ;
#12414 = LINE ( 'NONE', #7909, #6723 ) ;
#12415 = EDGE_CURVE ( 'NONE', #8235, #12569, #10551, .T. ) ;
#12416 = ORIENTED_EDGE ( 'NONE', *, *, #832, .F. ) ;
#12417 = CARTESIAN_POINT ( 'NONE',  ( 0.3101717160798355133, 0.03564597462804025563, 0.000000000000000000 ) ) ;
#12418 = CARTESIAN_POINT ( 'NONE',  ( 0.3724934832593844725, 0.02632653573052175233, 0.1000000000000000056 ) ) ;
#12419 = LINE ( 'NONE', #10488, #4988 ) ;
#12420 = LINE ( 'NONE', #6495, #1611 ) ;
#12421 = ORIENTED_EDGE ( 'NONE', *, *, #3675, .T. ) ;
#12422 = ORIENTED_EDGE ( 'NONE', *, *, #6197, .F. ) ;
#12423 = EDGE_CURVE ( 'NONE', #10170, #5089, #10940, .T. ) ;
#12424 = PRODUCT_DEFINITION_SHAPE ( 'NONE', 'NONE',  #4693 ) ;
#12425 = EDGE_CURVE ( 'NONE', #11974, #5959, #1006, .T. ) ;
#12426 = ORIENTED_EDGE ( 'NONE', *, *, #9285, .F. ) ;
#12427 = EDGE_CURVE ( 'NONE', #2429, #1940, #7914, .T. ) ;
#12428 = DIRECTION ( 'NONE',  ( -1.000000000000000000, 0.000000000000000000, 0.000000000000000000 ) ) ;
#12429 = DIRECTION ( 'NONE',  ( 0.000000000000000000, 0.000000000000000000, 1.000000000000000000 ) ) ;
#12430 = DIRECTION ( 'NONE',  ( 0.000000000000000000, -1.000000000000000000, 3.252606517456511724E-15 ) ) ;
#12431 = EDGE_CURVE ( 'NONE', #10743, #8640, #4673, .T. ) ;
#12432 = SURFACE_SIDE_STYLE ('',( #684 ) ) ;
#12433 = CARTESIAN_POINT ( 'NONE',  ( 0.07098866297209469045, 0.05540032510077769895, 0.000000000000000000 ) ) ;
#12434 = DIRECTION ( 'NONE',  ( 1.000000000000000000, 0.000000000000000000, 0.000000000000000000 ) ) ;
#12435 = ORIENTED_EDGE ( 'NONE', *, *, #687, .T. ) ;
#12436 = CARTESIAN_POINT ( 'NONE',  ( 0.2366442454162546727, 0.7123180523633572125, 0.2879035975964102101 ) ) ;
#12437 = DIRECTION ( 'NONE',  ( -0.000000000000000000, 1.000000000000000000, 0.000000000000000000 ) ) ;
#12438 = EDGE_LOOP ( 'NONE', ( #7812, #3804, #1568, #6542 ) ) ;
#12439 = VERTEX_POINT ( 'NONE', #92 ) ;
#12440 = VERTEX_POINT ( 'NONE', #1066 ) ;
#12441 = ORIENTED_EDGE ( 'NONE', *, *, #4082, .F. ) ;
#12442 = DIRECTION ( 'NONE',  ( 0.000000000000000000, 0.000000000000000000, -1.000000000000000000 ) ) ;
#12443 = CARTESIAN_POINT ( 'NONE',  ( 0.4000000000000000222, -0.4000000000000000222, 0.000000000000000000 ) ) ;
#12444 = DIRECTION ( 'NONE',  ( 0.000000000000000000, -0.9682773257456045446, 0.2498780111313128882 ) ) ;
#12445 = CARTESIAN_POINT ( 'NONE',  ( 0.04328898540443489734, -0.1467157297628149948, 0.5999999999999999778 ) ) ;
#12446 = ORIENTED_EDGE ( 'NONE', *, *, #9752, .T. ) ;
#12447 = CARTESIAN_POINT ( 'NONE',  ( 0.2680689967157654507, 0.05987450839667410318, 0.000000000000000000 ) ) ;
#12448 = DIRECTION ( 'NONE',  ( 0.000000000000000000, 0.2498780111313130825, -0.9682773257456043225 ) ) ;
#12449 = CARTESIAN_POINT ( 'NONE',  ( -0.3081987717257729797, -0.08610178341198850005, 0.5999999999999999778 ) ) ;
#12450 = VERTEX_POINT ( 'NONE', #872 ) ;
#12451 = VERTEX_POINT ( 'NONE', #3077 ) ;
#12452 = DIRECTION ( 'NONE',  ( -1.000000000000000000, 0.000000000000000000, 0.000000000000000000 ) ) ;
#12453 = VERTEX_POINT ( 'NONE', #7720 ) ;
#12454 = CIRCLE ( 'NONE', #8762, 0.07999999999999998779 ) ;
#12455 = CARTESIAN_POINT ( 'NONE',  ( 0.1052965690291930018, -0.2293925109345039959, 0.5999999999999999778 ) ) ;
#12456 = PLANE ( 'NONE',  #318 ) ;
#12457 = LINE ( 'NONE', #5524, #8791 ) ;
#12458 = VERTEX_POINT ( 'NONE', #3922 ) ;
#12459 = DIRECTION ( 'NONE',  ( -1.000000000000000000, 0.000000000000000000, 0.000000000000000000 ) ) ;
#12460 = DIRECTION ( 'NONE',  ( 0.000000000000000000, 0.000000000000000000, 1.000000000000000000 ) ) ;
#12461 = FACE_OUTER_BOUND ( 'NONE', #2511, .T. ) ;
#12462 = ORIENTED_EDGE ( 'NONE', *, *, #2023, .T. ) ;
#12463 = ADVANCED_FACE ( 'NONE', ( #5795 ), #8813, .F. ) ;
#12464 =( LENGTH_UNIT ( ) NAMED_UNIT ( * ) SI_UNIT ( .MILLI., .METRE. ) );
#12465 = VECTOR ( 'NONE', #12372, 1000.000000000000000 ) ;
#12466 = ORIENTED_EDGE ( 'NONE', *, *, #876, .F. ) ;
#12467 = AXIS2_PLACEMENT_3D ( 'NONE', #10495, #7478, #1662 ) ;
#12468 =( GEOMETRIC_REPRESENTATION_CONTEXT ( 3 ) GLOBAL_UNCERTAINTY_ASSIGNED_CONTEXT ( ( #2403 ) ) GLOBAL_UNIT_ASSIGNED_CONTEXT ( ( #5202, #3132, #5004 ) ) REPRESENTATION_CONTEXT ( 'NONE', 'WORKASPACE' ) );
#12469 = DIRECTION ( 'NONE',  ( 0.000000000000000000, 0.000000000000000000, -1.000000000000000000 ) ) ;
#12470 = AXIS2_PLACEMENT_3D ( 'NONE', #10736, #3976, #8992 ) ;
#12471 = FACE_OUTER_BOUND ( 'NONE', #10628, .T. ) ;
#12472 = DIRECTION ( 'NONE',  ( -0.000000000000000000, 1.000000000000000000, 0.000000000000000000 ) ) ;
#12473 =( NAMED_UNIT ( * ) PLANE_ANGLE_UNIT ( ) SI_UNIT ( $, .RADIAN. ) );
#12474 = CYLINDRICAL_SURFACE ( 'NONE', #5701, 0.08000000000000002942 ) ;
#12475 = VERTEX_POINT ( 'NONE', #1973 ) ;
#12476 = LINE ( 'NONE', #9645, #2047 ) ;
#12477 = ADVANCED_FACE ( 'NONE', ( #6822 ), #3787, .T. ) ;
#12478 = DIRECTION ( 'NONE',  ( 0.8065849819445016777, 0.5911181496973240135, 0.000000000000000000 ) ) ;
#12479 = CIRCLE ( 'NONE', #5912, 0.02057064128631300517 ) ;
#12480 = VECTOR ( 'NONE', #3896, 1000.000000000000000 ) ;
#12481 = CARTESIAN_POINT ( 'NONE',  ( 0.1464424154140804013, 0.03769120402005969594, 0.000000000000000000 ) ) ;
#12482 = DIRECTION ( 'NONE',  ( -1.000000000000000000, 0.000000000000000000, 0.000000000000000000 ) ) ;
#12483 = ORIENTED_EDGE ( 'NONE', *, *, #4952, .T. ) ;
#12484 = VERTEX_POINT ( 'NONE', #1914 ) ;
#12485 = VECTOR ( 'NONE', #6234, 1000.000000000000000 ) ;
#12486 = EDGE_LOOP ( 'NONE', ( #759, #11243, #1084, #2310 ) ) ;
#12487 = CARTESIAN_POINT ( 'NONE',  ( 0.2371676411332589995, 0.03318222410519704874, 0.000000000000000000 ) ) ;
#12488 = LINE ( 'NONE', #8556, #4438 ) ;
#12489 = VECTOR ( 'NONE', #5365, 1000.000000000000114 ) ;
#12490 = CARTESIAN_POINT ( 'NONE',  ( -0.2384031841765470172, 0.08610178341198850005, 0.5999999999999999778 ) ) ;
#12491 = DIRECTION ( 'NONE',  ( 0.2729743743840098991, 0.9620213048210826123, 0.000000000000000000 ) ) ;
#12492 = CARTESIAN_POINT ( 'NONE',  ( -0.7446446609406726092, -0.1000000000000000056, 0.01464466094067265987 ) ) ;
#12493 = AXIS2_PLACEMENT_3D ( 'NONE', #9104, #384, #10258 ) ;
#12494 = CARTESIAN_POINT ( 'NONE',  ( 0.08473363365101149736, 0.06271715177701281396, 0.1000000000000000056 ) ) ;
#12495 = EDGE_CURVE ( 'NONE', #3010, #1674, #36, .T. ) ;
#12497 = PLANE ( 'NONE',  #3857 ) ;
#12496 = CIRCLE ( 'NONE', #1365, 0.08000000000000002942 ) ;
#12498 = ORIENTED_EDGE ( 'NONE', *, *, #10707, .F. ) ;
#12499 = CARTESIAN_POINT ( 'NONE',  ( 0.08653920420454340456, 0.06187004625164120586, 0.1000000000000000056 ) ) ;
#12500 = DIRECTION ( 'NONE',  ( -0.4071966331573758646, -0.9133405180683147329, 0.000000000000000000 ) ) ;
#12501 = ORIENTED_EDGE ( 'NONE', *, *, #2411, .F. ) ;
#12502 = ORIENTED_EDGE ( 'NONE', *, *, #8244, .F. ) ;
#12503 = ORIENTED_EDGE ( 'NONE', *, *, #2873, .T. ) ;
#12504 = ADVANCED_FACE ( 'NONE', ( #3981 ), #5995, .F. ) ;
#12505 = ADVANCED_FACE ( 'NONE', ( #9774 ), #2045, .F. ) ;
#12506 = ORIENTED_EDGE ( 'NONE', *, *, #6067, .T. ) ;
#12507 = VECTOR ( 'NONE', #4619, 1000.000000000000114 ) ;
#12508 = AXIS2_PLACEMENT_3D ( 'NONE', #7361, #3561, #5444 ) ;
#12509 = CARTESIAN_POINT ( 'NONE',  ( 0.03387712131695944789, 0.05876456305842749778, 0.000000000000000000 ) ) ;
#12510 = ADVANCED_FACE ( 'NONE', ( #11644 ), #6947, .F. ) ;
#12511 = DIRECTION ( 'NONE',  ( 0.000000000000000000, 0.000000000000000000, -1.000000000000000000 ) ) ;
#12512 = EDGE_CURVE ( 'NONE', #10803, #5194, #3534, .T. ) ;
#12513 = DIRECTION ( 'NONE',  ( 0.000000000000000000, 0.000000000000000000, 1.000000000000000000 ) ) ;
#12514 = AXIS2_PLACEMENT_3D ( 'NONE', #1841, #30, #2035 ) ;
#12515 = CARTESIAN_POINT ( 'NONE',  ( 0.1790143979873144719, 0.1008980478479235970, 0.1000000000000000056 ) ) ;
#12516 = ORIENTED_EDGE ( 'NONE', *, *, #4086, .T. ) ;
#12517 = VECTOR ( 'NONE', #8155, 1000.000000000000000 ) ;
#12518 = CARTESIAN_POINT ( 'NONE',  ( 0.1866831626601859750, 0.6645957609276059719, 0.2834995524190850325 ) ) ;
#12519 = DIRECTION ( 'NONE',  ( 0.000000000000000000, 0.000000000000000000, 1.000000000000000000 ) ) ;
#12520 = DIRECTION ( 'NONE',  ( -0.9629219069784626939, 0.2697802829358748600, 0.000000000000000000 ) ) ;
#12521 = ORIENTED_EDGE ( 'NONE', *, *, #2263, .F. ) ;
#12522 = AXIS2_PLACEMENT_3D ( 'NONE', #3953, #11811, #2975 ) ;
#12523 = VERTEX_POINT ( 'NONE', #9713 ) ;
#12524 = ORIENTED_EDGE ( 'NONE', *, *, #9987, .T. ) ;
#12525 = EDGE_CURVE ( 'NONE', #7954, #11020, #12609, .T. ) ;
#12526 = PRODUCT_DEFINITION_CONTEXT ( 'detailed design', #8382, 'design' ) ;
#12527 = VECTOR ( 'NONE', #12705, 1000.000000000000000 ) ;
#12528 = CARTESIAN_POINT ( 'NONE',  ( 0.1666204609331564945, 0.03541689458771205001, 0.000000000000000000 ) ) ;
#12529 = CIRCLE ( 'NONE', #4296, 0.0008830172618225721332 ) ;
#12530 = VECTOR ( 'NONE', #10812, 1000.000000000000114 ) ;
#12531 = CARTESIAN_POINT ( 'NONE',  ( 0.2218549140537215136, 0.08653498888961440316, 0.000000000000000000 ) ) ;
#12532 = PRODUCT_DEFINITION_SHAPE ( 'NONE', 'NONE',  #12773 ) ;
#12533 = DIRECTION ( 'NONE',  ( 0.000000000000000000, 0.000000000000000000, 1.000000000000000000 ) ) ;
#12534 = ORIENTED_EDGE ( 'NONE', *, *, #8535, .T. ) ;
#12535 = CARTESIAN_POINT ( 'NONE',  ( 0.3192428871341804753, 0.06461842577406579080, 0.1000000000000000056 ) ) ;
#12536 = FACE_OUTER_BOUND ( 'NONE', #7490, .T. ) ;
#12537 = DIRECTION ( 'NONE',  ( 0.000000000000000000, 0.000000000000000000, 1.000000000000000000 ) ) ;
#12538 = ORIENTED_EDGE ( 'NONE', *, *, #10364, .T. ) ;
#12539 = VECTOR ( 'NONE', #10240, 1000.000000000000114 ) ;
#12540 =( NAMED_UNIT ( * ) SI_UNIT ( $, .STERADIAN. ) SOLID_ANGLE_UNIT ( ) );
#12541 = AXIS2_PLACEMENT_3D ( 'NONE', #5938, #9858, #7088 ) ;
#12542 = ORIENTED_EDGE ( 'NONE', *, *, #5955, .T. ) ;
#12543 = DIRECTION ( 'NONE',  ( 0.000000000000000000, 0.000000000000000000, 1.000000000000000000 ) ) ;
#12544 = AXIS2_PLACEMENT_3D ( 'NONE', #6247, #2056, #1129 ) ;
#12545 = EDGE_CURVE ( 'NONE', #7335, #2048, #10933, .T. ) ;
#12546 = DIRECTION ( 'NONE',  ( 1.000000000000000000, 0.000000000000000000, 0.000000000000000000 ) ) ;
#12547 = CARTESIAN_POINT ( 'NONE',  ( 0.8499999999999999778, -0.09000000000000001055, 0.000000000000000000 ) ) ;
#12548 = VECTOR ( 'NONE', #11645, 1000.000000000000227 ) ;
#12549 = CARTESIAN_POINT ( 'NONE',  ( 0.3481238589692994823, 0.03628578159276790033, 0.000000000000000000 ) ) ;
#12550 = PLANE ( 'NONE',  #7538 ) ;
#12551 = ORIENTED_EDGE ( 'NONE', *, *, #3448, .T. ) ;
#12552 = DIRECTION ( 'NONE',  ( 0.000000000000000000, 0.000000000000000000, 1.000000000000000000 ) ) ;
#12553 = CARTESIAN_POINT ( 'NONE',  ( -0.5699999999999999512, 7.164183775012016422E-17, 0.9000000000000000222 ) ) ;
#12554 = AXIS2_PLACEMENT_3D ( 'NONE', #7956, #4087, #4859 ) ;
#12555 = CARTESIAN_POINT ( 'NONE',  ( 0.6518290623389679794, 0.1900000000000000022, 0.000000000000000000 ) ) ;
#12556 = PLANE ( 'NONE',  #10473 ) ;
#12557 = VERTEX_POINT ( 'NONE', #11714 ) ;
#12558 = ORIENTED_EDGE ( 'NONE', *, *, #10269, .T. ) ;
#12559 = VECTOR ( 'NONE', #665, 1000.000000000000000 ) ;
#12560 = DIRECTION ( 'NONE',  ( 0.000000000000000000, -0.9682773257456045446, 0.2498780111313128882 ) ) ;
#12561 = EDGE_CURVE ( 'NONE', #10520, #10803, #2886, .T. ) ;
#12562 = DIRECTION ( 'NONE',  ( 0.000000000000000000, -1.000000000000000000, 0.000000000000000000 ) ) ;
#12563 = VECTOR ( 'NONE', #1548, 1000.000000000000000 ) ;
#12564 = DIRECTION ( 'NONE',  ( 0.9988127069845650352, 0.04871525804268650450, 0.000000000000000000 ) ) ;
#12565 = DIRECTION ( 'NONE',  ( 0.9160311292006952932, 0.4011071806080004909, 0.000000000000000000 ) ) ;
#12566 = DIRECTION ( 'NONE',  ( 0.000000000000000000, 0.000000000000000000, 1.000000000000000000 ) ) ;
#12567 = CARTESIAN_POINT ( 'NONE',  ( -0.2366831626601859639, -0.7200000000000000844, 0.4000000000000000222 ) ) ;
#12568 = LINE ( 'NONE', #1726, #11262 ) ;
#12569 = VERTEX_POINT ( 'NONE', #12213 ) ;
#12570 = FACE_OUTER_BOUND ( 'NONE', #3383, .T. ) ;
#12571 = CARTESIAN_POINT ( 'NONE',  ( 0.2031609623636604911, 0.03785049341395980288, 0.000000000000000000 ) ) ;
#12572 = ORIENTED_EDGE ( 'NONE', *, *, #6765, .F. ) ;
#12573 = EDGE_LOOP ( 'NONE', ( #3144, #7937, #7274, #9783 ) ) ;
#12574 = ORIENTED_EDGE ( 'NONE', *, *, #1799, .T. ) ;
#12575 = AXIS2_PLACEMENT_3D ( 'NONE', #9493, #5445, #7630 ) ;
#12576 = ORIENTED_EDGE ( 'NONE', *, *, #6677, .T. ) ;
#12577 = ADVANCED_FACE ( 'NONE', ( #3381 ), #8288, .F. ) ;
#12578 = DIRECTION ( 'NONE',  ( 0.000000000000000000, 0.000000000000000000, 1.000000000000000000 ) ) ;
#12579 = CARTESIAN_POINT ( 'NONE',  ( 0.1335199889298475939, 0.05959856243728160058, 0.000000000000000000 ) ) ;
#12580 = DIRECTION ( 'NONE',  ( -0.9629219069784626939, 0.2697802829358748600, 0.000000000000000000 ) ) ;
#12581 = AXIS2_PLACEMENT_3D ( 'NONE', #5490, #8568, #6396 ) ;
#12582 = EDGE_CURVE ( 'NONE', #9777, #9689, #4167, .T. ) ;
#12583 = CARTESIAN_POINT ( 'NONE',  ( -0.1131615436026759958, 0.7145957609276060163, 0.2967297185801399673 ) ) ;
#12584 = LINE ( 'NONE', #1206, #11259 ) ;
#12585 = ORIENTED_EDGE ( 'NONE', *, *, #3068, .F. ) ;
#12586 = EDGE_CURVE ( 'NONE', #10981, #8235, #4995, .T. ) ;
#12587 = DIRECTION ( 'NONE',  ( -0.8578616638656794136, 0.5138806920576098891, 0.000000000000000000 ) ) ;
#12588 = FACE_OUTER_BOUND ( 'NONE', #12438, .T. ) ;
#12589 = DIRECTION ( 'NONE',  ( 0.000000000000000000, 0.000000000000000000, 1.000000000000000000 ) ) ;
#12590 = VERTEX_POINT ( 'NONE', #1447 ) ;
#12591 = ORIENTED_EDGE ( 'NONE', *, *, #7080, .F. ) ;
#12592 = DIRECTION ( 'NONE',  ( 0.9616396752540823378, -0.2743157577996992447, 0.000000000000000000 ) ) ;
#12593 = ORIENTED_EDGE ( 'NONE', *, *, #6125, .T. ) ;
#12594 = EDGE_CURVE ( 'NONE', #5491, #5225, #5817, .T. ) ;
#12595 = ADVANCED_FACE ( 'NONE', ( #276 ), #12087, .F. ) ;
#12596 = AXIS2_PLACEMENT_3D ( 'NONE', #615, #6494, #6627 ) ;
#12597 = FACE_OUTER_BOUND ( 'NONE', #12573, .T. ) ;
#12598 = ADVANCED_FACE ( 'NONE', ( #2296 ), #223, .T. ) ;
#12599 = FACE_OUTER_BOUND ( 'NONE', #4527, .T. ) ;
#12600 = DIRECTION ( 'NONE',  ( 0.000000000000000000, -1.000000000000000000, 0.000000000000000000 ) ) ;
#12601 = ORIENTED_EDGE ( 'NONE', *, *, #2573, .T. ) ;
#12602 = DIRECTION ( 'NONE',  ( 1.000000000000000000, 0.000000000000000000, 0.000000000000000000 ) ) ;
#12603 = DIRECTION ( 'NONE',  ( 0.000000000000000000, 0.000000000000000000, 1.000000000000000000 ) ) ;
#12604 = CIRCLE ( 'NONE', #5412, 0.04999999999999999584 ) ;
#12605 = LINE ( 'NONE', #8473, #7369 ) ;
#12606 = ORIENTED_EDGE ( 'NONE', *, *, #7113, .F. ) ;
#12607 = ORIENTED_EDGE ( 'NONE', *, *, #5361, .F. ) ;
#12608 = AXIS2_PLACEMENT_3D ( 'NONE', #12147, #9430, #9244 ) ;
#12609 = CIRCLE ( 'NONE', #1472, 0.08000000000000002942 ) ;
#12610 = CARTESIAN_POINT ( 'NONE',  ( 0.1264685497390423963, 0.08196949792231539300, 0.1000000000000000056 ) ) ;
#12611 = CARTESIAN_POINT ( 'NONE',  ( -0.1075617986720861230, -0.09310241639405297809, 0.5999999999999999778 ) ) ;
#12612 = CARTESIAN_POINT ( 'NONE',  ( 0.6518290623389679794, -0.1900000000000000022, 0.000000000000000000 ) ) ;
#12613 = CARTESIAN_POINT ( 'NONE',  ( -0.2384031841765470172, 0.08610178341198850005, 0.5999999999999999778 ) ) ;
#12614 = ORIENTED_EDGE ( 'NONE', *, *, #3643, .T. ) ;
#12615 = FACE_OUTER_BOUND ( 'NONE', #8445, .T. ) ;
#12616 = CARTESIAN_POINT ( 'NONE',  ( 0.3672011682404744959, 0.03609545426964839987, 0.000000000000000000 ) ) ;
#12617 = CIRCLE ( 'NONE', #1913, 0.002200797785891653834 ) ;
#12618 = CARTESIAN_POINT ( 'NONE',  ( 0.2636223749452199505, -0.2613925120511920164, 0.5999999999999999778 ) ) ;
#12619 = DIRECTION ( 'NONE',  ( 0.000000000000000000, 1.000000000000000000, 0.000000000000000000 ) ) ;
#12620 = ORIENTED_EDGE ( 'NONE', *, *, #73, .T. ) ;
#12621 = ORIENTED_EDGE ( 'NONE', *, *, #4356, .F. ) ;
#12622 = ORIENTED_EDGE ( 'NONE', *, *, #11707, .F. ) ;
#12623 = CARTESIAN_POINT ( 'NONE',  ( 0.2050745024916884873, 0.09722892405136669691, 0.000000000000000000 ) ) ;
#12624 = CARTESIAN_POINT ( 'NONE',  ( -0.04000000087241269847, -0.1689970804587989928, 0.5999999999999999778 ) ) ;
#12625 = CARTESIAN_POINT ( 'NONE',  ( 0.3549024655052674948, 0.04657129264206689989, 0.000000000000000000 ) ) ;
#12626 = DIRECTION ( 'NONE',  ( -1.000000000000000000, 0.000000000000000000, 0.000000000000000000 ) ) ;
#12627 = CARTESIAN_POINT ( 'NONE',  ( 0.5300000000000000266, 6.490628035480972417E-17, 0.8699999999999999956 ) ) ;
#12628 = CARTESIAN_POINT ( 'NONE',  ( 0.4000000000000000222, 0.000000000000000000, 0.6099999999999999867 ) ) ;
#12629 = CARTESIAN_POINT ( 'NONE',  ( 0.1144197825251181966, 0.05987201902689900240, 0.000000000000000000 ) ) ;
#12630 = ORIENTED_EDGE ( 'NONE', *, *, #8644, .T. ) ;
#12631 = DIRECTION ( 'NONE',  ( 0.000000000000000000, 1.000000000000000000, 0.000000000000000000 ) ) ;
#12632 = CARTESIAN_POINT ( 'NONE',  ( 0.2919940855020075055, 0.03549223951026469343, 0.000000000000000000 ) ) ;
#12633 = ORIENTED_EDGE ( 'NONE', *, *, #5302, .T. ) ;
#12634 = ORIENTED_EDGE ( 'NONE', *, *, #6226, .T. ) ;
#12635 = EDGE_CURVE ( 'NONE', #11013, #8719, #7315, .T. ) ;
#12636 = VERTEX_POINT ( 'NONE', #8045 ) ;
#12637 = ORIENTED_EDGE ( 'NONE', *, *, #9563, .T. ) ;
#12638 = FACE_OUTER_BOUND ( 'NONE', #1916, .T. ) ;
#12639 = CARTESIAN_POINT ( 'NONE',  ( 0.7299999999999999822, 0.1900000000000000022, 0.000000000000000000 ) ) ;
#12640 = CYLINDRICAL_SURFACE ( 'NONE', #779, 0.08000000000000002942 ) ;
#12641 = CARTESIAN_POINT ( 'NONE',  ( 0.09900484108265759919, 0.06626468645325789275, 0.1000000000000000056 ) ) ;
#12642 = LINE ( 'NONE', #4119, #5307 ) ;
#12643 = ORIENTED_EDGE ( 'NONE', *, *, #8029, .T. ) ;
#12644 = LINE ( 'NONE', #10771, #8652 ) ;
#12645 = LINE ( 'NONE', #2579, #2841 ) ;
#12646 = EDGE_CURVE ( 'NONE', #7927, #8048, #12604, .T. ) ;
#12647 = CARTESIAN_POINT ( 'NONE',  ( 0.06021424604468440800, 0.06308506178807390952, 0.000000000000000000 ) ) ;
#12648 = ORIENTED_EDGE ( 'NONE', *, *, #9428, .F. ) ;
#12649 = ORIENTED_EDGE ( 'NONE', *, *, #3113, .F. ) ;
#12650 = DIRECTION ( 'NONE',  ( 0.000000000000000000, 0.000000000000000000, 1.000000000000000000 ) ) ;
#12651 = ITEM_DEFINED_TRANSFORMATION ( 'NONE', 'NONE', #11588,  #10744 ) ;
#12652 = ORIENTED_EDGE ( 'NONE', *, *, #4356, .T. ) ;
#12653 = EDGE_CURVE ( 'NONE', #9605, #980, #11972, .T. ) ;
#12654 = PRODUCT_RELATED_PRODUCT_CATEGORY ( 'part', '', ( #8405 ) ) ;
#12655 = DIRECTION ( 'NONE',  ( 0.000000000000000000, 1.000000000000000000, 0.000000000000000000 ) ) ;
#12656 = CARTESIAN_POINT ( 'NONE',  ( 0.8000000000000000444, -0.8000000000000000444, 0.000000000000000000 ) ) ;
#12657 = DIRECTION ( 'NONE',  ( 1.000000000000000000, 0.000000000000000000, 0.000000000000000000 ) ) ;
#12658 = VERTEX_POINT ( 'NONE', #10159 ) ;
#12659 = ADVANCED_FACE ( 'NONE', ( #12029 ), #3194, .T. ) ;
#12660 = CYLINDRICAL_SURFACE ( 'NONE', #6594, 0.08000000000000002942 ) ;
#12661 = FACE_OUTER_BOUND ( 'NONE', #9743, .T. ) ;
#12662 = EDGE_CURVE ( 'NONE', #3097, #9536, #9188, .T. ) ;
#12663 = CARTESIAN_POINT ( 'NONE',  ( 0.3692846560191499483, 0.03316536806220055089, 0.000000000000000000 ) ) ;
#12664 = ORIENTED_EDGE ( 'NONE', *, *, #5584, .F. ) ;
#12665 = ORIENTED_EDGE ( 'NONE', *, *, #4613, .F. ) ;
#12666 = ADVANCED_FACE ( 'NONE', ( #4351 ), #339, .F. ) ;
#12667 = EDGE_CURVE ( 'NONE', #2967, #11272, #1188, .T. ) ;
#12668 = DIRECTION ( 'NONE',  ( -0.8786698883186273568, 0.4774298140691791703, 0.000000000000000000 ) ) ;
#12669 = LINE ( 'NONE', #4026, #7785 ) ;
#12670 = CARTESIAN_POINT ( 'NONE',  ( 0.3122731045469514521, 0.03316117763381255107, 0.1000000000000000056 ) ) ;
#12671 = EDGE_CURVE ( 'NONE', #8327, #11288, #11057, .T. ) ;
#12672 = DIRECTION ( 'NONE',  ( 0.000000000000000000, 0.000000000000000000, 1.000000000000000000 ) ) ;
#12673 = ORIENTED_EDGE ( 'NONE', *, *, #11702, .F. ) ;
#12674 = EDGE_CURVE ( 'NONE', #10679, #1896, #9255, .T. ) ;
#12675 = VECTOR ( 'NONE', #764, 1000.000000000000000 ) ;
#12676 = CARTESIAN_POINT ( 'NONE',  ( 0.2366831626601859639, -0.7145957609276060163, 0.4000000000000000222 ) ) ;
#12677 = LINE ( 'NONE', #8744, #2015 ) ;
#12678 = DIRECTION ( 'NONE',  ( 0.3162277577404048468, -0.9486833008093248365, 0.000000000000000000 ) ) ;
#12679 = DIRECTION ( 'NONE',  ( 0.7682212795973758501, 0.6401843996644799306, 0.000000000000000000 ) ) ;
#12680 = VERTEX_POINT ( 'NONE', #6105 ) ;
#12681 = AXIS2_PLACEMENT_3D ( 'NONE', #3824, #8788, #1632 ) ;
#12682 = VERTEX_POINT ( 'NONE', #5142 ) ;
#12683 = EDGE_CURVE ( 'NONE', #7166, #6735, #9070, .T. ) ;
#12684 = FACE_OUTER_BOUND ( 'NONE', #9765, .T. ) ;
#12685 = COLOUR_RGB ( '',0.9803921568627450567, 0.8862745098039215286, 0.6784313725490196401 ) ;
#12686 = DIRECTION ( 'NONE',  ( 0.000000000000000000, 0.000000000000000000, 1.000000000000000000 ) ) ;
#12687 = DIRECTION ( 'NONE',  ( -0.2572057851945653284, 0.9663566546893785913, 0.000000000000000000 ) ) ;
#12688 = DIRECTION ( 'NONE',  ( 0.000000000000000000, 0.000000000000000000, 1.000000000000000000 ) ) ;
#12689 = COLOUR_RGB ( '',0.9803921568627450567, 0.8862745098039215286, 0.6784313725490196401 ) ;
#12690 = DIRECTION ( 'NONE',  ( 0.5527788306970817800, -0.8333280052495338763, 0.000000000000000000 ) ) ;
#12691 = ORIENTED_EDGE ( 'NONE', *, *, #9718, .T. ) ;
#12692 = AXIS2_PLACEMENT_3D ( 'NONE', #10973, #6084, #10001 ) ;
#12693 = DIRECTION ( 'NONE',  ( -0.0006614404711704317819, -0.9999997812482275261, 0.000000000000000000 ) ) ;
#12694 = PLANE ( 'NONE',  #12092 ) ;
#12695 = EDGE_LOOP ( 'NONE', ( #12502, #12000, #5223, #378, #12466, #9528 ) ) ;
#12696 = AXIS2_PLACEMENT_3D ( 'NONE', #7252, #11180, #2152 ) ;
#12697 = CARTESIAN_POINT ( 'NONE',  ( 0.3513352955696160129, 0.1912158729996289996, 0.5999999999999999778 ) ) ;
#12698 = DIRECTION ( 'NONE',  ( 0.000000000000000000, 0.000000000000000000, 1.000000000000000000 ) ) ;
#12699 = ORIENTED_EDGE ( 'NONE', *, *, #7080, .T. ) ;
#12700 = ORIENTED_EDGE ( 'NONE', *, *, #11099, .F. ) ;
#12701 = EDGE_LOOP ( 'NONE', ( #6410, #7992, #1237, #9751 ) ) ;
#12702 = CIRCLE ( 'NONE', #7973, 0.08000000000000002942 ) ;
#12703 = VERTEX_POINT ( 'NONE', #603 ) ;
#12704 = VECTOR ( 'NONE', #316, 1000.000000000000000 ) ;
#12705 = DIRECTION ( 'NONE',  ( 0.000000000000000000, -7.779008952242338508E-17, -1.000000000000000000 ) ) ;
#12706 = DIRECTION ( 'NONE',  ( 1.000000000000000000, 0.000000000000000000, 0.000000000000000000 ) ) ;
#12707 = EDGE_CURVE ( 'NONE', #10434, #8259, #8534, .T. ) ;
#12708 = CARTESIAN_POINT ( 'NONE',  ( -0.2750000000000000222, 0.7103222713159550450, 0.2801699457772570123 ) ) ;
#12709 = DIRECTION ( 'NONE',  ( -0.0003401395747984926475, 0.9999999421525332943, 0.000000000000000000 ) ) ;
#12710 = DIRECTION ( 'NONE',  ( 0.000000000000000000, 0.000000000000000000, 1.000000000000000000 ) ) ;
#12711 = EDGE_LOOP ( 'NONE', ( #2091, #3368, #303, #3280 ) ) ;
#12712 = VECTOR ( 'NONE', #9532, 1000.000000000000000 ) ;
#12713 = DIRECTION ( 'NONE',  ( -0.000000000000000000, 1.000000000000000000, 0.000000000000000000 ) ) ;
#12714 = FACE_OUTER_BOUND ( 'NONE', #10619, .T. ) ;
#12715 = LINE ( 'NONE', #6979, #11771 ) ;
#12716 = ORIENTED_EDGE ( 'NONE', *, *, #11729, .T. ) ;
#12717 = ORIENTED_EDGE ( 'NONE', *, *, #3438, .T. ) ;
#12718 = CARTESIAN_POINT ( 'NONE',  ( 0.1162004452984230080, 0.03314860092336230357, 0.1000000000000000056 ) ) ;
#12719 = AXIS2_PLACEMENT_3D ( 'NONE', #3810, #9010, #5762 ) ;
#12720 = VERTEX_POINT ( 'NONE', #9508 ) ;
#12721 = VECTOR ( 'NONE', #6173, 1000.000000000000000 ) ;
#12722 = EDGE_CURVE ( 'NONE', #11526, #9094, #6638, .T. ) ;
#12723 = CYLINDRICAL_SURFACE ( 'NONE', #10344, 0.02023294601800594908 ) ;
#12724 = AXIS2_PLACEMENT_3D ( 'NONE', #9322, #9198, #8232 ) ;
#12725 = AXIS2_PLACEMENT_3D ( 'NONE', #5607, #4686, #4756 ) ;
#12726 = VECTOR ( 'NONE', #9616, 1000.000000000000227 ) ;
#12727 = DIRECTION ( 'NONE',  ( 0.9999994097867574983, 0.001086474176731000310, 0.000000000000000000 ) ) ;
#12728 = DIRECTION ( 'NONE',  ( 0.000000000000000000, 0.000000000000000000, -1.000000000000000000 ) ) ;
#12729 = EDGE_LOOP ( 'NONE', ( #7891, #8073, #1027, #11660, #8852, #4049, #7614 ) ) ;
#12730 = DIRECTION ( 'NONE',  ( 0.000000000000000000, -1.000000000000000000, 0.000000000000000000 ) ) ;
#12731 = DIRECTION ( 'NONE',  ( 1.000000000000000000, 0.000000000000000000, 0.000000000000000000 ) ) ;
#12732 = CARTESIAN_POINT ( 'NONE',  ( -0.1866831626601859750, -0.6645957609276059719, 0.4000000000000000222 ) ) ;
#12733 = EDGE_LOOP ( 'NONE', ( #7011, #4126, #7770, #10821 ) ) ;
#12734 = VERTEX_POINT ( 'NONE', #7513 ) ;
#12735 = AXIS2_PLACEMENT_3D ( 'NONE', #2915, #9929, #2184 ) ;
#12736 = ORIENTED_EDGE ( 'NONE', *, *, #12112, .T. ) ;
#12737 = AXIS2_PLACEMENT_3D ( 'NONE', #6509, #10431, #7807 ) ;
#12738 = VECTOR ( 'NONE', #556, 1000.000000000000000 ) ;
#12739 = EDGE_CURVE ( 'NONE', #2325, #2461, #3542, .T. ) ;
#12740 = DIRECTION ( 'NONE',  ( 1.000000000000000000, 0.000000000000000000, 0.000000000000000000 ) ) ;
#12741 = CARTESIAN_POINT ( 'NONE',  ( 0.1138701732977479980, 0.05521023189847489715, 0.1000000000000000056 ) ) ;
#12742 = PLANE ( 'NONE',  #9048 ) ;
#12743 = VECTOR ( 'NONE', #2254, 1000.000000000000000 ) ;
#12744 = DIRECTION ( 'NONE',  ( -0.000000000000000000, 1.000000000000000000, 0.000000000000000000 ) ) ;
#12745 = ORIENTED_EDGE ( 'NONE', *, *, #7020, .T. ) ;
#12746 = CARTESIAN_POINT ( 'NONE',  ( 0.8000000000000000444, -0.8000000000000000444, 0.000000000000000000 ) ) ;
#12747 = LINE ( 'NONE', #4032, #1178 ) ;
#12748 = CIRCLE ( 'NONE', #1005, 0.04999999999999999584 ) ;
#12749 = EDGE_CURVE ( 'NONE', #4965, #5352, #8343, .T. ) ;
#12750 = ADVANCED_FACE ( 'NONE', ( #11572 ), #8476, .F. ) ;
#12751 = CARTESIAN_POINT ( 'NONE',  ( 0.2750000000000000222, -1.032485115250000085, 0.000000000000000000 ) ) ;
#12752 = DIRECTION ( 'NONE',  ( 0.000000000000000000, 6.505213034913025026E-15, 1.000000000000000000 ) ) ;
#12753 = VECTOR ( 'NONE', #3338, 1000.000000000000000 ) ;
#12754 = ORIENTED_EDGE ( 'NONE', *, *, #9911, .T. ) ;
#12755 = CIRCLE ( 'NONE', #4125, 0.5999999999999999778 ) ;
#12756 = ORIENTED_EDGE ( 'NONE', *, *, #3488, .F. ) ;
#12757 = AXIS2_PLACEMENT_3D ( 'NONE', #3013, #2113, #10875 ) ;
#12758 = EDGE_CURVE ( 'NONE', #11039, #10759, #10399, .T. ) ;
#12759 = CYLINDRICAL_SURFACE ( 'NONE', #11856, 0.08000000000000002942 ) ;
#12760 = ADVANCED_FACE ( 'NONE', ( #5595 ), #5652, .T. ) ;
#12761 = CIRCLE ( 'NONE', #12332, 0.001832452116682253091 ) ;
#12762 = DIRECTION ( 'NONE',  ( 1.000000000000000000, 0.000000000000000000, 0.000000000000000000 ) ) ;
#12763 = DIRECTION ( 'NONE',  ( 0.000000000000000000, 0.000000000000000000, -1.000000000000000000 ) ) ;
#12764 = DIRECTION ( 'NONE',  ( 0.000000000000000000, 1.000000000000000000, 0.000000000000000000 ) ) ;
#12765 = VECTOR ( 'NONE', #11323, 1000.000000000000000 ) ;
#12766 = CARTESIAN_POINT ( 'NONE',  ( 0.1030266751999047992, 0.06696640993696839628, 0.1000000000000000056 ) ) ;
#12767 = CARTESIAN_POINT ( 'NONE',  ( 0.4000000000000000222, 0.7765685424949239080, 0.02343145750507624400 ) ) ;
#12768 = ADVANCED_FACE ( 'NONE', ( #5530 ), #2536, .F. ) ;
#12769 = ORIENTED_EDGE ( 'NONE', *, *, #918, .T. ) ;
#12770 = LINE ( 'NONE', #6895, #6981 ) ;
#12771 = LINE ( 'NONE', #755, #5394 ) ;
#12772 = ORIENTED_EDGE ( 'NONE', *, *, #2914, .F. ) ;
#12773 = NEXT_ASSEMBLY_USAGE_OCCURRENCE ( 'NAUO1', ' ', ' ', #4693, #2165, $ ) ;
#12774 = NEXT_ASSEMBLY_USAGE_OCCURRENCE ( 'NAUO2', ' ', ' ', #4693, #3514, $ ) ;
#12775 = NEXT_ASSEMBLY_USAGE_OCCURRENCE ( 'NAUO3', ' ', ' ', #4693, #2796, $ ) ;
#12776 = NEXT_ASSEMBLY_USAGE_OCCURRENCE ( 'NAUO4', ' ', ' ', #4693, #11945, $ ) ;
#12777 = NEXT_ASSEMBLY_USAGE_OCCURRENCE ( 'NAUO5', ' ', ' ', #4693, #1452, $ ) ;
ENDSEC;
END-ISO-10303-21;
