ISO-10303-21;
HEADER;
FILE_DESCRIPTION (( 'STEP AP214' ),
    '1' );
FILE_NAME ('22610F8C-F76C-4101-95FE-D1F1BF9DF4C9.STEP',
    '2026-07-29T09:13:35',
    ( '' ),
    ( '' ),
    'SwSTEP 2.0',
    'SolidWorks 2022',
    '' );
FILE_SCHEMA (( 'AUTOMOTIVE_DESIGN' ));
ENDSEC;

DATA;
#1 = CARTESIAN_POINT ( 'NONE',  ( 13.15000000000000391, 1.600000000000000089, -7.580000000000000071 ) ) ;
#2 = DIRECTION ( 'NONE',  ( 0.0000000000000000000, 0.0000000000000000000, 1.000000000000000000 ) ) ;
#3 = CARTESIAN_POINT ( 'NONE',  ( 0.0000000000000000000, 0.0000000000000000000, 0.0000000000000000000 ) ) ;
#4 = VECTOR ( 'NONE', #538, 1000.000000000000000 ) ;
#5 = PRESENTATION_LAYER_ASSIGNMENT (  '', '', ( #780 ) ) ;
#6 = EDGE_LOOP ( 'NONE', ( #1056, #195, #757, #1512, #1986, #92, #840, #275 ) ) ;
#7 = COLOUR_RGB ( '',0.0000000000000000000, 1.000000000000000000, 1.000000000000000000 ) ;
#8 = MECHANICAL_DESIGN_GEOMETRIC_PRESENTATION_REPRESENTATION (  '', ( #1421 ), #592 ) ;
#9 = ORIENTED_EDGE ( 'NONE', *, *, #266, .F. ) ;
#10 = STYLED_ITEM ( 'NONE', ( #115 ), #1790 ) ;
#11 = VECTOR ( 'NONE', #393, 1000.000000000000000 ) ;
#12 = FACE_OUTER_BOUND ( 'NONE', #1625, .T. ) ;
#13 = AXIS2_PLACEMENT_3D ( 'NONE', #1621, #837, #1467 ) ;
#14 = EDGE_CURVE ( 'NONE', #113, #834, #532, .T. ) ;
#15 = EDGE_LOOP ( 'NONE', ( #1374, #790, #603, #474 ) ) ;
#16 = FACE_BOUND ( 'NONE', #1109, .T. ) ;
#17 = ORIENTED_EDGE ( 'NONE', *, *, #1017, .F. ) ;
#18 = PRESENTATION_STYLE_ASSIGNMENT (( #1784 ) ) ;
#19 = DIRECTION ( 'NONE',  ( 0.0000000000000000000, 0.0000000000000000000, -1.000000000000000000 ) ) ;
#20 = DIRECTION ( 'NONE',  ( -0.0000000000000000000, -1.000000000000000000, -0.0000000000000000000 ) ) ;
#21 = LINE ( 'NONE', #1929, #1387 ) ;
#22 = CARTESIAN_POINT ( 'NONE',  ( 13.15000000000000391, 0.0000000000000000000, 9.799999999999998934 ) ) ;
#23 = ORIENTED_EDGE ( 'NONE', *, *, #1394, .T. ) ;
#24 = ADVANCED_FACE ( 'NONE', ( #1613 ), #1460, .T. ) ;
#25 = ORIENTED_EDGE ( 'NONE', *, *, #1555, .F. ) ;
#26 = CARTESIAN_POINT ( 'NONE',  ( 13.15000000000000036, 0.0000000000000000000, -8.800000000000002487 ) ) ;
#27 = EDGE_CURVE ( 'NONE', #572, #1095, #1500, .T. ) ;
#28 = UNCERTAINTY_MEASURE_WITH_UNIT (LENGTH_MEASURE( 1.000000000000000082E-05 ), #1132, 'distance_accuracy_value', 'NONE');
#29 = DIRECTION ( 'NONE',  ( -0.0000000000000000000, -1.000000000000000000, -0.0000000000000000000 ) ) ;
#30 = SURFACE_STYLE_FILL_AREA ( #1653 ) ;
#31 = CARTESIAN_POINT ( 'NONE',  ( 14.84999999999996589, 1.600000000000000089, -5.559999999999998721 ) ) ;
#32 = CARTESIAN_POINT ( 'NONE',  ( 14.84999999999999254, 1.600000000000000089, 3.059999999999999165 ) ) ;
#33 = ORIENTED_EDGE ( 'NONE', *, *, #1513, .T. ) ;
#34 = DIRECTION ( 'NONE',  ( 0.0000000000000000000, 0.0000000000000000000, -1.000000000000000000 ) ) ;
#35 = EDGE_LOOP ( 'NONE', ( #162, #540, #1503, #1898 ) ) ;
#36 = CYLINDRICAL_SURFACE ( 'NONE', #553, 1.000000000000000888 ) ;
#37 = CARTESIAN_POINT ( 'NONE',  ( 0.0000000000000000000, 7.200000000000000178, 9.299999999999998934 ) ) ;
#38 = ADVANCED_FACE ( 'NONE', ( #1851 ), #593, .F. ) ;
#39 = COLOUR_RGB ( '',0.0000000000000000000, 1.000000000000000000, 1.000000000000000000 ) ;
#40 = CARTESIAN_POINT ( 'NONE',  ( 14.14999999999999858, 0.0000000000000000000, 6.619999999999999218 ) ) ;
#41 =( NAMED_UNIT ( * ) SI_UNIT ( $, .STERADIAN. ) SOLID_ANGLE_UNIT ( ) );
#42 = VERTEX_POINT ( 'NONE', #1993 ) ;
#43 =( GEOMETRIC_REPRESENTATION_CONTEXT ( 3 ) GLOBAL_UNCERTAINTY_ASSIGNED_CONTEXT ( ( #229 ) ) GLOBAL_UNIT_ASSIGNED_CONTEXT ( ( #1157, #994, #1629 ) ) REPRESENTATION_CONTEXT ( 'NONE', 'WORKASPACE' ) );
#44 = DIRECTION ( 'NONE',  ( -0.0000000000000000000, -1.000000000000000000, -0.0000000000000000000 ) ) ;
#45 =( GEOMETRIC_REPRESENTATION_CONTEXT ( 3 ) GLOBAL_UNCERTAINTY_ASSIGNED_CONTEXT ( ( #409 ) ) GLOBAL_UNIT_ASSIGNED_CONTEXT ( ( #2018, #619, #1830 ) ) REPRESENTATION_CONTEXT ( 'NONE', 'WORKASPACE' ) );
#46 = PRODUCT ( '22610F8C-F76C-4101-95FE-D1F1BF9DF4C9', '22610F8C-F76C-4101-95FE-D1F1BF9DF4C9', '', ( #1276 ) ) ;
#47 = VECTOR ( 'NONE', #839, 1000.000000000000000 ) ;
#48 = VERTEX_POINT ( 'NONE', #580 ) ;
#49 = VECTOR ( 'NONE', #1415, 1000.000000000000000 ) ;
#50 = STYLED_ITEM ( 'NONE', ( #1523 ), #1863 ) ;
#51 = VERTEX_POINT ( 'NONE', #1691 ) ;
#52 = LINE ( 'NONE', #1634, #1145 ) ;
#53 = DIRECTION ( 'NONE',  ( -0.0000000000000000000, -1.000000000000000000, -0.0000000000000000000 ) ) ;
#54 = EDGE_CURVE ( 'NONE', #79, #1573, #1106, .T. ) ;
#55 = LINE ( 'NONE', #1465, #1970 ) ;
#56 = DIRECTION ( 'NONE',  ( 0.0000000000000000000, 0.0000000000000000000, 1.000000000000000000 ) ) ;
#57 = EDGE_CURVE ( 'NONE', #1284, #1796, #542, .T. ) ;
#58 = DIRECTION ( 'NONE',  ( 0.0000000000000000000, 1.000000000000000000, 0.0000000000000000000 ) ) ;
#59 =( NAMED_UNIT ( * ) SI_UNIT ( $, .STERADIAN. ) SOLID_ANGLE_UNIT ( ) );
#60 = ORIENTED_EDGE ( 'NONE', *, *, #1368, .F. ) ;
#61 = ORIENTED_EDGE ( 'NONE', *, *, #100, .F. ) ;
#62 = CARTESIAN_POINT ( 'NONE',  ( -14.84999999999999964, 1.600000000000000089, 5.100000000000000533 ) ) ;
#63 = DIRECTION ( 'NONE',  ( -1.000000000000000000, -0.0000000000000000000, -0.0000000000000000000 ) ) ;
#64 = CARTESIAN_POINT ( 'NONE',  ( 14.84999999999996589, 1.600000000000000089, -4.560000000000001386 ) ) ;
#65 = ORIENTED_EDGE ( 'NONE', *, *, #112, .F. ) ;
#66 = CARTESIAN_POINT ( 'NONE',  ( -14.85000000000002629, 1.600000000000000089, -2.519999999999999574 ) ) ;
#67 = CARTESIAN_POINT ( 'NONE',  ( 12.15000000000000213, 1.600000000000000089, -8.800000000000002487 ) ) ;
#68 = EDGE_CURVE ( 'NONE', #1998, #1380, #863, .T. ) ;
#69 =( LENGTH_UNIT ( ) NAMED_UNIT ( * ) SI_UNIT ( .MILLI., .METRE. ) );
#70 = VERTEX_POINT ( 'NONE', #263 ) ;
#71 = VERTEX_POINT ( 'NONE', #900 ) ;
#72 = DIRECTION ( 'NONE',  ( -0.8395701571521511086, 0.0000000000000000000, -0.5432512781572742533 ) ) ;
#73 = CARTESIAN_POINT ( 'NONE',  ( -14.84999999999999964, 1.600000000000000089, 5.100000000000000533 ) ) ;
#74 = ORIENTED_EDGE ( 'NONE', *, *, #1816, .F. ) ;
#75 = FILL_AREA_STYLE_COLOUR ( '', #480 ) ;
#76 = CARTESIAN_POINT ( 'NONE',  ( -14.85000000000000853, 0.0000000000000000000, 2.060000000000000941 ) ) ;
#77 = CARTESIAN_POINT ( 'NONE',  ( 14.14999999999999858, 1.600000000000000089, -6.580000000000000071 ) ) ;
#78 = DIRECTION ( 'NONE',  ( 0.0000000000000000000, 0.0000000000000000000, 1.000000000000000000 ) ) ;
#79 = VERTEX_POINT ( 'NONE', #1983 ) ;
#80 = AXIS2_PLACEMENT_3D ( 'NONE', #1391, #1562, #137 ) ;
#81 = DIRECTION ( 'NONE',  ( 5.204170427930416550E-15, 0.0000000000000000000, 1.000000000000000000 ) ) ;
#82 = COLOUR_RGB ( '',0.0000000000000000000, 1.000000000000000000, 1.000000000000000000 ) ;
#83 = MECHANICAL_DESIGN_GEOMETRIC_PRESENTATION_REPRESENTATION (  '', ( #1322 ), #756 ) ;
#84 = EDGE_CURVE ( 'NONE', #767, #748, #557, .T. ) ;
#85 = ORIENTED_EDGE ( 'NONE', *, *, #1752, .F. ) ;
#86 = EDGE_LOOP ( 'NONE', ( #1972, #1953, #467, #1428 ) ) ;
#87 = CIRCLE ( 'NONE', #1018, 0.4999999999999987232 ) ;
#88 = CARTESIAN_POINT ( 'NONE',  ( -14.85000000000001741, 1.600000000000000089, 0.02000000000000005246 ) ) ;
#89 = STYLED_ITEM ( 'NONE', ( #1090 ), #913 ) ;
#90 = AXIS2_PLACEMENT_3D ( 'NONE', #1560, #898, #1400 ) ;
#91 = DIRECTION ( 'NONE',  ( -0.0000000000000000000, -0.0000000000000000000, -1.000000000000000000 ) ) ;
#92 = ORIENTED_EDGE ( 'NONE', *, *, #633, .T. ) ;
#93 = SURFACE_STYLE_USAGE ( .BOTH. , #1637 ) ;
#94 = ORIENTED_EDGE ( 'NONE', *, *, #1433, .T. ) ;
#95 = DIRECTION ( 'NONE',  ( -0.0000000000000000000, -1.000000000000000000, -0.0000000000000000000 ) ) ;
#96 = DIRECTION ( 'NONE',  ( -0.0000000000000000000, 1.000000000000000000, -0.0000000000000000000 ) ) ;
#97 = ORIENTED_EDGE ( 'NONE', *, *, #1136, .F. ) ;
#98 = ORIENTED_EDGE ( 'NONE', *, *, #1003, .T. ) ;
#99 = DIRECTION ( 'NONE',  ( -1.000000000000000000, 0.0000000000000000000, 0.0000000000000000000 ) ) ;
#100 = EDGE_CURVE ( 'NONE', #376, #761, #1656, .T. ) ;
#101 = PLANE ( 'NONE',  #1219 ) ;
#102 = ORIENTED_EDGE ( 'NONE', *, *, #1951, .T. ) ;
#103 = ADVANCED_FACE ( 'NONE', ( #569 ), #1253, .F. ) ;
#104 = UNCERTAINTY_MEASURE_WITH_UNIT (LENGTH_MEASURE( 1.000000000000000082E-05 ), #1438, 'distance_accuracy_value', 'NONE');
#105 = VERTEX_POINT ( 'NONE', #1885 ) ;
#106 =( LENGTH_UNIT ( ) NAMED_UNIT ( * ) SI_UNIT ( .MILLI., .METRE. ) );
#107 = CARTESIAN_POINT ( 'NONE',  ( -16.07999999999999829, 0.0000000000000000000, 6.620000000000004547 ) ) ;
#108 = ORIENTED_EDGE ( 'NONE', *, *, #812, .F. ) ;
#109 = ORIENTED_EDGE ( 'NONE', *, *, #1238, .F. ) ;
#110 = DIRECTION ( 'NONE',  ( 0.0000000000000000000, -1.000000000000000000, 0.0000000000000000000 ) ) ;
#111 = FACE_OUTER_BOUND ( 'NONE', #650, .T. ) ;
#112 = EDGE_CURVE ( 'NONE', #105, #1755, #1104, .T. ) ;
#113 = VERTEX_POINT ( 'NONE', #1539 ) ;
#114 = CARTESIAN_POINT ( 'NONE',  ( 14.84999999999999964, 1.600000000000000089, 5.100000000000000533 ) ) ;
#115 = PRESENTATION_STYLE_ASSIGNMENT (( #909 ) ) ;
#116 = DIRECTION ( 'NONE',  ( -0.0000000000000000000, -1.000000000000000000, -0.0000000000000000000 ) ) ;
#117 = DIRECTION ( 'NONE',  ( -0.0000000000000000000, -1.000000000000000000, -0.0000000000000000000 ) ) ;
#118 = PRESENTATION_LAYER_ASSIGNMENT (  '', '', ( #947 ) ) ;
#119 = COLOUR_RGB ( '',0.0000000000000000000, 1.000000000000000000, 1.000000000000000000 ) ;
#120 = CIRCLE ( 'NONE', #785, 0.5000000000000004441 ) ;
#121 = AXIS2_PLACEMENT_3D ( 'NONE', #1746, #1769, #1623 ) ;
#122 = CARTESIAN_POINT ( 'NONE',  ( -13.15000000000000036, 0.0000000000000000000, -4.079999999999996518 ) ) ;
#123 =( GEOMETRIC_REPRESENTATION_CONTEXT ( 3 ) GLOBAL_UNCERTAINTY_ASSIGNED_CONTEXT ( ( #1310 ) ) GLOBAL_UNIT_ASSIGNED_CONTEXT ( ( #1548, #614, #2059 ) ) REPRESENTATION_CONTEXT ( 'NONE', 'WORKASPACE' ) );
#124 = VERTEX_POINT ( 'NONE', #927 ) ;
#125 = CARTESIAN_POINT ( 'NONE',  ( -16.07999999999999829, 1.600000000000000089, 6.620000000000004547 ) ) ;
#126 = AXIS2_PLACEMENT_3D ( 'NONE', #218, #1958, #1346 ) ;
#127 =( NAMED_UNIT ( * ) SI_UNIT ( $, .STERADIAN. ) SOLID_ANGLE_UNIT ( ) );
#128 = VERTEX_POINT ( 'NONE', #944 ) ;
#129 = EDGE_CURVE ( 'NONE', #48, #124, #1315, .T. ) ;
#130 = LINE ( 'NONE', #1251, #2003 ) ;
#131 = DIRECTION ( 'NONE',  ( -0.0000000000000000000, -1.000000000000000000, -0.0000000000000000000 ) ) ;
#132 = ADVANCED_FACE ( 'NONE', ( #1578 ), #1435, .F. ) ;
#133 = CARTESIAN_POINT ( 'NONE',  ( 5.150000000000005684, 0.0000000000000000000, 8.500000000000000000 ) ) ;
#134 = ORIENTED_EDGE ( 'NONE', *, *, #1405, .T. ) ;
#135 = LINE ( 'NONE', #1417, #1226 ) ;
#136 = ORIENTED_EDGE ( 'NONE', *, *, #1692, .T. ) ;
#137 = DIRECTION ( 'NONE',  ( 0.0000000000000000000, 0.0000000000000000000, 1.000000000000000000 ) ) ;
#138 = DIRECTION ( 'NONE',  ( -0.0000000000000000000, -1.000000000000000000, -0.0000000000000000000 ) ) ;
#139 = CARTESIAN_POINT ( 'NONE',  ( -11.84999999999999609, 0.0000000000000000000, 8.500000000000000000 ) ) ;
#140 = EDGE_CURVE ( 'NONE', #535, #962, #626, .T. ) ;
#141 = VERTEX_POINT ( 'NONE', #1735 ) ;
#142 = CARTESIAN_POINT ( 'NONE',  ( 14.84999999999999964, 1.600000000000000089, 5.599999999999998757 ) ) ;
#143 = PRESENTATION_STYLE_ASSIGNMENT (( #184 ) ) ;
#144 = ORIENTED_EDGE ( 'NONE', *, *, #1951, .F. ) ;
#145 = CARTESIAN_POINT ( 'NONE',  ( -12.14999999999999680, 7.699999999999999289, 9.299999999999998934 ) ) ;
#146 = LINE ( 'NONE', #1554, #1014 ) ;
#147 = DIRECTION ( 'NONE',  ( 1.000000000000000000, -0.0000000000000000000, 3.242473786872536800E-16 ) ) ;
#148 = ORIENTED_EDGE ( 'NONE', *, *, #2023, .T. ) ;
#149 = EDGE_CURVE ( 'NONE', #719, #2052, #1080, .T. ) ;
#150 = CIRCLE ( 'NONE', #1675, 0.5000000000000004441 ) ;
#151 = MECHANICAL_DESIGN_GEOMETRIC_PRESENTATION_REPRESENTATION (  '', ( #780 ), #515 ) ;
#152 = CARTESIAN_POINT ( 'NONE',  ( 14.84999999999997478, 1.600000000000000089, -2.519999999999999574 ) ) ;
#153 = MECHANICAL_DESIGN_GEOMETRIC_PRESENTATION_REPRESENTATION (  '', ( #1939 ), #2004 ) ;
#154 = MECHANICAL_DESIGN_GEOMETRIC_PRESENTATION_REPRESENTATION (  '', ( #1940 ), #43 ) ;
#155 = EDGE_CURVE ( 'NONE', #187, #1272, #881, .T. ) ;
#156 = AXIS2_PLACEMENT_3D ( 'NONE', #1679, #1203, #1239 ) ;
#157 = EDGE_LOOP ( 'NONE', ( #97, #256, #1231, #1040 ) ) ;
#158 = AXIS2_PLACEMENT_3D ( 'NONE', #1835, #981, #526 ) ;
#159 = VECTOR ( 'NONE', #1708, 1000.000000000000000 ) ;
#160 = ORIENTED_EDGE ( 'NONE', *, *, #2060, .F. ) ;
#161 = DIRECTION ( 'NONE',  ( -0.0000000000000000000, -0.0000000000000000000, 1.000000000000000000 ) ) ;
#162 = ORIENTED_EDGE ( 'NONE', *, *, #1013, .T. ) ;
#163 = DIRECTION ( 'NONE',  ( 0.0000000000000000000, 0.0000000000000000000, 1.000000000000000000 ) ) ;
#164 = DIRECTION ( 'NONE',  ( 0.0000000000000000000, 0.0000000000000000000, -1.000000000000000000 ) ) ;
#165 = FACE_OUTER_BOUND ( 'NONE', #877, .T. ) ;
#166 = CARTESIAN_POINT ( 'NONE',  ( 14.84999999999999254, 0.0000000000000000000, 3.059999999999999165 ) ) ;
#167 = EDGE_LOOP ( 'NONE', ( #1672, #1737 ) ) ;
#168 = EDGE_CURVE ( 'NONE', #1233, #1947, #946, .T. ) ;
#169 = LINE ( 'NONE', #1466, #625 ) ;
#170 = DIRECTION ( 'NONE',  ( 5.204170427930416550E-15, 0.0000000000000000000, 1.000000000000000000 ) ) ;
#171 = ORIENTED_EDGE ( 'NONE', *, *, #377, .T. ) ;
#172 = ORIENTED_EDGE ( 'NONE', *, *, #1174, .T. ) ;
#173 = DIRECTION ( 'NONE',  ( 0.0000000000000000000, 1.000000000000000000, 0.0000000000000000000 ) ) ;
#174 = LINE ( 'NONE', #1904, #1519 ) ;
#175 = ORIENTED_EDGE ( 'NONE', *, *, #149, .T. ) ;
#176 = EDGE_CURVE ( 'NONE', #1832, #535, #443, .T. ) ;
#177 = DIRECTION ( 'NONE',  ( 0.0000000000000000000, 1.000000000000000000, 0.0000000000000000000 ) ) ;
#178 = EDGE_CURVE ( 'NONE', #1066, #1479, #915, .T. ) ;
#179 = ORIENTED_EDGE ( 'NONE', *, *, #1238, .T. ) ;
#180 = FACE_OUTER_BOUND ( 'NONE', #560, .T. ) ;
#181 = CARTESIAN_POINT ( 'NONE',  ( 12.14999999999999858, 0.0000000000000000000, 9.799999999999998934 ) ) ;
#182 = ORIENTED_EDGE ( 'NONE', *, *, #1827, .T. ) ;
#183 = FILL_AREA_STYLE ('',( #1558 ) ) ;
#184 = SURFACE_STYLE_USAGE ( .BOTH. , #971 ) ;
#185 = TOROIDAL_SURFACE ( 'NONE', #657, 0.5000000000000000000, 0.5000000000000000000 ) ;
#186 = AXIS2_PLACEMENT_3D ( 'NONE', #709, #865, #1343 ) ;
#187 = VERTEX_POINT ( 'NONE', #1235 ) ;
#188 = VECTOR ( 'NONE', #110, 1000.000000000000000 ) ;
#189 = AXIS2_PLACEMENT_3D ( 'NONE', #1495, #1965, #547 ) ;
#190 = SURFACE_STYLE_FILL_AREA ( #987 ) ;
#191 = PRESENTATION_LAYER_ASSIGNMENT (  '', '', ( #10 ) ) ;
#192 = PRESENTATION_LAYER_ASSIGNMENT (  '', '', ( #1214 ) ) ;
#193 = ADVANCED_FACE ( 'NONE', ( #465 ), #615, .F. ) ;
#194 = VECTOR ( 'NONE', #1271, 1000.000000000000000 ) ;
#195 = ORIENTED_EDGE ( 'NONE', *, *, #1662, .T. ) ;
#196 = EDGE_CURVE ( 'NONE', #426, #1702, #146, .T. ) ;
#197 = CARTESIAN_POINT ( 'NONE',  ( 14.84999999999997478, 0.0000000000000000000, -3.019999999999998241 ) ) ;
#198 = MANIFOLD_SOLID_BREP ( '??3', #1871 ) ;
#199 = LINE ( 'NONE', #1932, #1078 ) ;
#200 = DIRECTION ( 'NONE',  ( 0.0000000000000000000, 0.0000000000000000000, 1.000000000000000000 ) ) ;
#201 = CARTESIAN_POINT ( 'NONE',  ( 16.12000000000000455, 0.0000000000000000000, -6.580000000000000959 ) ) ;
#202 = ORIENTED_EDGE ( 'NONE', *, *, #1065, .T. ) ;
#203 = DIRECTION ( 'NONE',  ( -0.0000000000000000000, -1.000000000000000000, -0.0000000000000000000 ) ) ;
#204 = CARTESIAN_POINT ( 'NONE',  ( 14.84999999999996589, 1.600000000000000089, -4.560000000000001386 ) ) ;
#205 = LINE ( 'NONE', #733, #555 ) ;
#206 = ORIENTED_EDGE ( 'NONE', *, *, #875, .F. ) ;
#207 = DIRECTION ( 'NONE',  ( 1.000000000000000000, 0.0000000000000000000, 0.0000000000000000000 ) ) ;
#208 = DIRECTION ( 'NONE',  ( 0.0000000000000000000, 0.0000000000000000000, -1.000000000000000000 ) ) ;
#209 = ORIENTED_EDGE ( 'NONE', *, *, #1662, .F. ) ;
#210 = CARTESIAN_POINT ( 'NONE',  ( 13.15000000000000036, 1.600000000000000089, 8.799999999999998934 ) ) ;
#211 = CARTESIAN_POINT ( 'NONE',  ( 0.0000000000000000000, 0.5000000000000000000, 0.0000000000000000000 ) ) ;
#212 = FILL_AREA_STYLE ('',( #1004 ) ) ;
#213 = ORIENTED_EDGE ( 'NONE', *, *, #680, .T. ) ;
#214 = CARTESIAN_POINT ( 'NONE',  ( 5.150000000000005684, 0.5000000000000000000, 1.000000000000000888 ) ) ;
#215 = EDGE_CURVE ( 'NONE', #1760, #1002, #1069, .T. ) ;
#216 = ADVANCED_FACE ( 'NONE', ( #12 ), #1128, .F. ) ;
#217 = COLOUR_RGB ( '',0.0000000000000000000, 1.000000000000000000, 1.000000000000000000 ) ;
#218 = CARTESIAN_POINT ( 'NONE',  ( 14.14999999999999858, 1.600000000000000089, -7.580000000000000071 ) ) ;
#219 = AXIS2_PLACEMENT_3D ( 'NONE', #1486, #683, #56 ) ;
#220 = COLOUR_RGB ( '',0.0000000000000000000, 1.000000000000000000, 1.000000000000000000 ) ;
#221 = AXIS2_PLACEMENT_3D ( 'NONE', #62, #1353, #1976 ) ;
#222 = VECTOR ( 'NONE', #1979, 1000.000000000000000 ) ;
#223 = MECHANICAL_DESIGN_GEOMETRIC_PRESENTATION_REPRESENTATION (  '', ( #10 ), #123 ) ;
#224 =( NAMED_UNIT ( * ) SI_UNIT ( $, .STERADIAN. ) SOLID_ANGLE_UNIT ( ) );
#225 = ORIENTED_EDGE ( 'NONE', *, *, #1394, .F. ) ;
#226 = CIRCLE ( 'NONE', #1783, 0.4999999999999989453 ) ;
#227 = VERTEX_POINT ( 'NONE', #31 ) ;
#228 = CARTESIAN_POINT ( 'NONE',  ( -14.14999999999999503, 0.0000000000000000000, -4.079999999999995630 ) ) ;
#229 = UNCERTAINTY_MEASURE_WITH_UNIT (LENGTH_MEASURE( 1.000000000000000082E-05 ), #1157, 'distance_accuracy_value', 'NONE');
#230 = FACE_BOUND ( 'NONE', #1088, .T. ) ;
#231 = DIRECTION ( 'NONE',  ( 0.0000000000000000000, 0.0000000000000000000, 1.000000000000000000 ) ) ;
#232 = EDGE_CURVE ( 'NONE', #1501, #1845, #1121, .T. ) ;
#233 = ORIENTED_EDGE ( 'NONE', *, *, #1113, .F. ) ;
#234 = DIRECTION ( 'NONE',  ( 0.0000000000000000000, 0.0000000000000000000, -1.000000000000000000 ) ) ;
#235 = DIRECTION ( 'NONE',  ( 0.0000000000000000000, 0.0000000000000000000, 1.000000000000000000 ) ) ;
#236 = EDGE_LOOP ( 'NONE', ( #518, #318, #1811, #17 ) ) ;
#237 = ORIENTED_EDGE ( 'NONE', *, *, #1511, .F. ) ;
#238 = LINE ( 'NONE', #1647, #691 ) ;
#239 = CARTESIAN_POINT ( 'NONE',  ( 13.15000000000000036, 1.600000000000000089, -8.800000000000002487 ) ) ;
#240 = FACE_OUTER_BOUND ( 'NONE', #157, .T. ) ;
#241 = VERTEX_POINT ( 'NONE', #1593 ) ;
#242 = ADVANCED_FACE ( 'NONE', ( #811 ), #353, .T. ) ;
#243 = FACE_OUTER_BOUND ( 'NONE', #35, .T. ) ;
#244 = ORIENTED_EDGE ( 'NONE', *, *, #299, .F. ) ;
#245 = DIRECTION ( 'NONE',  ( 0.0000000000000000000, 0.0000000000000000000, 1.000000000000000000 ) ) ;
#246 = PRESENTATION_STYLE_ASSIGNMENT (( #1035 ) ) ;
#247 = ORIENTED_EDGE ( 'NONE', *, *, #1797, .F. ) ;
#248 = FILL_AREA_STYLE ('',( #577 ) ) ;
#249 = ORIENTED_EDGE ( 'NONE', *, *, #988, .F. ) ;
#250 = MECHANICAL_DESIGN_GEOMETRIC_PRESENTATION_REPRESENTATION (  '', ( #380 ), #1350 ) ;
#251 = FACE_OUTER_BOUND ( 'NONE', #545, .T. ) ;
#252 = EDGE_CURVE ( 'NONE', #113, #1694, #1139, .T. ) ;
#253 = AXIS2_PLACEMENT_3D ( 'NONE', #612, #2027, #1695 ) ;
#254 = COLOUR_RGB ( '',0.0000000000000000000, 1.000000000000000000, 1.000000000000000000 ) ;
#255 = CIRCLE ( 'NONE', #786, 0.5000000000000004441 ) ;
#256 = ORIENTED_EDGE ( 'NONE', *, *, #1853, .F. ) ;
#257 =( GEOMETRIC_REPRESENTATION_CONTEXT ( 3 ) GLOBAL_UNCERTAINTY_ASSIGNED_CONTEXT ( ( #1058 ) ) GLOBAL_UNIT_ASSIGNED_CONTEXT ( ( #1197, #1011, #1639 ) ) REPRESENTATION_CONTEXT ( 'NONE', 'WORKASPACE' ) );
#258 =( GEOMETRIC_REPRESENTATION_CONTEXT ( 3 ) GLOBAL_UNCERTAINTY_ASSIGNED_CONTEXT ( ( #611 ) ) GLOBAL_UNIT_ASSIGNED_CONTEXT ( ( #664, #825, #1919 ) ) REPRESENTATION_CONTEXT ( 'NONE', 'WORKASPACE' ) );
#259 = LINE ( 'NONE', #122, #446 ) ;
#260 = ORIENTED_EDGE ( 'NONE', *, *, #84, .T. ) ;
#261 = DIRECTION ( 'NONE',  ( 0.0000000000000000000, 0.0000000000000000000, -1.000000000000000000 ) ) ;
#262 = DIRECTION ( 'NONE',  ( 0.0000000000000000000, 0.0000000000000000000, 1.000000000000000000 ) ) ;
#263 = CARTESIAN_POINT ( 'NONE',  ( 14.84999999999999254, 1.600000000000000089, 2.060000000000000941 ) ) ;
#264 =( NAMED_UNIT ( * ) PLANE_ANGLE_UNIT ( ) SI_UNIT ( $, .RADIAN. ) );
#265 = ORIENTED_EDGE ( 'NONE', *, *, #278, .T. ) ;
#266 = EDGE_CURVE ( 'NONE', #241, #1995, #1108, .T. ) ;
#267 = CARTESIAN_POINT ( 'NONE',  ( 14.84999999999999964, 1.600000000000000089, 4.600000000000001421 ) ) ;
#268 = ORIENTED_EDGE ( 'NONE', *, *, #278, .F. ) ;
#269 = FILL_AREA_STYLE ('',( #1831 ) ) ;
#270 = DIRECTION ( 'NONE',  ( -0.0000000000000000000, 0.0000000000000000000, 1.000000000000000000 ) ) ;
#271 = DIRECTION ( 'NONE',  ( -2.628368902995162518E-16, 0.0000000000000000000, 1.000000000000000000 ) ) ;
#272 = DIRECTION ( 'NONE',  ( -0.0000000000000000000, -1.000000000000000000, -0.0000000000000000000 ) ) ;
#273 = ORIENTED_EDGE ( 'NONE', *, *, #773, .F. ) ;
#274 = DIRECTION ( 'NONE',  ( 0.0000000000000000000, 0.0000000000000000000, 1.000000000000000000 ) ) ;
#275 = ORIENTED_EDGE ( 'NONE', *, *, #1599, .T. ) ;
#276 = CARTESIAN_POINT ( 'NONE',  ( 14.84999999999997478, 0.0000000000000000000, -2.020000000000000906 ) ) ;
#277 = CARTESIAN_POINT ( 'NONE',  ( -13.15000000000000036, 0.0000000000000000000, -8.800000000000002487 ) ) ;
#278 = EDGE_CURVE ( 'NONE', #1187, #466, #21, .T. ) ;
#279 = CARTESIAN_POINT ( 'NONE',  ( -14.85000000000002629, 0.0000000000000000000, -2.020000000000000906 ) ) ;
#280 = FILL_AREA_STYLE_COLOUR ( '', #2008 ) ;
#281 = PRESENTATION_STYLE_ASSIGNMENT (( #1273 ) ) ;
#282 = DIRECTION ( 'NONE',  ( -1.000000000000000000, 0.0000000000000000000, 0.0000000000000000000 ) ) ;
#283 = VECTOR ( 'NONE', #1723, 1000.000000000000000 ) ;
#284 = EDGE_LOOP ( 'NONE', ( #1638, #1156, #652, #1878 ) ) ;
#285 = AXIS2_PLACEMENT_3D ( 'NONE', #1924, #1441, #1914 ) ;
#286 = FILL_AREA_STYLE ('',( #573 ) ) ;
#287 = AXIS2_PLACEMENT_3D ( 'NONE', #504, #177, #1767 ) ;
#288 = AXIS2_PLACEMENT_3D ( 'NONE', #211, #173, #968 ) ;
#289 = PRESENTATION_LAYER_ASSIGNMENT (  '', '', ( #1116 ) ) ;
#290 = CARTESIAN_POINT ( 'NONE',  ( -12.64999999999999680, 7.699999999999999289, 8.799999999999998934 ) ) ;
#291 = CARTESIAN_POINT ( 'NONE',  ( -14.85000000000002629, 1.600000000000000089, -2.020000000000000906 ) ) ;
#292 = DIRECTION ( 'NONE',  ( 0.0000000000000000000, 1.000000000000000000, 0.0000000000000000000 ) ) ;
#293 = LINE ( 'NONE', #1227, #1942 ) ;
#294 = FACE_BOUND ( 'NONE', #640, .T. ) ;
#295 = CARTESIAN_POINT ( 'NONE',  ( -11.84999999999999609, 0.0000000000000000000, 8.500000000000000000 ) ) ;
#296 = DIRECTION ( 'NONE',  ( -1.000000000000000000, 0.0000000000000000000, -0.0000000000000000000 ) ) ;
#297 = ORIENTED_EDGE ( 'NONE', *, *, #1326, .T. ) ;
#298 =( NAMED_UNIT ( * ) SI_UNIT ( $, .STERADIAN. ) SOLID_ANGLE_UNIT ( ) );
#299 = EDGE_CURVE ( 'NONE', #954, #1383, #506, .T. ) ;
#300 = ORIENTED_EDGE ( 'NONE', *, *, #1974, .F. ) ;
#301 = DIRECTION ( 'NONE',  ( 0.0000000000000000000, 0.0000000000000000000, 1.000000000000000000 ) ) ;
#302 =( NAMED_UNIT ( * ) PLANE_ANGLE_UNIT ( ) SI_UNIT ( $, .RADIAN. ) );
#303 = EDGE_LOOP ( 'NONE', ( #1475, #1204, #300, #1829 ) ) ;
#304 = SURFACE_STYLE_USAGE ( .BOTH. , #975 ) ;
#305 = CARTESIAN_POINT ( 'NONE',  ( 13.15000000000000391, 1.600000000000000089, 7.619999999999998330 ) ) ;
#306 = DIRECTION ( 'NONE',  ( 0.0000000000000000000, 0.0000000000000000000, -1.000000000000000000 ) ) ;
#307 = ADVANCED_FACE ( 'NONE', ( #653 ), #1631, .F. ) ;
#308 = ORIENTED_EDGE ( 'NONE', *, *, #576, .T. ) ;
#309 = EDGE_CURVE ( 'NONE', #834, #1489, #1543, .T. ) ;
#310 = FACE_BOUND ( 'NONE', #1739, .T. ) ;
#311 = AXIS2_PLACEMENT_3D ( 'NONE', #1474, #1037, #1496 ) ;
#312 = AXIS2_PLACEMENT_3D ( 'NONE', #214, #703, #72 ) ;
#313 = AXIS2_PLACEMENT_3D ( 'NONE', #1793, #1774, #1007 ) ;
#314 = DIRECTION ( 'NONE',  ( 0.0000000000000000000, 0.0000000000000000000, 1.000000000000000000 ) ) ;
#315 = VERTEX_POINT ( 'NONE', #2019 ) ;
#316 = DIRECTION ( 'NONE',  ( 0.0000000000000000000, 0.0000000000000000000, 1.000000000000000000 ) ) ;
#317 = CIRCLE ( 'NONE', #922, 0.5000000000000004441 ) ;
#318 = ORIENTED_EDGE ( 'NONE', *, *, #607, .T. ) ;
#319 = SURFACE_SIDE_STYLE ('',( #1313 ) ) ;
#320 = DIRECTION ( 'NONE',  ( 0.0000000000000000000, 0.0000000000000000000, 1.000000000000000000 ) ) ;
#321 = ORIENTED_EDGE ( 'NONE', *, *, #266, .T. ) ;
#322 = SURFACE_SIDE_STYLE ('',( #1903 ) ) ;
#323 = CARTESIAN_POINT ( 'NONE',  ( 0.0000000000000000000, 1.600000000000000089, 0.0000000000000000000 ) ) ;
#324 = ADVANCED_FACE ( 'NONE', ( #165 ), #1452, .T. ) ;
#325 = PRESENTATION_STYLE_ASSIGNMENT (( #1268 ) ) ;
#326 = DIRECTION ( 'NONE',  ( 0.0000000000000000000, 0.0000000000000000000, -1.000000000000000000 ) ) ;
#327 = DIRECTION ( 'NONE',  ( -0.0000000000000000000, -1.000000000000000000, -0.0000000000000000000 ) ) ;
#328 = VERTEX_POINT ( 'NONE', #970 ) ;
#329 = DIRECTION ( 'NONE',  ( 1.000000000000000000, 0.0000000000000000000, -2.920409892216842203E-16 ) ) ;
#330 =( NAMED_UNIT ( * ) SI_UNIT ( $, .STERADIAN. ) SOLID_ANGLE_UNIT ( ) );
#331 = DIRECTION ( 'NONE',  ( 0.0000000000000000000, 1.000000000000000000, 0.0000000000000000000 ) ) ;
#332 = VERTEX_POINT ( 'NONE', #26 ) ;
#333 = EDGE_CURVE ( 'NONE', #1824, #1123, #884, .T. ) ;
#334 = ORIENTED_EDGE ( 'NONE', *, *, #1368, .T. ) ;
#335 = DIRECTION ( 'NONE',  ( 1.000000000000000000, -0.0000000000000000000, -0.0000000000000000000 ) ) ;
#336 = EDGE_CURVE ( 'NONE', #42, #328, #549, .T. ) ;
#337 = DIRECTION ( 'NONE',  ( 2.628368902995162518E-16, -0.0000000000000000000, -1.000000000000000000 ) ) ;
#338 = ORIENTED_EDGE ( 'NONE', *, *, #1927, .F. ) ;
#339 =( NAMED_UNIT ( * ) PLANE_ANGLE_UNIT ( ) SI_UNIT ( $, .RADIAN. ) );
#340 = LINE ( 'NONE', #22, #1418 ) ;
#341 = CARTESIAN_POINT ( 'NONE',  ( 16.12000000000000099, 1.600000000000000089, 6.619999999999999218 ) ) ;
#342 = EDGE_LOOP ( 'NONE', ( #321, #1373, #1527, #713 ) ) ;
#343 = AXIS2_PLACEMENT_3D ( 'NONE', #66, #1172, #1805 ) ;
#344 = AXIS2_PLACEMENT_3D ( 'NONE', #726, #397, #235 ) ;
#345 = DIRECTION ( 'NONE',  ( 0.0000000000000000000, 0.0000000000000000000, -1.000000000000000000 ) ) ;
#346 = AXIS2_PLACEMENT_3D ( 'NONE', #2049, #19, #1906 ) ;
#347 = EDGE_CURVE ( 'NONE', #601, #362, #238, .T. ) ;
#348 = VECTOR ( 'NONE', #407, 1000.000000000000000 ) ;
#349 =( GEOMETRIC_REPRESENTATION_CONTEXT ( 3 ) GLOBAL_UNCERTAINTY_ASSIGNED_CONTEXT ( ( #1356 ) ) GLOBAL_UNIT_ASSIGNED_CONTEXT ( ( #69, #264, #224 ) ) REPRESENTATION_CONTEXT ( 'NONE', 'WORKASPACE' ) );
#350 = FILL_AREA_STYLE_COLOUR ( '', #217 ) ;
#351 = CIRCLE ( 'NONE', #158, 0.4999999999999991673 ) ;
#352 = CIRCLE ( 'NONE', #1041, 1.000000000000000000 ) ;
#353 = CYLINDRICAL_SURFACE ( 'NONE', #1678, 0.5000000000000004441 ) ;
#354 = EDGE_CURVE ( 'NONE', #948, #1022, #1969, .T. ) ;
#355 = VECTOR ( 'NONE', #766, 1000.000000000000000 ) ;
#356 = CARTESIAN_POINT ( 'NONE',  ( -14.85000000000000853, 1.600000000000000089, 3.059999999999999165 ) ) ;
#357 = ORIENTED_EDGE ( 'NONE', *, *, #522, .T. ) ;
#358 = ORIENTED_EDGE ( 'NONE', *, *, #1987, .F. ) ;
#359 = FACE_OUTER_BOUND ( 'NONE', #908, .T. ) ;
#360 = FACE_BOUND ( 'NONE', #1201, .T. ) ;
#361 = DIRECTION ( 'NONE',  ( 0.0000000000000000000, 0.0000000000000000000, 1.000000000000000000 ) ) ;
#362 = VERTEX_POINT ( 'NONE', #511 ) ;
#363 = CARTESIAN_POINT ( 'NONE',  ( 14.84999999999997478, 1.600000000000000089, -2.519999999999999574 ) ) ;
#364 = ADVANCED_FACE ( 'NONE', ( #359 ), #1813, .F. ) ;
#365 = EDGE_LOOP ( 'NONE', ( #179, #182 ) ) ;
#366 = FACE_OUTER_BOUND ( 'NONE', #1193, .T. ) ;
#367 = ORIENTED_EDGE ( 'NONE', *, *, #850, .F. ) ;
#368 = FACE_OUTER_BOUND ( 'NONE', #1758, .T. ) ;
#369 = LINE ( 'NONE', #849, #1909 ) ;
#370 = DIRECTION ( 'NONE',  ( 0.0000000000000000000, 0.0000000000000000000, 1.000000000000000000 ) ) ;
#371 = DIRECTION ( 'NONE',  ( 0.0000000000000000000, 0.0000000000000000000, 1.000000000000000000 ) ) ;
#372 = DIRECTION ( 'NONE',  ( 0.0000000000000000000, 0.0000000000000000000, -1.000000000000000000 ) ) ;
#373 = SURFACE_STYLE_FILL_AREA ( #531 ) ;
#374 = ORIENTED_EDGE ( 'NONE', *, *, #1461, .T. ) ;
#375 = FILL_AREA_STYLE ('',( #1054 ) ) ;
#376 = VERTEX_POINT ( 'NONE', #546 ) ;
#377 = EDGE_CURVE ( 'NONE', #362, #767, #52, .T. ) ;
#378 = AXIS2_PLACEMENT_3D ( 'NONE', #827, #326, #809 ) ;
#379 =( NAMED_UNIT ( * ) PLANE_ANGLE_UNIT ( ) SI_UNIT ( $, .RADIAN. ) );
#380 = STYLED_ITEM ( 'NONE', ( #416 ), #24 ) ;
#381 = FACE_OUTER_BOUND ( 'NONE', #1528, .T. ) ;
#382 = ORIENTED_EDGE ( 'NONE', *, *, #1342, .T. ) ;
#383 = STYLED_ITEM ( 'NONE', ( #246 ), #1454 ) ;
#384 = PRESENTATION_LAYER_ASSIGNMENT (  '', '', ( #1643 ) ) ;
#385 = CARTESIAN_POINT ( 'NONE',  ( -14.84999999999999964, 1.600000000000000089, 5.599999999999998757 ) ) ;
#386 = TOROIDAL_SURFACE ( 'NONE', #661, 0.5000000000000000000, 0.5000000000000000000 ) ;
#387 = AXIS2_PLACEMENT_3D ( 'NONE', #1305, #58, #862 ) ;
#388 = CARTESIAN_POINT ( 'NONE',  ( 5.150000000000005684, 0.0000000000000000000, 8.500000000000000000 ) ) ;
#389 = ORIENTED_EDGE ( 'NONE', *, *, #988, .T. ) ;
#390 = VERTEX_POINT ( 'NONE', #228 ) ;
#391 = CARTESIAN_POINT ( 'NONE',  ( -12.14999999999999680, 1.600000000000000089, -8.800000000000002487 ) ) ;
#392 = ADVANCED_FACE ( 'NONE', ( #841 ), #36, .T. ) ;
#393 = DIRECTION ( 'NONE',  ( 0.0000000000000000000, 0.0000000000000000000, -1.000000000000000000 ) ) ;
#394 =( NAMED_UNIT ( * ) PLANE_ANGLE_UNIT ( ) SI_UNIT ( $, .RADIAN. ) );
#395 = ORIENTED_EDGE ( 'NONE', *, *, #1961, .F. ) ;
#396 = DIRECTION ( 'NONE',  ( -0.0000000000000000000, -1.000000000000000000, -0.0000000000000000000 ) ) ;
#397 = DIRECTION ( 'NONE',  ( -0.0000000000000000000, -1.000000000000000000, -0.0000000000000000000 ) ) ;
#398 = DIRECTION ( 'NONE',  ( 1.000000000000000000, 0.0000000000000000000, 0.0000000000000000000 ) ) ;
#399 = ORIENTED_EDGE ( 'NONE', *, *, #1599, .F. ) ;
#400 = CARTESIAN_POINT ( 'NONE',  ( -14.84999999999999964, 1.600000000000000089, 5.100000000000000533 ) ) ;
#401 = EDGE_LOOP ( 'NONE', ( #213, #1791, #1665, #1943 ) ) ;
#402 = ORIENTED_EDGE ( 'NONE', *, *, #1484, .F. ) ;
#403 = ADVANCED_FACE ( 'NONE', ( #368 ), #1493, .F. ) ;
#404 = DIRECTION ( 'NONE',  ( 0.0000000000000000000, -1.000000000000000000, 0.0000000000000000000 ) ) ;
#405 = CARTESIAN_POINT ( 'NONE',  ( 12.65000000000000036, 7.200000000000000178, 0.0000000000000000000 ) ) ;
#406 = ORIENTED_EDGE ( 'NONE', *, *, #196, .F. ) ;
#407 = DIRECTION ( 'NONE',  ( -0.0000000000000000000, 1.000000000000000000, -0.0000000000000000000 ) ) ;
#408 = ORIENTED_EDGE ( 'NONE', *, *, #543, .F. ) ;
#409 = UNCERTAINTY_MEASURE_WITH_UNIT (LENGTH_MEASURE( 1.000000000000000082E-05 ), #2018, 'distance_accuracy_value', 'NONE');
#410 = SURFACE_SIDE_STYLE ('',( #906 ) ) ;
#411 = EDGE_LOOP ( 'NONE', ( #499, #102, #960, #1432 ) ) ;
#412 = VECTOR ( 'NONE', #1341, 1000.000000000000000 ) ;
#413 = DIRECTION ( 'NONE',  ( 0.0000000000000000000, 1.000000000000000000, 0.0000000000000000000 ) ) ;
#414 = CYLINDRICAL_SURFACE ( 'NONE', #1184, 0.4999999999999991673 ) ;
#415 = VECTOR ( 'NONE', #63, 1000.000000000000000 ) ;
#416 = PRESENTATION_STYLE_ASSIGNMENT (( #1363 ) ) ;
#417 = EDGE_CURVE ( 'NONE', #1796, #954, #447, .T. ) ;
#418 = VECTOR ( 'NONE', #430, 1000.000000000000000 ) ;
#419 = ORIENTED_EDGE ( 'NONE', *, *, #1610, .T. ) ;
#420 = CIRCLE ( 'NONE', #2012, 1.000000000000000888 ) ;
#421 = LINE ( 'NONE', #878, #188 ) ;
#422 = ORIENTED_EDGE ( 'NONE', *, *, #728, .T. ) ;
#423 = CARTESIAN_POINT ( 'NONE',  ( 12.15000000000000036, 7.699999999999999289, 8.799999999999998934 ) ) ;
#424 = CYLINDRICAL_SURFACE ( 'NONE', #346, 0.5000000000000004441 ) ;
#425 = CARTESIAN_POINT ( 'NONE',  ( 14.84999999999996589, 0.0000000000000000000, -5.559999999999998721 ) ) ;
#426 = VERTEX_POINT ( 'NONE', #1202 ) ;
#427 = FACE_OUTER_BOUND ( 'NONE', #1138, .T. ) ;
#428 = CARTESIAN_POINT ( 'NONE',  ( 5.150000000000005684, 0.5000000000000000000, 1.000000000000000888 ) ) ;
#429 =( LENGTH_UNIT ( ) NAMED_UNIT ( * ) SI_UNIT ( .MILLI., .METRE. ) );
#430 = DIRECTION ( 'NONE',  ( 0.0000000000000000000, -1.000000000000000000, 0.0000000000000000000 ) ) ;
#431 = ADVANCED_FACE ( 'NONE', ( #1365 ), #1994, .F. ) ;
#432 = ORIENTED_EDGE ( 'NONE', *, *, #925, .T. ) ;
#433 = CARTESIAN_POINT ( 'NONE',  ( 14.84999999999999254, 1.600000000000000089, 2.560000000000000053 ) ) ;
#434 =( NAMED_UNIT ( * ) PLANE_ANGLE_UNIT ( ) SI_UNIT ( $, .RADIAN. ) );
#435 = ORIENTED_EDGE ( 'NONE', *, *, #309, .F. ) ;
#436 = CARTESIAN_POINT ( 'NONE',  ( 14.14999999999999858, 1.600000000000000089, -7.580000000000000071 ) ) ;
#437 = DIRECTION ( 'NONE',  ( 0.0000000000000000000, 0.0000000000000000000, 1.000000000000000000 ) ) ;
#438 = ADVANCED_FACE ( 'NONE', ( #561 ), #1825, .F. ) ;
#439 = CARTESIAN_POINT ( 'NONE',  ( -13.15000000000000036, 1.600000000000000089, -5.079999999999995630 ) ) ;
#440 = CARTESIAN_POINT ( 'NONE',  ( 12.65000000000000036, 7.200000000000000178, -8.800000000000002487 ) ) ;
#441 = ORIENTED_EDGE ( 'NONE', *, *, #1089, .T. ) ;
#442 = DIRECTION ( 'NONE',  ( 0.0000000000000000000, 0.0000000000000000000, 1.000000000000000000 ) ) ;
#443 = LINE ( 'NONE', #1727, #1419 ) ;
#444 =( GEOMETRIC_REPRESENTATION_CONTEXT ( 3 ) GLOBAL_UNCERTAINTY_ASSIGNED_CONTEXT ( ( #1534 ) ) GLOBAL_UNIT_ASSIGNED_CONTEXT ( ( #1685, #434, #127 ) ) REPRESENTATION_CONTEXT ( 'NONE', 'WORKASPACE' ) );
#445 = VECTOR ( 'NONE', #496, 1000.000000000000000 ) ;
#446 = VECTOR ( 'NONE', #1070, 1000.000000000000000 ) ;
#447 = CIRCLE ( 'NONE', #2005, 0.5000000000000004441 ) ;
#448 = DIRECTION ( 'NONE',  ( 0.0000000000000000000, -0.0000000000000000000, 1.000000000000000000 ) ) ;
#449 = AXIS2_PLACEMENT_3D ( 'NONE', #742, #762, #1378 ) ;
#450 =( GEOMETRIC_REPRESENTATION_CONTEXT ( 3 ) GLOBAL_UNCERTAINTY_ASSIGNED_CONTEXT ( ( #1722 ) ) GLOBAL_UNIT_ASSIGNED_CONTEXT ( ( #106, #613, #1410 ) ) REPRESENTATION_CONTEXT ( 'NONE', 'WORKASPACE' ) );
#451 = UNCERTAINTY_MEASURE_WITH_UNIT (LENGTH_MEASURE( 1.000000000000000082E-05 ), #1404, 'distance_accuracy_value', 'NONE');
#452 = CARTESIAN_POINT ( 'NONE',  ( -14.14999999999999503, 1.600000000000000089, -4.079999999999995630 ) ) ;
#453 = ADVANCED_FACE ( 'NONE', ( #1001 ), #1490, .F. ) ;
#454 = EDGE_CURVE ( 'NONE', #315, #128, #715, .T. ) ;
#455 = CARTESIAN_POINT ( 'NONE',  ( -16.07999999999999829, 1.600000000000000089, 6.620000000000004547 ) ) ;
#456 = ORIENTED_EDGE ( 'NONE', *, *, #1208, .F. ) ;
#457 = DIRECTION ( 'NONE',  ( -1.000000000000000000, 0.0000000000000000000, -2.628368902995162518E-16 ) ) ;
#458 = CARTESIAN_POINT ( 'NONE',  ( 14.84999999999996589, 1.600000000000000089, -5.060000000000000497 ) ) ;
#459 = FACE_OUTER_BOUND ( 'NONE', #1456, .T. ) ;
#460 = ORIENTED_EDGE ( 'NONE', *, *, #1555, .T. ) ;
#461 = DIRECTION ( 'NONE',  ( 0.0000000000000000000, 1.000000000000000000, 0.0000000000000000000 ) ) ;
#462 = CYLINDRICAL_SURFACE ( 'NONE', #1016, 0.5000000000000004441 ) ;
#463 = EDGE_LOOP ( 'NONE', ( #2026, #1628 ) ) ;
#464 = PRODUCT_RELATED_PRODUCT_CATEGORY ( 'part', '', ( #46 ) ) ;
#465 = FACE_OUTER_BOUND ( 'NONE', #551, .T. ) ;
#466 = VERTEX_POINT ( 'NONE', #1930 ) ;
#467 = ORIENTED_EDGE ( 'NONE', *, *, #1283, .F. ) ;
#468 = DIRECTION ( 'NONE',  ( 0.0000000000000000000, 0.0000000000000000000, 1.000000000000000000 ) ) ;
#469 = CARTESIAN_POINT ( 'NONE',  ( 14.84999999999997478, 1.600000000000000089, -2.020000000000000906 ) ) ;
#470 = CARTESIAN_POINT ( 'NONE',  ( 12.65000000000000036, 7.699999999999999289, -8.800000000000002487 ) ) ;
#471 = EDGE_LOOP ( 'NONE', ( #374, #1618, #2006, #578 ) ) ;
#472 = SURFACE_STYLE_FILL_AREA ( #778 ) ;
#473 = EDGE_CURVE ( 'NONE', #1211, #113, #1967, .T. ) ;
#474 = ORIENTED_EDGE ( 'NONE', *, *, #2023, .F. ) ;
#475 = MECHANICAL_DESIGN_GEOMETRIC_PRESENTATION_REPRESENTATION (  '', ( #1574 ), #548 ) ;
#476 = VECTOR ( 'NONE', #96, 1000.000000000000000 ) ;
#477 = FACE_BOUND ( 'NONE', #463, .T. ) ;
#478 = ORIENTED_EDGE ( 'NONE', *, *, #696, .F. ) ;
#479 = VECTOR ( 'NONE', #482, 1000.000000000000000 ) ;
#480 = COLOUR_RGB ( '',0.0000000000000000000, 1.000000000000000000, 1.000000000000000000 ) ;
#481 = VECTOR ( 'NONE', #835, 1000.000000000000000 ) ;
#482 = DIRECTION ( 'NONE',  ( -0.0000000000000000000, 1.000000000000000000, -0.0000000000000000000 ) ) ;
#483 = COLOUR_RGB ( '',0.2509803921568627416, 0.2509803921568627416, 0.2509803921568627416 ) ;
#484 = AXIS2_PLACEMENT_3D ( 'NONE', #1557, #774, #2034 ) ;
#485 = MECHANICAL_DESIGN_GEOMETRIC_PRESENTATION_REPRESENTATION (  '', ( #50 ), #1582 ) ;
#486 = EDGE_LOOP ( 'NONE', ( #1319, #1381, #1920, #1592, #1240, #1316, #402, #33, #574, #1895, #1331, #939, #1892, #1857, #85, #74, #456, #1367, #1657, #801 ) ) ;
#487 = DIRECTION ( 'NONE',  ( 0.0000000000000000000, 0.0000000000000000000, -1.000000000000000000 ) ) ;
#488 = CARTESIAN_POINT ( 'NONE',  ( 5.150000000000005684, 0.0000000000000000000, 1.000000000000000888 ) ) ;
#489 = ORIENTED_EDGE ( 'NONE', *, *, #974, .T. ) ;
#490 = EDGE_CURVE ( 'NONE', #1677, #1228, #663, .T. ) ;
#491 = CARTESIAN_POINT ( 'NONE',  ( 14.14999999999999858, 1.600000000000000089, 7.619999999999999218 ) ) ;
#492 = SURFACE_STYLE_FILL_AREA ( #183 ) ;
#493 = EDGE_CURVE ( 'NONE', #1760, #426, #1047, .T. ) ;
#494 = CARTESIAN_POINT ( 'NONE',  ( -12.14999999999999680, 7.200000000000000178, 9.799999999999998934 ) ) ;
#495 = ORIENTED_EDGE ( 'NONE', *, *, #57, .F. ) ;
#496 = DIRECTION ( 'NONE',  ( -0.0000000000000000000, -1.000000000000000000, -0.0000000000000000000 ) ) ;
#497 = CARTESIAN_POINT ( 'NONE',  ( 14.84999999999999254, 0.0000000000000000000, 2.560000000000000053 ) ) ;
#498 = ORIENTED_EDGE ( 'NONE', *, *, #1999, .F. ) ;
#499 = ORIENTED_EDGE ( 'NONE', *, *, #607, .F. ) ;
#500 = PRODUCT_DEFINITION ( 'UNKNOWN', '', #1689, #2007 ) ;
#501 = FILL_AREA_STYLE ('',( #1416 ) ) ;
#502 = PRESENTATION_STYLE_ASSIGNMENT (( #1606 ) ) ;
#503 = CARTESIAN_POINT ( 'NONE',  ( 14.84999999999999964, 0.0000000000000000000, 5.599999999999998757 ) ) ;
#504 = CARTESIAN_POINT ( 'NONE',  ( -14.85000000000002629, 0.0000000000000000000, -2.519999999999999574 ) ) ;
#505 = EDGE_LOOP ( 'NONE', ( #904, #1564, #931, #1905 ) ) ;
#506 = LINE ( 'NONE', #999, #980 ) ;
#507 = ORIENTED_EDGE ( 'NONE', *, *, #1999, .T. ) ;
#508 = FILL_AREA_STYLE ('',( #1616 ) ) ;
#509 = DIRECTION ( 'NONE',  ( -0.0000000000000000000, 1.000000000000000000, -0.0000000000000000000 ) ) ;
#510 = ORIENTED_EDGE ( 'NONE', *, *, #333, .F. ) ;
#511 = CARTESIAN_POINT ( 'NONE',  ( -3.349999999999995204, -0.0000000000000000000, -4.499999999999999112 ) ) ;
#512 = AXIS2_PLACEMENT_3D ( 'NONE', #363, #1795, #1991 ) ;
#513 = CYLINDRICAL_SURFACE ( 'NONE', #1388, 0.4999999999999987232 ) ;
#514 = PRESENTATION_LAYER_ASSIGNMENT (  '', '', ( #1574 ) ) ;
#515 =( GEOMETRIC_REPRESENTATION_CONTEXT ( 3 ) GLOBAL_UNCERTAINTY_ASSIGNED_CONTEXT ( ( #451 ) ) GLOBAL_UNIT_ASSIGNED_CONTEXT ( ( #1404, #1412, #838 ) ) REPRESENTATION_CONTEXT ( 'NONE', 'WORKASPACE' ) );
#516 = CIRCLE ( 'NONE', #313, 1.000000000000000000 ) ;
#517 = EDGE_CURVE ( 'NONE', #2052, #1096, #1632, .T. ) ;
#518 = ORIENTED_EDGE ( 'NONE', *, *, #168, .T. ) ;
#519 = AXIS2_PLACEMENT_3D ( 'NONE', #769, #457, #271 ) ;
#520 = CIRCLE ( 'NONE', #1580, 1.000000000000000000 ) ;
#521 = DIRECTION ( 'NONE',  ( 0.0000000000000000000, 0.0000000000000000000, -1.000000000000000000 ) ) ;
#522 = EDGE_CURVE ( 'NONE', #973, #719, #516, .T. ) ;
#523 = DIRECTION ( 'NONE',  ( 3.242473786872536800E-16, 0.0000000000000000000, -1.000000000000000000 ) ) ;
#524 = DIRECTION ( 'NONE',  ( 0.0000000000000000000, 0.0000000000000000000, 1.000000000000000000 ) ) ;
#525 = ORIENTED_EDGE ( 'NONE', *, *, #925, .F. ) ;
#526 = DIRECTION ( 'NONE',  ( 0.0000000000000000000, 0.0000000000000000000, 1.000000000000000000 ) ) ;
#527 = EDGE_LOOP ( 'NONE', ( #260, #395, #1351, #1333 ) ) ;
#528 = CARTESIAN_POINT ( 'NONE',  ( -13.14999999999999680, 0.0000000000000000000, 9.799999999999998934 ) ) ;
#529 = CARTESIAN_POINT ( 'NONE',  ( -13.15000000000000036, 1.600000000000000089, -9.800000000000002487 ) ) ;
#530 = VERTEX_POINT ( 'NONE', #1817 ) ;
#531 = FILL_AREA_STYLE ('',( #873 ) ) ;
#532 = LINE ( 'NONE', #1165, #1215 ) ;
#533 = EDGE_CURVE ( 'NONE', #71, #332, #1652, .T. ) ;
#534 = ADVANCED_BREP_SHAPE_REPRESENTATION ( '22610F8C-F76C-4101-95FE-D1F1BF9DF4C9', ( #198, #1946 ), #1053 ) ;
#535 = VERTEX_POINT ( 'NONE', #76 ) ;
#536 = DIRECTION ( 'NONE',  ( -1.000000000000000000, 0.0000000000000000000, 0.0000000000000000000 ) ) ;
#537 = FACE_BOUND ( 'NONE', #1896, .T. ) ;
#538 = DIRECTION ( 'NONE',  ( 0.0000000000000000000, -1.000000000000000000, 0.0000000000000000000 ) ) ;
#539 = PLANE ( 'NONE',  #1917 ) ;
#540 = ORIENTED_EDGE ( 'NONE', *, *, #1376, .T. ) ;
#541 = DIRECTION ( 'NONE',  ( 1.000000000000000000, 0.0000000000000000000, -0.0000000000000000000 ) ) ;
#542 = LINE ( 'NONE', #1210, #1510 ) ;
#543 = EDGE_CURVE ( 'NONE', #105, #362, #1957, .T. ) ;
#544 = ORIENTED_EDGE ( 'NONE', *, *, #1180, .T. ) ;
#545 = EDGE_LOOP ( 'NONE', ( #1567, #1259, #265, #686 ) ) ;
#546 = CARTESIAN_POINT ( 'NONE',  ( -11.84999999999999609, 0.5000000000000000000, 8.500000000000000000 ) ) ;
#547 = DIRECTION ( 'NONE',  ( 0.0000000000000000000, -0.0000000000000000000, 1.000000000000000000 ) ) ;
#548 =( GEOMETRIC_REPRESENTATION_CONTEXT ( 3 ) GLOBAL_UNCERTAINTY_ASSIGNED_CONTEXT ( ( #730 ) ) GLOBAL_UNIT_ASSIGNED_CONTEXT ( ( #706, #379, #1027 ) ) REPRESENTATION_CONTEXT ( 'NONE', 'WORKASPACE' ) );
#549 = CIRCLE ( 'NONE', #816, 0.4999999999999989453 ) ;
#550 = FILL_AREA_STYLE ('',( #1828 ) ) ;
#551 = EDGE_LOOP ( 'NONE', ( #1533, #867, #247, #406 ) ) ;
#552 = VECTOR ( 'NONE', #2025, 1000.000000000000000 ) ;
#553 = AXIS2_PLACEMENT_3D ( 'NONE', #391, #1321, #1948 ) ;
#554 = DIRECTION ( 'NONE',  ( 0.0000000000000000000, 0.0000000000000000000, -1.000000000000000000 ) ) ;
#555 = VECTOR ( 'NONE', #687, 1000.000000000000000 ) ;
#556 = PRESENTATION_LAYER_ASSIGNMENT (  '', '', ( #1913 ) ) ;
#557 = LINE ( 'NONE', #388, #1385 ) ;
#558 = AXIS2_PLACEMENT_3D ( 'NONE', #2011, #2020, #1059 ) ;
#559 = ORIENTED_EDGE ( 'NONE', *, *, #140, .F. ) ;
#560 = EDGE_LOOP ( 'NONE', ( #1641, #1277, #498, #1804 ) ) ;
#561 = FACE_OUTER_BOUND ( 'NONE', #342, .T. ) ;
#562 = EDGE_LOOP ( 'NONE', ( #678, #645, #899, #273 ) ) ;
#563 = CARTESIAN_POINT ( 'NONE',  ( -14.85000000000002629, 1.600000000000000089, -2.020000000000000906 ) ) ;
#564 = ADVANCED_FACE ( 'NONE', ( #1345 ), #853, .F. ) ;
#565 = FACE_OUTER_BOUND ( 'NONE', #1177, .T. ) ;
#566 = PRESENTATION_STYLE_ASSIGNMENT (( #1195 ) ) ;
#567 = PRESENTATION_STYLE_ASSIGNMENT (( #1206 ) ) ;
#568 = ORIENTED_EDGE ( 'NONE', *, *, #784, .F. ) ;
#569 = FACE_OUTER_BOUND ( 'NONE', #505, .T. ) ;
#570 = SURFACE_SIDE_STYLE ('',( #1644 ) ) ;
#571 = ORIENTED_EDGE ( 'NONE', *, *, #832, .F. ) ;
#572 = VERTEX_POINT ( 'NONE', #1337 ) ;
#573 = FILL_AREA_STYLE_COLOUR ( '', #1576 ) ;
#574 = ORIENTED_EDGE ( 'NONE', *, *, #68, .F. ) ;
#575 = DIRECTION ( 'NONE',  ( 1.020425574104004122E-16, 0.0000000000000000000, -1.000000000000000000 ) ) ;
#576 = EDGE_CURVE ( 'NONE', #332, #719, #1026, .T. ) ;
#577 = FILL_AREA_STYLE_COLOUR ( '', #1395 ) ;
#578 = ORIENTED_EDGE ( 'NONE', *, *, #1393, .T. ) ;
#579 = DIRECTION ( 'NONE',  ( -1.000000000000000000, 0.0000000000000000000, 0.0000000000000000000 ) ) ;
#580 = CARTESIAN_POINT ( 'NONE',  ( -12.14999999999999680, 0.0000000000000000000, 9.799999999999998934 ) ) ;
#581 = ORIENTED_EDGE ( 'NONE', *, *, #587, .T. ) ;
#582 = DIRECTION ( 'NONE',  ( -0.0000000000000000000, -1.000000000000000000, -0.0000000000000000000 ) ) ;
#583 = CARTESIAN_POINT ( 'NONE',  ( 13.15000000000000036, 1.600000000000000089, -6.580000000000000071 ) ) ;
#584 = VERTEX_POINT ( 'NONE', #869 ) ;
#585 = FACE_OUTER_BOUND ( 'NONE', #797, .T. ) ;
#586 = LINE ( 'NONE', #602, #355 ) ;
#587 = EDGE_CURVE ( 'NONE', #962, #535, #1286, .T. ) ;
#588 = VECTOR ( 'NONE', #1549, 1000.000000000000000 ) ;
#589 = DIRECTION ( 'NONE',  ( 1.000000000000000000, 0.0000000000000000000, 0.0000000000000000000 ) ) ;
#590 = CARTESIAN_POINT ( 'NONE',  ( 13.15000000000000036, 0.0000000000000000000, -6.580000000000000071 ) ) ;
#591 = AXIS2_PLACEMENT_3D ( 'NONE', #1399, #575, #765 ) ;
#592 =( GEOMETRIC_REPRESENTATION_CONTEXT ( 3 ) GLOBAL_UNCERTAINTY_ASSIGNED_CONTEXT ( ( #1072 ) ) GLOBAL_UNIT_ASSIGNED_CONTEXT ( ( #720, #339, #1778 ) ) REPRESENTATION_CONTEXT ( 'NONE', 'WORKASPACE' ) );
#593 = PLANE ( 'NONE',  #1935 ) ;
#594 = MECHANICAL_DESIGN_GEOMETRIC_PRESENTATION_REPRESENTATION (  '', ( #692 ), #1745 ) ;
#595 = AXIS2_PLACEMENT_3D ( 'NONE', #88, #582, #1352 ) ;
#596 = CARTESIAN_POINT ( 'NONE',  ( 16.12000000000000099, 0.0000000000000000000, 6.619999999999999218 ) ) ;
#597 = ORIENTED_EDGE ( 'NONE', *, *, #1715, .F. ) ;
#598 = CIRCLE ( 'NONE', #788, 0.5000000000000004441 ) ;
#599 = AXIS2_PLACEMENT_3D ( 'NONE', #455, #1087, #296 ) ;
#600 = CARTESIAN_POINT ( 'NONE',  ( -13.15000000000000036, 1.600000000000000089, 7.620000000000005436 ) ) ;
#601 = VERTEX_POINT ( 'NONE', #1505 ) ;
#602 = CARTESIAN_POINT ( 'NONE',  ( -14.14999999999999503, 0.0000000000000000000, -4.079999999999995630 ) ) ;
#603 = ORIENTED_EDGE ( 'NONE', *, *, #1513, .F. ) ;
#604 = PLANE ( 'NONE',  #519 ) ;
#605 = DIRECTION ( 'NONE',  ( 0.0000000000000000000, 0.0000000000000000000, -1.000000000000000000 ) ) ;
#606 = CARTESIAN_POINT ( 'NONE',  ( 14.84999999999997478, 1.600000000000000089, -2.020000000000000906 ) ) ;
#607 = EDGE_CURVE ( 'NONE', #1947, #328, #55, .T. ) ;
#608 = ADVANCED_FACE ( 'NONE', ( #682, #1473, #360, #694, #537, #1485, #1159, #1168, #705, #230, #1802 ), #859, .F. ) ;
#609 = ORIENTED_EDGE ( 'NONE', *, *, #1773, .F. ) ;
#610 = ORIENTED_EDGE ( 'NONE', *, *, #740, .T. ) ;
#611 = UNCERTAINTY_MEASURE_WITH_UNIT (LENGTH_MEASURE( 1.000000000000000082E-05 ), #664, 'distance_accuracy_value', 'NONE');
#612 = CARTESIAN_POINT ( 'NONE',  ( -12.14999999999999680, 7.699999999999999289, 8.799999999999998934 ) ) ;
#613 =( NAMED_UNIT ( * ) PLANE_ANGLE_UNIT ( ) SI_UNIT ( $, .RADIAN. ) );
#614 =( NAMED_UNIT ( * ) PLANE_ANGLE_UNIT ( ) SI_UNIT ( $, .RADIAN. ) );
#615 = CYLINDRICAL_SURFACE ( 'NONE', #1676, 0.4999999999999987232 ) ;
#616 = DIRECTION ( 'NONE',  ( 0.0000000000000000000, 0.0000000000000000000, 1.000000000000000000 ) ) ;
#617 = ORIENTED_EDGE ( 'NONE', *, *, #1405, .F. ) ;
#618 = EDGE_CURVE ( 'NONE', #1794, #584, #951, .T. ) ;
#619 =( NAMED_UNIT ( * ) PLANE_ANGLE_UNIT ( ) SI_UNIT ( $, .RADIAN. ) );
#620 = CARTESIAN_POINT ( 'NONE',  ( 14.84999999999998366, 1.600000000000000089, -0.4799999999999988720 ) ) ;
#621 = DIRECTION ( 'NONE',  ( 0.0000000000000000000, 0.0000000000000000000, 1.000000000000000000 ) ) ;
#622 = ORIENTED_EDGE ( 'NONE', *, *, #347, .T. ) ;
#623 = CARTESIAN_POINT ( 'NONE',  ( -14.85000000000002629, 1.600000000000000089, -2.519999999999999574 ) ) ;
#624 = DIRECTION ( 'NONE',  ( -0.0000000000000000000, -1.000000000000000000, -0.0000000000000000000 ) ) ;
#625 = VECTOR ( 'NONE', #1447, 1000.000000000000000 ) ;
#626 = CIRCLE ( 'NONE', #1807, 0.4999999999999991673 ) ;
#627 = CARTESIAN_POINT ( 'NONE',  ( 13.15000000000000036, 7.200000000000000178, -8.800000000000002487 ) ) ;
#628 = CIRCLE ( 'NONE', #1609, 0.4999999999999991673 ) ;
#629 = CIRCLE ( 'NONE', #855, 1.000000000000000000 ) ;
#630 = FACE_OUTER_BOUND ( 'NONE', #1120, .T. ) ;
#631 = CIRCLE ( 'NONE', #1429, 0.4999999999999987232 ) ;
#632 = VECTOR ( 'NONE', #44, 1000.000000000000000 ) ;
#633 = EDGE_CURVE ( 'NONE', #1383, #1501, #2040, .T. ) ;
#634 = CARTESIAN_POINT ( 'NONE',  ( -14.85000000000001741, 1.600000000000000089, 0.5199999999999990186 ) ) ;
#635 = ORIENTED_EDGE ( 'NONE', *, *, #517, .F. ) ;
#636 = ADVANCED_FACE ( 'NONE', ( #565 ), #1596, .F. ) ;
#637 = ORIENTED_EDGE ( 'NONE', *, *, #1390, .T. ) ;
#638 = CARTESIAN_POINT ( 'NONE',  ( -14.85000000000002629, 1.600000000000000089, -2.519999999999999574 ) ) ;
#639 = CARTESIAN_POINT ( 'NONE',  ( 14.84999999999998366, 1.600000000000000089, 0.02000000000000005246 ) ) ;
#640 = EDGE_LOOP ( 'NONE', ( #928, #1607 ) ) ;
#641 = CYLINDRICAL_SURFACE ( 'NONE', #1614, 1.000000000000000000 ) ;
#642 = LINE ( 'NONE', #1605, #479 ) ;
#643 = ADVANCED_FACE ( 'NONE', ( #180 ), #1626, .T. ) ;
#644 =( LENGTH_UNIT ( ) NAMED_UNIT ( * ) SI_UNIT ( .MILLI., .METRE. ) );
#645 = ORIENTED_EDGE ( 'NONE', *, *, #1133, .T. ) ;
#646 = FILL_AREA_STYLE_COLOUR ( '', #1478 ) ;
#647 = LINE ( 'NONE', #1140, #880 ) ;
#648 = ORIENTED_EDGE ( 'NONE', *, *, #1569, .F. ) ;
#649 = DIRECTION ( 'NONE',  ( 0.0000000000000000000, 1.000000000000000000, 0.0000000000000000000 ) ) ;
#650 = EDGE_LOOP ( 'NONE', ( #622, #408, #338, #982 ) ) ;
#651 = LINE ( 'NONE', #201, #1520 ) ;
#652 = ORIENTED_EDGE ( 'NONE', *, *, #1487, .T. ) ;
#653 = FACE_OUTER_BOUND ( 'NONE', #284, .T. ) ;
#654 = ADVANCED_FACE ( 'NONE', ( #1032 ), #1083, .F. ) ;
#655 = EDGE_LOOP ( 'NONE', ( #507, #739, #736, #399 ) ) ;
#656 = EDGE_CURVE ( 'NONE', #776, #1272, #744, .T. ) ;
#657 = AXIS2_PLACEMENT_3D ( 'NONE', #1663, #1338, #231 ) ;
#658 = DIRECTION ( 'NONE',  ( -0.0000000000000000000, -1.000000000000000000, -0.0000000000000000000 ) ) ;
#659 = ORIENTED_EDGE ( 'NONE', *, *, #737, .F. ) ;
#660 = COLOUR_RGB ( '',0.0000000000000000000, 1.000000000000000000, 1.000000000000000000 ) ;
#661 = AXIS2_PLACEMENT_3D ( 'NONE', #1922, #1434, #316 ) ;
#662 = CARTESIAN_POINT ( 'NONE',  ( 16.12000000000000455, 1.600000000000000089, -6.580000000000000959 ) ) ;
#663 = CIRCLE ( 'NONE', #1425, 0.4999999999999987232 ) ;
#664 =( LENGTH_UNIT ( ) NAMED_UNIT ( * ) SI_UNIT ( .MILLI., .METRE. ) );
#665 = ORIENTED_EDGE ( 'NONE', *, *, #543, .T. ) ;
#666 = AXIS2_PLACEMENT_3D ( 'NONE', #1989, #1950, #372 ) ;
#667 = PRESENTATION_STYLE_ASSIGNMENT (( #304 ) ) ;
#668 = FILL_AREA_STYLE ('',( #75 ) ) ;
#669 = LINE ( 'NONE', #1915, #1050 ) ;
#670 = VERTEX_POINT ( 'NONE', #911 ) ;
#671 = EDGE_CURVE ( 'NONE', #761, #601, #1379, .T. ) ;
#672 = DIRECTION ( 'NONE',  ( 0.0000000000000000000, 0.0000000000000000000, 1.000000000000000000 ) ) ;
#673 = DIRECTION ( 'NONE',  ( -0.0000000000000000000, -1.000000000000000000, -0.0000000000000000000 ) ) ;
#674 = CARTESIAN_POINT ( 'NONE',  ( -12.14999999999999680, 1.600000000000000089, -9.800000000000002487 ) ) ;
#675 = FILL_AREA_STYLE_COLOUR ( '', #119 ) ;
#676 =( NAMED_UNIT ( * ) PLANE_ANGLE_UNIT ( ) SI_UNIT ( $, .RADIAN. ) );
#677 = CARTESIAN_POINT ( 'NONE',  ( -13.14999999999999680, 1.600000000000000089, 8.799999999999998934 ) ) ;
#678 = ORIENTED_EDGE ( 'NONE', *, *, #656, .F. ) ;
#679 = DIRECTION ( 'NONE',  ( -1.000000000000000000, 0.0000000000000000000, 0.0000000000000000000 ) ) ;
#680 = EDGE_CURVE ( 'NONE', #1744, #973, #255, .T. ) ;
#681 =( NAMED_UNIT ( * ) PLANE_ANGLE_UNIT ( ) SI_UNIT ( $, .RADIAN. ) );
#682 = FACE_BOUND ( 'NONE', #718, .T. ) ;
#683 = DIRECTION ( 'NONE',  ( 0.0000000000000000000, 1.000000000000000000, 0.0000000000000000000 ) ) ;
#684 = SURFACE_STYLE_USAGE ( .BOTH. , #319 ) ;
#685 = PLANE ( 'NONE',  #1142 ) ;
#686 = ORIENTED_EDGE ( 'NONE', *, *, #1174, .F. ) ;
#687 = DIRECTION ( 'NONE',  ( -0.0000000000000000000, -0.0000000000000000000, 1.000000000000000000 ) ) ;
#688 = VERTEX_POINT ( 'NONE', #596 ) ;
#689 = CIRCLE ( 'NONE', #1615, 1.000000000000000000 ) ;
#690 = AXIS2_PLACEMENT_3D ( 'NONE', #1590, #1756, #1292 ) ;
#691 = VECTOR ( 'NONE', #1005, 1000.000000000000000 ) ;
#692 = STYLED_ITEM ( 'NONE', ( #143 ), #1308 ) ;
#693 = CIRCLE ( 'NONE', #1844, 0.4999999999999989453 ) ;
#694 = FACE_BOUND ( 'NONE', #1923, .T. ) ;
#695 = SURFACE_SIDE_STYLE ('',( #30 ) ) ;
#696 = EDGE_CURVE ( 'NONE', #1755, #767, #293, .T. ) ;
#697 = EDGE_LOOP ( 'NONE', ( #1542, #244, #805, #495 ) ) ;
#698 = VECTOR ( 'NONE', #1600, 1000.000000000000000 ) ;
#699 = MECHANICAL_DESIGN_GEOMETRIC_PRESENTATION_REPRESENTATION (  '', ( #1116 ), #955 ) ;
#700 = CARTESIAN_POINT ( 'NONE',  ( -16.07999999999999829, 1.600000000000000089, 6.620000000000004547 ) ) ;
#701 = DIRECTION ( 'NONE',  ( 0.0000000000000000000, 0.0000000000000000000, -1.000000000000000000 ) ) ;
#702 = EDGE_LOOP ( 'NONE', ( #2029, #172 ) ) ;
#703 = DIRECTION ( 'NONE',  ( 0.5432512781572742533, 0.0000000000000000000, -0.8395701571521511086 ) ) ;
#704 = CARTESIAN_POINT ( 'NONE',  ( -12.64999999999999680, 7.200000000000000178, -8.800000000000002487 ) ) ;
#705 = FACE_BOUND ( 'NONE', #702, .T. ) ;
#706 =( LENGTH_UNIT ( ) NAMED_UNIT ( * ) SI_UNIT ( .MILLI., .METRE. ) );
#707 = EDGE_CURVE ( 'NONE', #973, #315, #901, .T. ) ;
#708 = ORIENTED_EDGE ( 'NONE', *, *, #1089, .F. ) ;
#709 = CARTESIAN_POINT ( 'NONE',  ( -13.15000000000000036, 1.600000000000000089, -4.079999999999996518 ) ) ;
#710 =( LENGTH_UNIT ( ) NAMED_UNIT ( * ) SI_UNIT ( .MILLI., .METRE. ) );
#711 = CARTESIAN_POINT ( 'NONE',  ( 14.84999999999999964, 1.600000000000000089, 5.599999999999998757 ) ) ;
#712 =( NAMED_UNIT ( * ) PLANE_ANGLE_UNIT ( ) SI_UNIT ( $, .RADIAN. ) );
#713 = ORIENTED_EDGE ( 'NONE', *, *, #1390, .F. ) ;
#714 = FACE_OUTER_BOUND ( 'NONE', #1864, .T. ) ;
#715 = LINE ( 'NONE', #1348, #1252 ) ;
#716 = EDGE_CURVE ( 'NONE', #794, #1187, #693, .T. ) ;
#717 = EDGE_CURVE ( 'NONE', #1066, #1228, #1244, .T. ) ;
#718 = EDGE_LOOP ( 'NONE', ( #1213, #1130, #924, #745, #876 ) ) ;
#719 = VERTEX_POINT ( 'NONE', #627 ) ;
#720 =( LENGTH_UNIT ( ) NAMED_UNIT ( * ) SI_UNIT ( .MILLI., .METRE. ) );
#721 = AXIS2_PLACEMENT_3D ( 'NONE', #1008, #1169, #1818 ) ;
#722 =( LENGTH_UNIT ( ) NAMED_UNIT ( * ) SI_UNIT ( .MILLI., .METRE. ) );
#723 = AXIS2_PLACEMENT_3D ( 'NONE', #433, #1701, #274 ) ;
#724 = CIRCLE ( 'NONE', #918, 1.000000000000000000 ) ;
#725 = AXIS2_PLACEMENT_3D ( 'NONE', #935, #147, #523 ) ;
#726 = CARTESIAN_POINT ( 'NONE',  ( -12.14999999999999680, 7.200000000000000178, -8.800000000000002487 ) ) ;
#727 = AXIS2_PLACEMENT_3D ( 'NONE', #1045, #1067, #1686 ) ;
#728 = EDGE_CURVE ( 'NONE', #1380, #1200, #1862, .T. ) ;
#729 = LINE ( 'NONE', #1842, #552 ) ;
#730 = UNCERTAINTY_MEASURE_WITH_UNIT (LENGTH_MEASURE( 1.000000000000000082E-05 ), #706, 'distance_accuracy_value', 'NONE');
#731 = CARTESIAN_POINT ( 'NONE',  ( -16.07999999999999829, 0.0000000000000000000, 6.620000000000004547 ) ) ;
#732 = ORIENTED_EDGE ( 'NONE', *, *, #576, .F. ) ;
#733 = CARTESIAN_POINT ( 'NONE',  ( 5.150000000000005684, 0.5000000000000000000, 8.500000000000000000 ) ) ;
#734 = ORIENTED_EDGE ( 'NONE', *, *, #112, .T. ) ;
#735 = DIRECTION ( 'NONE',  ( 0.0000000000000000000, 0.0000000000000000000, 1.000000000000000000 ) ) ;
#736 = ORIENTED_EDGE ( 'NONE', *, *, #680, .F. ) ;
#737 = EDGE_CURVE ( 'NONE', #1228, #1677, #1945, .T. ) ;
#738 = PLANE ( 'NONE',  #599 ) ;
#739 = ORIENTED_EDGE ( 'NONE', *, *, #522, .F. ) ;
#740 = EDGE_CURVE ( 'NONE', #748, #1146, #1886, .T. ) ;
#741 = CARTESIAN_POINT ( 'NONE',  ( -14.85000000000001741, 0.0000000000000000000, 0.02000000000000005246 ) ) ;
#742 = CARTESIAN_POINT ( 'NONE',  ( -12.14999999999999680, 1.600000000000000089, 8.799999999999998934 ) ) ;
#743 = DIRECTION ( 'NONE',  ( -0.0000000000000000000, -0.0000000000000000000, 1.000000000000000000 ) ) ;
#744 = LINE ( 'NONE', #1699, #1220 ) ;
#745 = ORIENTED_EDGE ( 'NONE', *, *, #347, .F. ) ;
#746 = ORIENTED_EDGE ( 'NONE', *, *, #1164, .F. ) ;
#747 = FACE_OUTER_BOUND ( 'NONE', #777, .T. ) ;
#748 = VERTEX_POINT ( 'NONE', #133 ) ;
#749 = UNCERTAINTY_MEASURE_WITH_UNIT (LENGTH_MEASURE( 1.000000000000000082E-05 ), #722, 'distance_accuracy_value', 'NONE');
#750 = CARTESIAN_POINT ( 'NONE',  ( 16.12000000000000099, 0.0000000000000000000, 6.619999999999999218 ) ) ;
#751 = ORIENTED_EDGE ( 'NONE', *, *, #252, .T. ) ;
#752 = VECTOR ( 'NONE', #1535, 1000.000000000000000 ) ;
#753 = AXIS2_PLACEMENT_3D ( 'NONE', #1092, #624, #306 ) ;
#754 = ADVANCED_FACE ( 'NONE', ( #459 ), #1729, .F. ) ;
#755 = DIRECTION ( 'NONE',  ( 0.0000000000000000000, 0.0000000000000000000, 1.000000000000000000 ) ) ;
#756 =( GEOMETRIC_REPRESENTATION_CONTEXT ( 3 ) GLOBAL_UNCERTAINTY_ASSIGNED_CONTEXT ( ( #1661 ) ) GLOBAL_UNIT_ASSIGNED_CONTEXT ( ( #1287, #676, #330 ) ) REPRESENTATION_CONTEXT ( 'NONE', 'WORKASPACE' ) );
#757 = ORIENTED_EDGE ( 'NONE', *, *, #2024, .T. ) ;
#758 = AXIS2_PLACEMENT_3D ( 'NONE', #1597, #2048, #787 ) ;
#759 = FACE_BOUND ( 'NONE', #1162, .T. ) ;
#760 = DIRECTION ( 'NONE',  ( 1.000000000000000000, 0.0000000000000000000, 0.0000000000000000000 ) ) ;
#761 = VERTEX_POINT ( 'NONE', #2054 ) ;
#762 = DIRECTION ( 'NONE',  ( 0.0000000000000000000, -1.000000000000000000, 0.0000000000000000000 ) ) ;
#763 = EDGE_CURVE ( 'NONE', #584, #1489, #669, .T. ) ;
#764 = ORIENTED_EDGE ( 'NONE', *, *, #178, .T. ) ;
#765 = DIRECTION ( 'NONE',  ( -1.000000000000000000, 0.0000000000000000000, -1.020425574104004122E-16 ) ) ;
#766 = DIRECTION ( 'NONE',  ( 0.0000000000000000000, -1.000000000000000000, 0.0000000000000000000 ) ) ;
#767 = VERTEX_POINT ( 'NONE', #488 ) ;
#768 = CARTESIAN_POINT ( 'NONE',  ( -14.14999999999999503, 1.600000000000000089, -5.079999999999995630 ) ) ;
#769 = CARTESIAN_POINT ( 'NONE',  ( 16.12000000000000455, 1.600000000000000089, -6.580000000000000959 ) ) ;
#770 = EDGE_CURVE ( 'NONE', #1263, #1095, #647, .T. ) ;
#771 = ORIENTED_EDGE ( 'NONE', *, *, #1715, .T. ) ;
#772 = ADVANCED_FACE ( 'NONE', ( #830 ), #685, .F. ) ;
#773 = EDGE_CURVE ( 'NONE', #1272, #187, #1684, .T. ) ;
#774 = DIRECTION ( 'NONE',  ( 0.0000000000000000000, 1.000000000000000000, 0.0000000000000000000 ) ) ;
#775 = LINE ( 'NONE', #1241, #2045 ) ;
#776 = VERTEX_POINT ( 'NONE', #32 ) ;
#777 = EDGE_LOOP ( 'NONE', ( #308, #175, #1669, #1033, #1497, #1531, #1589, #1585 ) ) ;
#778 = FILL_AREA_STYLE ('',( #646 ) ) ;
#779 = AXIS2_PLACEMENT_3D ( 'NONE', #1788, #1362, #81 ) ;
#780 = STYLED_ITEM ( 'NONE', ( #281 ), #198 ) ;
#781 = DIRECTION ( 'NONE',  ( -0.0000000000000000000, -1.000000000000000000, -0.0000000000000000000 ) ) ;
#782 = MECHANICAL_DESIGN_GEOMETRIC_PRESENTATION_REPRESENTATION (  '', ( #1643 ), #1910 ) ;
#783 = EDGE_LOOP ( 'NONE', ( #872, #389, #1101, #233 ) ) ;
#784 = EDGE_CURVE ( 'NONE', #1796, #948, #945, .T. ) ;
#785 = AXIS2_PLACEMENT_3D ( 'NONE', #704, #1335, #536 ) ;
#786 = AXIS2_PLACEMENT_3D ( 'NONE', #2031, #282, #2002 ) ;
#787 = DIRECTION ( 'NONE',  ( 0.0000000000000000000, 0.0000000000000000000, 1.000000000000000000 ) ) ;
#788 = AXIS2_PLACEMENT_3D ( 'NONE', #1198, #1209, #1470 ) ;
#789 = PRESENTATION_LAYER_ASSIGNMENT (  '', '', ( #89 ) ) ;
#790 = ORIENTED_EDGE ( 'NONE', *, *, #728, .F. ) ;
#791 = COLOUR_RGB ( '',0.0000000000000000000, 0.7529411764705882248, 0.0000000000000000000 ) ;
#792 = SURFACE_SIDE_STYLE ('',( #1570 ) ) ;
#793 = SURFACE_STYLE_FILL_AREA ( #1291 ) ;
#794 = VERTEX_POINT ( 'NONE', #1129 ) ;
#795 =( NAMED_UNIT ( * ) PLANE_ANGLE_UNIT ( ) SI_UNIT ( $, .RADIAN. ) );
#796 = DIRECTION ( 'NONE',  ( 0.0000000000000000000, 1.000000000000000000, 0.0000000000000000000 ) ) ;
#797 = EDGE_LOOP ( 'NONE', ( #1552, #1604, #617, #1103 ) ) ;
#798 = CARTESIAN_POINT ( 'NONE',  ( 13.15000000000000213, 0.0000000000000000000, 7.619999999999999218 ) ) ;
#799 = CARTESIAN_POINT ( 'NONE',  ( 16.12000000000000455, 1.600000000000000089, -6.580000000000000959 ) ) ;
#800 = EDGE_CURVE ( 'NONE', #1096, #1532, #340, .T. ) ;
#801 = ORIENTED_EDGE ( 'NONE', *, *, #861, .T. ) ;
#802 = CARTESIAN_POINT ( 'NONE',  ( -14.14999999999999503, 1.600000000000000089, -5.079999999999995630 ) ) ;
#803 = ORIENTED_EDGE ( 'NONE', *, *, #1586, .T. ) ;
#804 = DIRECTION ( 'NONE',  ( 0.0000000000000000000, 0.0000000000000000000, -1.000000000000000000 ) ) ;
#805 = ORIENTED_EDGE ( 'NONE', *, *, #417, .F. ) ;
#806 = CARTESIAN_POINT ( 'NONE',  ( -14.85000000000000853, 1.600000000000000089, 3.059999999999999165 ) ) ;
#807 = APPLICATION_PROTOCOL_DEFINITION ( 'draft international standard', 'automotive_design', 1998, #824 ) ;
#808 = EDGE_LOOP ( 'NONE', ( #1840, #803, #860, #1369, #1409, #1789 ) ) ;
#809 = DIRECTION ( 'NONE',  ( -1.000000000000000000, 0.0000000000000000000, -0.0000000000000000000 ) ) ;
#810 = FACE_OUTER_BOUND ( 'NONE', #15, .T. ) ;
#811 = FACE_OUTER_BOUND ( 'NONE', #401, .T. ) ;
#812 = EDGE_CURVE ( 'NONE', #1256, #962, #1594, .T. ) ;
#813 = DIRECTION ( 'NONE',  ( -0.0000000000000000000, -1.000000000000000000, -0.0000000000000000000 ) ) ;
#814 = PRESENTATION_LAYER_ASSIGNMENT (  '', '', ( #380 ) ) ;
#815 = ORIENTED_EDGE ( 'NONE', *, *, #1153, .T. ) ;
#816 = AXIS2_PLACEMENT_3D ( 'NONE', #1024, #1659, #1334 ) ;
#817 = FACE_OUTER_BOUND ( 'NONE', #1267, .T. ) ;
#818 = VECTOR ( 'NONE', #1125, 1000.000000000000000 ) ;
#819 = PRESENTATION_STYLE_ASSIGNMENT (( #1444 ) ) ;
#820 = AXIS2_PLACEMENT_3D ( 'NONE', #400, #1034, #234 ) ;
#821 = AXIS2_PLACEMENT_3D ( 'NONE', #1757, #1311, #1302 ) ;
#822 = SURFACE_STYLE_FILL_AREA ( #501 ) ;
#823 = AXIS2_PLACEMENT_3D ( 'NONE', #1960, #1952, #541 ) ;
#824 = APPLICATION_CONTEXT ( 'automotive_design' ) ;
#825 =( NAMED_UNIT ( * ) PLANE_ANGLE_UNIT ( ) SI_UNIT ( $, .RADIAN. ) );
#826 = CIRCLE ( 'NONE', #1361, 0.4999999999999987232 ) ;
#827 = CARTESIAN_POINT ( 'NONE',  ( -13.14999999999999680, 1.600000000000000089, 9.799999999999998934 ) ) ;
#828 = DIRECTION ( 'NONE',  ( 0.0000000000000000000, 0.0000000000000000000, 1.000000000000000000 ) ) ;
#829 = DIRECTION ( 'NONE',  ( -0.0000000000000000000, -1.000000000000000000, -0.0000000000000000000 ) ) ;
#830 = FACE_OUTER_BOUND ( 'NONE', #2047, .T. ) ;
#831 = EDGE_CURVE ( 'NONE', #1900, #937, #1624, .T. ) ;
#832 = EDGE_CURVE ( 'NONE', #1479, #1066, #1571, .T. ) ;
#833 = DIRECTION ( 'NONE',  ( -3.242473786872536800E-16, 0.0000000000000000000, 1.000000000000000000 ) ) ;
#834 = VERTEX_POINT ( 'NONE', #700 ) ;
#835 = DIRECTION ( 'NONE',  ( 1.000000000000000000, -0.0000000000000000000, -0.0000000000000000000 ) ) ;
#836 = CARTESIAN_POINT ( 'NONE',  ( 14.84999999999996589, 1.600000000000000089, -5.060000000000000497 ) ) ;
#837 = DIRECTION ( 'NONE',  ( -0.0000000000000000000, -1.000000000000000000, -0.0000000000000000000 ) ) ;
#838 =( NAMED_UNIT ( * ) SI_UNIT ( $, .STERADIAN. ) SOLID_ANGLE_UNIT ( ) );
#839 = DIRECTION ( 'NONE',  ( -1.000000000000000000, 0.0000000000000000000, 5.920557938487408995E-16 ) ) ;
#840 = ORIENTED_EDGE ( 'NONE', *, *, #232, .T. ) ;
#841 = FACE_OUTER_BOUND ( 'NONE', #1115, .T. ) ;
#842 = ADVANCED_FACE ( 'NONE', ( #845 ), #1000, .F. ) ;
#843 = DIRECTION ( 'NONE',  ( 0.0000000000000000000, 1.000000000000000000, 0.0000000000000000000 ) ) ;
#844 = LINE ( 'NONE', #40, #4 ) ;
#845 = FACE_OUTER_BOUND ( 'NONE', #411, .T. ) ;
#846 = APPLICATION_CONTEXT ( 'automotive_design' ) ;
#847 = DIRECTION ( 'NONE',  ( 0.8395701571521511086, 0.0000000000000000000, 0.5432512781572742533 ) ) ;
#848 = VECTOR ( 'NONE', #1062, 1000.000000000000000 ) ;
#849 = CARTESIAN_POINT ( 'NONE',  ( 14.84999999999996589, 1.600000000000000089, -5.559999999999998721 ) ) ;
#850 = EDGE_CURVE ( 'NONE', #1995, #1265, #1029, .T. ) ;
#851 = PRESENTATION_LAYER_ASSIGNMENT (  '', '', ( #1680 ) ) ;
#852 = AXIS2_PLACEMENT_3D ( 'NONE', #1327, #370, #986 ) ;
#853 = PLANE ( 'NONE',  #852 ) ;
#854 = VERTEX_POINT ( 'NONE', #1666 ) ;
#855 = AXIS2_PLACEMENT_3D ( 'NONE', #1085, #649, #301 ) ;
#856 = CARTESIAN_POINT ( 'NONE',  ( 14.84999999999997478, 1.600000000000000089, -3.019999999999998241 ) ) ;
#857 = ORIENTED_EDGE ( 'NONE', *, *, #252, .F. ) ;
#858 = EDGE_CURVE ( 'NONE', #1772, #1573, #150, .T. ) ;
#859 = PLANE ( 'NONE',  #189 ) ;
#860 = ORIENTED_EDGE ( 'NONE', *, *, #1039, .T. ) ;
#861 = EDGE_CURVE ( 'NONE', #1096, #1633, #2032, .T. ) ;
#862 = DIRECTION ( 'NONE',  ( 0.0000000000000000000, 0.0000000000000000000, 1.000000000000000000 ) ) ;
#863 = LINE ( 'NONE', #1224, #848 ) ;
#864 = ORIENTED_EDGE ( 'NONE', *, *, #493, .T. ) ;
#865 = DIRECTION ( 'NONE',  ( 5.920557938487408995E-16, -0.0000000000000000000, 1.000000000000000000 ) ) ;
#866 =( NAMED_UNIT ( * ) SI_UNIT ( $, .STERADIAN. ) SOLID_ANGLE_UNIT ( ) );
#867 = ORIENTED_EDGE ( 'NONE', *, *, #215, .T. ) ;
#868 = DIRECTION ( 'NONE',  ( 1.000000000000000000, -0.0000000000000000000, 0.0000000000000000000 ) ) ;
#869 = CARTESIAN_POINT ( 'NONE',  ( -14.14999999999999503, 0.0000000000000000000, 6.620000000000004547 ) ) ;
#870 = LINE ( 'NONE', #883, #415 ) ;
#871 = SURFACE_SIDE_STYLE ('',( #1671 ) ) ;
#872 = ORIENTED_EDGE ( 'NONE', *, *, #831, .F. ) ;
#873 = FILL_AREA_STYLE_COLOUR ( '', #39 ) ;
#874 = SURFACE_STYLE_FILL_AREA ( #1836 ) ;
#875 = EDGE_CURVE ( 'NONE', #1479, #1677, #1021, .T. ) ;
#876 = ORIENTED_EDGE ( 'NONE', *, *, #1433, .F. ) ;
#877 = EDGE_LOOP ( 'NONE', ( #1414, #1687, #134, #209 ) ) ;
#878 = CARTESIAN_POINT ( 'NONE',  ( 13.15000000000000036, 0.0000000000000000000, -7.580000000000000071 ) ) ;
#879 = ORIENTED_EDGE ( 'NONE', *, *, #1961, .T. ) ;
#880 = VECTOR ( 'NONE', #1759, 1000.000000000000000 ) ;
#881 = CIRCLE ( 'NONE', #2033, 0.4999999999999991673 ) ;
#882 = CIRCLE ( 'NONE', #1179, 0.4999999999999989453 ) ;
#883 = CARTESIAN_POINT ( 'NONE',  ( -11.84999999999999609, 0.5000000000000000000, 8.500000000000000000 ) ) ;
#884 = CIRCLE ( 'NONE', #2037, 0.4999999999999987232 ) ;
#885 = ORIENTED_EDGE ( 'NONE', *, *, #1927, .T. ) ;
#886 = PRESENTATION_LAYER_ASSIGNMENT (  '', '', ( #692 ) ) ;
#887 = VECTOR ( 'NONE', #1185, 1000.000000000000000 ) ;
#888 = SURFACE_SIDE_STYLE ('',( #373 ) ) ;
#889 = DIRECTION ( 'NONE',  ( -0.0000000000000000000, -1.000000000000000000, -0.0000000000000000000 ) ) ;
#890 = AXIS2_PLACEMENT_3D ( 'NONE', #152, #969, #164 ) ;
#891 = CIRCLE ( 'NONE', #1509, 0.4999999999999987232 ) ;
#892 = DIRECTION ( 'NONE',  ( 0.0000000000000000000, 0.0000000000000000000, -1.000000000000000000 ) ) ;
#893 = ADVANCED_FACE ( 'NONE', ( #243 ), #1347, .F. ) ;
#894 = ORIENTED_EDGE ( 'NONE', *, *, #176, .T. ) ;
#895 = ORIENTED_EDGE ( 'NONE', *, *, #1529, .F. ) ;
#896 = EDGE_LOOP ( 'NONE', ( #1670, #1733, #358, #1938 ) ) ;
#897 = UNCERTAINTY_MEASURE_WITH_UNIT (LENGTH_MEASURE( 1.000000000000000082E-05 ), #1423, 'distance_accuracy_value', 'NONE');
#898 = DIRECTION ( 'NONE',  ( -0.0000000000000000000, -1.000000000000000000, -0.0000000000000000000 ) ) ;
#899 = ORIENTED_EDGE ( 'NONE', *, *, #1472, .T. ) ;
#900 = CARTESIAN_POINT ( 'NONE',  ( 13.15000000000000036, 0.0000000000000000000, -7.580000000000000071 ) ) ;
#901 = LINE ( 'NONE', #2016, #418 ) ;
#902 = ORIENTED_EDGE ( 'NONE', *, *, #354, .F. ) ;
#903 = DIRECTION ( 'NONE',  ( -0.0000000000000000000, -1.000000000000000000, -0.0000000000000000000 ) ) ;
#904 = ORIENTED_EDGE ( 'NONE', *, *, #1498, .T. ) ;
#905 = EDGE_CURVE ( 'NONE', #426, #1760, #1358, .T. ) ;
#906 = SURFACE_STYLE_FILL_AREA ( #269 ) ;
#907 = CARTESIAN_POINT ( 'NONE',  ( -14.84999999999999964, 1.600000000000000089, 5.599999999999998757 ) ) ;
#908 = EDGE_LOOP ( 'NONE', ( #1514, #148, #1602, #857 ) ) ;
#909 = SURFACE_STYLE_USAGE ( .BOTH. , #1850 ) ;
#910 = DIRECTION ( 'NONE',  ( 0.8395701571521511086, 0.0000000000000000000, 0.5432512781572742533 ) ) ;
#911 = CARTESIAN_POINT ( 'NONE',  ( 14.84999999999998366, 0.0000000000000000000, 0.5199999999999990186 ) ) ;
#912 = CARTESIAN_POINT ( 'NONE',  ( 12.65000000000000213, 7.699999999999999289, 8.799999999999998934 ) ) ;
#913 = ADVANCED_FACE ( 'NONE', ( #714 ), #1966, .F. ) ;
#914 = AXIS2_PLACEMENT_3D ( 'NONE', #1786, #208, #1186 ) ;
#915 = CIRCLE ( 'NONE', #1908, 0.4999999999999987232 ) ;
#916 = CARTESIAN_POINT ( 'NONE',  ( -12.14999999999999680, 7.699999999999999289, -9.300000000000002487 ) ) ;
#917 = VECTOR ( 'NONE', #207, 1000.000000000000000 ) ;
#918 = AXIS2_PLACEMENT_3D ( 'NONE', #491, #1100, #2056 ) ;
#919 = AXIS2_PLACEMENT_3D ( 'NONE', #1134, #843, #200 ) ;
#920 = CARTESIAN_POINT ( 'NONE',  ( 14.84999999999997478, 0.0000000000000000000, -2.519999999999999574 ) ) ;
#921 = ORIENTED_EDGE ( 'NONE', *, *, #100, .T. ) ;
#922 = AXIS2_PLACEMENT_3D ( 'NONE', #440, #261, #2028 ) ;
#923 = DIRECTION ( 'NONE',  ( 1.000000000000000000, -0.0000000000000000000, 1.020425574104004122E-16 ) ) ;
#924 = ORIENTED_EDGE ( 'NONE', *, *, #377, .F. ) ;
#925 = EDGE_CURVE ( 'NONE', #1453, #141, #130, .T. ) ;
#926 = DIRECTION ( 'NONE',  ( 0.0000000000000000000, 0.0000000000000000000, 1.000000000000000000 ) ) ;
#927 = CARTESIAN_POINT ( 'NONE',  ( -13.14999999999999680, 0.0000000000000000000, 8.799999999999998934 ) ) ;
#928 = ORIENTED_EDGE ( 'NONE', *, *, #905, .F. ) ;
#929 = PLANE ( 'NONE',  #484 ) ;
#930 = DIRECTION ( 'NONE',  ( 0.0000000000000000000, -1.000000000000000000, 0.0000000000000000000 ) ) ;
#931 = ORIENTED_EDGE ( 'NONE', *, *, #155, .F. ) ;
#932 = DIRECTION ( 'NONE',  ( -0.0000000000000000000, -1.000000000000000000, -0.0000000000000000000 ) ) ;
#933 = DIRECTION ( 'NONE',  ( -0.0000000000000000000, -1.000000000000000000, -0.0000000000000000000 ) ) ;
#934 = DIRECTION ( 'NONE',  ( -0.0000000000000000000, -1.000000000000000000, -0.0000000000000000000 ) ) ;
#935 = CARTESIAN_POINT ( 'NONE',  ( -16.07999999999999474, 1.600000000000000089, -4.079999999999994742 ) ) ;
#936 = EDGE_CURVE ( 'NONE', #1998, #128, #689, .T. ) ;
#937 = VERTEX_POINT ( 'NONE', #1061 ) ;
#938 = PLANE ( 'NONE',  #983 ) ;
#939 = ORIENTED_EDGE ( 'NONE', *, *, #1450, .T. ) ;
#940 = FILL_AREA_STYLE ('',( #1732 ) ) ;
#941 = EDGE_LOOP ( 'NONE', ( #510, #1176 ) ) ;
#942 = CARTESIAN_POINT ( 'NONE',  ( 16.12000000000000455, 1.600000000000000089, -6.580000000000000959 ) ) ;
#943 = DIRECTION ( 'NONE',  ( -0.0000000000000000000, -1.000000000000000000, -0.0000000000000000000 ) ) ;
#944 = CARTESIAN_POINT ( 'NONE',  ( -12.14999999999999680, 0.0000000000000000000, -9.800000000000002487 ) ) ;
#945 = CIRCLE ( 'NONE', #1881, 1.000000000000000888 ) ;
#946 = CIRCLE ( 'NONE', #1448, 0.4999999999999989453 ) ;
#947 = STYLED_ITEM ( 'NONE', ( #2010 ), #1236 ) ;
#948 = VERTEX_POINT ( 'NONE', #1538 ) ;
#949 = VECTOR ( 'NONE', #272, 1000.000000000000000 ) ;
#950 = EDGE_CURVE ( 'NONE', #71, #572, #352, .T. ) ;
#951 = LINE ( 'NONE', #731, #1389 ) ;
#952 = DIRECTION ( 'NONE',  ( -0.0000000000000000000, 1.000000000000000000, 0.0000000000000000000 ) ) ;
#953 = CIRCLE ( 'NONE', #1148, 1.000000000000000000 ) ;
#954 = VERTEX_POINT ( 'NONE', #145 ) ;
#955 =( GEOMETRIC_REPRESENTATION_CONTEXT ( 3 ) GLOBAL_UNCERTAINTY_ASSIGNED_CONTEXT ( ( #749 ) ) GLOBAL_UNIT_ASSIGNED_CONTEXT ( ( #722, #394, #41 ) ) REPRESENTATION_CONTEXT ( 'NONE', 'WORKASPACE' ) );
#956 = CARTESIAN_POINT ( 'NONE',  ( 13.15000000000000391, 1.600000000000000089, -9.800000000000002487 ) ) ;
#957 = ORIENTED_EDGE ( 'NONE', *, *, #1208, .T. ) ;
#958 = LINE ( 'NONE', #529, #1384 ) ;
#959 = CARTESIAN_POINT ( 'NONE',  ( 12.15000000000000036, 7.200000000000000178, 8.799999999999998934 ) ) ;
#960 = ORIENTED_EDGE ( 'NONE', *, *, #1017, .T. ) ;
#961 = DIRECTION ( 'NONE',  ( 0.0000000000000000000, 0.0000000000000000000, 1.000000000000000000 ) ) ;
#962 = VERTEX_POINT ( 'NONE', #2044 ) ;
#963 = LINE ( 'NONE', #142, #49 ) ;
#964 = DIRECTION ( 'NONE',  ( 0.0000000000000000000, 1.000000000000000000, 0.0000000000000000000 ) ) ;
#965 = EDGE_LOOP ( 'NONE', ( #225, #1985 ) ) ;
#966 = EDGE_CURVE ( 'NONE', #1123, #1824, #891, .T. ) ;
#967 = ORIENTED_EDGE ( 'NONE', *, *, #68, .T. ) ;
#968 = DIRECTION ( 'NONE',  ( 0.0000000000000000000, -0.0000000000000000000, 1.000000000000000000 ) ) ;
#969 = DIRECTION ( 'NONE',  ( -0.0000000000000000000, -1.000000000000000000, -0.0000000000000000000 ) ) ;
#970 = CARTESIAN_POINT ( 'NONE',  ( -14.85000000000001741, 0.0000000000000000000, 0.5199999999999990186 ) ) ;
#971 = SURFACE_SIDE_STYLE ('',( #822 ) ) ;
#972 = FILL_AREA_STYLE_COLOUR ( '', #791 ) ;
#973 = VERTEX_POINT ( 'NONE', #1221 ) ;
#974 = EDGE_CURVE ( 'NONE', #328, #42, #1314, .T. ) ;
#975 = SURFACE_SIDE_STYLE ('',( #190 ) ) ;
#976 = CARTESIAN_POINT ( 'NONE',  ( 14.84999999999999964, 0.0000000000000000000, 5.100000000000000533 ) ) ;
#977 = ORIENTED_EDGE ( 'NONE', *, *, #54, .T. ) ;
#978 = CARTESIAN_POINT ( 'NONE',  ( 12.65000000000000036, 7.699999999999999289, -8.800000000000002487 ) ) ;
#979 = AXIS2_PLACEMENT_3D ( 'NONE', #1290, #1740, #468 ) ;
#980 = VECTOR ( 'NONE', #868, 1000.000000000000000 ) ;
#981 = DIRECTION ( 'NONE',  ( 0.0000000000000000000, 1.000000000000000000, 0.0000000000000000000 ) ) ;
#982 = ORIENTED_EDGE ( 'NONE', *, *, #671, .T. ) ;
#983 = AXIS2_PLACEMENT_3D ( 'NONE', #323, #461, #448 ) ;
#984 = DIRECTION ( 'NONE',  ( -0.0000000000000000000, -1.000000000000000000, -0.0000000000000000000 ) ) ;
#985 = AXIS2_PLACEMENT_3D ( 'NONE', #1161, #1664, #78 ) ;
#986 = DIRECTION ( 'NONE',  ( 1.000000000000000000, 0.0000000000000000000, -0.0000000000000000000 ) ) ;
#987 = FILL_AREA_STYLE ('',( #350 ) ) ;
#988 = EDGE_CURVE ( 'NONE', #1900, #227, #2043, .T. ) ;
#989 = DIRECTION ( 'NONE',  ( -0.0000000000000000000, -1.000000000000000000, -0.0000000000000000000 ) ) ;
#990 = ORIENTED_EDGE ( 'NONE', *, *, #763, .T. ) ;
#991 = ADVANCED_FACE ( 'NONE', ( #427 ), #1234, .F. ) ;
#992 = LINE ( 'NONE', #677, #1649 ) ;
#993 = ORIENTED_EDGE ( 'NONE', *, *, #1610, .F. ) ;
#994 =( NAMED_UNIT ( * ) PLANE_ANGLE_UNIT ( ) SI_UNIT ( $, .RADIAN. ) );
#995 = DIRECTION ( 'NONE',  ( -0.0000000000000000000, -1.000000000000000000, -0.0000000000000000000 ) ) ;
#996 = CARTESIAN_POINT ( 'NONE',  ( -3.349999999999995204, 0.5000000000000000000, -4.499999999999999112 ) ) ;
#997 = SURFACE_STYLE_FILL_AREA ( #550 ) ;
#998 = ORIENTED_EDGE ( 'NONE', *, *, #333, .T. ) ;
#999 = CARTESIAN_POINT ( 'NONE',  ( 12.15000000000000213, 7.699999999999999289, 9.299999999999998934 ) ) ;
#1000 = CYLINDRICAL_SURFACE ( 'NONE', #1934, 0.4999999999999989453 ) ;
#1001 = FACE_OUTER_BOUND ( 'NONE', #303, .T. ) ;
#1002 = VERTEX_POINT ( 'NONE', #279 ) ;
#1003 = EDGE_CURVE ( 'NONE', #1200, #1211, #520, .T. ) ;
#1004 = FILL_AREA_STYLE_COLOUR ( '', #1944 ) ;
#1005 = DIRECTION ( 'NONE',  ( 1.000000000000000000, -0.0000000000000000000, 1.020425574104004122E-16 ) ) ;
#1006 = CARTESIAN_POINT ( 'NONE',  ( 14.84999999999998366, 1.600000000000000089, 0.02000000000000005246 ) ) ;
#1007 = DIRECTION ( 'NONE',  ( 0.0000000000000000000, 0.0000000000000000000, 1.000000000000000000 ) ) ;
#1008 = CARTESIAN_POINT ( 'NONE',  ( 12.14999999999999858, 7.200000000000000178, 9.299999999999998934 ) ) ;
#1009 = FACE_OUTER_BOUND ( 'NONE', #1010, .T. ) ;
#1010 = EDGE_LOOP ( 'NONE', ( #609, #1709, #1912, #1693 ) ) ;
#1011 =( NAMED_UNIT ( * ) PLANE_ANGLE_UNIT ( ) SI_UNIT ( $, .RADIAN. ) );
#1012 = ORIENTED_EDGE ( 'NONE', *, *, #178, .F. ) ;
#1013 = EDGE_CURVE ( 'NONE', #128, #1573, #1743, .T. ) ;
#1014 = VECTOR ( 'NONE', #138, 1000.000000000000000 ) ;
#1015 = LINE ( 'NONE', #1192, #1809 ) ;
#1016 = AXIS2_PLACEMENT_3D ( 'NONE', #37, #1956, #1494 ) ;
#1017 = EDGE_CURVE ( 'NONE', #1233, #42, #169, .T. ) ;
#1018 = AXIS2_PLACEMENT_3D ( 'NONE', #1872, #1738, #1122 ) ;
#1019 = MECHANICAL_DESIGN_GEOMETRIC_PRESENTATION_REPRESENTATION (  '', ( #1913 ), #349 ) ;
#1020 = DIRECTION ( 'NONE',  ( -1.000000000000000000, 0.0000000000000000000, 0.0000000000000000000 ) ) ;
#1021 = LINE ( 'NONE', #856, #632 ) ;
#1022 = VERTEX_POINT ( 'NONE', #1440 ) ;
#1023 = ORIENTED_EDGE ( 'NONE', *, *, #309, .T. ) ;
#1024 = CARTESIAN_POINT ( 'NONE',  ( -14.85000000000001741, 0.0000000000000000000, 0.02000000000000005246 ) ) ;
#1025 = CARTESIAN_POINT ( 'NONE',  ( -13.15000000000000036, 0.0000000000000000000, -5.079999999999995630 ) ) ;
#1026 = LINE ( 'NONE', #239, #222 ) ;
#1027 =( NAMED_UNIT ( * ) SI_UNIT ( $, .STERADIAN. ) SOLID_ANGLE_UNIT ( ) );
#1028 = EDGE_CURVE ( 'NONE', #1489, #1453, #1776, .T. ) ;
#1029 = LINE ( 'NONE', #385, #412 ) ;
#1030 = CARTESIAN_POINT ( 'NONE',  ( -14.85000000000002629, 1.600000000000000089, -2.519999999999999574 ) ) ;
#1031 = DIRECTION ( 'NONE',  ( -0.0000000000000000000, -0.0000000000000000000, -1.000000000000000000 ) ) ;
#1032 = FACE_OUTER_BOUND ( 'NONE', #1131, .T. ) ;
#1033 = ORIENTED_EDGE ( 'NONE', *, *, #800, .T. ) ;
#1034 = DIRECTION ( 'NONE',  ( -0.0000000000000000000, -1.000000000000000000, -0.0000000000000000000 ) ) ;
#1035 = SURFACE_STYLE_USAGE ( .BOTH. , #1230 ) ;
#1036 = ORIENTED_EDGE ( 'NONE', *, *, #1028, .F. ) ;
#1037 = DIRECTION ( 'NONE',  ( 0.0000000000000000000, 1.000000000000000000, 0.0000000000000000000 ) ) ;
#1038 = VERTEX_POINT ( 'NONE', #503 ) ;
#1039 = EDGE_CURVE ( 'NONE', #1768, #1887, #2058, .T. ) ;
#1040 = ORIENTED_EDGE ( 'NONE', *, *, #633, .F. ) ;
#1041 = AXIS2_PLACEMENT_3D ( 'NONE', #1242, #1402, #1867 ) ;
#1042 = AXIS2_PLACEMENT_3D ( 'NONE', #1243, #1720, #1901 ) ;
#1043 = CARTESIAN_POINT ( 'NONE',  ( -16.07999999999999474, 0.0000000000000000000, -4.079999999999994742 ) ) ;
#1044 = PRESENTATION_LAYER_ASSIGNMENT (  '', '', ( #1940 ) ) ;
#1045 = CARTESIAN_POINT ( 'NONE',  ( 14.14999999999999858, 0.0000000000000000000, 7.619999999999999218 ) ) ;
#1046 = VERTEX_POINT ( 'NONE', #1278 ) ;
#1047 = CIRCLE ( 'NONE', #1111, 0.4999999999999987232 ) ;
#1048 = CYLINDRICAL_SURFACE ( 'NONE', #1081, 0.4999999999999989453 ) ;
#1049 = AXIS2_PLACEMENT_3D ( 'NONE', #436, #933, #2013 ) ;
#1050 = VECTOR ( 'NONE', #1295, 1000.000000000000000 ) ;
#1051 = ADVANCED_FACE ( 'NONE', ( #1921 ), #1119, .F. ) ;
#1052 = CARTESIAN_POINT ( 'NONE',  ( 5.150000000000005684, 0.5000000000000000000, 8.500000000000000000 ) ) ;
#1053 =( GEOMETRIC_REPRESENTATION_CONTEXT ( 3 ) GLOBAL_UNCERTAINTY_ASSIGNED_CONTEXT ( ( #1801 ) ) GLOBAL_UNIT_ASSIGNED_CONTEXT ( ( #1218, #302, #1754 ) ) REPRESENTATION_CONTEXT ( 'NONE', 'WORKASPACE' ) );
#1054 = FILL_AREA_STYLE_COLOUR ( '', #1612 ) ;
#1055 = ADVANCED_FACE ( 'NONE', ( #1734 ), #1458, .F. ) ;
#1056 = ORIENTED_EDGE ( 'NONE', *, *, #1225, .T. ) ;
#1057 = LINE ( 'NONE', #267, #1354 ) ;
#1058 = UNCERTAINTY_MEASURE_WITH_UNIT (LENGTH_MEASURE( 1.000000000000000082E-05 ), #1197, 'distance_accuracy_value', 'NONE');
#1059 = DIRECTION ( 'NONE',  ( 0.0000000000000000000, 0.0000000000000000000, 1.000000000000000000 ) ) ;
#1060 = EDGE_LOOP ( 'NONE', ( #367, #382, #637, #993 ) ) ;
#1061 = CARTESIAN_POINT ( 'NONE',  ( 14.84999999999996589, 0.0000000000000000000, -4.560000000000001386 ) ) ;
#1062 = DIRECTION ( 'NONE',  ( -0.0000000000000000000, -0.0000000000000000000, 1.000000000000000000 ) ) ;
#1063 = DIRECTION ( 'NONE',  ( 0.0000000000000000000, 1.000000000000000000, 0.0000000000000000000 ) ) ;
#1064 = ORIENTED_EDGE ( 'NONE', *, *, #1987, .T. ) ;
#1065 = EDGE_CURVE ( 'NONE', #1263, #1330, #1301, .T. ) ;
#1066 = VERTEX_POINT ( 'NONE', #469 ) ;
#1067 = DIRECTION ( 'NONE',  ( 0.0000000000000000000, 1.000000000000000000, 0.0000000000000000000 ) ) ;
#1068 = LINE ( 'NONE', #1563, #1483 ) ;
#1069 = LINE ( 'NONE', #563, #445 ) ;
#1070 = DIRECTION ( 'NONE',  ( -1.000000000000000000, 0.0000000000000000000, 5.920557938487408995E-16 ) ) ;
#1071 = EDGE_CURVE ( 'NONE', #1200, #1453, #958, .T. ) ;
#1072 = UNCERTAINTY_MEASURE_WITH_UNIT (LENGTH_MEASURE( 1.000000000000000082E-05 ), #720, 'distance_accuracy_value', 'NONE');
#1073 = DIRECTION ( 'NONE',  ( 1.000000000000000000, -0.0000000000000000000, -0.0000000000000000000 ) ) ;
#1074 = EDGE_LOOP ( 'NONE', ( #94, #1682, #61, #334 ) ) ;
#1075 = EDGE_CURVE ( 'NONE', #1256, #1832, #1250, .T. ) ;
#1076 = AXIS2_PLACEMENT_3D ( 'NONE', #1619, #1955, #679 ) ;
#1077 = SURFACE_STYLE_FILL_AREA ( #1882 ) ;
#1078 = VECTOR ( 'NONE', #995, 1000.000000000000000 ) ;
#1079 = VECTOR ( 'NONE', #1476, 1000.000000000000000 ) ;
#1080 = LINE ( 'NONE', #1392, #1143 ) ;
#1081 = AXIS2_PLACEMENT_3D ( 'NONE', #1526, #95, #34 ) ;
#1082 = AXIS2_PLACEMENT_3D ( 'NONE', #497, #1442, #961 ) ;
#1083 = CYLINDRICAL_SURFACE ( 'NONE', #1681, 0.4999999999999989453 ) ;
#1084 = ORIENTED_EDGE ( 'NONE', *, *, #1039, .F. ) ;
#1085 = CARTESIAN_POINT ( 'NONE',  ( -14.14999999999999503, 0.0000000000000000000, -5.079999999999995630 ) ) ;
#1086 = DIRECTION ( 'NONE',  ( 0.0000000000000000000, 1.000000000000000000, 0.0000000000000000000 ) ) ;
#1087 = DIRECTION ( 'NONE',  ( 0.0000000000000000000, 0.0000000000000000000, -1.000000000000000000 ) ) ;
#1088 = EDGE_LOOP ( 'NONE', ( #1360, #1340 ) ) ;
#1089 = EDGE_CURVE ( 'NONE', #1046, #376, #870, .T. ) ;
#1090 = PRESENTATION_STYLE_ASSIGNMENT (( #1553 ) ) ;
#1091 = CARTESIAN_POINT ( 'NONE',  ( 14.14999999999999858, 1.600000000000000089, 6.619999999999999218 ) ) ;
#1092 = CARTESIAN_POINT ( 'NONE',  ( 14.84999999999999254, 1.600000000000000089, 2.560000000000000053 ) ) ;
#1093 = CYLINDRICAL_SURFACE ( 'NONE', #890, 0.4999999999999987232 ) ;
#1094 = CARTESIAN_POINT ( 'NONE',  ( -14.85000000000002629, 0.0000000000000000000, -2.519999999999999574 ) ) ;
#1095 = VERTEX_POINT ( 'NONE', #77 ) ;
#1096 = VERTEX_POINT ( 'NONE', #1636 ) ;
#1097 = SURFACE_SIDE_STYLE ('',( #472 ) ) ;
#1098 = ADVANCED_FACE ( 'NONE', ( #240 ), #185, .T. ) ;
#1099 = ORIENTED_EDGE ( 'NONE', *, *, #1246, .F. ) ;
#1100 = DIRECTION ( 'NONE',  ( -0.0000000000000000000, -1.000000000000000000, -0.0000000000000000000 ) ) ;
#1101 = ORIENTED_EDGE ( 'NONE', *, *, #1403, .T. ) ;
#1102 = CARTESIAN_POINT ( 'NONE',  ( 14.84999999999997478, 1.600000000000000089, -2.519999999999999574 ) ) ;
#1103 = ORIENTED_EDGE ( 'NONE', *, *, #1837, .F. ) ;
#1104 = LINE ( 'NONE', #1707, #1839 ) ;
#1105 = COLOUR_RGB ( '',0.0000000000000000000, 1.000000000000000000, 1.000000000000000000 ) ;
#1106 = CIRCLE ( 'NONE', #344, 1.000000000000000000 ) ;
#1107 = AXIS2_PLACEMENT_3D ( 'NONE', #836, #20, #1270 ) ;
#1108 = CIRCLE ( 'NONE', #285, 0.4999999999999987232 ) ;
#1109 = EDGE_LOOP ( 'NONE', ( #597, #1126 ) ) ;
#1110 = CIRCLE ( 'NONE', #221, 0.4999999999999987232 ) ;
#1111 = AXIS2_PLACEMENT_3D ( 'NONE', #1030, #1154, #1667 ) ;
#1112 = SURFACE_STYLE_USAGE ( .BOTH. , #322 ) ;
#1113 = EDGE_CURVE ( 'NONE', #937, #2021, #1806, .T. ) ;
#1114 = CARTESIAN_POINT ( 'NONE',  ( -16.07999999999999829, 1.600000000000000089, 6.620000000000004547 ) ) ;
#1115 = EDGE_LOOP ( 'NONE', ( #160, #977, #1249, #1823 ) ) ;
#1116 = STYLED_ITEM ( 'NONE', ( #567 ), #1873 ) ;
#1117 = FACE_OUTER_BOUND ( 'NONE', #6, .T. ) ;
#1118 = APPLICATION_PROTOCOL_DEFINITION ( 'draft international standard', 'automotive_design', 1998, #846 ) ;
#1119 = PLANE ( 'NONE',  #378 ) ;
#1120 = EDGE_LOOP ( 'NONE', ( #1036, #1990, #895, #525 ) ) ;
#1121 = LINE ( 'NONE', #978, #1183 ) ;
#1122 = DIRECTION ( 'NONE',  ( 0.0000000000000000000, 0.0000000000000000000, 1.000000000000000000 ) ) ;
#1123 = VERTEX_POINT ( 'NONE', #711 ) ;
#1124 = ADVANCED_FACE ( 'NONE', ( #1980 ), #1151, .F. ) ;
#1125 = DIRECTION ( 'NONE',  ( 2.628368902995162518E-16, -0.0000000000000000000, -1.000000000000000000 ) ) ;
#1126 = ORIENTED_EDGE ( 'NONE', *, *, #1075, .F. ) ;
#1127 = DIRECTION ( 'NONE',  ( -0.0000000000000000000, 1.000000000000000000, 0.0000000000000000000 ) ) ;
#1128 = CYLINDRICAL_SURFACE ( 'NONE', #121, 0.4999999999999991673 ) ;
#1129 = CARTESIAN_POINT ( 'NONE',  ( 14.84999999999998366, 1.600000000000000089, 0.5199999999999990186 ) ) ;
#1130 = ORIENTED_EDGE ( 'NONE', *, *, #84, .F. ) ;
#1131 = EDGE_LOOP ( 'NONE', ( #23, #1854, #648, #268 ) ) ;
#1132 =( LENGTH_UNIT ( ) NAMED_UNIT ( * ) SI_UNIT ( .MILLI., .METRE. ) );
#1133 = EDGE_CURVE ( 'NONE', #776, #70, #628, .T. ) ;
#1134 = CARTESIAN_POINT ( 'NONE',  ( -14.85000000000000853, 0.0000000000000000000, 2.560000000000000053 ) ) ;
#1135 = EDGE_CURVE ( 'NONE', #1768, #51, #844, .T. ) ;
#1136 = EDGE_CURVE ( 'NONE', #1284, #1383, #1968, .T. ) ;
#1137 = FACE_OUTER_BOUND ( 'NONE', #1275, .T. ) ;
#1138 = EDGE_LOOP ( 'NONE', ( #1902, #864, #1191, #1099 ) ) ;
#1139 = LINE ( 'NONE', #1294, #1875 ) ;
#1140 = CARTESIAN_POINT ( 'NONE',  ( 13.15000000000000036, 1.600000000000000089, -6.580000000000000071 ) ) ;
#1141 = CARTESIAN_POINT ( 'NONE',  ( -13.15000000000000036, 1.600000000000000089, -4.079999999999996518 ) ) ;
#1142 = AXIS2_PLACEMENT_3D ( 'NONE', #1304, #1925, #329 ) ;
#1143 = VECTOR ( 'NONE', #161, 1000.000000000000000 ) ;
#1144 = VECTOR ( 'NONE', #1299, 1000.000000000000000 ) ;
#1145 = VECTOR ( 'NONE', #847, 999.9999999999998863 ) ;
#1146 = VERTEX_POINT ( 'NONE', #295 ) ;
#1147 = FILL_AREA_STYLE ('',( #1926 ) ) ;
#1148 = AXIS2_PLACEMENT_3D ( 'NONE', #1245, #331, #1443 ) ;
#1149 = CARTESIAN_POINT ( 'NONE',  ( -14.84999999999999964, 1.600000000000000089, 4.600000000000001421 ) ) ;
#1150 = MECHANICAL_DESIGN_GEOMETRIC_PRESENTATION_REPRESENTATION (  '', ( #1214 ), #257 ) ;
#1151 = PLANE ( 'NONE',  #914 ) ;
#1152 = CARTESIAN_POINT ( 'NONE',  ( -14.85000000000000853, 1.600000000000000089, 2.060000000000000941 ) ) ;
#1153 = EDGE_CURVE ( 'NONE', #530, #1265, #1841, .T. ) ;
#1154 = DIRECTION ( 'NONE',  ( 0.0000000000000000000, 1.000000000000000000, 0.0000000000000000000 ) ) ;
#1155 = DIRECTION ( 'NONE',  ( -0.0000000000000000000, -1.000000000000000000, -0.0000000000000000000 ) ) ;
#1156 = ORIENTED_EDGE ( 'NONE', *, *, #966, .T. ) ;
#1157 =( LENGTH_UNIT ( ) NAMED_UNIT ( * ) SI_UNIT ( .MILLI., .METRE. ) );
#1158 = DIRECTION ( 'NONE',  ( 0.0000000000000000000, 1.000000000000000000, 0.0000000000000000000 ) ) ;
#1159 = FACE_BOUND ( 'NONE', #365, .T. ) ;
#1160 = CARTESIAN_POINT ( 'NONE',  ( 14.84999999999999254, 1.600000000000000089, 2.560000000000000053 ) ) ;
#1161 = CARTESIAN_POINT ( 'NONE',  ( 12.15000000000000213, 7.200000000000000178, -8.800000000000002487 ) ) ;
#1162 = EDGE_LOOP ( 'NONE', ( #571, #1012 ) ) ;
#1163 = SURFACE_STYLE_USAGE ( .BOTH. , #888 ) ;
#1164 = EDGE_CURVE ( 'NONE', #1022, #954, #1480, .T. ) ;
#1165 = CARTESIAN_POINT ( 'NONE',  ( -16.07999999999999474, 1.600000000000000089, -4.079999999999994742 ) ) ;
#1166 = ORIENTED_EDGE ( 'NONE', *, *, #618, .T. ) ;
#1167 = LINE ( 'NONE', #1800, #1281 ) ;
#1168 = FACE_BOUND ( 'NONE', #167, .T. ) ;
#1169 = DIRECTION ( 'NONE',  ( -1.000000000000000000, 0.0000000000000000000, 0.0000000000000000000 ) ) ;
#1170 = CARTESIAN_POINT ( 'NONE',  ( -11.84999999999999609, 0.5000000000000000000, -4.500000000000000000 ) ) ;
#1171 = ORIENTED_EDGE ( 'NONE', *, *, #490, .F. ) ;
#1172 = DIRECTION ( 'NONE',  ( 0.0000000000000000000, 1.000000000000000000, 0.0000000000000000000 ) ) ;
#1173 = CARTESIAN_POINT ( 'NONE',  ( 14.14999999999999858, 1.600000000000000089, -6.580000000000000071 ) ) ;
#1174 = EDGE_CURVE ( 'NONE', #670, #466, #882, .T. ) ;
#1175 = AXIS2_PLACEMENT_3D ( 'NONE', #458, #116, #1869 ) ;
#1176 = ORIENTED_EDGE ( 'NONE', *, *, #966, .F. ) ;
#1177 = EDGE_LOOP ( 'NONE', ( #1469, #441, #921, #885, #734 ) ) ;
#1178 = SURFACE_STYLE_FILL_AREA ( #1147 ) ;
#1179 = AXIS2_PLACEMENT_3D ( 'NONE', #1858, #1550, #1522 ) ;
#1180 = EDGE_CURVE ( 'NONE', #1694, #1794, #1865, .T. ) ;
#1181 = FACE_OUTER_BOUND ( 'NONE', #1060, .T. ) ;
#1182 = PRESENTATION_LAYER_ASSIGNMENT (  '', '', ( #383 ) ) ;
#1183 = VECTOR ( 'NONE', #521, 1000.000000000000000 ) ;
#1184 = AXIS2_PLACEMENT_3D ( 'NONE', #1371, #1155, #701 ) ;
#1185 = DIRECTION ( 'NONE',  ( -0.0000000000000000000, -1.000000000000000000, -0.0000000000000000000 ) ) ;
#1186 = DIRECTION ( 'NONE',  ( -1.000000000000000000, 0.0000000000000000000, -0.0000000000000000000 ) ) ;
#1187 = VERTEX_POINT ( 'NONE', #620 ) ;
#1188 = FILL_AREA_STYLE_COLOUR ( '', #1477 ) ;
#1189 = DIRECTION ( 'NONE',  ( 0.0000000000000000000, 1.000000000000000000, 0.0000000000000000000 ) ) ;
#1190 = ORIENTED_EDGE ( 'NONE', *, *, #140, .T. ) ;
#1191 = ORIENTED_EDGE ( 'NONE', *, *, #196, .T. ) ;
#1192 = CARTESIAN_POINT ( 'NONE',  ( -13.14999999999999680, 0.0000000000000000000, 6.620000000000004547 ) ) ;
#1193 = EDGE_LOOP ( 'NONE', ( #237, #1595, #1859, #1787 ) ) ;
#1194 = ADVANCED_FACE ( 'NONE', ( #111 ), #1247, .F. ) ;
#1195 = SURFACE_STYLE_USAGE ( .BOTH. , #695 ) ;
#1196 = FACE_OUTER_BOUND ( 'NONE', #655, .T. ) ;
#1197 =( LENGTH_UNIT ( ) NAMED_UNIT ( * ) SI_UNIT ( .MILLI., .METRE. ) );
#1198 = CARTESIAN_POINT ( 'NONE',  ( -12.14999999999999680, 7.699999999999999289, -8.800000000000002487 ) ) ;
#1199 =( NAMED_UNIT ( * ) PLANE_ANGLE_UNIT ( ) SI_UNIT ( $, .RADIAN. ) );
#1200 = VERTEX_POINT ( 'NONE', #439 ) ;
#1201 = EDGE_LOOP ( 'NONE', ( #815, #419 ) ) ;
#1202 = CARTESIAN_POINT ( 'NONE',  ( -14.85000000000002629, 1.600000000000000089, -3.019999999999998241 ) ) ;
#1203 = DIRECTION ( 'NONE',  ( -0.0000000000000000000, -1.000000000000000000, -0.0000000000000000000 ) ) ;
#1204 = ORIENTED_EDGE ( 'NONE', *, *, #1296, .F. ) ;
#1205 = CARTESIAN_POINT ( 'NONE',  ( -12.14999999999999680, 7.699999999999999289, -9.300000000000002487 ) ) ;
#1206 = SURFACE_STYLE_USAGE ( .BOTH. , #871 ) ;
#1207 = ORIENTED_EDGE ( 'NONE', *, *, #14, .T. ) ;
#1208 = EDGE_CURVE ( 'NONE', #51, #688, #1876, .T. ) ;
#1209 = DIRECTION ( 'NONE',  ( 0.0000000000000000000, 1.000000000000000000, 0.0000000000000000000 ) ) ;
#1210 = CARTESIAN_POINT ( 'NONE',  ( -12.14999999999999680, 7.200000000000000178, 9.799999999999998934 ) ) ;
#1211 = VERTEX_POINT ( 'NONE', #452 ) ;
#1212 = ORIENTED_EDGE ( 'NONE', *, *, #1071, .T. ) ;
#1213 = ORIENTED_EDGE ( 'NONE', *, *, #740, .F. ) ;
#1214 = STYLED_ITEM ( 'NONE', ( #1982 ), #893 ) ;
#1215 = VECTOR ( 'NONE', #833, 1000.000000000000000 ) ;
#1216 = VECTOR ( 'NONE', #335, 1000.000000000000000 ) ;
#1217 = SURFACE_STYLE_USAGE ( .BOTH. , #410 ) ;
#1218 =( LENGTH_UNIT ( ) NAMED_UNIT ( * ) SI_UNIT ( .MILLI., .METRE. ) );
#1219 = AXIS2_PLACEMENT_3D ( 'NONE', #583, #1382, #735 ) ;
#1220 = VECTOR ( 'NONE', #1396, 1000.000000000000000 ) ;
#1221 = CARTESIAN_POINT ( 'NONE',  ( 12.15000000000000213, 7.200000000000000178, -9.800000000000002487 ) ) ;
#1222 = SURFACE_STYLE_FILL_AREA ( #2000 ) ;
#1223 = PRESENTATION_LAYER_ASSIGNMENT (  '', '', ( #1579 ) ) ;
#1224 = CARTESIAN_POINT ( 'NONE',  ( -13.15000000000000036, 0.0000000000000000000, -4.079999999999996518 ) ) ;
#1225 = EDGE_CURVE ( 'NONE', #1744, #1772, #1714, .T. ) ;
#1226 = VECTOR ( 'NONE', #1262, 1000.000000000000000 ) ;
#1227 = CARTESIAN_POINT ( 'NONE',  ( 5.150000000000005684, 0.5000000000000000000, 1.000000000000000888 ) ) ;
#1228 = VERTEX_POINT ( 'NONE', #276 ) ;
#1229 = ORIENTED_EDGE ( 'NONE', *, *, #168, .F. ) ;
#1230 = SURFACE_SIDE_STYLE ('',( #1710 ) ) ;
#1231 = ORIENTED_EDGE ( 'NONE', *, *, #1814, .F. ) ;
#1232 = LINE ( 'NONE', #1997, #1257 ) ;
#1233 = VERTEX_POINT ( 'NONE', #1704 ) ;
#1234 = CYLINDRICAL_SURFACE ( 'NONE', #1248, 0.4999999999999987232 ) ;
#1235 = CARTESIAN_POINT ( 'NONE',  ( 14.84999999999999254, 0.0000000000000000000, 2.060000000000000941 ) ) ;
#1236 = ADVANCED_FACE ( 'NONE', ( #585 ), #424, .T. ) ;
#1237 = EDGE_LOOP ( 'NONE', ( #1916, #764, #1890, #659 ) ) ;
#1238 = EDGE_CURVE ( 'NONE', #854, #1038, #1874, .T. ) ;
#1239 = DIRECTION ( 'NONE',  ( 0.0000000000000000000, 0.0000000000000000000, 1.000000000000000000 ) ) ;
#1240 = ORIENTED_EDGE ( 'NONE', *, *, #618, .F. ) ;
#1241 = CARTESIAN_POINT ( 'NONE',  ( -3.349999999999995204, 0.5000000000000000000, -4.499999999999999112 ) ) ;
#1242 = CARTESIAN_POINT ( 'NONE',  ( 14.14999999999999858, 0.0000000000000000000, -7.580000000000000071 ) ) ;
#1243 = CARTESIAN_POINT ( 'NONE',  ( -12.14999999999999680, 0.0000000000000000000, 8.799999999999998934 ) ) ;
#1244 = LINE ( 'NONE', #606, #949 ) ;
#1245 = CARTESIAN_POINT ( 'NONE',  ( -14.14999999999999503, 0.0000000000000000000, 7.620000000000004547 ) ) ;
#1246 = EDGE_CURVE ( 'NONE', #1002, #1702, #1516, .T. ) ;
#1247 = PLANE ( 'NONE',  #591 ) ;
#1248 = AXIS2_PLACEMENT_3D ( 'NONE', #623, #1860, #1705 ) ;
#1249 = ORIENTED_EDGE ( 'NONE', *, *, #1013, .F. ) ;
#1250 = CIRCLE ( 'NONE', #219, 0.4999999999999991673 ) ;
#1251 = CARTESIAN_POINT ( 'NONE',  ( -13.14999999999999680, 0.0000000000000000000, 7.620000000000004547 ) ) ;
#1252 = VECTOR ( 'NONE', #1821, 1000.000000000000000 ) ;
#1253 = CYLINDRICAL_SURFACE ( 'NONE', #753, 0.4999999999999991673 ) ;
#1254 = VECTOR ( 'NONE', #889, 1000.000000000000000 ) ;
#1255 = AXIS2_PLACEMENT_3D ( 'NONE', #1717, #589, #1725 ) ;
#1256 = VERTEX_POINT ( 'NONE', #806 ) ;
#1257 = VECTOR ( 'NONE', #930, 1000.000000000000000 ) ;
#1258 = LINE ( 'NONE', #1114, #1285 ) ;
#1259 = ORIENTED_EDGE ( 'NONE', *, *, #716, .T. ) ;
#1260 =( NAMED_UNIT ( * ) SI_UNIT ( $, .STERADIAN. ) SOLID_ANGLE_UNIT ( ) );
#1261 = CARTESIAN_POINT ( 'NONE',  ( 0.0000000000000000000, 7.699999999999999289, 0.0000000000000000000 ) ) ;
#1262 = DIRECTION ( 'NONE',  ( -0.0000000000000000000, -1.000000000000000000, -0.0000000000000000000 ) ) ;
#1263 = VERTEX_POINT ( 'NONE', #799 ) ;
#1264 = CARTESIAN_POINT ( 'NONE',  ( 14.84999999999999254, 0.0000000000000000000, 2.560000000000000053 ) ) ;
#1265 = VERTEX_POINT ( 'NONE', #1457 ) ;
#1266 = CARTESIAN_POINT ( 'NONE',  ( -14.14999999999999503, 1.600000000000000089, 7.620000000000004547 ) ) ;
#1267 = EDGE_LOOP ( 'NONE', ( #1545, #98, #1721, #1207, #1023, #1697 ) ) ;
#1268 = SURFACE_STYLE_USAGE ( .BOTH. , #792 ) ;
#1269 = EDGE_LOOP ( 'NONE', ( #998, #2055, #109, #2061 ) ) ;
#1270 = DIRECTION ( 'NONE',  ( 0.0000000000000000000, 0.0000000000000000000, -1.000000000000000000 ) ) ;
#1271 = DIRECTION ( 'NONE',  ( 0.0000000000000000000, -0.0000000000000000000, -1.000000000000000000 ) ) ;
#1272 = VERTEX_POINT ( 'NONE', #166 ) ;
#1273 = SURFACE_STYLE_USAGE ( .BOTH. , #1097 ) ;
#1274 = EDGE_CURVE ( 'NONE', #1763, #1537, #1559, .T. ) ;
#1275 = EDGE_LOOP ( 'NONE', ( #771, #1303, #559, #1655 ) ) ;
#1276 = PRODUCT_CONTEXT ( 'NONE', #824, 'mechanical' ) ;
#1277 = ORIENTED_EDGE ( 'NONE', *, *, #149, .F. ) ;
#1278 = CARTESIAN_POINT ( 'NONE',  ( 5.150000000000005684, 0.5000000000000000000, 8.500000000000000000 ) ) ;
#1279 = DIRECTION ( 'NONE',  ( 0.0000000000000000000, 1.000000000000000000, 0.0000000000000000000 ) ) ;
#1280 = PRESENTATION_STYLE_ASSIGNMENT (( #684 ) ) ;
#1281 = VECTOR ( 'NONE', #91, 1000.000000000000000 ) ;
#1282 = PRESENTATION_LAYER_ASSIGNMENT (  '', '', ( #1421 ) ) ;
#1283 = EDGE_CURVE ( 'NONE', #1887, #1263, #1598, .T. ) ;
#1284 = VERTEX_POINT ( 'NONE', #1431 ) ;
#1285 = VECTOR ( 'NONE', #658, 1000.000000000000000 ) ;
#1286 = CIRCLE ( 'NONE', #919, 0.4999999999999991673 ) ;
#1287 =( LENGTH_UNIT ( ) NAMED_UNIT ( * ) SI_UNIT ( .MILLI., .METRE. ) );
#1288 = FACE_BOUND ( 'NONE', #1561, .T. ) ;
#1289 = SURFACE_SIDE_STYLE ('',( #492 ) ) ;
#1290 = CARTESIAN_POINT ( 'NONE',  ( 14.84999999999999964, 0.0000000000000000000, 5.100000000000000533 ) ) ;
#1291 = FILL_AREA_STYLE ('',( #972 ) ) ;
#1292 = DIRECTION ( 'NONE',  ( 0.0000000000000000000, 0.0000000000000000000, 1.000000000000000000 ) ) ;
#1293 = ORIENTED_EDGE ( 'NONE', *, *, #1135, .T. ) ;
#1294 = CARTESIAN_POINT ( 'NONE',  ( -16.07999999999999474, 1.600000000000000089, -4.079999999999994742 ) ) ;
#1295 = DIRECTION ( 'NONE',  ( -0.0000000000000000000, 1.000000000000000000, -0.0000000000000000000 ) ) ;
#1296 = EDGE_CURVE ( 'NONE', #1532, #1763, #642, .T. ) ;
#1297 = DIRECTION ( 'NONE',  ( 0.0000000000000000000, 0.0000000000000000000, 1.000000000000000000 ) ) ;
#1298 = ADVANCED_FACE ( 'NONE', ( #1587 ), #1764, .F. ) ;
#1299 = DIRECTION ( 'NONE',  ( -0.0000000000000000000, -0.0000000000000000000, -1.000000000000000000 ) ) ;
#1300 = SHAPE_DEFINITION_REPRESENTATION ( #1407, #534 ) ;
#1301 = LINE ( 'NONE', #942, #1317 ) ;
#1302 = DIRECTION ( 'NONE',  ( -1.000000000000000000, 0.0000000000000000000, 0.0000000000000000000 ) ) ;
#1303 = ORIENTED_EDGE ( 'NONE', *, *, #812, .T. ) ;
#1304 = CARTESIAN_POINT ( 'NONE',  ( 13.15000000000000036, 1.600000000000000089, -6.580000000000000071 ) ) ;
#1305 = CARTESIAN_POINT ( 'NONE',  ( 14.14999999999999858, 1.600000000000000089, 7.619999999999999218 ) ) ;
#1306 = ORIENTED_EDGE ( 'NONE', *, *, #861, .F. ) ;
#1307 = ORIENTED_EDGE ( 'NONE', *, *, #717, .T. ) ;
#1308 = ADVANCED_FACE ( 'NONE', ( #1117 ), #1753, .T. ) ;
#1309 = ADVANCED_FACE ( 'NONE', ( #1897 ), #462, .T. ) ;
#1310 = UNCERTAINTY_MEASURE_WITH_UNIT (LENGTH_MEASURE( 1.000000000000000082E-05 ), #1548, 'distance_accuracy_value', 'NONE');
#1311 = DIRECTION ( 'NONE',  ( 0.0000000000000000000, 0.0000000000000000000, -1.000000000000000000 ) ) ;
#1312 = ORIENTED_EDGE ( 'NONE', *, *, #1450, .F. ) ;
#1313 = SURFACE_STYLE_FILL_AREA ( #668 ) ;
#1314 = CIRCLE ( 'NONE', #1838, 0.4999999999999989453 ) ;
#1315 = CIRCLE ( 'NONE', #1042, 1.000000000000000888 ) ;
#1316 = ORIENTED_EDGE ( 'NONE', *, *, #1180, .F. ) ;
#1317 = VECTOR ( 'NONE', #1899, 1000.000000000000000 ) ;
#1318 = CARTESIAN_POINT ( 'NONE',  ( -16.07999999999999474, 0.0000000000000000000, -4.079999999999994742 ) ) ;
#1319 = ORIENTED_EDGE ( 'NONE', *, *, #1393, .F. ) ;
#1320 =( GEOMETRIC_REPRESENTATION_CONTEXT ( 3 ) GLOBAL_UNCERTAINTY_ASSIGNED_CONTEXT ( ( #1785 ) ) GLOBAL_UNIT_ASSIGNED_CONTEXT ( ( #710, #681, #866 ) ) REPRESENTATION_CONTEXT ( 'NONE', 'WORKASPACE' ) );
#1321 = DIRECTION ( 'NONE',  ( 0.0000000000000000000, -1.000000000000000000, 0.0000000000000000000 ) ) ;
#1322 = STYLED_ITEM ( 'NONE', ( #1761 ), #636 ) ;
#1323 = CIRCLE ( 'NONE', #1683, 0.5000000000000004441 ) ;
#1324 = DIRECTION ( 'NONE',  ( -0.0000000000000000000, -1.000000000000000000, -0.0000000000000000000 ) ) ;
#1325 = PRESENTATION_LAYER_ASSIGNMENT (  '', '', ( #50 ) ) ;
#1326 = EDGE_CURVE ( 'NONE', #141, #124, #1015, .T. ) ;
#1327 = CARTESIAN_POINT ( 'NONE',  ( -11.84999999999999609, 0.5000000000000000000, 8.500000000000000000 ) ) ;
#1328 = DIRECTION ( 'NONE',  ( 0.0000000000000000000, 1.000000000000000000, 0.0000000000000000000 ) ) ;
#1329 = CYLINDRICAL_SURFACE ( 'NONE', #666, 1.000000000000000000 ) ;
#1330 = VERTEX_POINT ( 'NONE', #1949 ) ;
#1331 = ORIENTED_EDGE ( 'NONE', *, *, #454, .F. ) ;
#1332 = CYLINDRICAL_SURFACE ( 'NONE', #449, 1.000000000000000000 ) ;
#1333 = ORIENTED_EDGE ( 'NONE', *, *, #696, .T. ) ;
#1334 = DIRECTION ( 'NONE',  ( 0.0000000000000000000, 0.0000000000000000000, 1.000000000000000000 ) ) ;
#1335 = DIRECTION ( 'NONE',  ( 0.0000000000000000000, 0.0000000000000000000, -1.000000000000000000 ) ) ;
#1336 = UNCERTAINTY_MEASURE_WITH_UNIT (LENGTH_MEASURE( 1.000000000000000082E-05 ), #644, 'distance_accuracy_value', 'NONE');
#1337 = CARTESIAN_POINT ( 'NONE',  ( 14.14999999999999858, 0.0000000000000000000, -6.580000000000000071 ) ) ;
#1338 = DIRECTION ( 'NONE',  ( 0.0000000000000000000, 1.000000000000000000, 0.0000000000000000000 ) ) ;
#1339 = CYLINDRICAL_SURFACE ( 'NONE', #126, 1.000000000000000000 ) ;
#1340 = ORIENTED_EDGE ( 'NONE', *, *, #737, .T. ) ;
#1341 = DIRECTION ( 'NONE',  ( -0.0000000000000000000, -1.000000000000000000, -0.0000000000000000000 ) ) ;
#1342 = EDGE_CURVE ( 'NONE', #1995, #241, #1110, .T. ) ;
#1343 = DIRECTION ( 'NONE',  ( 1.000000000000000000, 0.0000000000000000000, -5.920557938487408995E-16 ) ) ;
#1344 = LINE ( 'NONE', #1964, #481 ) ;
#1345 = FACE_OUTER_BOUND ( 'NONE', #1364, .T. ) ;
#1346 = DIRECTION ( 'NONE',  ( 0.0000000000000000000, 0.0000000000000000000, 1.000000000000000000 ) ) ;
#1347 = PLANE ( 'NONE',  #823 ) ;
#1348 = CARTESIAN_POINT ( 'NONE',  ( -13.15000000000000036, 0.0000000000000000000, -9.800000000000002487 ) ) ;
#1349 = ADVANCED_FACE ( 'NONE', ( #1181 ), #513, .F. ) ;
#1350 =( GEOMETRIC_REPRESENTATION_CONTEXT ( 3 ) GLOBAL_UNCERTAINTY_ASSIGNED_CONTEXT ( ( #1703 ) ) GLOBAL_UNIT_ASSIGNED_CONTEXT ( ( #429, #1199, #59 ) ) REPRESENTATION_CONTEXT ( 'NONE', 'WORKASPACE' ) );
#1351 = ORIENTED_EDGE ( 'NONE', *, *, #1728, .F. ) ;
#1352 = DIRECTION ( 'NONE',  ( 0.0000000000000000000, 0.0000000000000000000, -1.000000000000000000 ) ) ;
#1353 = DIRECTION ( 'NONE',  ( 0.0000000000000000000, 1.000000000000000000, 0.0000000000000000000 ) ) ;
#1354 = VECTOR ( 'NONE', #903, 1000.000000000000000 ) ;
#1355 = AXIS2_PLACEMENT_3D ( 'NONE', #423, #2009, #163 ) ;
#1356 = UNCERTAINTY_MEASURE_WITH_UNIT (LENGTH_MEASURE( 1.000000000000000082E-05 ), #69, 'distance_accuracy_value', 'NONE');
#1357 = AXIS2_PLACEMENT_3D ( 'NONE', #802, #1127, #828 ) ;
#1358 = CIRCLE ( 'NONE', #343, 0.4999999999999987232 ) ;
#1359 = FILL_AREA_STYLE_COLOUR ( '', #1105 ) ;
#1360 = ORIENTED_EDGE ( 'NONE', *, *, #490, .T. ) ;
#1361 = AXIS2_PLACEMENT_3D ( 'NONE', #1848, #1877, #621 ) ;
#1362 = DIRECTION ( 'NONE',  ( -0.0000000000000000000, -1.000000000000000000, -0.0000000000000000000 ) ) ;
#1363 = SURFACE_STYLE_USAGE ( .BOTH. , #2001 ) ;
#1364 = EDGE_LOOP ( 'NONE', ( #610, #60, #708, #879 ) ) ;
#1365 = FACE_OUTER_BOUND ( 'NONE', #236, .T. ) ;
#1366 = CARTESIAN_POINT ( 'NONE',  ( 14.84999999999997478, 1.600000000000000089, -3.019999999999998241 ) ) ;
#1367 = ORIENTED_EDGE ( 'NONE', *, *, #1974, .T. ) ;
#1368 = EDGE_CURVE ( 'NONE', #376, #1146, #199, .T. ) ;
#1369 = ORIENTED_EDGE ( 'NONE', *, *, #1283, .T. ) ;
#1370 = DIRECTION ( 'NONE',  ( -0.0000000000000000000, -1.000000000000000000, -0.0000000000000000000 ) ) ;
#1371 = CARTESIAN_POINT ( 'NONE',  ( 14.84999999999999254, 1.600000000000000089, 2.560000000000000053 ) ) ;
#1372 = DIRECTION ( 'NONE',  ( 0.0000000000000000000, 0.0000000000000000000, -1.000000000000000000 ) ) ;
#1373 = ORIENTED_EDGE ( 'NONE', *, *, #850, .T. ) ;
#1374 = ORIENTED_EDGE ( 'NONE', *, *, #1003, .F. ) ;
#1375 = UNCERTAINTY_MEASURE_WITH_UNIT (LENGTH_MEASURE( 1.000000000000000082E-05 ), #1803, 'distance_accuracy_value', 'NONE');
#1376 = EDGE_CURVE ( 'NONE', #1573, #973, #1344, .T. ) ;
#1377 = ORIENTED_EDGE ( 'NONE', *, *, #1797, .T. ) ;
#1378 = DIRECTION ( 'NONE',  ( 0.0000000000000000000, 0.0000000000000000000, -1.000000000000000000 ) ) ;
#1379 = LINE ( 'NONE', #1894, #1577 ) ;
#1380 = VERTEX_POINT ( 'NONE', #1025 ) ;
#1381 = ORIENTED_EDGE ( 'NONE', *, *, #129, .T. ) ;
#1382 = DIRECTION ( 'NONE',  ( -1.000000000000000000, 0.0000000000000000000, 0.0000000000000000000 ) ) ;
#1383 = VERTEX_POINT ( 'NONE', #1464 ) ;
#1384 = VECTOR ( 'NONE', #361, 1000.000000000000000 ) ;
#1385 = VECTOR ( 'NONE', #743, 1000.000000000000000 ) ;
#1386 = MECHANICAL_DESIGN_GEOMETRIC_PRESENTATION_REPRESENTATION (  '', ( #1680 ), #1320 ) ;
#1387 = VECTOR ( 'NONE', #203, 1000.000000000000000 ) ;
#1388 = AXIS2_PLACEMENT_3D ( 'NONE', #73, #984, #345 ) ;
#1389 = VECTOR ( 'NONE', #1583, 1000.000000000000000 ) ;
#1390 = EDGE_CURVE ( 'NONE', #241, #530, #1660, .T. ) ;
#1391 = CARTESIAN_POINT ( 'NONE',  ( 14.84999999999996589, 1.600000000000000089, -5.060000000000000497 ) ) ;
#1392 = CARTESIAN_POINT ( 'NONE',  ( 13.15000000000000036, 7.200000000000000178, 8.799999999999998934 ) ) ;
#1393 = EDGE_CURVE ( 'NONE', #48, #1633, #1630, .T. ) ;
#1394 = EDGE_CURVE ( 'NONE', #1187, #794, #1642, .T. ) ;
#1395 = COLOUR_RGB ( '',0.0000000000000000000, 1.000000000000000000, 1.000000000000000000 ) ;
#1396 = DIRECTION ( 'NONE',  ( -0.0000000000000000000, -1.000000000000000000, -0.0000000000000000000 ) ) ;
#1397 = EDGE_LOOP ( 'NONE', ( #9, #1646 ) ) ;
#1398 = EDGE_LOOP ( 'NONE', ( #1377, #1731 ) ) ;
#1399 = CARTESIAN_POINT ( 'NONE',  ( -3.349999999999995204, 0.5000000000000000000, -4.499999999999999112 ) ) ;
#1400 = DIRECTION ( 'NONE',  ( 0.0000000000000000000, 0.0000000000000000000, -1.000000000000000000 ) ) ;
#1401 = ORIENTED_EDGE ( 'NONE', *, *, #1075, .T. ) ;
#1402 = DIRECTION ( 'NONE',  ( 0.0000000000000000000, 1.000000000000000000, 0.0000000000000000000 ) ) ;
#1403 = EDGE_CURVE ( 'NONE', #227, #2021, #369, .T. ) ;
#1404 =( LENGTH_UNIT ( ) NAMED_UNIT ( * ) SI_UNIT ( .MILLI., .METRE. ) );
#1405 = EDGE_CURVE ( 'NONE', #79, #1984, #120, .T. ) ;
#1406 = CARTESIAN_POINT ( 'NONE',  ( 12.14999999999999858, 1.600000000000000089, 9.799999999999998934 ) ) ;
#1407 = PRODUCT_DEFINITION_SHAPE ( 'NONE', 'NONE',  #500 ) ;
#1408 = CARTESIAN_POINT ( 'NONE',  ( -14.85000000000001741, 1.600000000000000089, 0.02000000000000005246 ) ) ;
#1409 = ORIENTED_EDGE ( 'NONE', *, *, #770, .T. ) ;
#1410 =( NAMED_UNIT ( * ) SI_UNIT ( $, .STERADIAN. ) SOLID_ANGLE_UNIT ( ) );
#1411 = LINE ( 'NONE', #590, #1782 ) ;
#1412 =( NAMED_UNIT ( * ) PLANE_ANGLE_UNIT ( ) SI_UNIT ( $, .RADIAN. ) );
#1413 = DIRECTION ( 'NONE',  ( 0.0000000000000000000, 0.0000000000000000000, -1.000000000000000000 ) ) ;
#1414 = ORIENTED_EDGE ( 'NONE', *, *, #858, .T. ) ;
#1415 = DIRECTION ( 'NONE',  ( -0.0000000000000000000, -1.000000000000000000, -0.0000000000000000000 ) ) ;
#1416 = FILL_AREA_STYLE_COLOUR ( '', #660 ) ;
#1417 = CARTESIAN_POINT ( 'NONE',  ( 5.150000000000005684, 0.5000000000000000000, 8.500000000000000000 ) ) ;
#1418 = VECTOR ( 'NONE', #1779, 1000.000000000000000 ) ;
#1419 = VECTOR ( 'NONE', #934, 1000.000000000000000 ) ;
#1420 = MECHANICAL_DESIGN_GEOMETRIC_PRESENTATION_REPRESENTATION (  '', ( #947 ), #444 ) ;
#1421 = STYLED_ITEM ( 'NONE', ( #1280 ), #242 ) ;
#1422 = SURFACE_SIDE_STYLE ('',( #1077 ) ) ;
#1423 =( LENGTH_UNIT ( ) NAMED_UNIT ( * ) SI_UNIT ( .MILLI., .METRE. ) );
#1424 = AXIS2_PLACEMENT_3D ( 'NONE', #1102, #673, #1445 ) ;
#1425 = AXIS2_PLACEMENT_3D ( 'NONE', #1468, #1189, #524 ) ;
#1426 = CARTESIAN_POINT ( 'NONE',  ( 14.84999999999997478, 1.600000000000000089, -2.519999999999999574 ) ) ;
#1427 = MECHANICAL_DESIGN_GEOMETRIC_PRESENTATION_REPRESENTATION (  '', ( #1579 ), #2042 ) ;
#1428 = ORIENTED_EDGE ( 'NONE', *, *, #1674, .T. ) ;
#1429 = AXIS2_PLACEMENT_3D ( 'NONE', #976, #1279, #1449 ) ;
#1430 = CARTESIAN_POINT ( 'NONE',  ( 12.15000000000000213, 7.699999999999999289, -8.800000000000002487 ) ) ;
#1431 = CARTESIAN_POINT ( 'NONE',  ( 12.14999999999999858, 7.200000000000000178, 9.799999999999998934 ) ) ;
#1432 = ORIENTED_EDGE ( 'NONE', *, *, #974, .F. ) ;
#1433 = EDGE_CURVE ( 'NONE', #1146, #601, #1167, .T. ) ;
#1434 = DIRECTION ( 'NONE',  ( 0.0000000000000000000, 1.000000000000000000, 0.0000000000000000000 ) ) ;
#1435 = CYLINDRICAL_SURFACE ( 'NONE', #1175, 0.4999999999999987232 ) ;
#1436 = EDGE_LOOP ( 'NONE', ( #1471, #746, #902, #568 ) ) ;
#1437 = DIRECTION ( 'NONE',  ( 0.0000000000000000000, -1.000000000000000000, 0.0000000000000000000 ) ) ;
#1438 =( LENGTH_UNIT ( ) NAMED_UNIT ( * ) SI_UNIT ( .MILLI., .METRE. ) );
#1439 = EDGE_CURVE ( 'NONE', #1537, #71, #421, .T. ) ;
#1440 = CARTESIAN_POINT ( 'NONE',  ( -12.64999999999999680, 7.699999999999999289, 8.799999999999998934 ) ) ;
#1441 = DIRECTION ( 'NONE',  ( 0.0000000000000000000, 1.000000000000000000, 0.0000000000000000000 ) ) ;
#1442 = DIRECTION ( 'NONE',  ( 0.0000000000000000000, 1.000000000000000000, 0.0000000000000000000 ) ) ;
#1443 = DIRECTION ( 'NONE',  ( 0.0000000000000000000, 0.0000000000000000000, 1.000000000000000000 ) ) ;
#1444 = SURFACE_STYLE_USAGE ( .BOTH. , #1289 ) ;
#1445 = DIRECTION ( 'NONE',  ( 0.0000000000000000000, 0.0000000000000000000, -1.000000000000000000 ) ) ;
#1446 = SURFACE_SIDE_STYLE ('',( #793 ) ) ;
#1447 = DIRECTION ( 'NONE',  ( -0.0000000000000000000, -1.000000000000000000, -0.0000000000000000000 ) ) ;
#1448 = AXIS2_PLACEMENT_3D ( 'NONE', #2030, #2014, #437 ) ;
#1449 = DIRECTION ( 'NONE',  ( 0.0000000000000000000, 0.0000000000000000000, 1.000000000000000000 ) ) ;
#1450 = EDGE_CURVE ( 'NONE', #315, #332, #1941, .T. ) ;
#1451 = AXIS2_PLACEMENT_3D ( 'NONE', #1463, #1963, #672 ) ;
#1452 = TOROIDAL_SURFACE ( 'NONE', #1451, 0.5000000000000000000, 0.5000000000000000000 ) ;
#1453 = VERTEX_POINT ( 'NONE', #600 ) ;
#1454 = ADVANCED_FACE ( 'NONE', ( #747 ), #101, .F. ) ;
#1455 = FACE_BOUND ( 'NONE', #1397, .T. ) ;
#1456 = EDGE_LOOP ( 'NONE', ( #544, #25, #1524, #751 ) ) ;
#1457 = CARTESIAN_POINT ( 'NONE',  ( -14.84999999999999964, 0.0000000000000000000, 5.599999999999998757 ) ) ;
#1458 = CYLINDRICAL_SURFACE ( 'NONE', #1107, 0.4999999999999987232 ) ;
#1459 = CARTESIAN_POINT ( 'NONE',  ( 0.0000000000000000000, 7.200000000000000178, -9.300000000000002487 ) ) ;
#1460 = CYLINDRICAL_SURFACE ( 'NONE', #1572, 1.000000000000000888 ) ;
#1461 = EDGE_CURVE ( 'NONE', #1633, #1284, #1518, .T. ) ;
#1462 = ORIENTED_EDGE ( 'NONE', *, *, #1752, .T. ) ;
#1463 = CARTESIAN_POINT ( 'NONE',  ( -12.14999999999999680, 7.200000000000000178, -8.800000000000002487 ) ) ;
#1464 = CARTESIAN_POINT ( 'NONE',  ( 12.14999999999999858, 7.699999999999999289, 9.299999999999998934 ) ) ;
#1465 = CARTESIAN_POINT ( 'NONE',  ( -14.85000000000001741, 1.600000000000000089, 0.5199999999999990186 ) ) ;
#1466 = CARTESIAN_POINT ( 'NONE',  ( -14.85000000000001741, 1.600000000000000089, -0.4799999999999988720 ) ) ;
#1467 = DIRECTION ( 'NONE',  ( 0.0000000000000000000, 0.0000000000000000000, -1.000000000000000000 ) ) ;
#1468 = CARTESIAN_POINT ( 'NONE',  ( 14.84999999999997478, 0.0000000000000000000, -2.519999999999999574 ) ) ;
#1469 = ORIENTED_EDGE ( 'NONE', *, *, #1728, .T. ) ;
#1470 = DIRECTION ( 'NONE',  ( 0.0000000000000000000, 0.0000000000000000000, 1.000000000000000000 ) ) ;
#1471 = ORIENTED_EDGE ( 'NONE', *, *, #417, .T. ) ;
#1472 = EDGE_CURVE ( 'NONE', #70, #187, #729, .T. ) ;
#1473 = FACE_OUTER_BOUND ( 'NONE', #486, .T. ) ;
#1474 = CARTESIAN_POINT ( 'NONE',  ( 14.84999999999996589, 0.0000000000000000000, -5.060000000000000497 ) ) ;
#1475 = ORIENTED_EDGE ( 'NONE', *, *, #1586, .F. ) ;
#1476 = DIRECTION ( 'NONE',  ( 0.0000000000000000000, -1.000000000000000000, 0.0000000000000000000 ) ) ;
#1477 = COLOUR_RGB ( '',0.0000000000000000000, 1.000000000000000000, 1.000000000000000000 ) ;
#1478 = COLOUR_RGB ( '',0.0000000000000000000, 0.7529411764705882248, 0.0000000000000000000 ) ;
#1479 = VERTEX_POINT ( 'NONE', #1366 ) ;
#1480 = CIRCLE ( 'NONE', #253, 0.5000000000000004441 ) ;
#1481 = FACE_OUTER_BOUND ( 'NONE', #562, .T. ) ;
#1482 = SURFACE_SIDE_STYLE ('',( #1178 ) ) ;
#1483 = VECTOR ( 'NONE', #943, 1000.000000000000000 ) ;
#1484 = EDGE_CURVE ( 'NONE', #390, #1694, #259, .T. ) ;
#1485 = FACE_BOUND ( 'NONE', #1398, .T. ) ;
#1486 = CARTESIAN_POINT ( 'NONE',  ( -14.85000000000000853, 1.600000000000000089, 2.560000000000000053 ) ) ;
#1487 = EDGE_CURVE ( 'NONE', #1824, #854, #1057, .T. ) ;
#1488 = FACE_OUTER_BOUND ( 'NONE', #1074, .T. ) ;
#1489 = VERTEX_POINT ( 'NONE', #1856 ) ;
#1490 = CYLINDRICAL_SURFACE ( 'NONE', #387, 1.000000000000000000 ) ;
#1491 = PRESENTATION_STYLE_ASSIGNMENT (( #1810 ) ) ;
#1492 = ORIENTED_EDGE ( 'NONE', *, *, #707, .F. ) ;
#1493 = PLANE ( 'NONE',  #312 ) ;
#1494 = DIRECTION ( 'NONE',  ( 0.0000000000000000000, 0.0000000000000000000, 1.000000000000000000 ) ) ;
#1495 = CARTESIAN_POINT ( 'NONE',  ( 0.0000000000000000000, 0.0000000000000000000, 0.0000000000000000000 ) ) ;
#1496 = DIRECTION ( 'NONE',  ( 0.0000000000000000000, 0.0000000000000000000, 1.000000000000000000 ) ) ;
#1497 = ORIENTED_EDGE ( 'NONE', *, *, #1296, .T. ) ;
#1498 = EDGE_CURVE ( 'NONE', #70, #776, #1611, .T. ) ;
#1499 = CARTESIAN_POINT ( 'NONE',  ( -14.85000000000001741, 1.600000000000000089, 0.02000000000000005246 ) ) ;
#1500 = LINE ( 'NONE', #1173, #476 ) ;
#1501 = VERTEX_POINT ( 'NONE', #912 ) ;
#1502 = DIRECTION ( 'NONE',  ( 0.0000000000000000000, 0.0000000000000000000, 1.000000000000000000 ) ) ;
#1503 = ORIENTED_EDGE ( 'NONE', *, *, #707, .T. ) ;
#1504 = CARTESIAN_POINT ( 'NONE',  ( 14.84999999999999964, 1.600000000000000089, 5.100000000000000533 ) ) ;
#1505 = CARTESIAN_POINT ( 'NONE',  ( -11.84999999999999609, -0.0000000000000000000, -4.500000000000000000 ) ) ;
#1506 = CARTESIAN_POINT ( 'NONE',  ( 16.12000000000000099, 1.600000000000000089, 6.619999999999999218 ) ) ;
#1507 = ORIENTED_EDGE ( 'NONE', *, *, #27, .T. ) ;
#1508 = ADVANCED_FACE ( 'NONE', ( #1541, #759, #477, #1730, #1762, #1288 ), #938, .T. ) ;
#1509 = AXIS2_PLACEMENT_3D ( 'NONE', #114, #413, #926 ) ;
#1510 = VECTOR ( 'NONE', #1808, 1000.000000000000000 ) ;
#1511 = EDGE_CURVE ( 'NONE', #1796, #48, #174, .T. ) ;
#1512 = ORIENTED_EDGE ( 'NONE', *, *, #1164, .T. ) ;
#1513 = EDGE_CURVE ( 'NONE', #390, #1380, #629, .T. ) ;
#1514 = ORIENTED_EDGE ( 'NONE', *, *, #473, .F. ) ;
#1515 = CARTESIAN_POINT ( 'NONE',  ( -12.14999999999999680, 7.200000000000000178, 9.299999999999998934 ) ) ;
#1516 = CIRCLE ( 'NONE', #2035, 0.4999999999999987232 ) ;
#1517 = AXIS2_PLACEMENT_3D ( 'NONE', #1504, #1978, #487 ) ;
#1518 = LINE ( 'NONE', #1406, #348 ) ;
#1519 = VECTOR ( 'NONE', #1437, 1000.000000000000000 ) ;
#1520 = VECTOR ( 'NONE', #337, 1000.000000000000000 ) ;
#1521 = VECTOR ( 'NONE', #1370, 1000.000000000000000 ) ;
#1522 = DIRECTION ( 'NONE',  ( 0.0000000000000000000, 0.0000000000000000000, 1.000000000000000000 ) ) ;
#1523 = PRESENTATION_STYLE_ASSIGNMENT (( #93 ) ) ;
#1524 = ORIENTED_EDGE ( 'NONE', *, *, #14, .F. ) ;
#1525 = MECHANICAL_DESIGN_GEOMETRIC_PRESENTATION_REPRESENTATION (  '', ( #1617 ), #258 ) ;
#1526 = CARTESIAN_POINT ( 'NONE',  ( 14.84999999999998366, 1.600000000000000089, 0.02000000000000005246 ) ) ;
#1527 = ORIENTED_EDGE ( 'NONE', *, *, #1153, .F. ) ;
#1528 = EDGE_LOOP ( 'NONE', ( #635, #1798, #1668, #1306 ) ) ;
#1529 = EDGE_CURVE ( 'NONE', #141, #584, #953, .T. ) ;
#1530 = DIRECTION ( 'NONE',  ( 0.0000000000000000000, 1.000000000000000000, 0.0000000000000000000 ) ) ;
#1531 = ORIENTED_EDGE ( 'NONE', *, *, #1274, .T. ) ;
#1532 = VERTEX_POINT ( 'NONE', #798 ) ;
#1533 = ORIENTED_EDGE ( 'NONE', *, *, #905, .T. ) ;
#1534 = UNCERTAINTY_MEASURE_WITH_UNIT (LENGTH_MEASURE( 1.000000000000000082E-05 ), #1685, 'distance_accuracy_value', 'NONE');
#1535 = DIRECTION ( 'NONE',  ( -3.242473786872536800E-16, 0.0000000000000000000, 1.000000000000000000 ) ) ;
#1536 = CARTESIAN_POINT ( 'NONE',  ( 13.15000000000000036, 7.200000000000000178, 8.799999999999998934 ) ) ;
#1537 = VERTEX_POINT ( 'NONE', #1 ) ;
#1538 = CARTESIAN_POINT ( 'NONE',  ( -13.14999999999999680, 7.200000000000000178, 8.799999999999998934 ) ) ;
#1539 = CARTESIAN_POINT ( 'NONE',  ( -16.07999999999999474, 1.600000000000000089, -4.079999999999994742 ) ) ;
#1540 = CARTESIAN_POINT ( 'NONE',  ( 14.84999999999998366, 1.600000000000000089, 0.02000000000000005246 ) ) ;
#1541 = FACE_OUTER_BOUND ( 'NONE', #808, .T. ) ;
#1542 = ORIENTED_EDGE ( 'NONE', *, *, #1136, .T. ) ;
#1543 = LINE ( 'NONE', #125, #1712 ) ;
#1544 = CARTESIAN_POINT ( 'NONE',  ( -12.64999999999999680, 7.699999999999999289, -8.800000000000002487 ) ) ;
#1545 = ORIENTED_EDGE ( 'NONE', *, *, #1071, .F. ) ;
#1546 = CIRCLE ( 'NONE', #1049, 1.000000000000000000 ) ;
#1547 = DIRECTION ( 'NONE',  ( -0.0000000000000000000, -1.000000000000000000, -0.0000000000000000000 ) ) ;
#1548 =( LENGTH_UNIT ( ) NAMED_UNIT ( * ) SI_UNIT ( .MILLI., .METRE. ) );
#1549 = DIRECTION ( 'NONE',  ( -1.000000000000000000, -0.0000000000000000000, -0.0000000000000000000 ) ) ;
#1550 = DIRECTION ( 'NONE',  ( 0.0000000000000000000, 1.000000000000000000, 0.0000000000000000000 ) ) ;
#1551 = DIRECTION ( 'NONE',  ( 0.0000000000000000000, 0.0000000000000000000, 1.000000000000000000 ) ) ;
#1552 = ORIENTED_EDGE ( 'NONE', *, *, #354, .T. ) ;
#1553 = SURFACE_STYLE_USAGE ( .BOTH. , #1422 ) ;
#1554 = CARTESIAN_POINT ( 'NONE',  ( -14.85000000000002629, 1.600000000000000089, -3.019999999999998241 ) ) ;
#1555 = EDGE_CURVE ( 'NONE', #834, #1794, #1258, .T. ) ;
#1556 = DIRECTION ( 'NONE',  ( 0.0000000000000000000, 0.0000000000000000000, 1.000000000000000000 ) ) ;
#1557 = CARTESIAN_POINT ( 'NONE',  ( 0.0000000000000000000, 1.600000000000000089, 0.0000000000000000000 ) ) ;
#1558 = FILL_AREA_STYLE_COLOUR ( '', #220 ) ;
#1559 = LINE ( 'NONE', #956, #1144 ) ;
#1560 = CARTESIAN_POINT ( 'NONE',  ( 14.84999999999999964, 1.600000000000000089, 5.100000000000000533 ) ) ;
#1561 = EDGE_LOOP ( 'NONE', ( #1748, #249 ) ) ;
#1562 = DIRECTION ( 'NONE',  ( 0.0000000000000000000, 1.000000000000000000, 0.0000000000000000000 ) ) ;
#1563 = CARTESIAN_POINT ( 'NONE',  ( 14.84999999999998366, 1.600000000000000089, 0.5199999999999990186 ) ) ;
#1564 = ORIENTED_EDGE ( 'NONE', *, *, #656, .T. ) ;
#1565 = CARTESIAN_POINT ( 'NONE',  ( -14.85000000000000853, 0.0000000000000000000, 2.560000000000000053 ) ) ;
#1566 = DIRECTION ( 'NONE',  ( 0.0000000000000000000, 1.000000000000000000, 0.0000000000000000000 ) ) ;
#1567 = ORIENTED_EDGE ( 'NONE', *, *, #1775, .F. ) ;
#1568 = ADVANCED_FACE ( 'NONE', ( #1918 ), #1093, .F. ) ;
#1569 = EDGE_CURVE ( 'NONE', #466, #670, #1846, .T. ) ;
#1570 = SURFACE_STYLE_FILL_AREA ( #940 ) ;
#1571 = CIRCLE ( 'NONE', #512, 0.4999999999999987232 ) ;
#1572 = AXIS2_PLACEMENT_3D ( 'NONE', #67, #404, #892 ) ;
#1573 = VERTEX_POINT ( 'NONE', #1888 ) ;
#1574 = STYLED_ITEM ( 'NONE', ( #566 ), #1098 ) ;
#1575 = LINE ( 'NONE', #2051, #194 ) ;
#1576 = COLOUR_RGB ( '',0.0000000000000000000, 1.000000000000000000, 1.000000000000000000 ) ;
#1577 = VECTOR ( 'NONE', #117, 1000.000000000000000 ) ;
#1578 = FACE_OUTER_BOUND ( 'NONE', #783, .T. ) ;
#1579 = STYLED_ITEM ( 'NONE', ( #1698 ), #1750 ) ;
#1580 = AXIS2_PLACEMENT_3D ( 'NONE', #768, #1547, #1766 ) ;
#1581 = EDGE_LOOP ( 'NONE', ( #1064, #1959 ) ) ;
#1582 =( GEOMETRIC_REPRESENTATION_CONTEXT ( 3 ) GLOBAL_UNCERTAINTY_ASSIGNED_CONTEXT ( ( #1375 ) ) GLOBAL_UNIT_ASSIGNED_CONTEXT ( ( #1803, #712, #1981 ) ) REPRESENTATION_CONTEXT ( 'NONE', 'WORKASPACE' ) );
#1583 = DIRECTION ( 'NONE',  ( 1.000000000000000000, 0.0000000000000000000, 0.0000000000000000000 ) ) ;
#1584 = DIRECTION ( 'NONE',  ( 0.0000000000000000000, 0.0000000000000000000, 1.000000000000000000 ) ) ;
#1585 = ORIENTED_EDGE ( 'NONE', *, *, #533, .T. ) ;
#1586 = EDGE_CURVE ( 'NONE', #1763, #1768, #724, .T. ) ;
#1587 = FACE_OUTER_BOUND ( 'NONE', #2017, .T. ) ;
#1588 = DIRECTION ( 'NONE',  ( 1.000000000000000000, 0.0000000000000000000, 0.0000000000000000000 ) ) ;
#1589 = ORIENTED_EDGE ( 'NONE', *, *, #1439, .T. ) ;
#1590 = CARTESIAN_POINT ( 'NONE',  ( -14.14999999999999503, 1.600000000000000089, 7.620000000000004547 ) ) ;
#1591 = CARTESIAN_POINT ( 'NONE',  ( 14.84999999999999964, 1.600000000000000089, 4.600000000000001421 ) ) ;
#1592 = ORIENTED_EDGE ( 'NONE', *, *, #1529, .T. ) ;
#1593 = CARTESIAN_POINT ( 'NONE',  ( -14.84999999999999964, 1.600000000000000089, 4.600000000000001421 ) ) ;
#1594 = LINE ( 'NONE', #356, #1847 ) ;
#1595 = ORIENTED_EDGE ( 'NONE', *, *, #784, .T. ) ;
#1596 = PLANE ( 'NONE',  #288 ) ;
#1597 = CARTESIAN_POINT ( 'NONE',  ( 14.84999999999998366, 0.0000000000000000000, 0.02000000000000005246 ) ) ;
#1598 = LINE ( 'NONE', #662, #818 ) ;
#1599 = EDGE_CURVE ( 'NONE', #1845, #1744, #1323, .T. ) ;
#1600 = DIRECTION ( 'NONE',  ( -0.0000000000000000000, 1.000000000000000000, -0.0000000000000000000 ) ) ;
#1601 = EDGE_CURVE ( 'NONE', #1123, #1038, #963, .T. ) ;
#1602 = ORIENTED_EDGE ( 'NONE', *, *, #1484, .T. ) ;
#1603 = DIRECTION ( 'NONE',  ( 0.0000000000000000000, 1.000000000000000000, 0.0000000000000000000 ) ) ;
#1604 = ORIENTED_EDGE ( 'NONE', *, *, #2024, .F. ) ;
#1605 = CARTESIAN_POINT ( 'NONE',  ( 13.15000000000000036, 1.600000000000000089, 7.619999999999999218 ) ) ;
#1606 = SURFACE_STYLE_USAGE ( .BOTH. , #1446 ) ;
#1607 = ORIENTED_EDGE ( 'NONE', *, *, #493, .F. ) ;
#1608 = DIRECTION ( 'NONE',  ( 1.000000000000000000, 0.0000000000000000000, 0.0000000000000000000 ) ) ;
#1609 = AXIS2_PLACEMENT_3D ( 'NONE', #1160, #1328, #371 ) ;
#1610 = EDGE_CURVE ( 'NONE', #1265, #530, #87, .T. ) ;
#1611 = CIRCLE ( 'NONE', #723, 0.4999999999999991673 ) ;
#1612 = COLOUR_RGB ( '',0.0000000000000000000, 1.000000000000000000, 1.000000000000000000 ) ;
#1613 = FACE_OUTER_BOUND ( 'NONE', #2046, .T. ) ;
#1614 = AXIS2_PLACEMENT_3D ( 'NONE', #1266, #952, #1584 ) ;
#1615 = AXIS2_PLACEMENT_3D ( 'NONE', #2022, #932, #262 ) ;
#1616 = FILL_AREA_STYLE_COLOUR ( '', #483 ) ;
#1617 = STYLED_ITEM ( 'NONE', ( #502 ), #534 ) ;
#1618 = ORIENTED_EDGE ( 'NONE', *, *, #57, .T. ) ;
#1619 = CARTESIAN_POINT ( 'NONE',  ( -12.64999999999999858, 7.200000000000000178, 8.799999999999998934 ) ) ;
#1620 = CARTESIAN_POINT ( 'NONE',  ( 16.12000000000000099, 1.600000000000000089, 6.619999999999999218 ) ) ;
#1621 = CARTESIAN_POINT ( 'NONE',  ( -14.85000000000000853, 1.600000000000000089, 2.560000000000000053 ) ) ;
#1622 = EDGE_LOOP ( 'NONE', ( #1084, #1293, #957, #1700 ) ) ;
#1623 = DIRECTION ( 'NONE',  ( 0.0000000000000000000, 0.0000000000000000000, -1.000000000000000000 ) ) ;
#1624 = LINE ( 'NONE', #204, #1521 ) ;
#1625 = EDGE_LOOP ( 'NONE', ( #108, #1401, #894, #1819 ) ) ;
#1626 = CYLINDRICAL_SURFACE ( 'NONE', #1781, 0.5000000000000004441 ) ;
#1627 = CARTESIAN_POINT ( 'NONE',  ( -14.85000000000002629, 0.0000000000000000000, -3.019999999999998241 ) ) ;
#1628 = ORIENTED_EDGE ( 'NONE', *, *, #1133, .F. ) ;
#1629 =( NAMED_UNIT ( * ) SI_UNIT ( $, .STERADIAN. ) SOLID_ANGLE_UNIT ( ) );
#1630 = LINE ( 'NONE', #528, #917 ) ;
#1631 = CYLINDRICAL_SURFACE ( 'NONE', #1517, 0.4999999999999987232 ) ;
#1632 = LINE ( 'NONE', #210, #1079 ) ;
#1633 = VERTEX_POINT ( 'NONE', #181 ) ;
#1634 = CARTESIAN_POINT ( 'NONE',  ( 5.150000000000005684, 0.0000000000000000000, 1.000000000000000888 ) ) ;
#1635 = ADVANCED_FACE ( 'NONE', ( #817, #310, #1455, #16, #294 ), #929, .T. ) ;
#1636 = CARTESIAN_POINT ( 'NONE',  ( 13.15000000000000391, 0.0000000000000000000, 8.799999999999998934 ) ) ;
#1637 = SURFACE_SIDE_STYLE ('',( #997 ) ) ;
#1638 = ORIENTED_EDGE ( 'NONE', *, *, #1601, .F. ) ;
#1639 =( NAMED_UNIT ( * ) SI_UNIT ( $, .STERADIAN. ) SOLID_ANGLE_UNIT ( ) );
#1640 = VECTOR ( 'NONE', #1031, 1000.000000000000000 ) ;
#1641 = ORIENTED_EDGE ( 'NONE', *, *, #1814, .T. ) ;
#1642 = CIRCLE ( 'NONE', #2038, 0.4999999999999989453 ) ;
#1643 = STYLED_ITEM ( 'NONE', ( #819 ), #324 ) ;
#1644 = SURFACE_STYLE_FILL_AREA ( #375 ) ;
#1645 = ORIENTED_EDGE ( 'NONE', *, *, #1837, .T. ) ;
#1646 = ORIENTED_EDGE ( 'NONE', *, *, #1342, .F. ) ;
#1647 = CARTESIAN_POINT ( 'NONE',  ( -3.349999999999995204, -0.0000000000000000000, -4.499999999999999112 ) ) ;
#1648 = PRESENTATION_LAYER_ASSIGNMENT (  '', '', ( #1322 ) ) ;
#1649 = VECTOR ( 'NONE', #509, 1000.000000000000000 ) ;
#1650 = ADVANCED_FACE ( 'NONE', ( #630 ), #641, .F. ) ;
#1651 = COLOUR_RGB ( '',0.0000000000000000000, 1.000000000000000000, 1.000000000000000000 ) ;
#1652 = LINE ( 'NONE', #1933, #11 ) ;
#1653 = FILL_AREA_STYLE ('',( #1359 ) ) ;
#1654 = DIRECTION ( 'NONE',  ( 0.0000000000000000000, 0.0000000000000000000, 1.000000000000000000 ) ) ;
#1655 = ORIENTED_EDGE ( 'NONE', *, *, #176, .F. ) ;
#1656 = LINE ( 'NONE', #1822, #1640 ) ;
#1657 = ORIENTED_EDGE ( 'NONE', *, *, #800, .F. ) ;
#1658 = ORIENTED_EDGE ( 'NONE', *, *, #2060, .T. ) ;
#1659 = DIRECTION ( 'NONE',  ( 0.0000000000000000000, 1.000000000000000000, 0.0000000000000000000 ) ) ;
#1660 = LINE ( 'NONE', #1149, #1780 ) ;
#1661 = UNCERTAINTY_MEASURE_WITH_UNIT (LENGTH_MEASURE( 1.000000000000000082E-05 ), #1287, 'distance_accuracy_value', 'NONE');
#1662 = EDGE_CURVE ( 'NONE', #1772, #1984, #598, .T. ) ;
#1663 = CARTESIAN_POINT ( 'NONE',  ( 12.15000000000000036, 7.200000000000000178, 8.799999999999998934 ) ) ;
#1664 = DIRECTION ( 'NONE',  ( 0.0000000000000000000, 1.000000000000000000, 0.0000000000000000000 ) ) ;
#1665 = ORIENTED_EDGE ( 'NONE', *, *, #858, .F. ) ;
#1666 = CARTESIAN_POINT ( 'NONE',  ( 14.84999999999999964, 0.0000000000000000000, 4.600000000000001421 ) ) ;
#1667 = DIRECTION ( 'NONE',  ( 0.0000000000000000000, 0.0000000000000000000, 1.000000000000000000 ) ) ;
#1668 = ORIENTED_EDGE ( 'NONE', *, *, #1461, .F. ) ;
#1669 = ORIENTED_EDGE ( 'NONE', *, *, #517, .T. ) ;
#1670 = ORIENTED_EDGE ( 'NONE', *, *, #2015, .T. ) ;
#1671 = SURFACE_STYLE_FILL_AREA ( #248 ) ;
#1672 = ORIENTED_EDGE ( 'NONE', *, *, #155, .T. ) ;
#1673 = DIRECTION ( 'NONE',  ( 0.0000000000000000000, 0.0000000000000000000, 1.000000000000000000 ) ) ;
#1674 = EDGE_CURVE ( 'NONE', #1887, #688, #1771, .T. ) ;
#1675 = AXIS2_PLACEMENT_3D ( 'NONE', #1820, #579, #1673 ) ;
#1676 = AXIS2_PLACEMENT_3D ( 'NONE', #638, #131, #605 ) ;
#1677 = VERTEX_POINT ( 'NONE', #197 ) ;
#1678 = AXIS2_PLACEMENT_3D ( 'NONE', #1459, #1608, #804 ) ;
#1679 = CARTESIAN_POINT ( 'NONE',  ( 12.15000000000000213, 0.0000000000000000000, -8.800000000000002487 ) ) ;
#1680 = STYLED_ITEM ( 'NONE', ( #325 ), #1309 ) ;
#1681 = AXIS2_PLACEMENT_3D ( 'NONE', #1540, #781, #1413 ) ;
#1682 = ORIENTED_EDGE ( 'NONE', *, *, #671, .F. ) ;
#1683 = AXIS2_PLACEMENT_3D ( 'NONE', #1430, #1603, #1751 ) ;
#1684 = CIRCLE ( 'NONE', #1082, 0.4999999999999991673 ) ;
#1685 =( LENGTH_UNIT ( ) NAMED_UNIT ( * ) SI_UNIT ( .MILLI., .METRE. ) );
#1686 = DIRECTION ( 'NONE',  ( 0.0000000000000000000, 0.0000000000000000000, 1.000000000000000000 ) ) ;
#1687 = ORIENTED_EDGE ( 'NONE', *, *, #54, .F. ) ;
#1688 = VECTOR ( 'NONE', #270, 1000.000000000000000 ) ;
#1689 = PRODUCT_DEFINITION_FORMATION_WITH_SPECIFIED_SOURCE ( 'ANY', '', #46, .NOT_KNOWN. ) ;
#1690 = SURFACE_SIDE_STYLE ('',( #1954 ) ) ;
#1691 = CARTESIAN_POINT ( 'NONE',  ( 14.14999999999999858, 0.0000000000000000000, 6.619999999999999218 ) ) ;
#1692 = EDGE_CURVE ( 'NONE', #124, #948, #992, .T. ) ;
#1693 = ORIENTED_EDGE ( 'NONE', *, *, #1439, .F. ) ;
#1694 = VERTEX_POINT ( 'NONE', #1318 ) ;
#1695 = DIRECTION ( 'NONE',  ( 0.0000000000000000000, 0.0000000000000000000, 1.000000000000000000 ) ) ;
#1696 = FACE_OUTER_BOUND ( 'NONE', #1770, .T. ) ;
#1697 = ORIENTED_EDGE ( 'NONE', *, *, #1028, .T. ) ;
#1698 = PRESENTATION_STYLE_ASSIGNMENT (( #1718 ) ) ;
#1699 = CARTESIAN_POINT ( 'NONE',  ( 14.84999999999999254, 1.600000000000000089, 3.059999999999999165 ) ) ;
#1700 = ORIENTED_EDGE ( 'NONE', *, *, #1674, .F. ) ;
#1701 = DIRECTION ( 'NONE',  ( 0.0000000000000000000, 1.000000000000000000, 0.0000000000000000000 ) ) ;
#1702 = VERTEX_POINT ( 'NONE', #1627 ) ;
#1703 = UNCERTAINTY_MEASURE_WITH_UNIT (LENGTH_MEASURE( 1.000000000000000082E-05 ), #429, 'distance_accuracy_value', 'NONE');
#1704 = CARTESIAN_POINT ( 'NONE',  ( -14.85000000000001741, 1.600000000000000089, -0.4799999999999988720 ) ) ;
#1705 = DIRECTION ( 'NONE',  ( 0.0000000000000000000, 0.0000000000000000000, -1.000000000000000000 ) ) ;
#1706 = FACE_OUTER_BOUND ( 'NONE', #1436, .T. ) ;
#1707 = CARTESIAN_POINT ( 'NONE',  ( 5.150000000000005684, 0.5000000000000000000, 1.000000000000000888 ) ) ;
#1708 = DIRECTION ( 'NONE',  ( -0.0000000000000000000, 1.000000000000000000, -0.0000000000000000000 ) ) ;
#1709 = ORIENTED_EDGE ( 'NONE', *, *, #27, .F. ) ;
#1710 = SURFACE_STYLE_FILL_AREA ( #286 ) ;
#1711 = AXIS2_PLACEMENT_3D ( 'NONE', #1996, #1086, #1988 ) ;
#1712 = VECTOR ( 'NONE', #760, 1000.000000000000000 ) ;
#1713 = AXIS2_PLACEMENT_3D ( 'NONE', #1261, #1889, #1928 ) ;
#1714 = LINE ( 'NONE', #1205, #283 ) ;
#1715 = EDGE_CURVE ( 'NONE', #1832, #1256, #351, .T. ) ;
#1716 = LINE ( 'NONE', #290, #1688 ) ;
#1717 = CARTESIAN_POINT ( 'NONE',  ( -13.14999999999999680, 1.600000000000000089, 6.620000000000004547 ) ) ;
#1718 = SURFACE_STYLE_USAGE ( .BOTH. , #1690 ) ;
#1719 = TOROIDAL_SURFACE ( 'NONE', #985, 0.5000000000000000000, 0.5000000000000000000 ) ;
#1720 = DIRECTION ( 'NONE',  ( -0.0000000000000000000, -1.000000000000000000, -0.0000000000000000000 ) ) ;
#1721 = ORIENTED_EDGE ( 'NONE', *, *, #473, .T. ) ;
#1722 = UNCERTAINTY_MEASURE_WITH_UNIT (LENGTH_MEASURE( 1.000000000000000082E-05 ), #106, 'distance_accuracy_value', 'NONE');
#1723 = DIRECTION ( 'NONE',  ( -1.000000000000000000, 0.0000000000000000000, 0.0000000000000000000 ) ) ;
#1724 = ADVANCED_FACE ( 'NONE', ( #251 ), #1048, .F. ) ;
#1725 = DIRECTION ( 'NONE',  ( 0.0000000000000000000, 0.0000000000000000000, -1.000000000000000000 ) ) ;
#1726 =( NAMED_UNIT ( * ) PLANE_ANGLE_UNIT ( ) SI_UNIT ( $, .RADIAN. ) );
#1727 = CARTESIAN_POINT ( 'NONE',  ( -14.85000000000000853, 1.600000000000000089, 2.060000000000000941 ) ) ;
#1728 = EDGE_CURVE ( 'NONE', #1755, #1046, #205, .T. ) ;
#1729 = PLANE ( 'NONE',  #725 ) ;
#1730 = FACE_BOUND ( 'NONE', #941, .T. ) ;
#1731 = ORIENTED_EDGE ( 'NONE', *, *, #1246, .T. ) ;
#1732 = FILL_AREA_STYLE_COLOUR ( '', #7 ) ;
#1733 = ORIENTED_EDGE ( 'NONE', *, *, #831, .T. ) ;
#1734 = FACE_OUTER_BOUND ( 'NONE', #896, .T. ) ;
#1735 = CARTESIAN_POINT ( 'NONE',  ( -13.14999999999999680, 0.0000000000000000000, 7.620000000000004547 ) ) ;
#1736 = ADVANCED_FACE ( 'NONE', ( #1481 ), #414, .F. ) ;
#1737 = ORIENTED_EDGE ( 'NONE', *, *, #773, .T. ) ;
#1738 = DIRECTION ( 'NONE',  ( 0.0000000000000000000, 1.000000000000000000, 0.0000000000000000000 ) ) ;
#1739 = EDGE_LOOP ( 'NONE', ( #1229, #144 ) ) ;
#1740 = DIRECTION ( 'NONE',  ( 0.0000000000000000000, 1.000000000000000000, 0.0000000000000000000 ) ) ;
#1741 = MECHANICAL_DESIGN_GEOMETRIC_PRESENTATION_REPRESENTATION (  '', ( #89 ), #450 ) ;
#1742 = PRESENTATION_LAYER_ASSIGNMENT (  '', '', ( #1939 ) ) ;
#1743 = LINE ( 'NONE', #674, #698 ) ;
#1744 = VERTEX_POINT ( 'NONE', #1992 ) ;
#1745 =( GEOMETRIC_REPRESENTATION_CONTEXT ( 3 ) GLOBAL_UNCERTAINTY_ASSIGNED_CONTEXT ( ( #28 ) ) GLOBAL_UNIT_ASSIGNED_CONTEXT ( ( #1132, #2057, #2039 ) ) REPRESENTATION_CONTEXT ( 'NONE', 'WORKASPACE' ) );
#1746 = CARTESIAN_POINT ( 'NONE',  ( -14.85000000000000853, 1.600000000000000089, 2.560000000000000053 ) ) ;
#1747 = CARTESIAN_POINT ( 'NONE',  ( -12.14999999999999680, 7.200000000000000178, 8.799999999999998934 ) ) ;
#1748 = ORIENTED_EDGE ( 'NONE', *, *, #2015, .F. ) ;
#1749 = CIRCLE ( 'NONE', #727, 1.000000000000000000 ) ;
#1750 = ADVANCED_FACE ( 'NONE', ( #366 ), #1332, .T. ) ;
#1751 = DIRECTION ( 'NONE',  ( 0.0000000000000000000, 0.0000000000000000000, 1.000000000000000000 ) ) ;
#1752 = EDGE_CURVE ( 'NONE', #1330, #572, #1411, .T. ) ;
#1753 = PLANE ( 'NONE',  #1713 ) ;
#1754 =( NAMED_UNIT ( * ) SI_UNIT ( $, .STERADIAN. ) SOLID_ANGLE_UNIT ( ) );
#1755 = VERTEX_POINT ( 'NONE', #428 ) ;
#1756 = DIRECTION ( 'NONE',  ( -0.0000000000000000000, -1.000000000000000000, -0.0000000000000000000 ) ) ;
#1757 = CARTESIAN_POINT ( 'NONE',  ( 12.65000000000000213, 7.200000000000000178, 8.799999999999998934 ) ) ;
#1758 = EDGE_LOOP ( 'NONE', ( #171, #478, #65, #665 ) ) ;
#1759 = DIRECTION ( 'NONE',  ( -1.000000000000000000, -0.0000000000000000000, 2.920409892216841710E-16 ) ) ;
#1760 = VERTEX_POINT ( 'NONE', #291 ) ;
#1761 = PRESENTATION_STYLE_ASSIGNMENT (( #1112 ) ) ;
#1762 = FACE_BOUND ( 'NONE', #965, .T. ) ;
#1763 = VERTEX_POINT ( 'NONE', #305 ) ;
#1764 = CYLINDRICAL_SURFACE ( 'NONE', #1424, 0.4999999999999987232 ) ;
#1765 = ADVANCED_FACE ( 'NONE', ( #1883 ), #604, .F. ) ;
#1766 = DIRECTION ( 'NONE',  ( 0.0000000000000000000, 0.0000000000000000000, 1.000000000000000000 ) ) ;
#1767 = DIRECTION ( 'NONE',  ( 0.0000000000000000000, 0.0000000000000000000, 1.000000000000000000 ) ) ;
#1768 = VERTEX_POINT ( 'NONE', #1091 ) ;
#1769 = DIRECTION ( 'NONE',  ( -0.0000000000000000000, -1.000000000000000000, -0.0000000000000000000 ) ) ;
#1770 = EDGE_LOOP ( 'NONE', ( #1166, #990, #435, #460 ) ) ;
#1771 = LINE ( 'NONE', #341, #1254 ) ;
#1772 = VERTEX_POINT ( 'NONE', #916 ) ;
#1773 = EDGE_CURVE ( 'NONE', #1095, #1537, #1546, .T. ) ;
#1774 = DIRECTION ( 'NONE',  ( -0.0000000000000000000, -1.000000000000000000, -0.0000000000000000000 ) ) ;
#1775 = EDGE_CURVE ( 'NONE', #794, #670, #1068, .T. ) ;
#1776 = CIRCLE ( 'NONE', #690, 1.000000000000000000 ) ;
#1777 = CYLINDRICAL_SURFACE ( 'NONE', #13, 0.4999999999999991673 ) ;
#1778 =( NAMED_UNIT ( * ) SI_UNIT ( $, .STERADIAN. ) SOLID_ANGLE_UNIT ( ) );
#1779 = DIRECTION ( 'NONE',  ( -5.455105270367317374E-16, 0.0000000000000000000, -1.000000000000000000 ) ) ;
#1780 = VECTOR ( 'NONE', #1324, 1000.000000000000000 ) ;
#1781 = AXIS2_PLACEMENT_3D ( 'NONE', #405, #1971, #398 ) ;
#1782 = VECTOR ( 'NONE', #1868, 1000.000000000000000 ) ;
#1783 = AXIS2_PLACEMENT_3D ( 'NONE', #1408, #1530, #1551 ) ;
#1784 = SURFACE_STYLE_USAGE ( .BOTH. , #1482 ) ;
#1785 = UNCERTAINTY_MEASURE_WITH_UNIT (LENGTH_MEASURE( 1.000000000000000082E-05 ), #710, 'distance_accuracy_value', 'NONE');
#1786 = CARTESIAN_POINT ( 'NONE',  ( 16.12000000000000099, 1.600000000000000089, 6.619999999999999218 ) ) ;
#1787 = ORIENTED_EDGE ( 'NONE', *, *, #129, .F. ) ;
#1788 = CARTESIAN_POINT ( 'NONE',  ( 12.15000000000000036, 0.0000000000000000000, 8.799999999999998934 ) ) ;
#1789 = ORIENTED_EDGE ( 'NONE', *, *, #1773, .T. ) ;
#1790 = ADVANCED_FACE ( 'NONE', ( #1706 ), #386, .T. ) ;
#1791 = ORIENTED_EDGE ( 'NONE', *, *, #1376, .F. ) ;
#1792 = DIRECTION ( 'NONE',  ( 0.0000000000000000000, 0.0000000000000000000, 1.000000000000000000 ) ) ;
#1793 = CARTESIAN_POINT ( 'NONE',  ( 12.15000000000000213, 7.200000000000000178, -8.800000000000002487 ) ) ;
#1794 = VERTEX_POINT ( 'NONE', #107 ) ;
#1795 = DIRECTION ( 'NONE',  ( 0.0000000000000000000, 1.000000000000000000, 0.0000000000000000000 ) ) ;
#1796 = VERTEX_POINT ( 'NONE', #494 ) ;
#1797 = EDGE_CURVE ( 'NONE', #1702, #1002, #1880, .T. ) ;
#1798 = ORIENTED_EDGE ( 'NONE', *, *, #1853, .T. ) ;
#1799 = CARTESIAN_POINT ( 'NONE',  ( 14.84999999999999964, 1.600000000000000089, 5.100000000000000533 ) ) ;
#1800 = CARTESIAN_POINT ( 'NONE',  ( -11.84999999999999609, -0.0000000000000000000, -4.500000000000000000 ) ) ;
#1801 = UNCERTAINTY_MEASURE_WITH_UNIT (LENGTH_MEASURE( 1.000000000000000082E-05 ), #1218, 'distance_accuracy_value', 'NONE');
#1802 = FACE_BOUND ( 'NONE', #1581, .T. ) ;
#1803 =( LENGTH_UNIT ( ) NAMED_UNIT ( * ) SI_UNIT ( .MILLI., .METRE. ) );
#1804 = ORIENTED_EDGE ( 'NONE', *, *, #232, .F. ) ;
#1805 = DIRECTION ( 'NONE',  ( 0.0000000000000000000, 0.0000000000000000000, 1.000000000000000000 ) ) ;
#1806 = CIRCLE ( 'NONE', #311, 0.4999999999999987232 ) ;
#1807 = AXIS2_PLACEMENT_3D ( 'NONE', #1565, #1861, #755 ) ;
#1808 = DIRECTION ( 'NONE',  ( -1.000000000000000000, -0.0000000000000000000, -0.0000000000000000000 ) ) ;
#1809 = VECTOR ( 'NONE', #1502, 1000.000000000000000 ) ;
#1810 = SURFACE_STYLE_USAGE ( .BOTH. , #570 ) ;
#1811 = ORIENTED_EDGE ( 'NONE', *, *, #336, .F. ) ;
#1812 = CIRCLE ( 'NONE', #821, 0.5000000000000004441 ) ;
#1813 = PLANE ( 'NONE',  #186 ) ;
#1814 = EDGE_CURVE ( 'NONE', #1501, #2052, #1812, .T. ) ;
#1815 = ADVANCED_FACE ( 'NONE', ( #810 ), #1937, .F. ) ;
#1816 = EDGE_CURVE ( 'NONE', #688, #1330, #651, .T. ) ;
#1817 = CARTESIAN_POINT ( 'NONE',  ( -14.84999999999999964, 0.0000000000000000000, 4.600000000000001421 ) ) ;
#1818 = DIRECTION ( 'NONE',  ( 0.0000000000000000000, 0.0000000000000000000, 1.000000000000000000 ) ) ;
#1819 = ORIENTED_EDGE ( 'NONE', *, *, #587, .F. ) ;
#1820 = CARTESIAN_POINT ( 'NONE',  ( -12.14999999999999680, 7.200000000000000178, -9.300000000000002487 ) ) ;
#1821 = DIRECTION ( 'NONE',  ( -1.000000000000000000, -0.0000000000000000000, -0.0000000000000000000 ) ) ;
#1822 = CARTESIAN_POINT ( 'NONE',  ( -11.84999999999999609, 0.5000000000000000000, -4.500000000000000000 ) ) ;
#1823 = ORIENTED_EDGE ( 'NONE', *, *, #936, .F. ) ;
#1824 = VERTEX_POINT ( 'NONE', #1591 ) ;
#1825 = CYLINDRICAL_SURFACE ( 'NONE', #820, 0.4999999999999987232 ) ;
#1826 = ORIENTED_EDGE ( 'NONE', *, *, #832, .T. ) ;
#1827 = EDGE_CURVE ( 'NONE', #1038, #854, #631, .T. ) ;
#1828 = FILL_AREA_STYLE_COLOUR ( '', #1651 ) ;
#1829 = ORIENTED_EDGE ( 'NONE', *, *, #1135, .F. ) ;
#1830 =( NAMED_UNIT ( * ) SI_UNIT ( $, .STERADIAN. ) SOLID_ANGLE_UNIT ( ) );
#1831 = FILL_AREA_STYLE_COLOUR ( '', #82 ) ;
#1832 = VERTEX_POINT ( 'NONE', #1152 ) ;
#1833 = ADVANCED_FACE ( 'NONE', ( #1137 ), #1777, .F. ) ;
#1834 = DIRECTION ( 'NONE',  ( 0.0000000000000000000, -1.000000000000000000, 0.0000000000000000000 ) ) ;
#1835 = CARTESIAN_POINT ( 'NONE',  ( -14.85000000000000853, 1.600000000000000089, 2.560000000000000053 ) ) ;
#1836 = FILL_AREA_STYLE ('',( #675 ) ) ;
#1837 = EDGE_CURVE ( 'NONE', #948, #79, #1575, .T. ) ;
#1838 = AXIS2_PLACEMENT_3D ( 'NONE', #741, #1849, #442 ) ;
#1839 = VECTOR ( 'NONE', #910, 999.9999999999998863 ) ;
#1840 = ORIENTED_EDGE ( 'NONE', *, *, #1274, .F. ) ;
#1841 = CIRCLE ( 'NONE', #1711, 0.4999999999999987232 ) ;
#1842 = CARTESIAN_POINT ( 'NONE',  ( 14.84999999999999254, 1.600000000000000089, 2.060000000000000941 ) ) ;
#1843 = MECHANICAL_DESIGN_GEOMETRIC_PRESENTATION_REPRESENTATION (  '', ( #383 ), #45 ) ;
#1844 = AXIS2_PLACEMENT_3D ( 'NONE', #639, #1063, #616 ) ;
#1845 = VERTEX_POINT ( 'NONE', #470 ) ;
#1846 = CIRCLE ( 'NONE', #758, 0.4999999999999989453 ) ;
#1847 = VECTOR ( 'NONE', #989, 1000.000000000000000 ) ;
#1848 = CARTESIAN_POINT ( 'NONE',  ( 14.84999999999996589, 0.0000000000000000000, -5.060000000000000497 ) ) ;
#1849 = DIRECTION ( 'NONE',  ( 0.0000000000000000000, 1.000000000000000000, 0.0000000000000000000 ) ) ;
#1850 = SURFACE_SIDE_STYLE ('',( #1222 ) ) ;
#1851 = FACE_OUTER_BOUND ( 'NONE', #527, .T. ) ;
#1852 = DIRECTION ( 'NONE',  ( -0.0000000000000000000, -1.000000000000000000, -0.0000000000000000000 ) ) ;
#1853 = EDGE_CURVE ( 'NONE', #2052, #1284, #420, .T. ) ;
#1854 = ORIENTED_EDGE ( 'NONE', *, *, #1775, .T. ) ;
#1855 = ORIENTED_EDGE ( 'NONE', *, *, #336, .T. ) ;
#1856 = CARTESIAN_POINT ( 'NONE',  ( -14.14999999999999503, 1.600000000000000089, 6.620000000000004547 ) ) ;
#1857 = ORIENTED_EDGE ( 'NONE', *, *, #950, .T. ) ;
#1858 = CARTESIAN_POINT ( 'NONE',  ( 14.84999999999998366, 0.0000000000000000000, 0.02000000000000005246 ) ) ;
#1859 = ORIENTED_EDGE ( 'NONE', *, *, #1692, .F. ) ;
#1860 = DIRECTION ( 'NONE',  ( -0.0000000000000000000, -1.000000000000000000, -0.0000000000000000000 ) ) ;
#1861 = DIRECTION ( 'NONE',  ( 0.0000000000000000000, 1.000000000000000000, 0.0000000000000000000 ) ) ;
#1862 = LINE ( 'NONE', #1870, #159 ) ;
#1863 = ADVANCED_FACE ( 'NONE', ( #1196 ), #1719, .T. ) ;
#1864 = EDGE_LOOP ( 'NONE', ( #136, #1645, #1658, #967, #422, #1212, #432, #297 ) ) ;
#1865 = LINE ( 'NONE', #1043, #752 ) ;
#1866 = CYLINDRICAL_SURFACE ( 'NONE', #90, 0.4999999999999987232 ) ;
#1867 = DIRECTION ( 'NONE',  ( 0.0000000000000000000, 0.0000000000000000000, 1.000000000000000000 ) ) ;
#1868 = DIRECTION ( 'NONE',  ( -1.000000000000000000, -0.0000000000000000000, 2.920409892216841710E-16 ) ) ;
#1869 = DIRECTION ( 'NONE',  ( 0.0000000000000000000, 0.0000000000000000000, -1.000000000000000000 ) ) ;
#1870 = CARTESIAN_POINT ( 'NONE',  ( -13.14999999999999680, 1.600000000000000089, -5.079999999999995630 ) ) ;
#1871 = CLOSED_SHELL ( 'NONE', ( #1055, #1298, #654, #103, #1936, #193, #431, #1833, #438, #1635, #1508, #608, #1124, #1765, #772, #1454, #893, #364, #754, #2050, #913, #1051, #1349, #216, #842, #991, #307, #1736, #1724, #1568, #132, #1308, #1750, #1650, #1815, #392, #24, #1879, #1873, #453, #38, #403, #1194, #1891, #564, #636, #1098, #643, #1309, #1863, #1790, #242, #1236, #324 ) ) ;
#1872 = CARTESIAN_POINT ( 'NONE',  ( -14.84999999999999964, 0.0000000000000000000, 5.100000000000000533 ) ) ;
#1873 = ADVANCED_FACE ( 'NONE', ( #381 ), #1329, .T. ) ;
#1874 = CIRCLE ( 'NONE', #979, 0.4999999999999987232 ) ;
#1875 = VECTOR ( 'NONE', #829, 1000.000000000000000 ) ;
#1876 = LINE ( 'NONE', #750, #1907 ) ;
#1877 = DIRECTION ( 'NONE',  ( 0.0000000000000000000, 1.000000000000000000, 0.0000000000000000000 ) ) ;
#1878 = ORIENTED_EDGE ( 'NONE', *, *, #1827, .F. ) ;
#1879 = ADVANCED_FACE ( 'NONE', ( #1009 ), #1339, .F. ) ;
#1880 = CIRCLE ( 'NONE', #287, 0.4999999999999987232 ) ;
#1881 = AXIS2_PLACEMENT_3D ( 'NONE', #1747, #813, #320 ) ;
#1882 = FILL_AREA_STYLE ('',( #1188 ) ) ;
#1883 = FACE_OUTER_BOUND ( 'NONE', #86, .T. ) ;
#1884 = PRESENTATION_LAYER_ASSIGNMENT (  '', '', ( #1617 ) ) ;
#1885 = CARTESIAN_POINT ( 'NONE',  ( -3.349999999999995204, 0.5000000000000000000, -4.499999999999999112 ) ) ;
#1886 = LINE ( 'NONE', #139, #588 ) ;
#1887 = VERTEX_POINT ( 'NONE', #1506 ) ;
#1888 = CARTESIAN_POINT ( 'NONE',  ( -12.14999999999999680, 7.200000000000000178, -9.800000000000002487 ) ) ;
#1889 = DIRECTION ( 'NONE',  ( 0.0000000000000000000, 1.000000000000000000, 0.0000000000000000000 ) ) ;
#1890 = ORIENTED_EDGE ( 'NONE', *, *, #875, .T. ) ;
#1891 = ADVANCED_FACE ( 'NONE', ( #1488 ), #539, .F. ) ;
#1892 = ORIENTED_EDGE ( 'NONE', *, *, #533, .F. ) ;
#1893 = DIRECTION ( 'NONE',  ( 0.0000000000000000000, 0.0000000000000000000, 1.000000000000000000 ) ) ;
#1894 = CARTESIAN_POINT ( 'NONE',  ( -11.84999999999999609, 0.5000000000000000000, -4.500000000000000000 ) ) ;
#1895 = ORIENTED_EDGE ( 'NONE', *, *, #936, .T. ) ;
#1896 = EDGE_LOOP ( 'NONE', ( #1855, #489 ) ) ;
#1897 = FACE_OUTER_BOUND ( 'NONE', #697, .T. ) ;
#1898 = ORIENTED_EDGE ( 'NONE', *, *, #454, .T. ) ;
#1899 = DIRECTION ( 'NONE',  ( -0.0000000000000000000, -1.000000000000000000, -0.0000000000000000000 ) ) ;
#1900 = VERTEX_POINT ( 'NONE', #64 ) ;
#1901 = DIRECTION ( 'NONE',  ( 0.0000000000000000000, 0.0000000000000000000, 1.000000000000000000 ) ) ;
#1902 = ORIENTED_EDGE ( 'NONE', *, *, #215, .F. ) ;
#1903 = SURFACE_STYLE_FILL_AREA ( #508 ) ;
#1904 = CARTESIAN_POINT ( 'NONE',  ( -12.14999999999999680, 1.600000000000000089, 9.799999999999998934 ) ) ;
#1905 = ORIENTED_EDGE ( 'NONE', *, *, #1472, .F. ) ;
#1906 = DIRECTION ( 'NONE',  ( -1.000000000000000000, 0.0000000000000000000, 0.0000000000000000000 ) ) ;
#1907 = VECTOR ( 'NONE', #1073, 1000.000000000000000 ) ;
#1908 = AXIS2_PLACEMENT_3D ( 'NONE', #1426, #292, #2053 ) ;
#1909 = VECTOR ( 'NONE', #53, 1000.000000000000000 ) ;
#1910 =( GEOMETRIC_REPRESENTATION_CONTEXT ( 3 ) GLOBAL_UNCERTAINTY_ASSIGNED_CONTEXT ( ( #104 ) ) GLOBAL_UNIT_ASSIGNED_CONTEXT ( ( #1438, #2036, #1260 ) ) REPRESENTATION_CONTEXT ( 'NONE', 'WORKASPACE' ) );
#1911 =( NAMED_UNIT ( * ) SI_UNIT ( $, .STERADIAN. ) SOLID_ANGLE_UNIT ( ) );
#1912 = ORIENTED_EDGE ( 'NONE', *, *, #950, .F. ) ;
#1913 = STYLED_ITEM ( 'NONE', ( #1491 ), #643 ) ;
#1914 = DIRECTION ( 'NONE',  ( 0.0000000000000000000, 0.0000000000000000000, 1.000000000000000000 ) ) ;
#1915 = CARTESIAN_POINT ( 'NONE',  ( -14.14999999999999503, 1.600000000000000089, 6.620000000000004547 ) ) ;
#1916 = ORIENTED_EDGE ( 'NONE', *, *, #717, .F. ) ;
#1917 = AXIS2_PLACEMENT_3D ( 'NONE', #1170, #1020, #1654 ) ;
#1918 = FACE_OUTER_BOUND ( 'NONE', #1237, .T. ) ;
#1919 =( NAMED_UNIT ( * ) SI_UNIT ( $, .STERADIAN. ) SOLID_ANGLE_UNIT ( ) );
#1920 = ORIENTED_EDGE ( 'NONE', *, *, #1326, .F. ) ;
#1921 = FACE_OUTER_BOUND ( 'NONE', #471, .T. ) ;
#1922 = CARTESIAN_POINT ( 'NONE',  ( -12.14999999999999680, 7.200000000000000178, 8.799999999999998934 ) ) ;
#1923 = EDGE_LOOP ( 'NONE', ( #1190, #581 ) ) ;
#1924 = CARTESIAN_POINT ( 'NONE',  ( -14.84999999999999964, 1.600000000000000089, 5.100000000000000533 ) ) ;
#1925 = DIRECTION ( 'NONE',  ( 2.920409892216842203E-16, -0.0000000000000000000, 1.000000000000000000 ) ) ;
#1926 = FILL_AREA_STYLE_COLOUR ( '', #254 ) ;
#1927 = EDGE_CURVE ( 'NONE', #761, #105, #775, .T. ) ;
#1928 = DIRECTION ( 'NONE',  ( 0.0000000000000000000, -0.0000000000000000000, 1.000000000000000000 ) ) ;
#1929 = CARTESIAN_POINT ( 'NONE',  ( 14.84999999999998366, 1.600000000000000089, -0.4799999999999988720 ) ) ;
#1930 = CARTESIAN_POINT ( 'NONE',  ( 14.84999999999998366, 0.0000000000000000000, -0.4799999999999988720 ) ) ;
#1931 = DIRECTION ( 'NONE',  ( 0.0000000000000000000, 1.000000000000000000, 0.0000000000000000000 ) ) ;
#1932 = CARTESIAN_POINT ( 'NONE',  ( -11.84999999999999609, 0.5000000000000000000, 8.500000000000000000 ) ) ;
#1933 = CARTESIAN_POINT ( 'NONE',  ( 13.15000000000000036, 0.0000000000000000000, -6.580000000000000071 ) ) ;
#1934 = AXIS2_PLACEMENT_3D ( 'NONE', #1499, #396, #554 ) ;
#1935 = AXIS2_PLACEMENT_3D ( 'NONE', #1052, #1962, #1372 ) ;
#1936 = ADVANCED_FACE ( 'NONE', ( #2041 ), #1866, .F. ) ;
#1937 = CYLINDRICAL_SURFACE ( 'NONE', #1357, 1.000000000000000000 ) ;
#1938 = ORIENTED_EDGE ( 'NONE', *, *, #1403, .F. ) ;
#1939 = STYLED_ITEM ( 'NONE', ( #667 ), #1051 ) ;
#1940 = STYLED_ITEM ( 'NONE', ( #18 ), #392 ) ;
#1941 = CIRCLE ( 'NONE', #156, 1.000000000000000000 ) ;
#1942 = VECTOR ( 'NONE', #1852, 1000.000000000000000 ) ;
#1943 = ORIENTED_EDGE ( 'NONE', *, *, #1225, .F. ) ;
#1944 = COLOUR_RGB ( '',0.0000000000000000000, 1.000000000000000000, 1.000000000000000000 ) ;
#1945 = CIRCLE ( 'NONE', #1973, 0.4999999999999987232 ) ;
#1946 = AXIS2_PLACEMENT_3D ( 'NONE', #3, #314, #1588 ) ;
#1947 = VERTEX_POINT ( 'NONE', #634 ) ;
#1948 = DIRECTION ( 'NONE',  ( 0.0000000000000000000, 0.0000000000000000000, -1.000000000000000000 ) ) ;
#1949 = CARTESIAN_POINT ( 'NONE',  ( 16.12000000000000455, 0.0000000000000000000, -6.580000000000000959 ) ) ;
#1950 = DIRECTION ( 'NONE',  ( 0.0000000000000000000, -1.000000000000000000, 0.0000000000000000000 ) ) ;
#1951 = EDGE_CURVE ( 'NONE', #1947, #1233, #226, .T. ) ;
#1952 = DIRECTION ( 'NONE',  ( 0.0000000000000000000, 0.0000000000000000000, 1.000000000000000000 ) ) ;
#1953 = ORIENTED_EDGE ( 'NONE', *, *, #1065, .F. ) ;
#1954 = SURFACE_STYLE_FILL_AREA ( #212 ) ;
#1955 = DIRECTION ( 'NONE',  ( 0.0000000000000000000, 0.0000000000000000000, -1.000000000000000000 ) ) ;
#1956 = DIRECTION ( 'NONE',  ( -1.000000000000000000, 0.0000000000000000000, 0.0000000000000000000 ) ) ;
#1957 = LINE ( 'NONE', #996, #887 ) ;
#1958 = DIRECTION ( 'NONE',  ( 0.0000000000000000000, 1.000000000000000000, 0.0000000000000000000 ) ) ;
#1959 = ORIENTED_EDGE ( 'NONE', *, *, #1113, .T. ) ;
#1960 = CARTESIAN_POINT ( 'NONE',  ( -13.15000000000000036, 1.600000000000000089, -9.800000000000002487 ) ) ;
#1961 = EDGE_CURVE ( 'NONE', #1046, #748, #135, .T. ) ;
#1962 = DIRECTION ( 'NONE',  ( 1.000000000000000000, -0.0000000000000000000, 0.0000000000000000000 ) ) ;
#1963 = DIRECTION ( 'NONE',  ( 0.0000000000000000000, 1.000000000000000000, 0.0000000000000000000 ) ) ;
#1964 = CARTESIAN_POINT ( 'NONE',  ( 12.15000000000000213, 7.200000000000000178, -9.800000000000002487 ) ) ;
#1965 = DIRECTION ( 'NONE',  ( 0.0000000000000000000, 1.000000000000000000, 0.0000000000000000000 ) ) ;
#1966 = PLANE ( 'NONE',  #1255 ) ;
#1967 = LINE ( 'NONE', #1141, #47 ) ;
#1968 = CIRCLE ( 'NONE', #721, 0.5000000000000004441 ) ;
#1969 = CIRCLE ( 'NONE', #1076, 0.5000000000000004441 ) ;
#1970 = VECTOR ( 'NONE', #29, 1000.000000000000000 ) ;
#1971 = DIRECTION ( 'NONE',  ( 0.0000000000000000000, -0.0000000000000000000, 1.000000000000000000 ) ) ;
#1972 = ORIENTED_EDGE ( 'NONE', *, *, #1816, .T. ) ;
#1973 = AXIS2_PLACEMENT_3D ( 'NONE', #920, #1566, #1556 ) ;
#1974 = EDGE_CURVE ( 'NONE', #51, #1532, #1749, .T. ) ;
#1975 = CIRCLE ( 'NONE', #558, 0.4999999999999987232 ) ;
#1976 = DIRECTION ( 'NONE',  ( 0.0000000000000000000, 0.0000000000000000000, 1.000000000000000000 ) ) ;
#1977 = ORIENTED_EDGE ( 'NONE', *, *, #770, .F. ) ;
#1978 = DIRECTION ( 'NONE',  ( -0.0000000000000000000, -1.000000000000000000, -0.0000000000000000000 ) ) ;
#1979 = DIRECTION ( 'NONE',  ( -0.0000000000000000000, 1.000000000000000000, -0.0000000000000000000 ) ) ;
#1980 = FACE_OUTER_BOUND ( 'NONE', #1622, .T. ) ;
#1981 =( NAMED_UNIT ( * ) SI_UNIT ( $, .STERADIAN. ) SOLID_ANGLE_UNIT ( ) );
#1982 = PRESENTATION_STYLE_ASSIGNMENT (( #1163 ) ) ;
#1983 = CARTESIAN_POINT ( 'NONE',  ( -13.14999999999999680, 7.200000000000000178, -8.800000000000002487 ) ) ;
#1984 = VERTEX_POINT ( 'NONE', #1544 ) ;
#1985 = ORIENTED_EDGE ( 'NONE', *, *, #716, .F. ) ;
#1986 = ORIENTED_EDGE ( 'NONE', *, *, #299, .T. ) ;
#1987 = EDGE_CURVE ( 'NONE', #2021, #937, #826, .T. ) ;
#1988 = DIRECTION ( 'NONE',  ( 0.0000000000000000000, 0.0000000000000000000, 1.000000000000000000 ) ) ;
#1989 = CARTESIAN_POINT ( 'NONE',  ( 12.15000000000000036, 1.600000000000000089, 8.799999999999998934 ) ) ;
#1990 = ORIENTED_EDGE ( 'NONE', *, *, #763, .F. ) ;
#1991 = DIRECTION ( 'NONE',  ( 0.0000000000000000000, 0.0000000000000000000, 1.000000000000000000 ) ) ;
#1992 = CARTESIAN_POINT ( 'NONE',  ( 12.15000000000000213, 7.699999999999999289, -9.300000000000002487 ) ) ;
#1993 = CARTESIAN_POINT ( 'NONE',  ( -14.85000000000001741, 0.0000000000000000000, -0.4799999999999988720 ) ) ;
#1994 = CYLINDRICAL_SURFACE ( 'NONE', #595, 0.4999999999999989453 ) ;
#1995 = VERTEX_POINT ( 'NONE', #907 ) ;
#1996 = CARTESIAN_POINT ( 'NONE',  ( -14.84999999999999964, 0.0000000000000000000, 5.100000000000000533 ) ) ;
#1997 = CARTESIAN_POINT ( 'NONE',  ( -13.14999999999999680, 1.600000000000000089, -8.800000000000002487 ) ) ;
#1998 = VERTEX_POINT ( 'NONE', #277 ) ;
#1999 = EDGE_CURVE ( 'NONE', #1845, #719, #317, .T. ) ;
#2000 = FILL_AREA_STYLE ('',( #280 ) ) ;
#2001 = SURFACE_SIDE_STYLE ('',( #874 ) ) ;
#2002 = DIRECTION ( 'NONE',  ( 0.0000000000000000000, 0.0000000000000000000, 1.000000000000000000 ) ) ;
#2003 = VECTOR ( 'NONE', #1834, 1000.000000000000000 ) ;
#2004 =( GEOMETRIC_REPRESENTATION_CONTEXT ( 3 ) GLOBAL_UNCERTAINTY_ASSIGNED_CONTEXT ( ( #1336 ) ) GLOBAL_UNIT_ASSIGNED_CONTEXT ( ( #644, #795, #1911 ) ) REPRESENTATION_CONTEXT ( 'NONE', 'WORKASPACE' ) );
#2005 = AXIS2_PLACEMENT_3D ( 'NONE', #1515, #99, #245 ) ;
#2006 = ORIENTED_EDGE ( 'NONE', *, *, #1511, .T. ) ;
#2007 = PRODUCT_DEFINITION_CONTEXT ( 'detailed design', #846, 'design' ) ;
#2008 = COLOUR_RGB ( '',0.0000000000000000000, 1.000000000000000000, 1.000000000000000000 ) ;
#2009 = DIRECTION ( 'NONE',  ( 0.0000000000000000000, 1.000000000000000000, 0.0000000000000000000 ) ) ;
#2010 = PRESENTATION_STYLE_ASSIGNMENT (( #1217 ) ) ;
#2011 = CARTESIAN_POINT ( 'NONE',  ( 14.84999999999996589, 1.600000000000000089, -5.060000000000000497 ) ) ;
#2012 = AXIS2_PLACEMENT_3D ( 'NONE', #959, #327, #170 ) ;
#2013 = DIRECTION ( 'NONE',  ( 0.0000000000000000000, 0.0000000000000000000, 1.000000000000000000 ) ) ;
#2014 = DIRECTION ( 'NONE',  ( 0.0000000000000000000, 1.000000000000000000, 0.0000000000000000000 ) ) ;
#2015 = EDGE_CURVE ( 'NONE', #227, #1900, #1975, .T. ) ;
#2016 = CARTESIAN_POINT ( 'NONE',  ( 12.15000000000000213, 1.600000000000000089, -9.800000000000002487 ) ) ;
#2017 = EDGE_LOOP ( 'NONE', ( #1826, #1307, #1171, #206 ) ) ;
#2018 =( LENGTH_UNIT ( ) NAMED_UNIT ( * ) SI_UNIT ( .MILLI., .METRE. ) );
#2019 = CARTESIAN_POINT ( 'NONE',  ( 12.15000000000000213, 0.0000000000000000000, -9.800000000000002487 ) ) ;
#2020 = DIRECTION ( 'NONE',  ( 0.0000000000000000000, 1.000000000000000000, 0.0000000000000000000 ) ) ;
#2021 = VERTEX_POINT ( 'NONE', #425 ) ;
#2022 = CARTESIAN_POINT ( 'NONE',  ( -12.14999999999999680, 0.0000000000000000000, -8.800000000000002487 ) ) ;
#2023 = EDGE_CURVE ( 'NONE', #1211, #390, #586, .T. ) ;
#2024 = EDGE_CURVE ( 'NONE', #1984, #1022, #1716, .T. ) ;
#2025 = DIRECTION ( 'NONE',  ( -0.0000000000000000000, -1.000000000000000000, -0.0000000000000000000 ) ) ;
#2026 = ORIENTED_EDGE ( 'NONE', *, *, #1498, .F. ) ;
#2027 = DIRECTION ( 'NONE',  ( 0.0000000000000000000, 1.000000000000000000, 0.0000000000000000000 ) ) ;
#2028 = DIRECTION ( 'NONE',  ( -1.000000000000000000, 0.0000000000000000000, 0.0000000000000000000 ) ) ;
#2029 = ORIENTED_EDGE ( 'NONE', *, *, #1569, .T. ) ;
#2030 = CARTESIAN_POINT ( 'NONE',  ( -14.85000000000001741, 1.600000000000000089, 0.02000000000000005246 ) ) ;
#2031 = CARTESIAN_POINT ( 'NONE',  ( 12.15000000000000213, 7.200000000000000178, -9.300000000000002487 ) ) ;
#2032 = CIRCLE ( 'NONE', #779, 1.000000000000000888 ) ;
#2033 = AXIS2_PLACEMENT_3D ( 'NONE', #1264, #796, #1893 ) ;
#2034 = DIRECTION ( 'NONE',  ( 0.0000000000000000000, -0.0000000000000000000, 1.000000000000000000 ) ) ;
#2035 = AXIS2_PLACEMENT_3D ( 'NONE', #1094, #964, #2 ) ;
#2036 =( NAMED_UNIT ( * ) PLANE_ANGLE_UNIT ( ) SI_UNIT ( $, .RADIAN. ) );
#2037 = AXIS2_PLACEMENT_3D ( 'NONE', #1799, #1931, #1297 ) ;
#2038 = AXIS2_PLACEMENT_3D ( 'NONE', #1006, #1158, #1792 ) ;
#2039 =( NAMED_UNIT ( * ) SI_UNIT ( $, .STERADIAN. ) SOLID_ANGLE_UNIT ( ) );
#2040 = CIRCLE ( 'NONE', #1355, 0.5000000000000004441 ) ;
#2041 = FACE_OUTER_BOUND ( 'NONE', #1269, .T. ) ;
#2042 =( GEOMETRIC_REPRESENTATION_CONTEXT ( 3 ) GLOBAL_UNCERTAINTY_ASSIGNED_CONTEXT ( ( #897 ) ) GLOBAL_UNIT_ASSIGNED_CONTEXT ( ( #1423, #1726, #298 ) ) REPRESENTATION_CONTEXT ( 'NONE', 'WORKASPACE' ) );
#2043 = CIRCLE ( 'NONE', #80, 0.4999999999999987232 ) ;
#2044 = CARTESIAN_POINT ( 'NONE',  ( -14.85000000000000853, 0.0000000000000000000, 3.059999999999999165 ) ) ;
#2045 = VECTOR ( 'NONE', #923, 1000.000000000000000 ) ;
#2046 = EDGE_LOOP ( 'NONE', ( #1492, #357, #732, #1312 ) ) ;
#2047 = EDGE_LOOP ( 'NONE', ( #1462, #1507, #1977, #202 ) ) ;
#2048 = DIRECTION ( 'NONE',  ( 0.0000000000000000000, 1.000000000000000000, 0.0000000000000000000 ) ) ;
#2049 = CARTESIAN_POINT ( 'NONE',  ( -12.64999999999999680, 7.200000000000000178, 0.0000000000000000000 ) ) ;
#2050 = ADVANCED_FACE ( 'NONE', ( #1696 ), #738, .F. ) ;
#2051 = CARTESIAN_POINT ( 'NONE',  ( -13.14999999999999680, 7.200000000000000178, -8.800000000000002487 ) ) ;
#2052 = VERTEX_POINT ( 'NONE', #1536 ) ;
#2053 = DIRECTION ( 'NONE',  ( 0.0000000000000000000, 0.0000000000000000000, 1.000000000000000000 ) ) ;
#2054 = CARTESIAN_POINT ( 'NONE',  ( -11.84999999999999609, 0.5000000000000000000, -4.500000000000000000 ) ) ;
#2055 = ORIENTED_EDGE ( 'NONE', *, *, #1601, .T. ) ;
#2056 = DIRECTION ( 'NONE',  ( 0.0000000000000000000, 0.0000000000000000000, 1.000000000000000000 ) ) ;
#2057 =( NAMED_UNIT ( * ) PLANE_ANGLE_UNIT ( ) SI_UNIT ( $, .RADIAN. ) );
#2058 = LINE ( 'NONE', #1620, #1216 ) ;
#2059 =( NAMED_UNIT ( * ) SI_UNIT ( $, .STERADIAN. ) SOLID_ANGLE_UNIT ( ) );
#2060 = EDGE_CURVE ( 'NONE', #79, #1998, #1232, .T. ) ;
#2061 = ORIENTED_EDGE ( 'NONE', *, *, #1487, .F. ) ;
ENDSEC;
END-ISO-10303-21;
